time_s,tau1_Nm,tau2_Nm,tau3_Nm,tau4_Nm,tau5_Nm,tau6_Nm
0.000000000000e+00,0.000000000000e+00,-2.026426684500e+01,-2.026426684500e+01,-1.825114203000e+00,-1.405612856657e-18,0.000000000000e+00
2.000000000000e-03,3.258078815010e-04,-2.026277436196e+01,-2.026422287931e+01,-1.825117918408e+00,2.167782352872e-05,7.123337668042e-10
4.000000000000e-03,6.506378764426e-04,-2.026128651917e+01,-2.026417904409e+01,-1.825121621196e+00,4.329204800234e-05,1.422532024488e-09
6.000000000000e-03,9.744910303812e-04,-2.025980347219e+01,-2.026413533771e+01,-1.825125309910e+00,6.484420141431e-05,2.130603469842e-09
8.000000000000e-03,1.297368432770e-03,-2.025832537605e+01,-2.026409175850e+01,-1.825128983096e+00,8.633580809942e-05,2.836561117070e-09
1.000000000000e-02,1.619271216496e-03,-2.025685238529e+01,-2.026404830475e+01,-1.825132639304e+00,1.077683887299e-04,3.540422251928e-09
1.200000000000e-02,1.940200557414e-03,-2.025538465394e+01,-2.026400497474e+01,-1.825136277083e+00,1.291434603119e-04,4.242208386527e-09
1.400000000000e-02,2.260157673886e-03,-2.025392233555e+01,-2.026396176673e+01,-1.825139894988e+00,1.504625361849e-04,4.941945213555e-09
1.600000000000e-02,2.579143826327e-03,-2.025246558314e+01,-2.026391867893e+01,-1.825143491571e+00,1.717271260141e-04,5.639662560947e-09
1.800000000000e-02,2.897160316739e-03,-2.025101454924e+01,-2.026387570954e+01,-1.825147065389e+00,1.929387357922e-04,6.335394348726e-09
2.000000000000e-02,3.214208488269e-03,-2.024956938590e+01,-2.026383285673e+01,-1.825150614999e+00,2.140988678319e-04,7.029178540787e-09
2.200000000000e-02,3.530289724745e-03,-2.024813024465e+01,-2.026379011864e+01,-1.825154138963e+00,2.352090207658e-04,7.721057107065e-09
2.400000000000e-02,3.845405450234e-03,-2.024669727652e+01,-2.026374749341e+01,-1.825157635841e+00,2.562706895430e-04,8.411075966352e-09
2.600000000000e-02,4.159557128592e-03,-2.024527063206e+01,-2.026370497912e+01,-1.825161104197e+00,2.772853654240e-04,9.099284961715e-09
2.800000000000e-02,4.472746263015e-03,-2.024385046132e+01,-2.026366257384e+01,-1.825164542597e+00,2.982545359811e-04,9.785737796396e-09
3.000000000000e-02,4.784974395601e-03,-2.024243691383e+01,-2.026362027562e+01,-1.825167949608e+00,3.191796850927e-04,1.047049200319e-08
3.200000000000e-02,5.096243106908e-03,-2.024103013867e+01,-2.026357808248e+01,-1.825171323800e+00,3.400622929410e-04,1.115360889747e-08
3.400000000000e-02,5.406554015510e-03,-2.023963028438e+01,-2.026353599243e+01,-1.825174663745e+00,3.609038360116e-04,1.183515353840e-08
3.600000000000e-02,5.715908777569e-03,-2.023823749904e+01,-2.026349400344e+01,-1.825177968016e+00,3.817057870860e-04,1.251519467371e-08
3.800000000000e-02,6.024309086391e-03,-2.023685193023e+01,-2.026345211347e+01,-1.825181235189e+00,4.024696152434e-04,1.319380470111e-08
4.000000000000e-02,6.331756672002e-03,-2.023547372501e+01,-2.026341032044e+01,-1.825184463841e+00,4.231967858555e-04,1.387105963337e-08
4.200000000000e-02,6.638253300713e-03,-2.023410302999e+01,-2.026336862226e+01,-1.825187652553e+00,4.438887605841e-04,1.454703905865e-08
4.400000000000e-02,6.943800774696e-03,-2.023273999126e+01,-2.026332701683e+01,-1.825190799907e+00,4.645469973789e-04,1.522182612755e-08
4.600000000000e-02,7.248400931554e-03,-2.023138475444e+01,-2.026328550201e+01,-1.825193904486e+00,4.851729504744e-04,1.589550735834e-08
4.800000000000e-02,7.552055643903e-03,-2.023003746464e+01,-2.026324407564e+01,-1.825196964876e+00,5.057680703879e-04,1.656817284326e-08
5.000000000000e-02,7.854766818946e-03,-2.022869826650e+01,-2.026320273554e+01,-1.825199979667e+00,5.263338039159e-04,1.723991596724e-08
5.200000000000e-02,8.156536398059e-03,-2.022736730417e+01,-2.026316147953e+01,-1.825202947449e+00,5.468715941327e-04,1.791083359412e-08
5.400000000000e-02,8.457366356372e-03,-2.022604472130e+01,-2.026312030538e+01,-1.825205866814e+00,5.673828803870e-04,1.858102578288e-08
5.600000000000e-02,8.757258702353e-03,-2.022473066106e+01,-2.026307921085e+01,-1.825208736357e+00,5.878690983001e-04,1.925059599730e-08
5.800000000000e-02,9.056215477401e-03,-2.022342526614e+01,-2.026303819368e+01,-1.825211554676e+00,6.083316797619e-04,1.991965093331e-08
6.000000000000e-02,9.354238755431e-03,-2.022212867874e+01,-2.026299725161e+01,-1.825214320370e+00,6.287720529311e-04,2.058830014169e-08
6.200000000000e-02,9.651330642470e-03,-2.022084104058e+01,-2.026295638233e+01,-1.825217032040e+00,6.491916422308e-04,2.125665684606e-08
6.400000000000e-02,9.947493276251e-03,-2.021956249288e+01,-2.026291558352e+01,-1.825219688292e+00,6.695918683458e-04,2.192483725083e-08
6.600000000000e-02,1.024272882581e-02,-2.021829317640e+01,-2.026287485286e+01,-1.825222287730e+00,6.899741482231e-04,2.259296018820e-08
6.800000000000e-02,1.053703949108e-02,-2.021703323140e+01,-2.026283418799e+01,-1.825224828964e+00,7.103398950658e-04,2.326114800769e-08
7.000000000000e-02,1.083042750251e-02,-2.021578279767e+01,-2.026279358654e+01,-1.825227310605e+00,7.306905183333e-04,2.392952618621e-08
7.200000000000e-02,1.112289512064e-02,-2.021454201451e+01,-2.026275304613e+01,-1.825229731265e+00,7.510274237384e-04,2.459822275281e-08
7.400000000000e-02,1.141444463574e-02,-2.021331102075e+01,-2.026271256434e+01,-1.825232089561e+00,7.713520132448e-04,2.526736848689e-08
7.600000000000e-02,1.170507836738e-02,-2.021208995474e+01,-2.026267213876e+01,-1.825234384111e+00,7.916656850666e-04,2.593709800629e-08
7.800000000000e-02,1.199479866408e-02,-2.021087895433e+01,-2.026263176694e+01,-1.825236613535e+00,8.119698336627e-04,2.660754725693e-08
8.000000000000e-02,1.228360790291e-02,-2.020967815691e+01,-2.026259144643e+01,-1.825238776455e+00,8.322658497376e-04,2.727885673050e-08
8.200000000000e-02,1.257150848907e-02,-2.020848769940e+01,-2.026255117476e+01,-1.825240871498e+00,8.525551202397e-04,2.795116845278e-08
8.400000000000e-02,1.285850285557e-02,-2.020730771823e+01,-2.026251094944e+01,-1.825242897290e+00,8.728390283555e-04,2.862462737337e-08
8.600000000000e-02,1.314459346280e-02,-2.020613834935e+01,-2.026247076795e+01,-1.825244852463e+00,8.931189535125e-04,2.929938153778e-08
8.800000000000e-02,1.342978279816e-02,-2.020497972825e+01,-2.026243062779e+01,-1.825246735648e+00,9.133962713729e-04,2.997558154764e-08
9.000000000000e-02,1.371407337572e-02,-2.020383198993e+01,-2.026239052642e+01,-1.825248545480e+00,9.336723538347e-04,3.065338005538e-08
9.200000000000e-02,1.399746773578e-02,-2.020269526893e+01,-2.026235046129e+01,-1.825250280598e+00,9.539485690283e-04,3.133293298489e-08
9.400000000000e-02,1.427996844456e-02,-2.020156969929e+01,-2.026231042982e+01,-1.825251939641e+00,9.742262813148e-04,3.201439847207e-08
9.600000000000e-02,1.456157809382e-02,-2.020045541462e+01,-2.026227042945e+01,-1.825253521253e+00,9.945068512818e-04,3.269793725015e-08
9.800000000000e-02,1.484229930044e-02,-2.019935254802e+01,-2.026223045758e+01,-1.825255024077e+00,1.014791635749e-03,3.338371299621e-08
1.000000000000e-01,1.512213470614e-02,-2.019826123214e+01,-2.026219051159e+01,-1.825256446763e+00,1.035081987756e-03,3.407189030151e-08
1.020000000000e-01,1.540108697702e-02,-2.019718159914e+01,-2.026215058888e+01,-1.825257787959e+00,1.055379256569e-03,3.476263766643e-08
1.040000000000e-01,1.567915880331e-02,-2.019611378073e+01,-2.026211068679e+01,-1.825259046320e+00,1.075684787676e-03,3.545612582267e-08
1.060000000000e-01,1.595635289891e-02,-2.019505790814e+01,-2.026207080269e+01,-1.825260220500e+00,1.095999922781e-03,3.615252677331e-08
1.080000000000e-01,1.623267200110e-02,-2.019401411213e+01,-2.026203093392e+01,-1.825261309157e+00,1.116325999812e-03,3.685201527256e-08
1.100000000000e-01,1.650811887014e-02,-2.019298252300e+01,-2.026199107780e+01,-1.825262310953e+00,1.136664352907e-03,3.755477022905e-08
1.120000000000e-01,1.678269628897e-02,-2.019196327058e+01,-2.026195123164e+01,-1.825263224550e+00,1.157016312425e-03,3.826096921735e-08
1.140000000000e-01,1.705640706280e-02,-2.019095648422e+01,-2.026191139274e+01,-1.825264048614e+00,1.177383204931e-03,3.897079480233e-08
1.160000000000e-01,1.732925401884e-02,-2.018996229282e+01,-2.026187155841e+01,-1.825264781814e+00,1.197766353210e-03,3.968443148527e-08
1.180000000000e-01,1.760124000585e-02,-2.018898082482e+01,-2.026183172590e+01,-1.825265422822e+00,1.218167076251e-03,4.040206393800e-08
1.200000000000e-01,1.787236789391e-02,-2.018801220816e+01,-2.026179189250e+01,-1.825265970310e+00,1.238586689255e-03,4.112388064347e-08
1.220000000000e-01,1.814264057399e-02,-2.018705657036e+01,-2.026175205545e+01,-1.825266422955e+00,1.259026503625e-03,4.185006997054e-08
1.240000000000e-01,1.841206095767e-02,-2.018611403845e+01,-2.026171221200e+01,-1.825266779438e+00,1.279487826976e-03,4.258082650302e-08
1.260000000000e-01,1.868063197676e-02,-2.018518473901e+01,-2.026167235939e+01,-1.825267038439e+00,1.299971963123e-03,4.331634298972e-08
1.280000000000e-01,1.894835658301e-02,-2.018426879813e+01,-2.026163249483e+01,-1.825267198643e+00,1.320480212078e-03,4.405681806839e-08
1.300000000000e-01,1.921523774774e-02,-2.018336634149e+01,-2.026159261555e+01,-1.825267258738e+00,1.341013870069e-03,4.480244437559e-08
1.320000000000e-01,1.948127846152e-02,-2.018247749425e+01,-2.026155271874e+01,-1.825267217414e+00,1.361574229515e-03,4.555342631294e-08
1.340000000000e-01,1.974648173385e-02,-2.018160238116e+01,-2.026151280161e+01,-1.825267073364e+00,1.382162579027e-03,4.630996295513e-08
1.360000000000e-01,2.001085059284e-02,-2.018074112649e+01,-2.026147286132e+01,-1.825266825283e+00,1.402780203424e-03,4.707225855610e-08
1.380000000000e-01,2.027438808486e-02,-2.017989385403e+01,-2.026143289506e+01,-1.825266471870e+00,1.423428383716e-03,4.784051921343e-08
1.400000000000e-01,2.053709727427e-02,-2.017906068715e+01,-2.026139290000e+01,-1.825266011826e+00,1.444108397109e-03,4.861494785406e-08
1.420000000000e-01,2.079898124302e-02,-2.017824174873e+01,-2.026135287329e+01,-1.825265443855e+00,1.464821516998e-03,4.939576076943e-08
1.440000000000e-01,2.106004309042e-02,-2.017743716122e+01,-2.026131281208e+01,-1.825264766663e+00,1.485569012981e-03,5.018316316951e-08
1.460000000000e-01,2.132028593274e-02,-2.017664704660e+01,-2.026127271351e+01,-1.825263978961e+00,1.506352150830e-03,5.097736624520e-08
1.480000000000e-01,2.157971290300e-02,-2.017587152638e+01,-2.026123257472e+01,-1.825263079460e+00,1.527172192525e-03,5.177858373198e-08
1.500000000000e-01,2.183832715056e-02,-2.017511072165e+01,-2.026119239282e+01,-1.825262066876e+00,1.548030396220e-03,5.258703379445e-08
1.520000000000e-01,2.209613184086e-02,-2.017436475302e+01,-2.026115216494e+01,-1.825260939926e+00,1.568928016268e-03,5.340293262830e-08
1.540000000000e-01,2.235313015509e-02,-2.017363374065e+01,-2.026111188819e+01,-1.825259697332e+00,1.589866303196e-03,5.422649797425e-08
1.560000000000e-01,2.260932528995e-02,-2.017291780424e+01,-2.026107155966e+01,-1.825258337817e+00,1.610846503729e-03,5.505795031382e-08
1.580000000000e-01,2.286472045726e-02,-2.017221706306e+01,-2.026103117645e+01,-1.825256860108e+00,1.631869860765e-03,5.589750956593e-08
1.600000000000e-01,2.311931888371e-02,-2.017153163591e+01,-2.026099073566e+01,-1.825255262934e+00,1.652937613399e-03,5.674539498108e-08
1.620000000000e-01,2.337312381053e-02,-2.017086164114e+01,-2.026095023436e+01,-1.825253545027e+00,1.674050996896e-03,5.760183995749e-08
1.640000000000e-01,2.362613849325e-02,-2.017020719665e+01,-2.026090966963e+01,-1.825251705123e+00,1.695211242705e-03,5.846706354585e-08
1.660000000000e-01,2.387836620133e-02,-2.016956841991e+01,-2.026086903854e+01,-1.825249741959e+00,1.716419578472e-03,5.934129475667e-08
1.680000000000e-01,2.412981021792e-02,-2.016894542790e+01,-2.026082833815e+01,-1.825247654277e+00,1.737677227985e-03,6.022476096610e-08
1.700000000000e-01,2.438047383962e-02,-2.016833833720e+01,-2.026078756553e+01,-1.825245440820e+00,1.758985411245e-03,6.111768621482e-08
1.720000000000e-01,2.463036037603e-02,-2.016774726390e+01,-2.026074671773e+01,-1.825243100335e+00,1.780345344420e-03,6.202030576210e-08
1.740000000000e-01,2.487947314966e-02,-2.016717232366e+01,-2.026070579178e+01,-1.825240631572e+00,1.801758239862e-03,6.293286554062e-08
1.760000000000e-01,2.512781549542e-02,-2.016661363170e+01,-2.026066478475e+01,-1.825238033283e+00,1.823225306076e-03,6.385557284583e-08
1.780000000000e-01,2.537539076062e-02,-2.016607130278e+01,-2.026062369366e+01,-1.825235304224e+00,1.844747747773e-03,6.478869066904e-08
1.800000000000e-01,2.562220230445e-02,-2.016554545122e+01,-2.026058251554e+01,-1.825232443153e+00,1.866326765826e-03,6.573241981003e-08
1.820000000000e-01,2.586825349779e-02,-2.016503619091e+01,-2.026054124744e+01,-1.825229448831e+00,1.887963557263e-03,6.668702698050e-08
1.840000000000e-01,2.611354772296e-02,-2.016454363527e+01,-2.026049988636e+01,-1.825226320023e+00,1.909659315320e-03,6.765273676064e-08
1.860000000000e-01,2.635808837342e-02,-2.016406789729e+01,-2.026045842934e+01,-1.825223055496e+00,1.931415229387e-03,6.862978626730e-08
1.880000000000e-01,2.660187885351e-02,-2.016360908952e+01,-2.026041687340e+01,-1.825219654021e+00,1.953232485029e-03,6.961842058323e-08
1.900000000000e-01,2.684492257812e-02,-2.016316732406e+01,-2.026037521553e+01,-1.825216114370e+00,1.975112263980e-03,7.061889248438e-08
1.920000000000e-01,2.708722297250e-02,-2.016274271257e+01,-2.026033345276e+01,-1.825212435319e+00,1.997055744131e-03,7.163141106396e-08
1.940000000000e-01,2.732878347197e-02,-2.016233536627e+01,-2.026029158209e+01,-1.825208615649e+00,2.019064099583e-03,7.265625970184e-08
1.960000000000e-01,2.756960752168e-02,-2.016194539595e+01,-2.026024960053e+01,-1.825204654140e+00,2.041138500561e-03,7.369363853385e-08
1.980000000000e-01,2.780969857624e-02,-2.016157291194e+01,-2.026020750507e+01,-1.825200549578e+00,2.063280113519e-03,7.474382131190e-08
2.000000000000e-01,2.804906009959e-02,-2.016121802415e+01,-2.026016529273e+01,-1.825196300752e+00,2.085490100976e-03,7.580705581588e-08
2.020000000000e-01,2.828769556473e-02,-2.016088084203e+01,-2.026012296048e+01,-1.825191906451e+00,2.107769621740e-03,7.688357694568e-08
2.040000000000e-01,2.852560845332e-02,-2.016056147461e+01,-2.026008050533e+01,-1.825187365471e+00,2.130119830714e-03,7.797363668554e-08
2.060000000000e-01,2.876280225559e-02,-2.016026003048e+01,-2.026003792427e+01,-1.825182676608e+00,2.152541879014e-03,7.907746100325e-08
2.080000000000e-01,2.899928047006e-02,-2.015997661779e+01,-2.025999521429e+01,-1.825177838663e+00,2.175036913836e-03,8.019533837829e-08
2.100000000000e-01,2.923504660323e-02,-2.015971134425e+01,-2.025995237238e+01,-1.825172850439e+00,2.197606078642e-03,8.132749919507e-08
2.120000000000e-01,2.947010416927e-02,-2.015946431715e+01,-2.025990939553e+01,-1.825167710742e+00,2.220250513015e-03,8.247417437430e-08
2.140000000000e-01,2.970445669003e-02,-2.015923564332e+01,-2.025986628072e+01,-1.825162418380e+00,2.242971352723e-03,8.363565160985e-08
2.160000000000e-01,2.993810769454e-02,-2.015902542917e+01,-2.025982302493e+01,-1.825156972167e+00,2.265769729638e-03,8.481216126278e-08
2.180000000000e-01,3.017106071874e-02,-2.015883378069e+01,-2.025977962516e+01,-1.825151370918e+00,2.288646771915e-03,8.600394833009e-08
2.200000000000e-01,3.040331930555e-02,-2.015866080341e+01,-2.025973607839e+01,-1.825145613450e+00,2.311603603768e-03,8.721129188414e-08
2.220000000000e-01,3.063488700431e-02,-2.015850660244e+01,-2.025969238159e+01,-1.825139698586e+00,2.334641345610e-03,8.843440334661e-08
2.240000000000e-01,3.086576737071e-02,-2.015837128247e+01,-2.025964853175e+01,-1.825133625149e+00,2.357761113997e-03,8.967357648460e-08
2.260000000000e-01,3.109596396649e-02,-2.015825494774e+01,-2.025960452586e+01,-1.825127391967e+00,2.380964021735e-03,9.092905354302e-08
2.280000000000e-01,3.132548035919e-02,-2.015815770206e+01,-2.025956036090e+01,-1.825120997871e+00,2.404251177707e-03,9.220109264541e-08
2.300000000000e-01,3.155432012202e-02,-2.015807964883e+01,-2.025951603384e+01,-1.825114441694e+00,2.427623686971e-03,9.348993750482e-08
2.320000000000e-01,3.178248683358e-02,-2.015802089101e+01,-2.025947154168e+01,-1.825107722273e+00,2.451082650787e-03,9.479584786558e-08
2.340000000000e-01,3.200998407752e-02,-2.015798153111e+01,-2.025942688140e+01,-1.825100838448e+00,2.474629166528e-03,9.611909284528e-08
2.360000000000e-01,3.223681544250e-02,-2.015796167124e+01,-2.025938204997e+01,-1.825093789061e+00,2.498264327816e-03,9.745989635962e-08
2.380000000000e-01,3.246298452178e-02,-2.015796141308e+01,-2.025933704439e+01,-1.825086572958e+00,2.521989224330e-03,9.881856955482e-08
2.400000000000e-01,3.268849491316e-02,-2.015798085787e+01,-2.025929186165e+01,-1.825079188988e+00,2.545804941998e-03,1.001953244468e-07
2.420000000000e-01,3.291335021866e-02,-2.015802010643e+01,-2.025924649873e+01,-1.825071636003e+00,2.569712562856e-03,1.015904445543e-07
2.440000000000e-01,3.313755404438e-02,-2.015807925916e+01,-2.025920095262e+01,-1.825063912858e+00,2.593713165117e-03,1.030041573354e-07
2.460000000000e-01,3.336111000011e-02,-2.015815841602e+01,-2.025915522031e+01,-1.825056018411e+00,2.617807823192e-03,1.044367634664e-07
2.480000000000e-01,3.358402169935e-02,-2.015825767655e+01,-2.025910929879e+01,-1.825047951524e+00,2.641997607657e-03,1.058884800383e-07
2.500000000000e-01,3.380629275900e-02,-2.015837713989e+01,-2.025906318506e+01,-1.825039711061e+00,2.666283585158e-03,1.073596245491e-07
2.520000000000e-01,3.402792679897e-02,-2.015851690472e+01,-2.025901687611e+01,-1.825031295889e+00,2.690666818643e-03,1.088503736362e-07
2.540000000000e-01,3.424892744236e-02,-2.015867706932e+01,-2.025897036895e+01,-1.825022704879e+00,2.715148367116e-03,1.103610530888e-07
2.560000000000e-01,3.446929831474e-02,-2.015885773154e+01,-2.025892366057e+01,-1.825013936904e+00,2.739729285842e-03,1.118919107532e-07
2.580000000000e-01,3.468904304435e-02,-2.015905898881e+01,-2.025887674798e+01,-1.825004990842e+00,2.764410626128e-03,1.134431922980e-07
2.600000000000e-01,3.490816526187e-02,-2.015928093814e+01,-2.025882962819e+01,-1.824995865571e+00,2.789193435554e-03,1.150151773488e-07
2.620000000000e-01,3.512666860007e-02,-2.015952367612e+01,-2.025878229820e+01,-1.824986559976e+00,2.814078757789e-03,1.166080913917e-07
2.640000000000e-01,3.534455669351e-02,-2.015978729893e+01,-2.025873475502e+01,-1.824977072941e+00,2.839067632743e-03,1.182222394866e-07
2.660000000000e-01,3.556183317845e-02,-2.016007190230e+01,-2.025868699568e+01,-1.824967403357e+00,2.864161096471e-03,1.198578197237e-07
2.680000000000e-01,3.577850169310e-02,-2.016037758158e+01,-2.025863901718e+01,-1.824957550114e+00,2.889360181080e-03,1.215151481527e-07
2.700000000000e-01,3.599456587648e-02,-2.016070443168e+01,-2.025859081656e+01,-1.824947512110e+00,2.914665915048e-03,1.231944876284e-07
2.720000000000e-01,3.621002936891e-02,-2.016105254708e+01,-2.025854239084e+01,-1.824937288242e+00,2.940079322899e-03,1.248960522598e-07
2.740000000000e-01,3.642489581169e-02,-2.016142202188e+01,-2.025849373704e+01,-1.824926877411e+00,2.965601425231e-03,1.266201395540e-07
2.760000000000e-01,3.663916884698e-02,-2.016181294974e+01,-2.025844485221e+01,-1.824916278523e+00,2.991233239034e-03,1.283670732771e-07
2.780000000000e-01,3.685285211730e-02,-2.016222542389e+01,-2.025839573338e+01,-1.824905490485e+00,3.016975777351e-03,1.301369449126e-07
2.800000000000e-01,3.706594926575e-02,-2.016265953719e+01,-2.025834637759e+01,-1.824894512208e+00,3.042830049304e-03,1.319301441022e-07
2.820000000000e-01,3.727846393534e-02,-2.016311538203e+01,-2.025829678188e+01,-1.824883342606e+00,3.068797060328e-03,1.337469283962e-07
2.840000000000e-01,3.749039976929e-02,-2.016359305044e+01,-2.025824694332e+01,-1.824871980597e+00,3.094877811988e-03,1.355874914171e-07
2.860000000000e-01,3.770176041040e-02,-2.016409263399e+01,-2.025819685895e+01,-1.824860425100e+00,3.121073301932e-03,1.374521416967e-07
2.880000000000e-01,3.791254950149e-02,-2.016461422388e+01,-2.025814652584e+01,-1.824848675040e+00,3.147384524105e-03,1.393411273924e-07
2.900000000000e-01,3.812277068430e-02,-2.016515791085e+01,-2.025809594105e+01,-1.824836729342e+00,3.173812468574e-03,1.412547520384e-07
2.920000000000e-01,3.833242760037e-02,-2.016572378528e+01,-2.025804510165e+01,-1.824824586936e+00,3.200358121491e-03,1.431932136794e-07
2.940000000000e-01,3.854152388992e-02,-2.016631193709e+01,-2.025799400472e+01,-1.824812246755e+00,3.227022465419e-03,1.451567701851e-07
2.960000000000e-01,3.875006319215e-02,-2.016692245584e+01,-2.025794264734e+01,-1.824799707735e+00,3.253806478801e-03,1.471457412161e-07
2.980000000000e-01,3.895804914505e-02,-2.016755543063e+01,-2.025789102659e+01,-1.824786968815e+00,3.280711136433e-03,1.491603403237e-07
3.000000000000e-01,3.916548538548e-02,-2.016821095018e+01,-2.025783913957e+01,-1.824774028937e+00,3.307737409195e-03,1.512008774658e-07
3.020000000000e-01,3.937237554784e-02,-2.016888910280e+01,-2.025778698338e+01,-1.824760887046e+00,3.334886264215e-03,1.532675082758e-07
3.040000000000e-01,3.957872326588e-02,-2.016958997639e+01,-2.025773455512e+01,-1.824747542091e+00,3.362158664754e-03,1.553605784699e-07
3.060000000000e-01,3.978453217024e-02,-2.017031365843e+01,-2.025768185190e+01,-1.824733993023e+00,3.389555570383e-03,1.574802935105e-07
3.080000000000e-01,3.998980589035e-02,-2.017106023602e+01,-2.025762887084e+01,-1.824720238797e+00,3.417077936581e-03,1.596269725328e-07
3.100000000000e-01,4.019454805289e-02,-2.017182979582e+01,-2.025757560906e+01,-1.824706278370e+00,3.444726715122e-03,1.618008748332e-07
3.120000000000e-01,4.039876228219e-02,-2.017262242411e+01,-2.025752206369e+01,-1.824692110704e+00,3.472502854245e-03,1.640021817717e-07
3.140000000000e-01,4.060245219985e-02,-2.017343820675e+01,-2.025746823186e+01,-1.824677734763e+00,3.500407297782e-03,1.662311601361e-07
3.160000000000e-01,4.080562142489e-02,-2.017427722920e+01,-2.025741411072e+01,-1.824663149513e+00,3.528440986291e-03,1.684881724512e-07
3.180000000000e-01,4.100827357313e-02,-2.017513957652e+01,-2.025735969742e+01,-1.824648353925e+00,3.556604856267e-03,1.707733229698e-07
3.200000000000e-01,4.121041225768e-02,-2.017602533337e+01,-2.025730498912e+01,-1.824633346972e+00,3.584899840339e-03,1.730870005977e-07
3.220000000000e-01,4.141204108800e-02,-2.017693458400e+01,-2.025724998297e+01,-1.824618127631e+00,3.613326867517e-03,1.754293523681e-07
3.240000000000e-01,4.161316367026e-02,-2.017786741224e+01,-2.025719467615e+01,-1.824602694881e+00,3.641886862841e-03,1.778007704517e-07
3.260000000000e-01,4.181378360711e-02,-2.017882390156e+01,-2.025713906584e+01,-1.824587047706e+00,3.670580747503e-03,1.802013710515e-07
3.280000000000e-01,4.201390449741e-02,-2.017980413500e+01,-2.025708314922e+01,-1.824571185090e+00,3.699409438939e-03,1.826315084411e-07
3.300000000000e-01,4.221352993610e-02,-2.018080819519e+01,-2.025702692349e+01,-1.824555106024e+00,3.728373850935e-03,1.850913373568e-07
3.320000000000e-01,4.241266351445e-02,-2.018183616439e+01,-2.025697038584e+01,-1.824538809498e+00,3.757474893112e-03,1.875812204841e-07
3.340000000000e-01,4.261130881894e-02,-2.018288812443e+01,-2.025691353349e+01,-1.824522294509e+00,3.786713471658e-03,1.901013157523e-07
3.360000000000e-01,4.280946943212e-02,-2.018396415677e+01,-2.025685636366e+01,-1.824505560055e+00,3.816090488541e-03,1.926519567736e-07
3.380000000000e-01,4.300714893170e-02,-2.018506434246e+01,-2.025679887356e+01,-1.824488605137e+00,3.845606842323e-03,1.952332859576e-07
3.400000000000e-01,4.320435089188e-02,-2.018618876214e+01,-2.025674106043e+01,-1.824471428760e+00,3.875263427674e-03,1.978457069009e-07
3.420000000000e-01,4.340107888028e-02,-2.018733749606e+01,-2.025668292151e+01,-1.824454029931e+00,3.905061135007e-03,2.004892921452e-07
3.440000000000e-01,4.359733646116e-02,-2.018851062408e+01,-2.025662445406e+01,-1.824436407661e+00,3.935000851742e-03,2.031644457397e-07
3.460000000000e-01,4.379312719285e-02,-2.018970822567e+01,-2.025656565533e+01,-1.824418560965e+00,3.965083460805e-03,2.058713900257e-07
3.480000000000e-01,4.398845462902e-02,-2.019093037988e+01,-2.025650652258e+01,-1.824400488859e+00,3.995309841391e-03,2.086102897841e-07
3.500000000000e-01,4.418332231736e-02,-2.019217716538e+01,-2.025644705310e+01,-1.824382190364e+00,4.025680869313e-03,2.113813661067e-07
3.520000000000e-01,4.437773380092e-02,-2.019344866045e+01,-2.025638724417e+01,-1.824363664502e+00,4.056197416383e-03,2.141850151224e-07
3.540000000000e-01,4.457169261682e-02,-2.019474494297e+01,-2.025632709308e+01,-1.824344910300e+00,4.086860350318e-03,2.170214682456e-07
3.560000000000e-01,4.476520229587e-02,-2.019606609042e+01,-2.025626659713e+01,-1.824325926788e+00,4.117670535282e-03,2.198907160007e-07
3.580000000000e-01,4.495826636371e-02,-2.019741217990e+01,-2.025620575364e+01,-1.824306712998e+00,4.148628831784e-03,2.227933693875e-07
3.600000000000e-01,4.515088833967e-02,-2.019878328811e+01,-2.025614455993e+01,-1.824287267966e+00,4.179736096127e-03,2.257295602778e-07
3.620000000000e-01,4.534307173705e-02,-2.020017949137e+01,-2.025608301333e+01,-1.824267590731e+00,4.210993181556e-03,2.286993883337e-07
3.640000000000e-01,4.553482006272e-02,-2.020160086558e+01,-2.025602111118e+01,-1.824247680335e+00,4.242400936550e-03,2.317031177255e-07
3.660000000000e-01,4.572613681701e-02,-2.020304748629e+01,-2.025595885083e+01,-1.824227535822e+00,4.273960206482e-03,2.347411499310e-07
3.680000000000e-01,4.591702549428e-02,-2.020451942862e+01,-2.025589622964e+01,-1.824207156240e+00,4.305671832798e-03,2.378136580910e-07
3.700000000000e-01,4.610748958185e-02,-2.020601676732e+01,-2.025583324497e+01,-1.824186540642e+00,4.337536653009e-03,2.409207380061e-07
3.720000000000e-01,4.629753256012e-02,-2.020753957676e+01,-2.025576989422e+01,-1.824165688081e+00,4.369555500841e-03,2.440629377564e-07
3.740000000000e-01,4.648715790307e-02,-2.020908793091e+01,-2.025570617476e+01,-1.824144597614e+00,4.401729206684e-03,2.472400257254e-07
3.760000000000e-01,4.667636907684e-02,-2.021066190334e+01,-2.025564208400e+01,-1.824123268303e+00,4.434058596310e-03,2.504528293933e-07
3.780000000000e-01,4.686516954119e-02,-2.021226156727e+01,-2.025557761935e+01,-1.824101699210e+00,4.466544492307e-03,2.537011122370e-07
3.800000000000e-01,4.705356274824e-02,-2.021388699548e+01,-2.025551277822e+01,-1.824079889402e+00,4.499187713518e-03,2.569852458307e-07
3.820000000000e-01,4.724155214275e-02,-2.021553826042e+01,-2.025544755805e+01,-1.824057837950e+00,4.531989074706e-03,2.603055730462e-07
3.840000000000e-01,4.742914116176e-02,-2.021721543410e+01,-2.025538195629e+01,-1.824035543925e+00,4.564949387086e-03,2.636621851344e-07
3.860000000000e-01,4.761633323530e-02,-2.021891858820e+01,-2.025531597037e+01,-1.824013006405e+00,4.598069457769e-03,2.670554626372e-07
3.880000000000e-01,4.780313178518e-02,-2.022064779397e+01,-2.025524959777e+01,-1.823990224467e+00,4.631350090235e-03,2.704854734081e-07
3.900000000000e-01,4.798954022518e-02,-2.022240312229e+01,-2.025518283595e+01,-1.823967197194e+00,4.664792084562e-03,2.739526052472e-07
3.920000000000e-01,4.817556196141e-02,-2.022418464367e+01,-2.025511568241e+01,-1.823943923670e+00,4.698396236722e-03,2.774569541136e-07
3.940000000000e-01,4.836120039153e-02,-2.022599242823e+01,-2.025504813463e+01,-1.823920402986e+00,4.732163338757e-03,2.809988929401e-07
3.960000000000e-01,4.854645890601e-02,-2.022782654569e+01,-2.025498019013e+01,-1.823896634230e+00,4.766094179142e-03,2.845785916374e-07
3.980000000000e-01,4.873134088478e-02,-2.022968706541e+01,-2.025491184642e+01,-1.823872616499e+00,4.800189542854e-03,2.881962104406e-07
4.000000000000e-01,4.891584970191e-02,-2.023157405636e+01,-2.025484310103e+01,-1.823848348888e+00,4.834450210450e-03,2.918520435932e-07
4.020000000000e-01,4.909998872154e-02,-2.023348758712e+01,-2.025477395149e+01,-1.823823830500e+00,4.868876959235e-03,2.955461912139e-07
4.040000000000e-01,4.928376129919e-02,-2.023542772592e+01,-2.025470439537e+01,-1.823799060437e+00,4.903470562461e-03,2.992790298184e-07
4.060000000000e-01,4.946717078230e-02,-2.023739454057e+01,-2.025463443023e+01,-1.823774037805e+00,4.938231790267e-03,3.030508127432e-07
4.080000000000e-01,4.965022050864e-02,-2.023938809853e+01,-2.025456405363e+01,-1.823748761716e+00,4.973161407894e-03,3.068616271206e-07
4.100000000000e-01,4.983291380730e-02,-2.024140846687e+01,-2.025449326318e+01,-1.823723231281e+00,5.008260177914e-03,3.107117883051e-07
4.120000000000e-01,5.001525399802e-02,-2.024345571229e+01,-2.025442205645e+01,-1.823697445616e+00,5.043528858381e-03,3.146015033861e-07
4.140000000000e-01,5.019724439205e-02,-2.024552990109e+01,-2.025435043107e+01,-1.823671403839e+00,5.078968203994e-03,3.185309926031e-07
4.160000000000e-01,5.037888829143e-02,-2.024763109921e+01,-2.025427838466e+01,-1.823645105074e+00,5.114578965379e-03,3.225004733583e-07
4.180000000000e-01,5.056018898748e-02,-2.024975937222e+01,-2.025420591485e+01,-1.823618548444e+00,5.150361890094e-03,3.265101502369e-07
4.200000000000e-01,5.074114976361e-02,-2.025191478531e+01,-2.025413301928e+01,-1.823591733078e+00,5.186317721289e-03,3.305602234328e-07
4.220000000000e-01,5.092177389203e-02,-2.025409740327e+01,-2.025405969563e+01,-1.823564658106e+00,5.222447198493e-03,3.346507957050e-07
4.240000000000e-01,5.110206463748e-02,-2.025630729056e+01,-2.025398594155e+01,-1.823537322664e+00,5.258751057341e-03,3.387823976072e-07
4.260000000000e-01,5.128202525243e-02,-2.025854451121e+01,-2.025391175473e+01,-1.823509725887e+00,5.295230030295e-03,3.429549310626e-07
4.280000000000e-01,5.146165898169e-02,-2.026080912894e+01,-2.025383713286e+01,-1.823481866916e+00,5.331884845655e-03,3.471689146700e-07
4.300000000000e-01,5.164096905800e-02,-2.026310120703e+01,-2.025376207366e+01,-1.823453744894e+00,5.368716227652e-03,3.514241097725e-07
4.320000000000e-01,5.181995870533e-02,-2.026542080845e+01,-2.025368657484e+01,-1.823425358967e+00,5.405724897987e-03,3.557210708768e-07
4.340000000000e-01,5.199863113777e-02,-2.026776799574e+01,-2.025361063414e+01,-1.823396708284e+00,5.442911573052e-03,3.600601056844e-07
4.360000000000e-01,5.217698955871e-02,-2.027014283111e+01,-2.025353424931e+01,-1.823367791998e+00,5.480276966569e-03,3.644411993671e-07
4.380000000000e-01,5.235503716023e-02,-2.027254537638e+01,-2.025345741809e+01,-1.823338609263e+00,5.517821788053e-03,3.688644026159e-07
4.400000000000e-01,5.253277712637e-02,-2.027497569300e+01,-2.025338013827e+01,-1.823309159239e+00,5.555546743554e-03,3.733304597950e-07
4.420000000000e-01,5.271021262676e-02,-2.027743384205e+01,-2.025330240764e+01,-1.823279441086e+00,5.593452535129e-03,3.778388895612e-07
4.440000000000e-01,5.288734682541e-02,-2.027991988425e+01,-2.025322422397e+01,-1.823249453968e+00,5.631539861650e-03,3.823903230366e-07
4.460000000000e-01,5.306418287054e-02,-2.028243387995e+01,-2.025314558510e+01,-1.823219197052e+00,5.669809417595e-03,3.869850357720e-07
4.480000000000e-01,5.324072390389e-02,-2.028497588910e+01,-2.025306648883e+01,-1.823188669510e+00,5.708261893933e-03,3.916229545656e-07
4.500000000000e-01,5.341697305309e-02,-2.028754597132e+01,-2.025298693302e+01,-1.823157870514e+00,5.746897978539e-03,3.963044786027e-07
4.520000000000e-01,5.359293343712e-02,-2.029014418585e+01,-2.025290691550e+01,-1.823126799241e+00,5.785718354252e-03,4.010295550241e-07
4.540000000000e-01,5.376860816264e-02,-2.029277059156e+01,-2.025282643415e+01,-1.823095454869e+00,5.824723701366e-03,4.057988138444e-07
4.560000000000e-01,5.394400032453e-02,-2.029542524695e+01,-2.025274548683e+01,-1.823063836581e+00,5.863914695723e-03,4.106120296180e-07
4.580000000000e-01,5.411911300866e-02,-2.029810821015e+01,-2.025266407145e+01,-1.823031943563e+00,5.903292010446e-03,4.154695772104e-07
4.600000000000e-01,5.429394928744e-02,-2.030081953895e+01,-2.025258218590e+01,-1.822999775002e+00,5.942856313444e-03,4.203714180886e-07
4.620000000000e-01,5.446851222400e-02,-2.030355929074e+01,-2.025249982811e+01,-1.822967330089e+00,5.982608270730e-03,4.253182652483e-07
4.640000000000e-01,5.464280486658e-02,-2.030632752256e+01,-2.025241699600e+01,-1.822934608019e+00,6.022548542801e-03,4.303097810036e-07
4.660000000000e-01,5.481683025485e-02,-2.030912429110e+01,-2.025233368752e+01,-1.822901607989e+00,6.062677787655e-03,4.353465748638e-07
4.680000000000e-01,5.499059141783e-02,-2.031194965266e+01,-2.025224990064e+01,-1.822868329200e+00,6.102996659159e-03,4.404283964696e-07
4.700000000000e-01,5.516409136861e-02,-2.031480366320e+01,-2.025216563331e+01,-1.822834770853e+00,6.143505807461e-03,4.455561055817e-07
4.720000000000e-01,5.533733311209e-02,-2.031768637831e+01,-2.025208088353e+01,-1.822800932156e+00,6.184205879295e-03,4.507290260827e-07
4.740000000000e-01,5.551031964020e-02,-2.032059785320e+01,-2.025199564931e+01,-1.822766812316e+00,6.225097517337e-03,4.559477654875e-07
4.760000000000e-01,5.568305393248e-02,-2.032353814274e+01,-2.025190992865e+01,-1.822732410548e+00,6.266181360616e-03,4.612127383812e-07
4.780000000000e-01,5.585553895479e-02,-2.032650730143e+01,-2.025182371959e+01,-1.822697726064e+00,6.307458045064e-03,4.665238161486e-07
4.800000000000e-01,5.602777766720e-02,-2.032950538342e+01,-2.025173702016e+01,-1.822662758083e+00,6.348928201946e-03,4.718810380663e-07
4.820000000000e-01,5.619977300971e-02,-2.033253244248e+01,-2.025164982843e+01,-1.822627505827e+00,6.390592459360e-03,4.772851650585e-07
4.840000000000e-01,5.637152791494e-02,-2.033558853204e+01,-2.025156214247e+01,-1.822591968518e+00,6.432451442292e-03,4.827359524866e-07
4.860000000000e-01,5.654304530206e-02,-2.033867370515e+01,-2.025147396036e+01,-1.822556145384e+00,6.474505771028e-03,4.882330901008e-07
4.880000000000e-01,5.671432807745e-02,-2.034178801452e+01,-2.025138528020e+01,-1.822520035654e+00,6.516756062460e-03,4.937777941433e-07
4.900000000000e-01,5.688537913519e-02,-2.034493151250e+01,-2.025129610012e+01,-1.822483638560e+00,6.559202930062e-03,4.993695706448e-07
4.920000000000e-01,5.705620135694e-02,-2.034810425106e+01,-2.025120641823e+01,-1.822446953339e+00,6.601846983589e-03,5.050089753146e-07
4.940000000000e-01,5.722679761224e-02,-2.035130628184e+01,-2.025111623268e+01,-1.822409979229e+00,6.644688828951e-03,5.106957189507e-07
4.960000000000e-01,5.739717075613e-02,-2.035453765612e+01,-2.025102554164e+01,-1.822372715471e+00,6.687729069232e-03,5.164300507752e-07
4.980000000000e-01,5.756732363403e-02,-2.035779842480e+01,-2.025093434327e+01,-1.822335161310e+00,6.730968301807e-03,5.222127489526e-07
5.000000000000e-01,5.773725907522e-02,-2.036108863845e+01,-2.025084263577e+01,-1.822297315993e+00,6.774407122828e-03,5.280431716091e-07
5.020000000000e-01,5.790697989827e-02,-2.036440834727e+01,-2.025075041732e+01,-1.822259178770e+00,6.818046123223e-03,5.339218876292e-07
5.040000000000e-01,5.807648890836e-02,-2.036775760111e+01,-2.025065768616e+01,-1.822220748893e+00,6.861885890461e-03,5.398493001141e-07
5.060000000000e-01,5.824578889699e-02,-2.037113644948e+01,-2.025056444052e+01,-1.822182025620e+00,6.905927008712e-03,5.458247219095e-07
5.080000000000e-01,5.841488264188e-02,-2.037454494150e+01,-2.025047067864e+01,-1.822143008210e+00,6.950170058653e-03,5.518494281582e-07
5.100000000000e-01,5.858377291164e-02,-2.037798312597e+01,-2.025037639878e+01,-1.822103695924e+00,6.994615617464e-03,5.579225408514e-07
5.120000000000e-01,5.875246245645e-02,-2.038145105132e+01,-2.025028159922e+01,-1.822064088026e+00,7.039264256748e-03,5.640451527504e-07
5.140000000000e-01,5.892095401542e-02,-2.038494876565e+01,-2.025018627825e+01,-1.822024183784e+00,7.084116546652e-03,5.702166934781e-07
5.160000000000e-01,5.908925031607e-02,-2.038847631666e+01,-2.025009043419e+01,-1.821983982470e+00,7.129173053913e-03,5.764373527757e-07
5.180000000000e-01,5.925735407071e-02,-2.039203375176e+01,-2.024999406535e+01,-1.821943483356e+00,7.174434339521e-03,5.827079744423e-07
5.200000000000e-01,5.942526797635e-02,-2.039562111796e+01,-2.024989717007e+01,-1.821902685719e+00,7.219900962753e-03,5.890281570525e-07
5.220000000000e-01,5.959299472028e-02,-2.039923846195e+01,-2.024979974669e+01,-1.821861588837e+00,7.265573477441e-03,5.953980721471e-07
5.240000000000e-01,5.976053697409e-02,-2.040288583005e+01,-2.024970179360e+01,-1.821820191993e+00,7.311452436123e-03,6.018178950990e-07
5.260000000000e-01,5.992789739694e-02,-2.040656326823e+01,-2.024960330918e+01,-1.821778494474e+00,7.357538385932e-03,6.082876189995e-07
5.280000000000e-01,6.009507863006e-02,-2.041027082214e+01,-2.024950429181e+01,-1.821736495563e+00,7.403831870661e-03,6.148079442592e-07
5.300000000000e-01,6.026208330757e-02,-2.041400853705e+01,-2.024940473993e+01,-1.821694194555e+00,7.450333430214e-03,6.213783232058e-07
5.320000000000e-01,6.042891404541e-02,-2.041777645790e+01,-2.024930465194e+01,-1.821651590743e+00,7.497043602646e-03,6.279991722827e-07
5.340000000000e-01,6.059557344688e-02,-2.042157462926e+01,-2.024920402631e+01,-1.821608683421e+00,7.543962920048e-03,6.346709828464e-07
5.360000000000e-01,6.076206410007e-02,-2.042540309538e+01,-2.024910286148e+01,-1.821565471891e+00,7.591091912076e-03,6.413933556628e-07
5.380000000000e-01,6.092838858285e-02,-2.042926190015e+01,-2.024900115594e+01,-1.821521955454e+00,7.638431105695e-03,6.481666954103e-07
5.400000000000e-01,6.109454945182e-02,-2.043315108710e+01,-2.024889890818e+01,-1.821478133415e+00,7.685981021272e-03,6.549915770780e-07
5.420000000000e-01,6.126054925707e-02,-2.043707069945e+01,-2.024879611670e+01,-1.821434005082e+00,7.733742178650e-03,6.618671080238e-07
5.440000000000e-01,6.142639053167e-02,-2.044102078005e+01,-2.024869278002e+01,-1.821389569767e+00,7.781715092469e-03,6.687944851308e-07
5.460000000000e-01,6.159207579256e-02,-2.044500137141e+01,-2.024858889669e+01,-1.821344826781e+00,7.829900275483e-03,6.757727062260e-07
5.480000000000e-01,6.175760754608e-02,-2.044901251568e+01,-2.024848446525e+01,-1.821299775443e+00,7.878298233647e-03,6.828028683707e-07
5.500000000000e-01,6.192298828072e-02,-2.045305425470e+01,-2.024837948428e+01,-1.821254415071e+00,7.926909472890e-03,6.898847573988e-07
5.520000000000e-01,6.208822047086e-02,-2.045712662994e+01,-2.024827395236e+01,-1.821208744988e+00,7.975734492518e-03,6.970184524216e-07
5.540000000000e-01,6.225330658003e-02,-2.046122968253e+01,-2.024816786810e+01,-1.821162764518e+00,8.024773791147e-03,7.042042486935e-07
5.560000000000e-01,6.241824905617e-02,-2.046536345326e+01,-2.024806123010e+01,-1.821116472990e+00,8.074027860246e-03,7.114416809672e-07
5.580000000000e-01,6.258305032559e-02,-2.046952798260e+01,-2.024795403700e+01,-1.821069869732e+00,8.123497191137e-03,7.187316702100e-07
5.600000000000e-01,6.274771281128e-02,-2.047372331064e+01,-2.024784628745e+01,-1.821022954081e+00,8.173182269819e-03,7.260740595330e-07
5.620000000000e-01,6.291223891402e-02,-2.047794947716e+01,-2.024773798012e+01,-1.820975725371e+00,8.223083579588e-03,7.334691269976e-07
5.640000000000e-01,6.307663102241e-02,-2.048220652157e+01,-2.024762911368e+01,-1.820928182941e+00,8.273201599079e-03,7.409157330917e-07
5.660000000000e-01,6.324089150883e-02,-2.048649448297e+01,-2.024751968683e+01,-1.820880326136e+00,8.323536803973e-03,7.484158283381e-07
5.680000000000e-01,6.340502273271e-02,-2.049081340011e+01,-2.024740969828e+01,-1.820832154296e+00,8.374089666366e-03,7.559684691009e-07
5.700000000000e-01,6.356902703940e-02,-2.049516331140e+01,-2.024729914677e+01,-1.820783666772e+00,8.424860653428e-03,7.635745433549e-07
5.720000000000e-01,6.373290675426e-02,-2.049954425489e+01,-2.024718803102e+01,-1.820734862914e+00,8.475850231901e-03,7.712333862345e-07
5.740000000000e-01,6.389666419565e-02,-2.050395626834e+01,-2.024707634981e+01,-1.820685742073e+00,8.527058862965e-03,7.789455102660e-07
5.760000000000e-01,6.406030165931e-02,-2.050839938912e+01,-2.024696410192e+01,-1.820636303608e+00,8.578487002770e-03,7.867098420590e-07
5.780000000000e-01,6.422382142897e-02,-2.051287365429e+01,-2.024685128612e+01,-1.820586546876e+00,8.630135108037e-03,7.945284378449e-07
5.800000000000e-01,6.438722577754e-02,-2.051737910058e+01,-2.024673790124e+01,-1.820536471238e+00,8.682003626228e-03,8.024001175390e-07
5.820000000000e-01,6.455051695403e-02,-2.052191576436e+01,-2.024662394609e+01,-1.820486076060e+00,8.734093007595e-03,8.103254602270e-07
5.840000000000e-01,6.471369719870e-02,-2.052648368169e+01,-2.024650941952e+01,-1.820435360709e+00,8.786403693721e-03,8.183044822264e-07
5.860000000000e-01,6.487676873452e-02,-2.053108288827e+01,-2.024639432039e+01,-1.820384324554e+00,8.838936126022e-03,8.263373366698e-07
5.880000000000e-01,6.503973377134e-02,-2.053571341948e+01,-2.024627864756e+01,-1.820332966967e+00,8.891690739465e-03,8.344238626759e-07
5.900000000000e-01,6.520259449944e-02,-2.054037531036e+01,-2.024616239993e+01,-1.820281287326e+00,8.944667967773e-03,8.425642092055e-07
5.920000000000e-01,6.536535309724e-02,-2.054506859562e+01,-2.024604557641e+01,-1.820229285007e+00,8.997868240379e-03,8.507588690196e-07
5.940000000000e-01,6.552801172678e-02,-2.054979330963e+01,-2.024592817591e+01,-1.820176959392e+00,9.051291982621e-03,8.590073717407e-07
5.960000000000e-01,6.569057253468e-02,-2.055454948644e+01,-2.024581019737e+01,-1.820124309867e+00,9.104939617964e-03,8.673095844337e-07
5.980000000000e-01,6.585303765144e-02,-2.055933715975e+01,-2.024569163975e+01,-1.820071335814e+00,9.158811564846e-03,8.756675530730e-07
6.000000000000e-01,6.601540919497e-02,-2.056415636293e+01,-2.024557250201e+01,-1.820018036625e+00,9.212908237288e-03,8.840784956281e-07
6.020000000000e-01,6.617768926068e-02,-2.056900712903e+01,-2.024545278316e+01,-1.819964411693e+00,9.267230049012e-03,8.925448052332e-07
6.040000000000e-01,6.633987993726e-02,-2.057388949076e+01,-2.024533248218e+01,-1.819910460411e+00,9.321777406450e-03,9.010647286760e-07
6.060000000000e-01,6.650198329050e-02,-2.057880348050e+01,-2.024521159810e+01,-1.819856182177e+00,9.376550715294e-03,9.096397725521e-07
6.080000000000e-01,6.666400137541e-02,-2.058374913030e+01,-2.024509012996e+01,-1.819801576394e+00,9.431550377552e-03,9.182698813152e-07
6.100000000000e-01,6.682593622679e-02,-2.058872647188e+01,-2.024496807681e+01,-1.819746642462e+00,9.486776789101e-03,9.269544533850e-07
6.120000000000e-01,6.698778986833e-02,-2.059373553664e+01,-2.024484543772e+01,-1.819691379788e+00,9.542230347132e-03,9.356930895999e-07
6.140000000000e-01,6.714956430397e-02,-2.059877635563e+01,-2.024472221177e+01,-1.819635787780e+00,9.597911438829e-03,9.444880408266e-07
6.160000000000e-01,6.731126152579e-02,-2.060384895958e+01,-2.024459839807e+01,-1.819579865852e+00,9.653820452782e-03,9.533367091583e-07
6.180000000000e-01,6.747288350422e-02,-2.060895337890e+01,-2.024447399573e+01,-1.819523613414e+00,9.709957774514e-03,9.622408566721e-07
6.200000000000e-01,6.763443219963e-02,-2.061408964366e+01,-2.024434900390e+01,-1.819467029887e+00,9.766323780716e-03,9.712007272296e-07
6.220000000000e-01,6.779590955235e-02,-2.061925778362e+01,-2.024422342171e+01,-1.819410114689e+00,9.822918852068e-03,9.802160929102e-07
6.240000000000e-01,6.795731749016e-02,-2.062445782819e+01,-2.024409724835e+01,-1.819352867241e+00,9.879743359121e-03,9.892856498570e-07
6.260000000000e-01,6.811865792183e-02,-2.062968980647e+01,-2.024397048298e+01,-1.819295286970e+00,9.936797672826e-03,9.984109154654e-07
6.280000000000e-01,6.827993274047e-02,-2.063495374723e+01,-2.024384312483e+01,-1.819237373302e+00,9.994082159190e-03,1.007591248691e-06
6.300000000000e-01,6.844114382559e-02,-2.064024967891e+01,-2.024371517310e+01,-1.819179125671e+00,1.005159718167e-02,1.016827900059e-06
6.320000000000e-01,6.860229303642e-02,-2.064557762963e+01,-2.024358662703e+01,-1.819120543506e+00,1.010934309761e-02,1.026118899139e-06
6.340000000000e-01,6.876338221892e-02,-2.065093762719e+01,-2.024345748586e+01,-1.819061626245e+00,1.016732026582e-02,1.035466481974e-06
6.360000000000e-01,6.892441320100e-02,-2.065632969904e+01,-2.024332774887e+01,-1.819002373329e+00,1.022552903748e-02,1.044869322467e-06
6.380000000000e-01,6.908538779710e-02,-2.066175387233e+01,-2.024319741534e+01,-1.818942784195e+00,1.028396976129e-02,1.054327585969e-06
6.400000000000e-01,6.924630780431e-02,-2.066721017390e+01,-2.024306648457e+01,-1.818882858290e+00,1.034264278262e-02,1.063841506580e-06
6.420000000000e-01,6.940717500043e-02,-2.067269863023e+01,-2.024293495588e+01,-1.818822595061e+00,1.040154844425e-02,1.073411837935e-06
6.440000000000e-01,6.956799115152e-02,-2.067821926749e+01,-2.024280282860e+01,-1.818761993956e+00,1.046068708387e-02,1.083037637420e-06
6.460000000000e-01,6.972875800043e-02,-2.068377211155e+01,-2.024267010208e+01,-1.818701054427e+00,1.052005903750e-02,1.092718589588e-06
6.480000000000e-01,6.988947728252e-02,-2.068935718792e+01,-2.024253677569e+01,-1.818639775932e+00,1.057966463745e-02,1.102455910894e-06
6.500000000000e-01,7.005015070733e-02,-2.069497452184e+01,-2.024240284880e+01,-1.818578157926e+00,1.063950421019e-02,1.112250060289e-06
6.520000000000e-01,7.021077997777e-02,-2.070062413817e+01,-2.024226832083e+01,-1.818516199869e+00,1.069957808369e-02,1.122098845934e-06
6.540000000000e-01,7.037136677375e-02,-2.070630606150e+01,-2.024213319119e+01,-1.818453901227e+00,1.075988657558e-02,1.132004827674e-06
6.560000000000e-01,7.053191275680e-02,-2.071202031606e+01,-2.024199745931e+01,-1.818391261463e+00,1.082043000651e-02,1.141966999617e-06
6.580000000000e-01,7.069241957452e-02,-2.071776692579e+01,-2.024186112464e+01,-1.818328280048e+00,1.088120868975e-02,1.151983705445e-06
6.600000000000e-01,7.085288886156e-02,-2.072354591430e+01,-2.024172418665e+01,-1.818264956449e+00,1.094222293790e-02,1.162057640124e-06
6.620000000000e-01,7.101332222937e-02,-2.072935730487e+01,-2.024158664482e+01,-1.818201290144e+00,1.100347305726e-02,1.172187411681e-06
6.640000000000e-01,7.117372128128e-02,-2.073520112049e+01,-2.024144849864e+01,-1.818137280607e+00,1.106495935295e-02,1.182373846124e-06
6.660000000000e-01,7.133408758923e-02,-2.074107738379e+01,-2.024130974765e+01,-1.818072927319e+00,1.112668212595e-02,1.192616225236e-06
6.680000000000e-01,7.149442272593e-02,-2.074698611713e+01,-2.024117039136e+01,-1.818008229762e+00,1.118864167206e-02,1.202915244717e-06
6.700000000000e-01,7.165472823308e-02,-2.075292734252e+01,-2.024103042933e+01,-1.817943187418e+00,1.125083828781e-02,1.213270059468e-06
6.720000000000e-01,7.181500564416e-02,-2.075890108165e+01,-2.024088986113e+01,-1.817877799776e+00,1.131327226385e-02,1.223680832513e-06
6.740000000000e-01,7.197525647230e-02,-2.076490735593e+01,-2.024074868633e+01,-1.817812066326e+00,1.137594388510e-02,1.234148284139e-06
6.760000000000e-01,7.213548221386e-02,-2.077094618642e+01,-2.024060690455e+01,-1.817745986562e+00,1.143885343841e-02,1.244671871610e-06
6.780000000000e-01,7.229568435136e-02,-2.077701759388e+01,-2.024046451538e+01,-1.817679559976e+00,1.150200120238e-02,1.255252246969e-06
6.800000000000e-01,7.245586433937e-02,-2.078312159874e+01,-2.024032151847e+01,-1.817612786068e+00,1.156538745473e-02,1.265888733349e-06
6.820000000000e-01,7.261602363354e-02,-2.078925822114e+01,-2.024017791346e+01,-1.817545664338e+00,1.162901246947e-02,1.276581211897e-06
6.840000000000e-01,7.277616365594e-02,-2.079542748088e+01,-2.024003370003e+01,-1.817478194291e+00,1.169287651614e-02,1.287330759508e-06
6.860000000000e-01,7.293628582205e-02,-2.080162939746e+01,-2.023988887784e+01,-1.817410375431e+00,1.175697986449e-02,1.298136386152e-06
6.880000000000e-01,7.309639152287e-02,-2.080786399007e+01,-2.023974344661e+01,-1.817342207264e+00,1.182132277338e-02,1.308998656303e-06
6.900000000000e-01,7.325648213551e-02,-2.081413127758e+01,-2.023959740604e+01,-1.817273689308e+00,1.188590550753e-02,1.319917408580e-06
6.920000000000e-01,7.341655902584e-02,-2.082043127855e+01,-2.023945075588e+01,-1.817204821073e+00,1.195072832261e-02,1.330891783320e-06
6.940000000000e-01,7.357662353297e-02,-2.082676401122e+01,-2.023930349586e+01,-1.817135602076e+00,1.201579147090e-02,1.341923102482e-06
6.960000000000e-01,7.373667698409e-02,-2.083312949354e+01,-2.023915562575e+01,-1.817066031834e+00,1.208109520430e-02,1.353011017250e-06
6.980000000000e-01,7.389672068331e-02,-2.083952774312e+01,-2.023900714534e+01,-1.816996109872e+00,1.214663976744e-02,1.364156087230e-06
7.000000000000e-01,7.405675592742e-02,-2.084595877728e+01,-2.023885805442e+01,-1.816925835713e+00,1.221242540652e-02,1.375356042212e-06
7.020000000000e-01,7.421678398624e-02,-2.085242261303e+01,-2.023870835281e+01,-1.816855208885e+00,1.227845236015e-02,1.386613234867e-06
7.040000000000e-01,7.437680611927e-02,-2.085891926705e+01,-2.023855804034e+01,-1.816784228917e+00,1.234472086423e-02,1.397926847600e-06
7.060000000000e-01,7.453682356619e-02,-2.086544875573e+01,-2.023840711685e+01,-1.816712895342e+00,1.241123115534e-02,1.409296156533e-06
7.080000000000e-01,7.469683754562e-02,-2.087201109515e+01,-2.023825558221e+01,-1.816641207694e+00,1.247798346196e-02,1.420723122841e-06
7.100000000000e-01,7.485684926348e-02,-2.087860630107e+01,-2.023810343631e+01,-1.816569165514e+00,1.254497801110e-02,1.432205367862e-06
7.120000000000e-01,7.501685990928e-02,-2.088523438895e+01,-2.023795067903e+01,-1.816496768337e+00,1.261221502428e-02,1.443744450941e-06
7.140000000000e-01,7.517687064632e-02,-2.089189537393e+01,-2.023779731030e+01,-1.816424015712e+00,1.267969472375e-02,1.455339234658e-06
7.160000000000e-01,7.533688263551e-02,-2.089858927087e+01,-2.023764333004e+01,-1.816350907179e+00,1.274741732823e-02,1.466990477608e-06
7.180000000000e-01,7.549689700019e-02,-2.090531609429e+01,-2.023748873820e+01,-1.816277442290e+00,1.281538304791e-02,1.478700083598e-06
7.200000000000e-01,7.565691486839e-02,-2.091207585842e+01,-2.023733353475e+01,-1.816203620596e+00,1.288359209338e-02,1.490463816890e-06
7.220000000000e-01,7.581693733235e-02,-2.091886857719e+01,-2.023717771965e+01,-1.816129441649e+00,1.295204467208e-02,1.502282903807e-06
7.240000000000e-01,7.597696547580e-02,-2.092569426421e+01,-2.023702129292e+01,-1.816054905005e+00,1.302074098867e-02,1.514160243136e-06
7.260000000000e-01,7.613700036287e-02,-2.093255293279e+01,-2.023686425455e+01,-1.815980010224e+00,1.308968124457e-02,1.526093212012e-06
7.280000000000e-01,7.629704304008e-02,-2.093944459595e+01,-2.023670660459e+01,-1.815904756867e+00,1.315886563356e-02,1.538082961680e-06
7.300000000000e-01,7.645709453868e-02,-2.094636926637e+01,-2.023654834307e+01,-1.815829144496e+00,1.322829435122e-02,1.550127153776e-06
7.320000000000e-01,7.661715586536e-02,-2.095332695645e+01,-2.023638947006e+01,-1.815753172681e+00,1.329796758627e-02,1.562230080737e-06
7.340000000000e-01,7.677722801044e-02,-2.096031767829e+01,-2.023622998563e+01,-1.815676840990e+00,1.336788553095e-02,1.574387204352e-06
7.360000000000e-01,7.693731196325e-02,-2.096734144369e+01,-2.023606988988e+01,-1.815600148995e+00,1.343804836316e-02,1.586599509160e-06
7.380000000000e-01,7.709740866845e-02,-2.097439826411e+01,-2.023590918292e+01,-1.815523096271e+00,1.350845626776e-02,1.598871353271e-06
7.400000000000e-01,7.725751906747e-02,-2.098148815075e+01,-2.023574786488e+01,-1.815445682394e+00,1.357910941855e-02,1.611195274555e-06
7.420000000000e-01,7.741764408815e-02,-2.098861111450e+01,-2.023558593590e+01,-1.815367906944e+00,1.365000799421e-02,1.623576065507e-06
7.440000000000e-01,7.757778463372e-02,-2.099576716592e+01,-2.023542339614e+01,-1.815289769504e+00,1.372115216045e-02,1.636014842698e-06
7.460000000000e-01,7.773794158484e-02,-2.100295631529e+01,-2.023526024576e+01,-1.815211269659e+00,1.379254208913e-02,1.648506668831e-06
7.480000000000e-01,7.789811581706e-02,-2.101017857261e+01,-2.023509648498e+01,-1.815132406995e+00,1.386417794091e-02,1.661056218145e-06
7.500000000000e-01,7.805830817685e-02,-2.101743394753e+01,-2.023493211399e+01,-1.815053181105e+00,1.393605987943e-02,1.673661745537e-06
7.520000000000e-01,7.821851950017e-02,-2.102472244945e+01,-2.023476713302e+01,-1.814973591580e+00,1.400818806473e-02,1.686321971557e-06
7.540000000000e-01,7.837875059334e-02,-2.103204408742e+01,-2.023460154231e+01,-1.814893638017e+00,1.408056264648e-02,1.699037686847e-06
7.560000000000e-01,7.853900226187e-02,-2.103939887023e+01,-2.023443534211e+01,-1.814813320013e+00,1.415318377870e-02,1.711808396373e-06
7.580000000000e-01,7.869927528437e-02,-2.104678680636e+01,-2.023426853271e+01,-1.814732637168e+00,1.422605160818e-02,1.724636232563e-06
7.600000000000e-01,7.885957041517e-02,-2.105420790399e+01,-2.023410111437e+01,-1.814651589086e+00,1.429916628208e-02,1.737518984324e-06
7.620000000000e-01,7.901988840162e-02,-2.106166217100e+01,-2.023393308742e+01,-1.814570175374e+00,1.437252793946e-02,1.750457258403e-06
7.640000000000e-01,7.918022996725e-02,-2.106914961497e+01,-2.023376445218e+01,-1.814488395640e+00,1.444613672126e-02,1.763450569692e-06
7.660000000000e-01,7.934059582105e-02,-2.107667024320e+01,-2.023359520897e+01,-1.814406249492e+00,1.451999276040e-02,1.776498289687e-06
7.680000000000e-01,7.950098664482e-02,-2.108422406266e+01,-2.023342535816e+01,-1.814323736547e+00,1.459409619152e-02,1.789602597036e-06
7.700000000000e-01,7.966140311412e-02,-2.109181108005e+01,-2.023325490011e+01,-1.814240856421e+00,1.466844714126e-02,1.802761639415e-06
7.720000000000e-01,7.982184587613e-02,-2.109943130176e+01,-2.023308383521e+01,-1.814157608735e+00,1.474304573580e-02,1.815976741485e-06
7.740000000000e-01,7.998231556978e-02,-2.110708473391e+01,-2.023291216385e+01,-1.814073993105e+00,1.481789210036e-02,1.829245421318e-06
7.760000000000e-01,8.014281280826e-02,-2.111477138227e+01,-2.023273988647e+01,-1.813990009159e+00,1.489298634848e-02,1.842567924562e-06
7.780000000000e-01,8.030333818989e-02,-2.112249125239e+01,-2.023256700348e+01,-1.813905656524e+00,1.496832860072e-02,1.855948852768e-06
7.800000000000e-01,8.046389229415e-02,-2.113024434945e+01,-2.023239351533e+01,-1.813820934828e+00,1.504391896956e-02,1.869382605870e-06
7.820000000000e-01,8.062447568218e-02,-2.113803067839e+01,-2.023221942250e+01,-1.813735843701e+00,1.511975756245e-02,1.882871173667e-06
7.840000000000e-01,8.078508889287e-02,-2.114585024383e+01,-2.023204472546e+01,-1.813650382782e+00,1.519584448637e-02,1.896414109693e-06
7.860000000000e-01,8.094573245283e-02,-2.115370305012e+01,-2.023186942470e+01,-1.813564551704e+00,1.527217984711e-02,1.910011515332e-06
7.880000000000e-01,8.110640686676e-02,-2.116158910127e+01,-2.023169352075e+01,-1.813478350113e+00,1.534876374380e-02,1.923664341721e-06
7.900000000000e-01,8.126711262354e-02,-2.116950840104e+01,-2.023151701413e+01,-1.813391777643e+00,1.542559627069e-02,1.937371294446e-06
7.920000000000e-01,8.142785019565e-02,-2.117746095290e+01,-2.023133990538e+01,-1.813304833943e+00,1.550267752477e-02,1.951131328545e-06
7.940000000000e-01,8.158862002676e-02,-2.118544676000e+01,-2.023116219506e+01,-1.813217518663e+00,1.558000759654e-02,1.964946831372e-06
7.960000000000e-01,8.174942255148e-02,-2.119346582520e+01,-2.023098388374e+01,-1.813129831448e+00,1.565758657229e-02,1.978815194349e-06
7.980000000000e-01,8.191025818697e-02,-2.120151815110e+01,-2.023080497202e+01,-1.813041771954e+00,1.573541453668e-02,1.992739356784e-06
8.000000000000e-01,8.207112732493e-02,-2.120960373998e+01,-2.023062546051e+01,-1.812953339835e+00,1.581349157097e-02,2.006715882045e-06
8.020000000000e-01,8.223203034893e-02,-2.121772259385e+01,-2.023044534981e+01,-1.812864534750e+00,1.589181775440e-02,2.020746447821e-06
8.040000000000e-01,8.239296761044e-02,-2.122587471441e+01,-2.023026464059e+01,-1.812775356357e+00,1.597039315992e-02,2.034832126802e-06
8.060000000000e-01,8.255393944922e-02,-2.123406010308e+01,-2.023008333347e+01,-1.812685804322e+00,1.604921786138e-02,2.048969396873e-06
8.080000000000e-01,8.271494619043e-02,-2.124227876099e+01,-2.022990142914e+01,-1.812595878312e+00,1.612829192845e-02,2.063162616949e-06
8.100000000000e-01,8.287598814298e-02,-2.125053068898e+01,-2.022971892828e+01,-1.812505577990e+00,1.620761541887e-02,2.077407105837e-06
8.120000000000e-01,8.303706557766e-02,-2.125881588761e+01,-2.022953583158e+01,-1.812414903029e+00,1.628718840676e-02,2.091706118721e-06
8.140000000000e-01,8.319817876893e-02,-2.126713435714e+01,-2.022935213977e+01,-1.812323853108e+00,1.636701094214e-02,2.106057898343e-06
8.160000000000e-01,8.335932796378e-02,-2.127548609756e+01,-2.022916785356e+01,-1.812232427896e+00,1.644708308836e-02,2.120463196017e-06
8.180000000000e-01,8.352051338958e-02,-2.128387110854e+01,-2.022898297371e+01,-1.812140627072e+00,1.652740489142e-02,2.134920490724e-06
8.200000000000e-01,8.368173525471e-02,-2.129228938949e+01,-2.022879750099e+01,-1.812048450318e+00,1.660797640915e-02,2.149430744096e-06
8.220000000000e-01,8.384299375647e-02,-2.130074093954e+01,-2.022861143616e+01,-1.811955897322e+00,1.668879767952e-02,2.163994720372e-06
8.240000000000e-01,8.400428905966e-02,-2.130922575750e+01,-2.022842478001e+01,-1.811862967768e+00,1.676986875485e-02,2.178611025030e-06
8.260000000000e-01,8.416562132411e-02,-2.131774384194e+01,-2.022823753336e+01,-1.811769661343e+00,1.685118967020e-02,2.193280571509e-06
8.280000000000e-01,8.432699068384e-02,-2.132629519110e+01,-2.022804969702e+01,-1.811675977738e+00,1.693276046847e-02,2.208000807261e-06
8.300000000000e-01,8.448839725663e-02,-2.133487980295e+01,-2.022786127182e+01,-1.811581916651e+00,1.701458117833e-02,2.222774841105e-06
8.320000000000e-01,8.464984113710e-02,-2.134349767520e+01,-2.022767225864e+01,-1.811487477778e+00,1.709665183563e-02,2.237600068494e-06
8.340000000000e-01,8.481132240501e-02,-2.135214880524e+01,-2.022748265833e+01,-1.811392660816e+00,1.717897246879e-02,2.252478014264e-06
8.360000000000e-01,8.497284112732e-02,-2.136083319021e+01,-2.022729247177e+01,-1.811297465468e+00,1.726154310360e-02,2.267406834550e-06
8.380000000000e-01,8.513439733897e-02,-2.136955082693e+01,-2.022710169986e+01,-1.811201891441e+00,1.734436375640e-02,2.282388304420e-06
8.400000000000e-01,8.529599106826e-02,-2.137830171197e+01,-2.022691034351e+01,-1.811105938436e+00,1.742743445165e-02,2.297422649249e-06
8.420000000000e-01,8.545762230814e-02,-2.138708584159e+01,-2.022671840366e+01,-1.811009606170e+00,1.751075520805e-02,2.312505722061e-06
8.440000000000e-01,8.561929106238e-02,-2.139590321179e+01,-2.022652588123e+01,-1.810912894349e+00,1.759432603236e-02,2.327641213632e-06
8.460000000000e-01,8.578099728394e-02,-2.140475381827e+01,-2.022633277720e+01,-1.810815802695e+00,1.767814693822e-02,2.342829391521e-06
8.480000000000e-01,8.594274092064e-02,-2.141363765648e+01,-2.022613909254e+01,-1.810718330919e+00,1.776221793504e-02,2.358067754801e-06
8.500000000000e-01,8.610452190699e-02,-2.142255472153e+01,-2.022594482822e+01,-1.810620478741e+00,1.784653902147e-02,2.373356872487e-06
8.520000000000e-01,8.626634015097e-02,-2.143150500832e+01,-2.022574998525e+01,-1.810522245890e+00,1.793111020521e-02,2.388697297331e-06
8.540000000000e-01,8.642819554854e-02,-2.144048851141e+01,-2.022555456465e+01,-1.810423632086e+00,1.801593147654e-02,2.404087978418e-06
8.560000000000e-01,8.659008796690e-02,-2.144950522512e+01,-2.022535856745e+01,-1.810324637060e+00,1.810100283870e-02,2.419528907347e-06
8.580000000000e-01,8.675201725364e-02,-2.145855514347e+01,-2.022516199469e+01,-1.810225260541e+00,1.818632427602e-02,2.435020071381e-06
8.600000000000e-01,8.691398325510e-02,-2.146763826022e+01,-2.022496484744e+01,-1.810125502258e+00,1.827189578418e-02,2.450562578217e-06
8.620000000000e-01,8.707598577053e-02,-2.147675456881e+01,-2.022476712678e+01,-1.810025361954e+00,1.835771734603e-02,2.466153526726e-06
8.640000000000e-01,8.723802462382e-02,-2.148590406244e+01,-2.022456883377e+01,-1.809924839366e+00,1.844378894465e-02,2.481795947145e-06
8.660000000000e-01,8.740009957051e-02,-2.149508673404e+01,-2.022436996954e+01,-1.809823934227e+00,1.853011056093e-02,2.497487891570e-06
8.680000000000e-01,8.756221037670e-02,-2.150430257622e+01,-2.022417053521e+01,-1.809722646292e+00,1.861668217108e-02,2.513230400853e-06
8.700000000000e-01,8.772435677503e-02,-2.151355158135e+01,-2.022397053190e+01,-1.809620975298e+00,1.870350374823e-02,2.529020509176e-06
8.720000000000e-01,8.788653849606e-02,-2.152283374150e+01,-2.022376996077e+01,-1.809518921000e+00,1.879057526661e-02,2.544859721364e-06
8.740000000000e-01,8.804875523229e-02,-2.153214904848e+01,-2.022356882298e+01,-1.809416483144e+00,1.887789669008e-02,2.560749239099e-06
8.760000000000e-01,8.821100667657e-02,-2.154149749381e+01,-2.022336711969e+01,-1.809313661483e+00,1.896546798668e-02,2.576688430338e-06
8.780000000000e-01,8.837329248819e-02,-2.155087906874e+01,-2.022316485210e+01,-1.809210455781e+00,1.905328911832e-02,2.592674843507e-06
8.800000000000e-01,8.853561230610e-02,-2.156029376424e+01,-2.022296202142e+01,-1.809106865795e+00,1.914136004601e-02,2.608711378932e-06
8.820000000000e-01,8.869796576519e-02,-2.156974157103e+01,-2.022275862887e+01,-1.809002891278e+00,1.922968072347e-02,2.624795489488e-06
8.840000000000e-01,8.886035246478e-02,-2.157922247950e+01,-2.022255467568e+01,-1.808898532006e+00,1.931825110124e-02,2.640927884494e-06
8.860000000000e-01,8.902277199977e-02,-2.158873647984e+01,-2.022235016310e+01,-1.808793787739e+00,1.940707113513e-02,2.657106910457e-06
8.880000000000e-01,8.918522393108e-02,-2.159828356190e+01,-2.022214509238e+01,-1.808688658249e+00,1.949614077272e-02,2.673335204122e-06
8.900000000000e-01,8.934770781967e-02,-2.160786371532e+01,-2.022193946480e+01,-1.808583143304e+00,1.958545995392e-02,2.689612369903e-06
8.920000000000e-01,8.951022317666e-02,-2.161747692938e+01,-2.022173328166e+01,-1.808477242680e+00,1.967502862339e-02,2.705936539830e-06
8.940000000000e-01,8.967276952966e-02,-2.162712319317e+01,-2.022152654426e+01,-1.808370956161e+00,1.976484671883e-02,2.722307283378e-06
8.960000000000e-01,8.983534636381e-02,-2.163680249547e+01,-2.022131925391e+01,-1.808264283519e+00,1.985491417493e-02,2.738727699095e-06
8.980000000000e-01,8.999795315846e-02,-2.164651482478e+01,-2.022111141195e+01,-1.808157224538e+00,1.994523092572e-02,2.755192252115e-06
9.000000000000e-01,9.016058936173e-02,-2.165626016936e+01,-2.022090301971e+01,-1.808049779007e+00,2.003579690345e-02,2.771705077976e-06
9.020000000000e-01,9.032325441226e-02,-2.166603851718e+01,-2.022069407856e+01,-1.807941946713e+00,2.012661203411e-02,2.788262871502e-06
9.040000000000e-01,9.048594772069e-02,-2.167584985592e+01,-2.022048458987e+01,-1.807833727441e+00,2.021767623647e-02,2.804868481807e-06
9.060000000000e-01,9.064866868690e-02,-2.168569417302e+01,-2.022027455503e+01,-1.807725120988e+00,2.030898943668e-02,2.821521174782e-06
9.080000000000e-01,9.081141668416e-02,-2.169557145565e+01,-2.022006397545e+01,-1.807616127148e+00,2.040055155366e-02,2.838220440369e-06
9.100000000000e-01,9.097419107687e-02,-2.170548169067e+01,-2.021985285251e+01,-1.807506745723e+00,2.049236250102e-02,2.854965332870e-06
9.120000000000e-01,9.113699120042e-02,-2.171542486472e+01,-2.021964118767e+01,-1.807396976512e+00,2.058442219079e-02,2.871753086949e-06
9.140000000000e-01,9.129981638064e-02,-2.172540096418e+01,-2.021942898236e+01,-1.807286819313e+00,2.067673053429e-02,2.888590739433e-06
9.160000000000e-01,9.146266590110e-02,-2.173540997506e+01,-2.021921623803e+01,-1.807176273939e+00,2.076928743646e-02,2.905470763589e-06
9.180000000000e-01,9.162553906055e-02,-2.174545188323e+01,-2.021900295616e+01,-1.807065340197e+00,2.086209280344e-02,2.922395994253e-06
9.200000000000e-01,9.178843511721e-02,-2.175552667422e+01,-2.021878913821e+01,-1.806954017895e+00,2.095514653910e-02,2.939368298118e-06
9.220000000000e-01,9.195135331243e-02,-2.176563433331e+01,-2.021857478568e+01,-1.806842306851e+00,2.104844852936e-02,2.956384378815e-06
9.240000000000e-01,9.211429286747e-02,-2.177577484550e+01,-2.021835990009e+01,-1.806730206878e+00,2.114199868275e-02,2.973442661789e-06
9.260000000000e-01,9.227725299416e-02,-2.178594819556e+01,-2.021814448296e+01,-1.806617717797e+00,2.123579688648e-02,2.990547608805e-06
9.280000000000e-01,9.244023286990e-02,-2.179615436794e+01,-2.021792853582e+01,-1.806504839429e+00,2.132984303182e-02,3.007695702133e-06
9.300000000000e-01,9.260323166627e-02,-2.180639334687e+01,-2.021771206021e+01,-1.806391571599e+00,2.142413700172e-02,3.024888337150e-06
9.320000000000e-01,9.276624852397e-02,-2.181666511628e+01,-2.021749505769e+01,-1.806277914134e+00,2.151867868614e-02,3.042123561106e-06
9.340000000000e-01,9.292928258601e-02,-2.182696965987e+01,-2.021727752984e+01,-1.806163866862e+00,2.161346796167e-02,3.059404290680e-06
9.360000000000e-01,9.309233293967e-02,-2.183730696105e+01,-2.021705947826e+01,-1.806049429619e+00,2.170850471044e-02,3.076726836368e-06
9.380000000000e-01,9.325539869081e-02,-2.184767700298e+01,-2.021684090452e+01,-1.805934602236e+00,2.180378880401e-02,3.094093527255e-06
9.400000000000e-01,9.341847889863e-02,-2.185807976853e+01,-2.021662181026e+01,-1.805819384552e+00,2.189932011626e-02,3.111501528777e-06
9.420000000000e-01,9.358157261875e-02,-2.186851524033e+01,-2.021640219708e+01,-1.805703776406e+00,2.199509852047e-02,3.128954387511e-06
9.440000000000e-01,9.374467888899e-02,-2.187898340073e+01,-2.021618206664e+01,-1.805587777647e+00,2.209112387712e-02,3.146447394367e-06
9.460000000000e-01,9.390779671435e-02,-2.188948423186e+01,-2.021596142057e+01,-1.805471388109e+00,2.218739605877e-02,3.163982541508e-06
9.480000000000e-01,9.407092508554e-02,-2.190001771553e+01,-2.021574026055e+01,-1.805354607651e+00,2.228391492022e-02,3.181560354064e-06
9.500000000000e-01,9.423406298157e-02,-2.191058383333e+01,-2.021551858825e+01,-1.805237436117e+00,2.238068032079e-02,3.199179117532e-06
9.520000000000e-01,9.439720934924e-02,-2.192118256654e+01,-2.021529640537e+01,-1.805119873366e+00,2.247769212124e-02,3.216838593689e-06
9.540000000000e-01,9.456036313728e-02,-2.193181389625e+01,-2.021507371359e+01,-1.805001919246e+00,2.257495017490e-02,3.234542698447e-06
9.560000000000e-01,9.472352324872e-02,-2.194247780323e+01,-2.021485051464e+01,-1.804883573618e+00,2.267245432567e-02,3.252285500910e-06
9.580000000000e-01,9.488668859318e-02,-2.195317426801e+01,-2.021462681024e+01,-1.804764836350e+00,2.277020442599e-02,3.270070312754e-06
9.600000000000e-01,9.504985803479e-02,-2.196390327083e+01,-2.021440260212e+01,-1.804645707300e+00,2.286820032067e-02,3.287893821815e-06
9.620000000000e-01,9.521303043569e-02,-2.197466479174e+01,-2.021417789205e+01,-1.804526186333e+00,2.296644185294e-02,3.305757813094e-06
9.640000000000e-01,9.537620464639e-02,-2.198545881047e+01,-2.021395268178e+01,-1.804406273325e+00,2.306492885939e-02,3.323662538328e-06
9.660000000000e-01,9.553937946985e-02,-2.199628530652e+01,-2.021372697310e+01,-1.804285968139e+00,2.316366117705e-02,3.341609350766e-06
9.680000000000e-01,9.570255372553e-02,-2.200714425910e+01,-2.021350076778e+01,-1.804165270657e+00,2.326263863858e-02,3.359593062387e-06
9.700000000000e-01,9.586572616329e-02,-2.201803564717e+01,-2.021327406763e+01,-1.804044180755e+00,2.336186107837e-02,3.377615674907e-06
9.720000000000e-01,9.602889557390e-02,-2.202895944950e+01,-2.021304687446e+01,-1.803922698311e+00,2.346132832336e-02,3.395677589641e-06
9.740000000000e-01,9.619206069450e-02,-2.203991564449e+01,-2.021281919009e+01,-1.803800823202e+00,2.356104020063e-02,3.413777409454e-06
9.760000000000e-01,9.635522025513e-02,-2.205090421037e+01,-2.021259101637e+01,-1.803678555325e+00,2.366099653393e-02,3.431919960858e-06
9.780000000000e-01,9.651837293234e-02,-2.206192512509e+01,-2.021236235514e+01,-1.803555894558e+00,2.376119714275e-02,3.450097175758e-06
9.800000000000e-01,9.668151744258e-02,-2.207297836629e+01,-2.021213320825e+01,-1.803432840798e+00,2.386164184132e-02,3.468314350153e-06
9.820000000000e-01,9.684465242849e-02,-2.208406391144e+01,-2.021190357759e+01,-1.803309393933e+00,2.396233044948e-02,3.486569337431e-06
9.840000000000e-01,9.700777655564e-02,-2.209518173769e+01,-2.021167346503e+01,-1.803185553861e+00,2.406326277819e-02,3.504860887382e-06
9.860000000000e-01,9.717088842830e-02,-2.210633182198e+01,-2.021144287248e+01,-1.803061320480e+00,2.416443863404e-02,3.523189169028e-06
9.880000000000e-01,9.733398667964e-02,-2.211751414095e+01,-2.021121180183e+01,-1.802936693695e+00,2.426585782994e-02,3.541554628962e-06
9.900000000000e-01,9.749706988751e-02,-2.212872867103e+01,-2.021098025501e+01,-1.802811673398e+00,2.436752016105e-02,3.559959453456e-06
9.920000000000e-01,9.766013661164e-02,-2.213997538836e+01,-2.021074823395e+01,-1.802686259507e+00,2.446942543755e-02,3.578397497897e-06
9.940000000000e-01,9.782318541488e-02,-2.215125426884e+01,-2.021051574059e+01,-1.802560451932e+00,2.457157345428e-02,3.596872472330e-06
9.960000000000e-01,9.798621482514e-02,-2.216256528812e+01,-2.021028277689e+01,-1.802434250576e+00,2.467396400904e-02,3.615386176418e-06
9.980000000000e-01,9.814922336083e-02,-2.217390842160e+01,-2.021004934480e+01,-1.802307655359e+00,2.477659689870e-02,3.633933828625e-06
1.000000000000e+00,9.831220949946e-02,-2.218528364441e+01,-2.020981544631e+01,-1.802180666199e+00,2.487947190278e-02,3.652514611147e-06
1.002000000000e+00,9.847517172869e-02,-2.219669093146e+01,-2.020958108341e+01,-1.802053283014e+00,2.498258882446e-02,3.671131953956e-06
1.004000000000e+00,9.863810849305e-02,-2.220813025734e+01,-2.020934625807e+01,-1.801925505727e+00,2.508594744034e-02,3.689784014717e-06
1.006000000000e+00,9.880101824121e-02,-2.221960159649e+01,-2.020911097235e+01,-1.801797334265e+00,2.518954753344e-02,3.708474181590e-06
1.008000000000e+00,9.896389937037e-02,-2.223110492301e+01,-2.020887522822e+01,-1.801668768546e+00,2.529338888653e-02,3.727194777708e-06
1.010000000000e+00,9.912675028858e-02,-2.224264021080e+01,-2.020863902776e+01,-1.801539808518e+00,2.539747127297e-02,3.745952046968e-06
1.012000000000e+00,9.928956937618e-02,-2.225420743348e+01,-2.020840237297e+01,-1.801410454099e+00,2.550179447602e-02,3.764744245298e-06
1.014000000000e+00,9.945235498732e-02,-2.226580656444e+01,-2.020816526593e+01,-1.801280705228e+00,2.560635826224e-02,3.783564060251e-06
1.016000000000e+00,9.961510545397e-02,-2.227743757679e+01,-2.020792770870e+01,-1.801150561857e+00,2.571116240700e-02,3.802421368070e-06
1.018000000000e+00,9.977781910647e-02,-2.228910044346e+01,-2.020768970337e+01,-1.801020023909e+00,2.581620666977e-02,3.821310291213e-06
1.020000000000e+00,9.994049424741e-02,-2.230079513704e+01,-2.020745125199e+01,-1.800889091338e+00,2.592149081978e-02,3.840232770322e-06
1.022000000000e+00,1.001031291532e-01,-2.231252162993e+01,-2.020721235669e+01,-1.800757764085e+00,2.602701461731e-02,3.859187504111e-06
1.024000000000e+00,1.002657220904e-01,-2.232427989429e+01,-2.020697301957e+01,-1.800626042109e+00,2.613277782992e-02,3.878173663691e-06
1.026000000000e+00,1.004282712960e-01,-2.233606990200e+01,-2.020673324276e+01,-1.800493925351e+00,2.623878020565e-02,3.897194703374e-06
1.028000000000e+00,1.005907750057e-01,-2.234789162469e+01,-2.020649302837e+01,-1.800361413773e+00,2.634502149745e-02,3.916242936515e-06
1.030000000000e+00,1.007532314152e-01,-2.235974503376e+01,-2.020625237854e+01,-1.800228507327e+00,2.645150146959e-02,3.935322598179e-06
1.032000000000e+00,1.009156387089e-01,-2.237163010035e+01,-2.020601129545e+01,-1.800095205990e+00,2.655821985519e-02,3.954435182081e-06
1.034000000000e+00,1.010779950683e-01,-2.238354679539e+01,-2.020576978123e+01,-1.799961509702e+00,2.666517640826e-02,3.973580162260e-06
1.036000000000e+00,1.012402986217e-01,-2.239549508950e+01,-2.020552783806e+01,-1.799827418441e+00,2.677237087900e-02,3.992754283691e-06
1.038000000000e+00,1.014025475197e-01,-2.240747495314e+01,-2.020528546813e+01,-1.799692932176e+00,2.687980300574e-02,4.011956624046e-06
1.040000000000e+00,1.015647398667e-01,-2.241948635643e+01,-2.020504267362e+01,-1.799558050874e+00,2.698747252001e-02,4.031187052467e-06
1.042000000000e+00,1.017268737463e-01,-2.243152926934e+01,-2.020479945676e+01,-1.799422774511e+00,2.709537916758e-02,4.050451132649e-06
1.044000000000e+00,1.018889472310e-01,-2.244360366149e+01,-2.020455581973e+01,-1.799287103061e+00,2.720352267328e-02,4.069742042288e-06
1.046000000000e+00,1.020509583864e-01,-2.245570950236e+01,-2.020431176476e+01,-1.799151036512e+00,2.731190278106e-02,4.089062881200e-06
1.048000000000e+00,1.022129052249e-01,-2.246784676112e+01,-2.020406729409e+01,-1.799014574832e+00,2.742051921087e-02,4.108411665201e-06
1.050000000000e+00,1.023747857898e-01,-2.248001540673e+01,-2.020382240996e+01,-1.798877718017e+00,2.752937169481e-02,4.127787133074e-06
1.052000000000e+00,1.025365980579e-01,-2.249221540790e+01,-2.020357711463e+01,-1.798740466051e+00,2.763845995079e-02,4.147192711321e-06
1.054000000000e+00,1.026983400186e-01,-2.250444673305e+01,-2.020333141034e+01,-1.798602818924e+00,2.774778370398e-02,4.166623174904e-06
1.056000000000e+00,1.028600096170e-01,-2.251670935045e+01,-2.020308529939e+01,-1.798464776633e+00,2.785734267228e-02,4.186085523938e-06
1.058000000000e+00,1.030216048159e-01,-2.252900322807e+01,-2.020283878405e+01,-1.798326339173e+00,2.796713657640e-02,4.205571820731e-06
1.060000000000e+00,1.031831235118e-01,-2.254132833363e+01,-2.020259186660e+01,-1.798187506531e+00,2.807716512619e-02,4.225086068656e-06
1.062000000000e+00,1.033445636194e-01,-2.255368463464e+01,-2.020234454936e+01,-1.798048278724e+00,2.818742803092e-02,4.244626311804e-06
1.064000000000e+00,1.035059230193e-01,-2.256607209835e+01,-2.020209683464e+01,-1.797908655749e+00,2.829792500244e-02,4.264191162734e-06
1.066000000000e+00,1.036671995707e-01,-2.257849069177e+01,-2.020184872473e+01,-1.797768637610e+00,2.840865575465e-02,4.283784594172e-06
1.068000000000e+00,1.038283911325e-01,-2.259094038169e+01,-2.020160022200e+01,-1.797628224322e+00,2.851961997614e-02,4.303397970855e-06
1.070000000000e+00,1.039894955086e-01,-2.260342113466e+01,-2.020135132877e+01,-1.797487415891e+00,2.863081738751e-02,4.323041088617e-06
1.072000000000e+00,1.041505105609e-01,-2.261593291698e+01,-2.020110204738e+01,-1.797346212341e+00,2.874224767552e-02,4.342708553796e-06
1.074000000000e+00,1.043114340099e-01,-2.262847569465e+01,-2.020085238020e+01,-1.797204613687e+00,2.885391053693e-02,4.362397204485e-06
1.076000000000e+00,1.044722636622e-01,-2.264104943357e+01,-2.020060232960e+01,-1.797062619941e+00,2.896580566837e-02,4.382113100829e-06
1.078000000000e+00,1.046329972674e-01,-2.265365409930e+01,-2.020035189794e+01,-1.796920231131e+00,2.907793276446e-02,4.401853074118e-06
1.080000000000e+00,1.047936325672e-01,-2.266628965717e+01,-2.020010108762e+01,-1.796777447289e+00,2.919029151342e-02,4.421614722525e-06
1.082000000000e+00,1.049541672539e-01,-2.267895607229e+01,-2.019984990102e+01,-1.796634268445e+00,2.930288160110e-02,4.441399779859e-06
1.084000000000e+00,1.051145990433e-01,-2.269165330959e+01,-2.019959834056e+01,-1.796490694616e+00,2.941570272165e-02,4.461209520501e-06
1.086000000000e+00,1.052749256009e-01,-2.270438133362e+01,-2.019934640863e+01,-1.796346725852e+00,2.952875453814e-02,4.481037908621e-06
1.088000000000e+00,1.054351446001e-01,-2.271714010887e+01,-2.019909410768e+01,-1.796202362179e+00,2.964203674389e-02,4.500890369855e-06
1.090000000000e+00,1.055952536585e-01,-2.272992959944e+01,-2.019884144011e+01,-1.796057603648e+00,2.975554901993e-02,4.520764704780e-06
1.092000000000e+00,1.057552504286e-01,-2.274274976932e+01,-2.019858840836e+01,-1.795912450289e+00,2.986929103127e-02,4.540661761526e-06
1.094000000000e+00,1.059151324830e-01,-2.275560058218e+01,-2.019833501491e+01,-1.795766902161e+00,2.998326246341e-02,4.560576041948e-06
1.096000000000e+00,1.060748974318e-01,-2.276848200149e+01,-2.019808126218e+01,-1.795620959302e+00,3.009746297451e-02,4.580514253793e-06
1.098000000000e+00,1.062345428202e-01,-2.278139399046e+01,-2.019782715265e+01,-1.795474621769e+00,3.021189223314e-02,4.600471395247e-06
1.100000000000e+00,1.063940662185e-01,-2.279433651214e+01,-2.019757268876e+01,-1.795327889607e+00,3.032654991597e-02,4.620451317876e-06
1.102000000000e+00,1.065534651360e-01,-2.280730952924e+01,-2.019731787305e+01,-1.795180762888e+00,3.044143567218e-02,4.640450043826e-06
1.104000000000e+00,1.067127371019e-01,-2.282031300432e+01,-2.019706270795e+01,-1.795033241656e+00,3.055654918221e-02,4.660464104409e-06
1.106000000000e+00,1.068718795936e-01,-2.283334689966e+01,-2.019680719599e+01,-1.794885325988e+00,3.067189008670e-02,4.680500299215e-06
1.108000000000e+00,1.070308900875e-01,-2.284641117740e+01,-2.019655133969e+01,-1.794737015929e+00,3.078745804855e-02,4.700552691034e-06
1.110000000000e+00,1.071897660501e-01,-2.285950579928e+01,-2.019629514152e+01,-1.794588311565e+00,3.090325272115e-02,4.720628408517e-06
1.112000000000e+00,1.073485049181e-01,-2.287263072696e+01,-2.019603860402e+01,-1.794439212962e+00,3.101927375976e-02,4.740717364684e-06
1.114000000000e+00,1.075071041035e-01,-2.288578592182e+01,-2.019578172973e+01,-1.794289720190e+00,3.113552080975e-02,4.760826279948e-06
1.116000000000e+00,1.076655610222e-01,-2.289897134499e+01,-2.019552452118e+01,-1.794139833325e+00,3.125199351984e-02,4.780948594477e-06
1.118000000000e+00,1.078238730270e-01,-2.291218695741e+01,-2.019526698092e+01,-1.793989552453e+00,3.136869153544e-02,4.801092641277e-06
1.120000000000e+00,1.079820375108e-01,-2.292543271973e+01,-2.019500911148e+01,-1.793838877647e+00,3.148561449828e-02,4.821249992239e-06
1.122000000000e+00,1.081400518260e-01,-2.293870859245e+01,-2.019475091545e+01,-1.793687809003e+00,3.160276205174e-02,4.841426629783e-06
1.124000000000e+00,1.082979132867e-01,-2.295201453579e+01,-2.019449239538e+01,-1.793536346591e+00,3.172013382541e-02,4.861616878984e-06
1.126000000000e+00,1.084556191975e-01,-2.296535050973e+01,-2.019423355385e+01,-1.793384490521e+00,3.183772946393e-02,4.881824911111e-06
1.128000000000e+00,1.086131668821e-01,-2.297871647408e+01,-2.019397439346e+01,-1.793232240873e+00,3.195554859837e-02,4.902042645222e-06
1.130000000000e+00,1.087705535632e-01,-2.299211238836e+01,-2.019371491678e+01,-1.793079597751e+00,3.207359085748e-02,4.922278400270e-06
1.132000000000e+00,1.089277765473e-01,-2.300553821193e+01,-2.019345512642e+01,-1.792926561245e+00,3.219185587470e-02,4.942532025801e-06
1.134000000000e+00,1.090848330594e-01,-2.301899390385e+01,-2.019319502497e+01,-1.792773131461e+00,3.231034327249e-02,4.962795581614e-06
1.136000000000e+00,1.092417203053e-01,-2.303247942299e+01,-2.019293461507e+01,-1.792619308509e+00,3.242905267456e-02,4.983073069750e-06
1.138000000000e+00,1.093984355172e-01,-2.304599472802e+01,-2.019267389932e+01,-1.792465092491e+00,3.254798370572e-02,5.003363787302e-06
1.140000000000e+00,1.095549758455e-01,-2.305953977733e+01,-2.019241288035e+01,-1.792310483517e+00,3.266713598807e-02,5.023667830855e-06
1.142000000000e+00,1.097113384962e-01,-2.307311452914e+01,-2.019215156080e+01,-1.792155481699e+00,3.278650913202e-02,5.043983168291e-06
1.144000000000e+00,1.098675205830e-01,-2.308671894139e+01,-2.019188994330e+01,-1.792000087155e+00,3.290610276259e-02,5.064310043739e-06
1.146000000000e+00,1.100235192707e-01,-2.310035297188e+01,-2.019162803052e+01,-1.791844300004e+00,3.302591648142e-02,5.084652550073e-06
1.148000000000e+00,1.101793316471e-01,-2.311401657809e+01,-2.019136582510e+01,-1.791688120364e+00,3.314594991391e-02,5.105002884992e-06
1.150000000000e+00,1.103349548173e-01,-2.312770971733e+01,-2.019110332971e+01,-1.791531548362e+00,3.326620265681e-02,5.125367659304e-06
1.152000000000e+00,1.104903858800e-01,-2.314143234667e+01,-2.019084054701e+01,-1.791374584133e+00,3.338667432349e-02,5.145739100498e-06
1.154000000000e+00,1.106456218803e-01,-2.315518442301e+01,-2.019057747968e+01,-1.791217227785e+00,3.350736452059e-02,5.166122498164e-06
1.156000000000e+00,1.108006598577e-01,-2.316896590291e+01,-2.019031413041e+01,-1.791059479483e+00,3.362827284132e-02,5.186514666795e-06
1.158000000000e+00,1.109554968468e-01,-2.318277674284e+01,-2.019005050188e+01,-1.790901339337e+00,3.374939889418e-02,5.206917287065e-06
1.160000000000e+00,1.111101298651e-01,-2.319661689898e+01,-2.018978659678e+01,-1.790742807487e+00,3.387074227092e-02,5.227330756610e-06
1.162000000000e+00,1.112645558923e-01,-2.321048632729e+01,-2.018952241784e+01,-1.790583884088e+00,3.399230256964e-02,5.247747945337e-06
1.164000000000e+00,1.114187719080e-01,-2.322438498355e+01,-2.018925796775e+01,-1.790424569275e+00,3.411407938777e-02,5.268179750315e-06
1.166000000000e+00,1.115727748782e-01,-2.323831282325e+01,-2.018899324921e+01,-1.790264863199e+00,3.423607231018e-02,5.288615325877e-06
1.168000000000e+00,1.117265617273e-01,-2.325226980172e+01,-2.018872826496e+01,-1.790104766015e+00,3.435828093863e-02,5.309057333129e-06
1.170000000000e+00,1.118801293902e-01,-2.326625587406e+01,-2.018846301772e+01,-1.789944277863e+00,3.448070484928e-02,5.329507389263e-06
1.172000000000e+00,1.120334747686e-01,-2.328027099516e+01,-2.018819751024e+01,-1.789783398903e+00,3.460334361966e-02,5.349965849925e-06
1.174000000000e+00,1.121865947551e-01,-2.329431511963e+01,-2.018793174524e+01,-1.789622129302e+00,3.472619684931e-02,5.370431298354e-06
1.176000000000e+00,1.123394862182e-01,-2.330838820196e+01,-2.018766572547e+01,-1.789460469226e+00,3.484926411844e-02,5.390899544402e-06
1.178000000000e+00,1.124921460045e-01,-2.332249019637e+01,-2.018739945369e+01,-1.789298418812e+00,3.497254499253e-02,5.411378969511e-06
1.180000000000e+00,1.126445709654e-01,-2.333662105683e+01,-2.018713293265e+01,-1.789135978254e+00,3.509603905864e-02,5.431857855781e-06
1.182000000000e+00,1.127967579219e-01,-2.335078073719e+01,-2.018686616511e+01,-1.788973147707e+00,3.521974588951e-02,5.452345692522e-06
1.184000000000e+00,1.129487036718e-01,-2.336496919094e+01,-2.018659915385e+01,-1.788809927358e+00,3.534366505485e-02,5.472835641989e-06
1.186000000000e+00,1.131004050102e-01,-2.337918637150e+01,-2.018633190163e+01,-1.788646317375e+00,3.546779612477e-02,5.493327437252e-06
1.188000000000e+00,1.132518586799e-01,-2.339343223198e+01,-2.018606441124e+01,-1.788482317932e+00,3.559213866862e-02,5.513824250261e-06
1.190000000000e+00,1.134030614771e-01,-2.340770672537e+01,-2.018579668546e+01,-1.788317929222e+00,3.571669226398e-02,5.534324378517e-06
1.192000000000e+00,1.135540101040e-01,-2.342200980433e+01,-2.018552872710e+01,-1.788153151420e+00,3.584145645610e-02,5.554828479980e-06
1.194000000000e+00,1.137047013156e-01,-2.343634142141e+01,-2.018526053893e+01,-1.787987984720e+00,3.596643082003e-02,5.575339443382e-06
1.196000000000e+00,1.138551317821e-01,-2.345070152884e+01,-2.018499212376e+01,-1.787822429311e+00,3.609161490840e-02,5.595846469943e-06
1.198000000000e+00,1.140052981945e-01,-2.346509007871e+01,-2.018472348440e+01,-1.787656485390e+00,3.621700828620e-02,5.616353079995e-06
1.200000000000e+00,1.141551972379e-01,-2.347950702295e+01,-2.018445462367e+01,-1.787490153133e+00,3.634261050723e-02,5.636865077093e-06
1.202000000000e+00,1.143048255595e-01,-2.349395231311e+01,-2.018418554439e+01,-1.787323432769e+00,3.646842111367e-02,5.657373483151e-06
1.204000000000e+00,1.144541798030e-01,-2.350842590073e+01,-2.018391624935e+01,-1.787156324473e+00,3.659443967678e-02,5.677888116524e-06
1.206000000000e+00,1.146032565784e-01,-2.352292773698e+01,-2.018364674143e+01,-1.786988828478e+00,3.672066573753e-02,5.698398736763e-06
1.208000000000e+00,1.147520525134e-01,-2.353745777290e+01,-2.018337702341e+01,-1.786820944963e+00,3.684709884404e-02,5.718907581449e-06
1.210000000000e+00,1.149005641641e-01,-2.355201595927e+01,-2.018310709815e+01,-1.786652674171e+00,3.697373854196e-02,5.739422055614e-06
1.212000000000e+00,1.150487881334e-01,-2.356660224675e+01,-2.018283696850e+01,-1.786484016286e+00,3.710058437847e-02,5.759929212533e-06
1.214000000000e+00,1.151967209651e-01,-2.358121658568e+01,-2.018256663731e+01,-1.786314971537e+00,3.722763587935e-02,5.780434307036e-06
1.216000000000e+00,1.153443591911e-01,-2.359585892624e+01,-2.018229610741e+01,-1.786145540143e+00,3.735489261265e-02,5.800939998582e-06
1.218000000000e+00,1.154916993508e-01,-2.361052921843e+01,-2.018202538166e+01,-1.785975722330e+00,3.748235409498e-02,5.821443109746e-06
1.220000000000e+00,1.156387379577e-01,-2.362522741201e+01,-2.018175446294e+01,-1.785805518321e+00,3.761001987285e-02,5.841944469403e-06
1.222000000000e+00,1.157854714709e-01,-2.363995345654e+01,-2.018148335410e+01,-1.785634928340e+00,3.773788947253e-02,5.862438651419e-06
1.224000000000e+00,1.159318964015e-01,-2.365470730136e+01,-2.018121205803e+01,-1.785463952631e+00,3.786596243181e-02,5.882929108564e-06
1.226000000000e+00,1.160780092124e-01,-2.366948889565e+01,-2.018094057756e+01,-1.785292591401e+00,3.799423828479e-02,5.903418668767e-06
1.228000000000e+00,1.162238063215e-01,-2.368429818829e+01,-2.018066891560e+01,-1.785120844912e+00,3.812271654595e-02,5.923903497784e-06
1.230000000000e+00,1.163692841932e-01,-2.369913512805e+01,-2.018039707504e+01,-1.784948713410e+00,3.825139675943e-02,5.944379891196e-06
1.232000000000e+00,1.165144392169e-01,-2.371399966347e+01,-2.018012505875e+01,-1.784776197111e+00,3.838027842926e-02,5.964853385430e-06
1.234000000000e+00,1.166592677991e-01,-2.372889174282e+01,-2.017985286961e+01,-1.784603296282e+00,3.850936108731e-02,5.985318090421e-06
1.236000000000e+00,1.168037663198e-01,-2.374381131426e+01,-2.017958051054e+01,-1.784430011168e+00,3.863864426008e-02,6.005781260735e-06
1.238000000000e+00,1.169479311423e-01,-2.375875832573e+01,-2.017930798443e+01,-1.784256342018e+00,3.876812746402e-02,6.026231620714e-06
1.240000000000e+00,1.170917586203e-01,-2.377373272488e+01,-2.017903529417e+01,-1.784082289086e+00,3.889781021314e-02,6.046679207231e-06
1.242000000000e+00,1.172352451208e-01,-2.378873445928e+01,-2.017876244268e+01,-1.783907852621e+00,3.902769201852e-02,6.067121489240e-06
1.244000000000e+00,1.173783869297e-01,-2.380376347618e+01,-2.017848943287e+01,-1.783733032910e+00,3.915777239928e-02,6.087550221979e-06
1.246000000000e+00,1.175211803741e-01,-2.381881972274e+01,-2.017821626765e+01,-1.783557830190e+00,3.928805086501e-02,6.107972417620e-06
1.248000000000e+00,1.176636217268e-01,-2.383390314581e+01,-2.017794294993e+01,-1.783382244746e+00,3.941852692759e-02,6.128385170419e-06
1.250000000000e+00,1.178057072886e-01,-2.384901369216e+01,-2.017766948265e+01,-1.783206276821e+00,3.954920008754e-02,6.148790994835e-06
1.252000000000e+00,1.179474333056e-01,-2.386415130821e+01,-2.017739586871e+01,-1.783029926724e+00,3.968006984809e-02,6.169183218953e-06
1.254000000000e+00,1.180887960287e-01,-2.387931594031e+01,-2.017712211105e+01,-1.782853194713e+00,3.981113573021e-02,6.189569251217e-06
1.256000000000e+00,1.182297916988e-01,-2.389450753453e+01,-2.017684821258e+01,-1.782676081060e+00,3.994239721367e-02,6.209939829150e-06
1.258000000000e+00,1.183704165118e-01,-2.390972603683e+01,-2.017657417627e+01,-1.782498586054e+00,4.007385382347e-02,6.230306791866e-06
1.260000000000e+00,1.185106666945e-01,-2.392497139286e+01,-2.017630000505e+01,-1.782320709979e+00,4.020550502801e-02,6.250655204690e-06
1.262000000000e+00,1.186505384267e-01,-2.394024354815e+01,-2.017602570184e+01,-1.782142453115e+00,4.033735034214e-02,6.270992161059e-06
1.264000000000e+00,1.187900278793e-01,-2.395554244800e+01,-2.017575126958e+01,-1.781963815767e+00,4.046938926105e-02,6.291322431638e-06
1.266000000000e+00,1.189291312275e-01,-2.397086803752e+01,-2.017547671125e+01,-1.781784798220e+00,4.060162126957e-02,6.311635034259e-06
1.268000000000e+00,1.190678445894e-01,-2.398622026163e+01,-2.017520202977e+01,-1.781605400762e+00,4.073404586962e-02,6.331933166911e-06
1.270000000000e+00,1.192061641191e-01,-2.400159906504e+01,-2.017492722811e+01,-1.781425623707e+00,4.086666253532e-02,6.352223179188e-06
1.272000000000e+00,1.193440859160e-01,-2.401700439226e+01,-2.017465230919e+01,-1.781245467348e+00,4.099947076767e-02,6.372492014068e-06
1.274000000000e+00,1.194816060951e-01,-2.403243618766e+01,-2.017437727602e+01,-1.781064931994e+00,4.113247004079e-02,6.392751832545e-06
1.276000000000e+00,1.196187207323e-01,-2.404789439527e+01,-2.017410213150e+01,-1.780884017946e+00,4.126565985559e-02,6.412994163613e-06
1.278000000000e+00,1.197554259194e-01,-2.406337895914e+01,-2.017382687866e+01,-1.780702725525e+00,4.139903966912e-02,6.433220212464e-06
1.280000000000e+00,1.198917176980e-01,-2.407888982297e+01,-2.017355152041e+01,-1.780521055045e+00,4.153260898322e-02,6.453434470985e-06
1.282000000000e+00,1.200275921315e-01,-2.409442693030e+01,-2.017327605976e+01,-1.780339006815e+00,4.166636726971e-02,6.473627696150e-06
1.284000000000e+00,1.201630452385e-01,-2.410999022442e+01,-2.017300049963e+01,-1.780156581164e+00,4.180031398836e-02,6.493808240452e-06
1.286000000000e+00,1.202980730524e-01,-2.412557964865e+01,-2.017272484303e+01,-1.779973778410e+00,4.193444864528e-02,6.513967669749e-06
1.288000000000e+00,1.204326715748e-01,-2.414119514586e+01,-2.017244909294e+01,-1.779790598867e+00,4.206877068977e-02,6.534110533183e-06
1.290000000000e+00,1.205668367851e-01,-2.415683665880e+01,-2.017217325229e+01,-1.779607042887e+00,4.220327960864e-02,6.554237334171e-06
1.292000000000e+00,1.207005646832e-01,-2.417250413012e+01,-2.017189732413e+01,-1.779423110793e+00,4.233797486000e-02,6.574340161469e-06
1.294000000000e+00,1.208338512089e-01,-2.418819750219e+01,-2.017162131137e+01,-1.779238802907e+00,4.247285592081e-02,6.594428614779e-06
1.296000000000e+00,1.209666923401e-01,-2.420391671720e+01,-2.017134521703e+01,-1.779054119588e+00,4.260792225072e-02,6.614495321873e-06
1.298000000000e+00,1.210990839846e-01,-2.421966171717e+01,-2.017106904407e+01,-1.778869061167e+00,4.274317331506e-02,6.634541501542e-06
1.300000000000e+00,1.212310220906e-01,-2.423543244398e+01,-2.017079279552e+01,-1.778683627983e+00,4.287860857823e-02,6.654572208360e-06
1.302000000000e+00,1.213625025883e-01,-2.425122883923e+01,-2.017051647434e+01,-1.778497820390e+00,4.301422751206e-02,6.674577840888e-06
1.304000000000e+00,1.214935213331e-01,-2.426705084437e+01,-2.017024008352e+01,-1.778311638730e+00,4.315002956155e-02,6.694561018073e-06
1.306000000000e+00,1.216240742443e-01,-2.428289840062e+01,-2.016996362604e+01,-1.778125083378e+00,4.328601419268e-02,6.714528372830e-06
1.308000000000e+00,1.217541571831e-01,-2.429877144916e+01,-2.016968710493e+01,-1.777938154660e+00,4.342218085574e-02,6.734467307654e-06
1.310000000000e+00,1.218837660002e-01,-2.431466993077e+01,-2.016941052314e+01,-1.777750852956e+00,4.355852901047e-02,6.754385494907e-06
1.312000000000e+00,1.220128965691e-01,-2.433059378621e+01,-2.016913388369e+01,-1.777563178616e+00,4.369505810025e-02,6.774285720769e-06
1.314000000000e+00,1.221415447118e-01,-2.434654295602e+01,-2.016885718959e+01,-1.777375132010e+00,4.383176759379e-02,6.794154714739e-06
1.316000000000e+00,1.222697062684e-01,-2.436251738048e+01,-2.016858044380e+01,-1.777186713511e+00,4.396865693447e-02,6.814000730911e-06
1.318000000000e+00,1.223973770251e-01,-2.437851699972e+01,-2.016830364935e+01,-1.776997923481e+00,4.410572556007e-02,6.833827778894e-06
1.320000000000e+00,1.225245527719e-01,-2.439454175376e+01,-2.016802680924e+01,-1.776808762286e+00,4.424297292981e-02,6.853623910652e-06
1.322000000000e+00,1.226512293281e-01,-2.441059158233e+01,-2.016774992645e+01,-1.776619230333e+00,4.438039848311e-02,6.873395998291e-06
1.324000000000e+00,1.227774024645e-01,-2.442666642507e+01,-2.016747300402e+01,-1.776429327979e+00,4.451800166000e-02,6.893143588372e-06
1.326000000000e+00,1.229030679215e-01,-2.444276622136e+01,-2.016719604490e+01,-1.776239055599e+00,4.465578191416e-02,6.912868324864e-06
1.328000000000e+00,1.230282214801e-01,-2.445889091042e+01,-2.016691905214e+01,-1.776048413605e+00,4.479373867410e-02,6.932559833338e-06
1.330000000000e+00,1.231528588469e-01,-2.447504043130e+01,-2.016664202872e+01,-1.775857402369e+00,4.493187138075e-02,6.952226083805e-06
1.332000000000e+00,1.232769757477e-01,-2.449121472290e+01,-2.016636497768e+01,-1.775666022282e+00,4.507017947408e-02,6.971862240404e-06
1.334000000000e+00,1.234005679454e-01,-2.450741372387e+01,-2.016608790199e+01,-1.775474273749e+00,4.520866239039e-02,6.991473245518e-06
1.336000000000e+00,1.235236310969e-01,-2.452363737273e+01,-2.016581080467e+01,-1.775282157160e+00,4.534731956087e-02,7.011055594897e-06
1.338000000000e+00,1.236461609141e-01,-2.453988560778e+01,-2.016553368872e+01,-1.775089672921e+00,4.548615041816e-02,7.030606383785e-06
1.340000000000e+00,1.237681530657e-01,-2.455615836720e+01,-2.016525655718e+01,-1.774896821438e+00,4.562515439807e-02,7.050130540715e-06
1.342000000000e+00,1.238896032453e-01,-2.457245558896e+01,-2.016497941302e+01,-1.774703603106e+00,4.576433092565e-02,7.069623554372e-06
1.344000000000e+00,1.240105070802e-01,-2.458877721078e+01,-2.016470225928e+01,-1.774510018342e+00,4.590367941551e-02,7.089089023175e-06
1.346000000000e+00,1.241308602472e-01,-2.460512317035e+01,-2.016442509894e+01,-1.774316067567e+00,4.604319931407e-02,7.108518606951e-06
1.348000000000e+00,1.242506583697e-01,-2.462149340507e+01,-2.016414793502e+01,-1.774121751185e+00,4.618289005541e-02,7.127922311490e-06
1.350000000000e+00,1.243698970741e-01,-2.463788785220e+01,-2.016387077054e+01,-1.773927069620e+00,4.632275103413e-02,7.147289877535e-06
1.352000000000e+00,1.244885719705e-01,-2.465430644879e+01,-2.016359360851e+01,-1.773732023291e+00,4.646278167859e-02,7.166623475214e-06
1.354000000000e+00,1.246066786665e-01,-2.467074913180e+01,-2.016331645193e+01,-1.773536612630e+00,4.660298142375e-02,7.185925737022e-06
1.356000000000e+00,1.247242127742e-01,-2.468721583794e+01,-2.016303930381e+01,-1.773340838062e+00,4.674334967816e-02,7.205198618589e-06
1.358000000000e+00,1.248411698515e-01,-2.470370650370e+01,-2.016276216716e+01,-1.773144700022e+00,4.688388586229e-02,7.224433765244e-06
1.360000000000e+00,1.249575454816e-01,-2.472022106551e+01,-2.016248504499e+01,-1.772948198940e+00,4.702458938708e-02,7.243631257080e-06
1.362000000000e+00,1.250733352252e-01,-2.473675945961e+01,-2.016220794031e+01,-1.772751335246e+00,4.716545967281e-02,7.262804822842e-06
1.364000000000e+00,1.251885346315e-01,-2.475332162199e+01,-2.016193085614e+01,-1.772554109398e+00,4.730649613786e-02,7.281937920016e-06
1.366000000000e+00,1.253031392572e-01,-2.476990748848e+01,-2.016165379545e+01,-1.772356521826e+00,4.744769817355e-02,7.301028021095e-06
1.368000000000e+00,1.254171446155e-01,-2.478651699487e+01,-2.016137676130e+01,-1.772158572963e+00,4.758906521935e-02,7.320092623609e-06
1.370000000000e+00,1.255305462492e-01,-2.480315007657e+01,-2.016109975667e+01,-1.771960263292e+00,4.773059665551e-02,7.339114190927e-06
1.372000000000e+00,1.256433396551e-01,-2.481980666898e+01,-2.016082278455e+01,-1.771761593246e+00,4.787229191661e-02,7.358099571134e-06
1.374000000000e+00,1.257555203462e-01,-2.483648670724e+01,-2.016054584798e+01,-1.771562563278e+00,4.801415037367e-02,7.377045475109e-06
1.376000000000e+00,1.258670838168e-01,-2.485319012638e+01,-2.016026894995e+01,-1.771363173849e+00,4.815617145656e-02,7.395957696406e-06
1.378000000000e+00,1.259780255281e-01,-2.486991686122e+01,-2.015999209346e+01,-1.771163425426e+00,4.829835456734e-02,7.414830328155e-06
1.380000000000e+00,1.260883409928e-01,-2.488666684642e+01,-2.015971528150e+01,-1.770963318467e+00,4.844069909757e-02,7.433666757605e-06
1.382000000000e+00,1.261980256519e-01,-2.490344001650e+01,-2.015943851711e+01,-1.770762853452e+00,4.858320446141e-02,7.452454598013e-06
1.384000000000e+00,1.263070749719e-01,-2.492023630580e+01,-2.015916180327e+01,-1.770562030835e+00,4.872587004697e-02,7.471214534512e-06
1.386000000000e+00,1.264154843827e-01,-2.493705564842e+01,-2.015888514297e+01,-1.770360851085e+00,4.886869524801e-02,7.489925086122e-06
1.388000000000e+00,1.265232493600e-01,-2.495389797842e+01,-2.015860853922e+01,-1.770159314707e+00,4.901167948430e-02,7.508596680277e-06
1.390000000000e+00,1.266303652877e-01,-2.497076322960e+01,-2.015833199503e+01,-1.769957422152e+00,4.915482211199e-02,7.527229356167e-06
1.392000000000e+00,1.267368276306e-01,-2.498765133558e+01,-2.015805551336e+01,-1.769755173927e+00,4.929812256020e-02,7.545821887368e-06
1.394000000000e+00,1.268426317645e-01,-2.500456222991e+01,-2.015777909724e+01,-1.769552570496e+00,4.944158020064e-02,7.564365276141e-06
1.396000000000e+00,1.269477731253e-01,-2.502149584594e+01,-2.015750274968e+01,-1.769349612370e+00,4.958519444411e-02,7.582864273365e-06
1.398000000000e+00,1.270522470740e-01,-2.503845211679e+01,-2.015722647362e+01,-1.769146300004e+00,4.972896464887e-02,7.601330968745e-06
1.400000000000e+00,1.271560490452e-01,-2.505543097548e+01,-2.015695027206e+01,-1.768942633916e+00,4.987289023556e-02,7.619747702054e-06
1.402000000000e+00,1.272591743825e-01,-2.507243235483e+01,-2.015667414803e+01,-1.768738614634e+00,5.001697057062e-02,7.638123847973e-06
1.404000000000e+00,1.273616184455e-01,-2.508945618756e+01,-2.015639810448e+01,-1.768534242601e+00,5.016120504665e-02,7.656455379934e-06
1.406000000000e+00,1.274633766475e-01,-2.510650240614e+01,-2.015612214442e+01,-1.768329518362e+00,5.030559304693e-02,7.674734020165e-06
1.408000000000e+00,1.275644443175e-01,-2.512357094300e+01,-2.015584627082e+01,-1.768124442394e+00,5.045013395782e-02,7.692970347270e-06
1.410000000000e+00,1.276648167861e-01,-2.514066173023e+01,-2.015557048665e+01,-1.767919015241e+00,5.059482716331e-02,7.711162270994e-06
1.412000000000e+00,1.277644894278e-01,-2.515777469996e+01,-2.015529479492e+01,-1.767713237378e+00,5.073967203706e-02,7.729308051555e-06
1.414000000000e+00,1.278634575350e-01,-2.517490978398e+01,-2.015501919859e+01,-1.767507109362e+00,5.088466795001e-02,7.747406448796e-06
1.416000000000e+00,1.279617164859e-01,-2.519206691407e+01,-2.015474370065e+01,-1.767300631676e+00,5.102981429849e-02,7.765460595106e-06
1.418000000000e+00,1.280592615633e-01,-2.520924602176e+01,-2.015446830405e+01,-1.767093804860e+00,5.117511046029e-02,7.783455424255e-06
1.420000000000e+00,1.281560880942e-01,-2.522644703842e+01,-2.015419301177e+01,-1.766886629434e+00,5.132055578705e-02,7.801412975516e-06
1.422000000000e+00,1.282521913847e-01,-2.524366989530e+01,-2.015391782677e+01,-1.766679105936e+00,5.146614967922e-02,7.819319914824e-06
1.424000000000e+00,1.283475667126e-01,-2.526091452351e+01,-2.015364275206e+01,-1.766471234874e+00,5.161189149153e-02,7.837170407646e-06
1.426000000000e+00,1.284422093850e-01,-2.527818085397e+01,-2.015336779056e+01,-1.766263016802e+00,5.175778060995e-02,7.854979545900e-06
1.428000000000e+00,1.285361146797e-01,-2.529546881740e+01,-2.015309294524e+01,-1.766054452257e+00,5.190381639071e-02,7.872734980147e-06
1.430000000000e+00,1.286292778886e-01,-2.531277834449e+01,-2.015281821908e+01,-1.765845541757e+00,5.204999821406e-02,7.890440528645e-06
1.432000000000e+00,1.287216942704e-01,-2.533010936563e+01,-2.015254361503e+01,-1.765636285883e+00,5.219632545458e-02,7.908088138732e-06
1.434000000000e+00,1.288133591118e-01,-2.534746181118e+01,-2.015226913602e+01,-1.765426685154e+00,5.234279747060e-02,7.925692113736e-06
1.436000000000e+00,1.289042676490e-01,-2.536483561124e+01,-2.015199478503e+01,-1.765216740113e+00,5.248941361543e-02,7.943244020886e-06
1.438000000000e+00,1.289944151257e-01,-2.538223069581e+01,-2.015172056499e+01,-1.765006451329e+00,5.263617328070e-02,7.960736115767e-06
1.440000000000e+00,1.290837968329e-01,-2.539964699478e+01,-2.015144647886e+01,-1.764795819355e+00,5.278307580638e-02,7.978180130573e-06
1.442000000000e+00,1.291724079858e-01,-2.541708443783e+01,-2.015117252958e+01,-1.764584844746e+00,5.293012057827e-02,7.995567695428e-06
1.444000000000e+00,1.292602438124e-01,-2.543454295447e+01,-2.015089872009e+01,-1.764373528063e+00,5.307730693363e-02,8.012900782562e-06
1.446000000000e+00,1.293472995857e-01,-2.545202247408e+01,-2.015062505331e+01,-1.764161869876e+00,5.322463424615e-02,8.030184033167e-06
1.448000000000e+00,1.294335704885e-01,-2.546952292593e+01,-2.015035153217e+01,-1.763949870738e+00,5.337210187135e-02,8.047409913960e-06
1.450000000000e+00,1.295190517685e-01,-2.548704423913e+01,-2.015007815965e+01,-1.763737531218e+00,5.351970916873e-02,8.064579988236e-06
1.452000000000e+00,1.296037386080e-01,-2.550458634255e+01,-2.014980493865e+01,-1.763524851916e+00,5.366745548749e-02,8.081691548866e-06
1.454000000000e+00,1.296876262495e-01,-2.552214916503e+01,-2.014953187208e+01,-1.763311833392e+00,5.381534020507e-02,8.098749255722e-06
1.456000000000e+00,1.297707098848e-01,-2.553973263520e+01,-2.014925896286e+01,-1.763098476224e+00,5.396336266279e-02,8.115745493199e-06
1.458000000000e+00,1.298529847218e-01,-2.555733668158e+01,-2.014898621393e+01,-1.762884780981e+00,5.411152220214e-02,8.132687503973e-06
1.460000000000e+00,1.299344459595e-01,-2.557496123251e+01,-2.014871362820e+01,-1.762670748272e+00,5.425981819524e-02,8.149569822468e-06
1.462000000000e+00,1.300150888054e-01,-2.559260621616e+01,-2.014844120855e+01,-1.762456378668e+00,5.440824998697e-02,8.166396123871e-06
1.464000000000e+00,1.300949084138e-01,-2.561027156059e+01,-2.014816895791e+01,-1.762241672776e+00,5.455681691678e-02,8.183161738486e-06
1.466000000000e+00,1.301738999712e-01,-2.562795719373e+01,-2.014789687921e+01,-1.762026631175e+00,5.470551834038e-02,8.199866953037e-06
1.468000000000e+00,1.302520586985e-01,-2.564566304336e+01,-2.014762497531e+01,-1.761811254475e+00,5.485435362482e-02,8.216511855624e-06
1.470000000000e+00,1.303293797286e-01,-2.566338903707e+01,-2.014735324909e+01,-1.761595543269e+00,5.500332209714e-02,8.233108816548e-06
1.472000000000e+00,1.304058582492e-01,-2.568113510233e+01,-2.014708170349e+01,-1.761379498163e+00,5.515242310829e-02,8.249628557648e-06
1.474000000000e+00,1.304814894414e-01,-2.569890116648e+01,-2.014681034137e+01,-1.761163119756e+00,5.530165600313e-02,8.266092107748e-06
1.476000000000e+00,1.305562684345e-01,-2.571668715673e+01,-2.014653916562e+01,-1.760946408658e+00,5.545102012257e-02,8.282490327259e-06
1.478000000000e+00,1.306301904471e-01,-2.573449300014e+01,-2.014626817911e+01,-1.760729365501e+00,5.560051482563e-02,8.298831343571e-06
1.480000000000e+00,1.307032505961e-01,-2.575231862361e+01,-2.014599738472e+01,-1.760511990886e+00,5.575013943468e-02,8.315113856863e-06
1.482000000000e+00,1.307754440544e-01,-2.577016395386e+01,-2.014572678533e+01,-1.760294285415e+00,5.589989329370e-02,8.331321486938e-06
1.484000000000e+00,1.308467659577e-01,-2.578802891760e+01,-2.014545638381e+01,-1.760076249730e+00,5.604977575900e-02,8.347475730240e-06
1.486000000000e+00,1.309172114708e-01,-2.580591344124e+01,-2.014518618300e+01,-1.759857884454e+00,5.619978615936e-02,8.363558736768e-06
1.488000000000e+00,1.309867757384e-01,-2.582381745119e+01,-2.014491618578e+01,-1.759639190200e+00,5.634992382618e-02,8.379582663977e-06
1.490000000000e+00,1.310554539136e-01,-2.584174087364e+01,-2.014464639501e+01,-1.759420167616e+00,5.650018810391e-02,8.395531120213e-06
1.492000000000e+00,1.311232411214e-01,-2.585968363464e+01,-2.014437681350e+01,-1.759200817340e+00,5.665057833341e-02,8.411422766553e-06
1.494000000000e+00,1.311901325260e-01,-2.587764566018e+01,-2.014410744412e+01,-1.758981139973e+00,5.680109385360e-02,8.427250599644e-06
1.496000000000e+00,1.312561232472e-01,-2.589562687597e+01,-2.014383828970e+01,-1.758761136192e+00,5.695173398622e-02,8.443004746131e-06
1.498000000000e+00,1.313212084311e-01,-2.591362720778e+01,-2.014356935311e+01,-1.758540806622e+00,5.710249806384e-02,8.458693535313e-06
1.500000000000e+00,1.313853831886e-01,-2.593164658106e+01,-2.014330063715e+01,-1.758320151904e+00,5.725338542847e-02,8.474317478687e-06
1.502000000000e+00,1.314486426915e-01,-2.594968492123e+01,-2.014303214464e+01,-1.758099172700e+00,5.740439540875e-02,8.489861190020e-06
1.504000000000e+00,1.315109820258e-01,-2.596774215356e+01,-2.014276387843e+01,-1.757877869642e+00,5.755552733738e-02,8.505350452538e-06
1.506000000000e+00,1.315723963773e-01,-2.598581820321e+01,-2.014249584130e+01,-1.757656243387e+00,5.770678054587e-02,8.520771566071e-06
1.508000000000e+00,1.316328808290e-01,-2.600391299503e+01,-2.014222803609e+01,-1.757434294624e+00,5.785815435964e-02,8.536110919431e-06
1.510000000000e+00,1.316924305388e-01,-2.602202645407e+01,-2.014196046558e+01,-1.757212023972e+00,5.800964810373e-02,8.551396022091e-06
1.512000000000e+00,1.317510405872e-01,-2.604015850491e+01,-2.014169313259e+01,-1.756989432109e+00,5.816126111923e-02,8.566602149870e-06
1.514000000000e+00,1.318087061555e-01,-2.605830907221e+01,-2.014142603992e+01,-1.756766519707e+00,5.831299270321e-02,8.581738255790e-06
1.516000000000e+00,1.318654223485e-01,-2.607647808044e+01,-2.014115919034e+01,-1.756543287439e+00,5.846484222468e-02,8.596804590046e-06
1.518000000000e+00,1.319211842721e-01,-2.609466545394e+01,-2.014089258667e+01,-1.756319735953e+00,5.861680897239e-02,8.611787879111e-06
1.520000000000e+00,1.319759870786e-01,-2.611287111687e+01,-2.014062623164e+01,-1.756095865945e+00,5.876889227915e-02,8.626710226683e-06
1.522000000000e+00,1.320298258949e-01,-2.613109499335e+01,-2.014036012805e+01,-1.755871678076e+00,5.892109148664e-02,8.641556921254e-06
1.524000000000e+00,1.320826957918e-01,-2.614933700734e+01,-2.014009427870e+01,-1.755647173056e+00,5.907340589467e-02,8.656330856303e-06
1.526000000000e+00,1.321345919511e-01,-2.616759708260e+01,-2.013982868629e+01,-1.755422351527e+00,5.922583482909e-02,8.671032544694e-06
1.528000000000e+00,1.321855094961e-01,-2.618587514291e+01,-2.013956335362e+01,-1.755197214213e+00,5.937837762101e-02,8.685661605820e-06
1.530000000000e+00,1.322354435077e-01,-2.620417111177e+01,-2.013929828345e+01,-1.754971761776e+00,5.953103357850e-02,8.700210632118e-06
1.532000000000e+00,1.322843891559e-01,-2.622248491265e+01,-2.013903347849e+01,-1.754745994929e+00,5.968380202729e-02,8.714685846135e-06
1.534000000000e+00,1.323323415409e-01,-2.624081646888e+01,-2.013876894152e+01,-1.754519914361e+00,5.983668228786e-02,8.729081550324e-06
1.536000000000e+00,1.323792958071e-01,-2.625916570364e+01,-2.013850467522e+01,-1.754293520750e+00,5.998967367667e-02,8.743406026607e-06
1.538000000000e+00,1.324252470657e-01,-2.627753253998e+01,-2.013824068237e+01,-1.754066814823e+00,6.014277549731e-02,8.757653537318e-06
1.540000000000e+00,1.324701904507e-01,-2.629591690089e+01,-2.013797696568e+01,-1.753839797280e+00,6.029598709179e-02,8.771830267720e-06
1.542000000000e+00,1.325141211068e-01,-2.631431870916e+01,-2.013771352787e+01,-1.753612468824e+00,6.044930774456e-02,8.785919412208e-06
1.544000000000e+00,1.325570341357e-01,-2.633273788747e+01,-2.013745037163e+01,-1.753384830170e+00,6.060273679513e-02,8.799937840303e-06
1.546000000000e+00,1.325989247096e-01,-2.635117435848e+01,-2.013718749970e+01,-1.753156882015e+00,6.075627354874e-02,8.813870166557e-06
1.548000000000e+00,1.326397879206e-01,-2.636962804460e+01,-2.013692491475e+01,-1.752928625069e+00,6.090991731264e-02,8.827731890341e-06
1.550000000000e+00,1.326796189271e-01,-2.638809886814e+01,-2.013666261948e+01,-1.752700060090e+00,6.106366741892e-02,8.841504990558e-06
1.552000000000e+00,1.327184128942e-01,-2.640658675132e+01,-2.013640061655e+01,-1.752471187785e+00,6.121752315853e-02,8.855205835441e-06
1.554000000000e+00,1.327561649068e-01,-2.642509161630e+01,-2.013613890871e+01,-1.752242008840e+00,6.137148384317e-02,8.868819941992e-06
1.556000000000e+00,1.327928701609e-01,-2.644361338503e+01,-2.013587749855e+01,-1.752012524017e+00,6.152554879249e-02,8.882361863935e-06
1.558000000000e+00,1.328285237630e-01,-2.646215197936e+01,-2.013561638880e+01,-1.751782734063e+00,6.167971731726e-02,8.895814626891e-06
1.560000000000e+00,1.328631209035e-01,-2.648070732107e+01,-2.013535558208e+01,-1.751552639670e+00,6.183398872797e-02,8.909190955303e-06
1.562000000000e+00,1.328966566725e-01,-2.649927933177e+01,-2.013509508109e+01,-1.751322241602e+00,6.198836231901e-02,8.922486913595e-06
1.564000000000e+00,1.329291263006e-01,-2.651786793297e+01,-2.013483488844e+01,-1.751091540584e+00,6.214283740627e-02,8.935692721610e-06
1.566000000000e+00,1.329605248879e-01,-2.653647304605e+01,-2.013457500676e+01,-1.750860537361e+00,6.229741329455e-02,8.948821549624e-06
1.568000000000e+00,1.329908476098e-01,-2.655509459234e+01,-2.013431543872e+01,-1.750629232688e+00,6.245208928875e-02,8.961864869345e-06
1.570000000000e+00,1.330200896278e-01,-2.657373249293e+01,-2.013405618691e+01,-1.750397627294e+00,6.260686470417e-02,8.974823390002e-06
1.572000000000e+00,1.330482461325e-01,-2.659238666901e+01,-2.013379725399e+01,-1.750165721936e+00,6.276173883501e-02,8.987701552305e-06
1.574000000000e+00,1.330753122687e-01,-2.661105704143e+01,-2.013353864256e+01,-1.749933517378e+00,6.291671098951e-02,9.000489744496e-06
1.576000000000e+00,1.331012832218e-01,-2.662974353100e+01,-2.013328035519e+01,-1.749701014371e+00,6.307178048348e-02,9.013192715446e-06
1.578000000000e+00,1.331261541890e-01,-2.664844605850e+01,-2.013302239452e+01,-1.749468213676e+00,6.322694660594e-02,9.025803404237e-06
1.580000000000e+00,1.331499203168e-01,-2.666716454456e+01,-2.013276476313e+01,-1.749235116041e+00,6.338220866615e-02,9.038341016986e-06
1.582000000000e+00,1.331725768145e-01,-2.668589890961e+01,-2.013250746362e+01,-1.749001722237e+00,6.353756595789e-02,9.050791029365e-06
1.584000000000e+00,1.331941188911e-01,-2.670464907408e+01,-2.013225049854e+01,-1.748768033045e+00,6.369301778294e-02,9.063145715713e-06
1.586000000000e+00,1.332145417003e-01,-2.672341495825e+01,-2.013199387047e+01,-1.748534049215e+00,6.384856344827e-02,9.075424347293e-06
1.588000000000e+00,1.332338405019e-01,-2.674219648225e+01,-2.013173758198e+01,-1.748299771536e+00,6.400420225430e-02,9.087599066687e-06
1.590000000000e+00,1.332520104627e-01,-2.676099356621e+01,-2.013148163563e+01,-1.748065200789e+00,6.415993350769e-02,9.099692485891e-06
1.592000000000e+00,1.332690467771e-01,-2.677980613007e+01,-2.013122603396e+01,-1.747830337726e+00,6.431575649447e-02,9.111698118869e-06
1.594000000000e+00,1.332849447195e-01,-2.679863409365e+01,-2.013097077950e+01,-1.747595183153e+00,6.447167051576e-02,9.123623801637e-06
1.596000000000e+00,1.332996994682e-01,-2.681747737673e+01,-2.013071587480e+01,-1.747359737849e+00,6.462767487674e-02,9.135440431169e-06
1.598000000000e+00,1.333133062689e-01,-2.683633589891e+01,-2.013046132241e+01,-1.747124002599e+00,6.478376886067e-02,9.147176889641e-06
1.600000000000e+00,1.333257603662e-01,-2.685520957978e+01,-2.013020712479e+01,-1.746887978190e+00,6.493995178504e-02,9.158821535848e-06
1.602000000000e+00,1.333370569791e-01,-2.687409833874e+01,-2.012995328450e+01,-1.746651665414e+00,6.509622293593e-02,9.170377479761e-06
1.604000000000e+00,1.333471913702e-01,-2.689300209511e+01,-2.012969980403e+01,-1.746415065092e+00,6.525258160189e-02,9.181831491985e-06
1.606000000000e+00,1.333561588004e-01,-2.691192076820e+01,-2.012944668585e+01,-1.746178177971e+00,6.540902709269e-02,9.193203176208e-06
1.608000000000e+00,1.333639545005e-01,-2.693085427702e+01,-2.012919393248e+01,-1.745941004915e+00,6.556555869797e-02,9.204483980806e-06
1.610000000000e+00,1.333705737435e-01,-2.694980254063e+01,-2.012894154639e+01,-1.745703546673e+00,6.572217569945e-02,9.215663137275e-06
1.612000000000e+00,1.333760118471e-01,-2.696876547800e+01,-2.012868953004e+01,-1.745465804087e+00,6.587887741335e-02,9.226758403412e-06
1.614000000000e+00,1.333802640370e-01,-2.698774300792e+01,-2.012843788591e+01,-1.745227777944e+00,6.603566312502e-02,9.237755117653e-06
1.616000000000e+00,1.333833256029e-01,-2.700673504909e+01,-2.012818661645e+01,-1.744989469087e+00,6.619253212388e-02,9.248664172420e-06
1.618000000000e+00,1.333851918628e-01,-2.702574152016e+01,-2.012793572410e+01,-1.744750878311e+00,6.634948370755e-02,9.259469720354e-06
1.620000000000e+00,1.333858581433e-01,-2.704476233965e+01,-2.012768521130e+01,-1.744512006426e+00,6.650651715809e-02,9.270176242685e-06
1.622000000000e+00,1.333853197043e-01,-2.706379742602e+01,-2.012743508050e+01,-1.744272854277e+00,6.666363178181e-02,9.280797659773e-06
1.624000000000e+00,1.333835718723e-01,-2.708284669756e+01,-2.012718533409e+01,-1.744033422659e+00,6.682082686644e-02,9.291320364146e-06
1.626000000000e+00,1.333806099952e-01,-2.710191007255e+01,-2.012693597453e+01,-1.743793712410e+00,6.697810169515e-02,9.301742403744e-06
1.628000000000e+00,1.333764294220e-01,-2.712098746908e+01,-2.012668700418e+01,-1.743553724399e+00,6.713545557248e-02,9.312064984899e-06
1.630000000000e+00,1.333710254208e-01,-2.714007880526e+01,-2.012643842547e+01,-1.743313459384e+00,6.729288776167e-02,9.322305711389e-06
1.632000000000e+00,1.333643933917e-01,-2.715918399901e+01,-2.012619024080e+01,-1.743072918250e+00,6.745039758757e-02,9.332429839577e-06
1.634000000000e+00,1.333565287062e-01,-2.717830296818e+01,-2.012594245249e+01,-1.742832101826e+00,6.760798432797e-02,9.342469288506e-06
1.636000000000e+00,1.333474267148e-01,-2.719743563052e+01,-2.012569506296e+01,-1.742591010950e+00,6.776564725302e-02,9.352405226315e-06
1.638000000000e+00,1.333370827797e-01,-2.721658190376e+01,-2.012544807459e+01,-1.742349646459e+00,6.792338566578e-02,9.362245826992e-06
1.640000000000e+00,1.333254923163e-01,-2.723574170544e+01,-2.012520148969e+01,-1.742108009202e+00,6.808119886888e-02,9.371972323554e-06
1.642000000000e+00,1.333126506814e-01,-2.725491495310e+01,-2.012495531065e+01,-1.741866100034e+00,6.823908612550e-02,9.381612664720e-06
1.644000000000e+00,1.332985533334e-01,-2.727410156410e+01,-2.012470953977e+01,-1.741623919793e+00,6.839704673693e-02,9.391149134502e-06
1.646000000000e+00,1.332831956595e-01,-2.729330145574e+01,-2.012446417938e+01,-1.741381469344e+00,6.855507999292e-02,9.400582782191e-06
1.648000000000e+00,1.332665730539e-01,-2.731251454532e+01,-2.012421923185e+01,-1.741138749536e+00,6.871318517177e-02,9.409915871287e-06
1.650000000000e+00,1.332486809952e-01,-2.733174074988e+01,-2.012397469945e+01,-1.740895761250e+00,6.887136156924e-02,9.419154165804e-06
1.652000000000e+00,1.332295149208e-01,-2.735097998655e+01,-2.012373058447e+01,-1.740652505314e+00,6.902960846606e-02,9.428279735110e-06
1.654000000000e+00,1.332090702223e-01,-2.737023217223e+01,-2.012348688922e+01,-1.740408982603e+00,6.918792514816e-02,9.437309130442e-06
1.656000000000e+00,1.331873424560e-01,-2.738949722383e+01,-2.012324361601e+01,-1.740165194026e+00,6.934631090292e-02,9.446239299616e-06
1.658000000000e+00,1.331643270515e-01,-2.740877505812e+01,-2.012300076707e+01,-1.739921140381e+00,6.950476501142e-02,9.455054635239e-06
1.660000000000e+00,1.331400194980e-01,-2.742806559185e+01,-2.012275834471e+01,-1.739676822592e+00,6.966328677785e-02,9.463774063999e-06
1.662000000000e+00,1.331144152853e-01,-2.744736874160e+01,-2.012251635116e+01,-1.739432241521e+00,6.982187545909e-02,9.472387671265e-06
1.664000000000e+00,1.330875099272e-01,-2.746668442393e+01,-2.012227478868e+01,-1.739187398036e+00,6.998053035990e-02,9.480896904716e-06
1.666000000000e+00,1.330592989525e-01,-2.748601255529e+01,-2.012203365951e+01,-1.738942293037e+00,7.013925075949e-02,9.489304428215e-06
1.668000000000e+00,1.330297778839e-01,-2.750535305201e+01,-2.012179296585e+01,-1.738696927403e+00,7.029803594084e-02,9.497603983885e-06
1.670000000000e+00,1.329989422744e-01,-2.752470583046e+01,-2.012155270994e+01,-1.738451301995e+00,7.045688519966e-02,9.505800360516e-06
1.672000000000e+00,1.329667876807e-01,-2.754407080679e+01,-2.012131289400e+01,-1.738205417727e+00,7.061579779394e-02,9.513888671245e-06
1.674000000000e+00,1.329333096207e-01,-2.756344789715e+01,-2.012107352023e+01,-1.737959275486e+00,7.077477302841e-02,9.521868414105e-06
1.676000000000e+00,1.328985037304e-01,-2.758283701760e+01,-2.012083459082e+01,-1.737712876164e+00,7.093381017373e-02,9.529741856749e-06
1.678000000000e+00,1.328623656001e-01,-2.760223808413e+01,-2.012059610796e+01,-1.737466220672e+00,7.109290852708e-02,9.537494945045e-06
1.680000000000e+00,1.328248908051e-01,-2.762165101258e+01,-2.012035807378e+01,-1.737219309866e+00,7.125206736551e-02,9.545164386360e-06
1.682000000000e+00,1.327860749489e-01,-2.764107571881e+01,-2.012012049050e+01,-1.736972144687e+00,7.141128597372e-02,9.552707891665e-06
1.684000000000e+00,1.327459137153e-01,-2.766051211855e+01,-2.011988336022e+01,-1.736724726046e+00,7.157056361956e-02,9.560155361530e-06
1.686000000000e+00,1.327044026854e-01,-2.767996012748e+01,-2.011964668513e+01,-1.736477054810e+00,7.172989960943e-02,9.567486777768e-06
1.688000000000e+00,1.326615375530e-01,-2.769941966115e+01,-2.011941046736e+01,-1.736229131930e+00,7.188929320020e-02,9.574703145427e-06
1.690000000000e+00,1.326173139725e-01,-2.771889063512e+01,-2.011917470901e+01,-1.735980958290e+00,7.204874369978e-02,9.581819298111e-06
1.692000000000e+00,1.325717276256e-01,-2.773837296482e+01,-2.011893941218e+01,-1.735732534810e+00,7.220825037436e-02,9.588829159518e-06
1.694000000000e+00,1.325247742018e-01,-2.775786656560e+01,-2.011870457901e+01,-1.735483862413e+00,7.236781251208e-02,9.595728248744e-06
1.696000000000e+00,1.324764494523e-01,-2.777737135275e+01,-2.011847021160e+01,-1.735234942029e+00,7.252742939426e-02,9.602503686339e-06
1.698000000000e+00,1.324267490293e-01,-2.779688724150e+01,-2.011823631201e+01,-1.734985774564e+00,7.268710029170e-02,9.609170320936e-06
1.700000000000e+00,1.323756687236e-01,-2.781641414699e+01,-2.011800288230e+01,-1.734736360938e+00,7.284682450482e-02,9.615728099875e-06
1.702000000000e+00,1.323232042790e-01,-2.783595198431e+01,-2.011776992457e+01,-1.734486702098e+00,7.300660127918e-02,9.622174264584e-06
1.704000000000e+00,1.322693514445e-01,-2.785550066852e+01,-2.011753744086e+01,-1.734236798957e+00,7.316642996173e-02,9.628505378642e-06
1.706000000000e+00,1.322141060201e-01,-2.787506011448e+01,-2.011730543319e+01,-1.733986652465e+00,7.332630977138e-02,9.634732356039e-06
1.708000000000e+00,1.321574637924e-01,-2.789463023713e+01,-2.011707390367e+01,-1.733736263543e+00,7.348624000749e-02,9.640840118580e-06
1.710000000000e+00,1.320994205645e-01,-2.791421095124e+01,-2.011684285426e+01,-1.733485633125e+00,7.364621996486e-02,9.646830113678e-06
1.712000000000e+00,1.320399721755e-01,-2.793380217150e+01,-2.011661228694e+01,-1.733234762159e+00,7.380624889586e-02,9.652711699902e-06
1.714000000000e+00,1.319791144565e-01,-2.795340381268e+01,-2.011638220380e+01,-1.732983651610e+00,7.396632611577e-02,9.658474019968e-06
1.716000000000e+00,1.319168432902e-01,-2.797301578936e+01,-2.011615260679e+01,-1.732732302384e+00,7.412645088709e-02,9.664128075355e-06
1.718000000000e+00,1.318531545259e-01,-2.799263801602e+01,-2.011592349786e+01,-1.732480715438e+00,7.428662249270e-02,9.669657346623e-06
1.720000000000e+00,1.317880440382e-01,-2.801227040717e+01,-2.011569487904e+01,-1.732228891745e+00,7.444684022029e-02,9.675075641571e-06
1.722000000000e+00,1.317215077440e-01,-2.803191287722e+01,-2.011546675227e+01,-1.731976832246e+00,7.460710333735e-02,9.680384385178e-06
1.724000000000e+00,1.316535416040e-01,-2.805156534058e+01,-2.011523911950e+01,-1.731724537881e+00,7.476741112846e-02,9.685570082347e-06
1.726000000000e+00,1.315841414980e-01,-2.807122771141e+01,-2.011501198266e+01,-1.731472009630e+00,7.492776288349e-02,9.690634522918e-06
1.728000000000e+00,1.315133034103e-01,-2.809089990403e+01,-2.011478534369e+01,-1.731219248431e+00,7.508815787873e-02,9.695585577291e-06
1.730000000000e+00,1.314410233225e-01,-2.811058183264e+01,-2.011455920452e+01,-1.730966255265e+00,7.524859538687e-02,9.700426507951e-06
1.732000000000e+00,1.313672971681e-01,-2.813027341123e+01,-2.011433356705e+01,-1.730713031084e+00,7.540907469018e-02,9.705144111590e-06
1.734000000000e+00,1.312921210183e-01,-2.814997455389e+01,-2.011410843316e+01,-1.730459576866e+00,7.556959508256e-02,9.709742842151e-06
1.736000000000e+00,1.312154908567e-01,-2.816968517464e+01,-2.011388380477e+01,-1.730205893565e+00,7.573015583456e-02,9.714222191347e-06
1.738000000000e+00,1.311374027352e-01,-2.818940518731e+01,-2.011365968370e+01,-1.729951982190e+00,7.589075622304e-02,9.718581693733e-06
1.740000000000e+00,1.310578526935e-01,-2.820913450588e+01,-2.011343607190e+01,-1.729697843676e+00,7.605139553410e-02,9.722827712664e-06
1.742000000000e+00,1.309768368503e-01,-2.822887304413e+01,-2.011321297116e+01,-1.729443479028e+00,7.621207304640e-02,9.726954326166e-06
1.744000000000e+00,1.308943512347e-01,-2.824862071580e+01,-2.011299038335e+01,-1.729188889195e+00,7.637278806000e-02,9.730950712226e-06
1.746000000000e+00,1.308103920242e-01,-2.826837743458e+01,-2.011276831029e+01,-1.728934075184e+00,7.653353980550e-02,9.734839405743e-06
1.748000000000e+00,1.307249552850e-01,-2.828814311414e+01,-2.011254675383e+01,-1.728679037971e+00,7.669432761510e-02,9.738594920619e-06
1.750000000000e+00,1.306380372133e-01,-2.830791766804e+01,-2.011232571574e+01,-1.728423778540e+00,7.685515076070e-02,9.742235030788e-06
1.752000000000e+00,1.305496339497e-01,-2.832770100986e+01,-2.011210519784e+01,-1.728168297875e+00,7.701600849775e-02,9.745759854116e-06
1.754000000000e+00,1.304597416906e-01,-2.834749305306e+01,-2.011188520191e+01,-1.727912596995e+00,7.717690013624e-02,9.749156000766e-06
1.756000000000e+00,1.303683566286e-01,-2.836729371109e+01,-2.011166572976e+01,-1.727656676853e+00,7.733782493118e-02,9.752436824627e-06
1.758000000000e+00,1.302754749812e-01,-2.838710289728e+01,-2.011144678312e+01,-1.727400538501e+00,7.749878219334e-02,9.755585584764e-06
1.760000000000e+00,1.301810930187e-01,-2.840692052498e+01,-2.011122836377e+01,-1.727144182895e+00,7.765977116713e-02,9.758621909961e-06
1.762000000000e+00,1.300852069989e-01,-2.842674650757e+01,-2.011101047344e+01,-1.726887611016e+00,7.782079116744e-02,9.761522635118e-06
1.764000000000e+00,1.299878131561e-01,-2.844658075812e+01,-2.011079311385e+01,-1.726630823901e+00,7.798184146700e-02,9.764307696399e-06
1.766000000000e+00,1.298889078604e-01,-2.846642318998e+01,-2.011057628675e+01,-1.726373822564e+00,7.814292135449e-02,9.766973590406e-06
1.768000000000e+00,1.297884873590e-01,-2.848627371610e+01,-2.011035999385e+01,-1.726116608011e+00,7.830403007601e-02,9.769514531359e-06
1.770000000000e+00,1.296865480552e-01,-2.850613224969e+01,-2.011014423681e+01,-1.725859181215e+00,7.846516696507e-02,9.771918486787e-06
1.772000000000e+00,1.295830862693e-01,-2.852599870382e+01,-2.010992901739e+01,-1.725601543228e+00,7.862633127454e-02,9.774204203306e-06
1.774000000000e+00,1.294780984375e-01,-2.854587299146e+01,-2.010971433723e+01,-1.725343695036e+00,7.878752227614e-02,9.776368415877e-06
1.776000000000e+00,1.293715808837e-01,-2.856575502541e+01,-2.010950019792e+01,-1.725085637668e+00,7.894873926935e-02,9.778403099909e-06
1.778000000000e+00,1.292635300840e-01,-2.858564471877e+01,-2.010928660122e+01,-1.724827372177e+00,7.910998154880e-02,9.780322015914e-06
1.780000000000e+00,1.291539424844e-01,-2.860554198435e+01,-2.010907354875e+01,-1.724568899531e+00,7.927124836794e-02,9.782103732291e-06
1.782000000000e+00,1.290428145539e-01,-2.862544673497e+01,-2.010886104210e+01,-1.724310220761e+00,7.943253903365e-02,9.783760421870e-06
1.784000000000e+00,1.289301427283e-01,-2.864535888337e+01,-2.010864908291e+01,-1.724051336926e+00,7.959385283374e-02,9.785298649946e-06
1.786000000000e+00,1.288159235405e-01,-2.866527834227e+01,-2.010843767281e+01,-1.723792249036e+00,7.975518902605e-02,9.786691769178e-06
1.788000000000e+00,1.287001535458e-01,-2.868520502444e+01,-2.010822681334e+01,-1.723532958106e+00,7.991654690419e-02,9.787974393940e-06
1.790000000000e+00,1.285828292668e-01,-2.870513884246e+01,-2.010801650615e+01,-1.723273465203e+00,8.007792576351e-02,9.789123203043e-06
1.792000000000e+00,1.284639473118e-01,-2.872507970904e+01,-2.010780675278e+01,-1.723013771334e+00,8.023932488177e-02,9.790150854333e-06
1.794000000000e+00,1.283435042483e-01,-2.874502753663e+01,-2.010759755478e+01,-1.722753877557e+00,8.040074354016e-02,9.791030604184e-06
1.796000000000e+00,1.282214966907e-01,-2.876498223789e+01,-2.010738891372e+01,-1.722493784885e+00,8.056218101653e-02,9.791806732753e-06
1.798000000000e+00,1.280979212888e-01,-2.878494372524e+01,-2.010718083113e+01,-1.722233494379e+00,8.072363661949e-02,9.792436789143e-06
1.800000000000e+00,1.279727746901e-01,-2.880491191119e+01,-2.010697330852e+01,-1.721973007078e+00,8.088510960786e-02,9.792947383608e-06
1.802000000000e+00,1.278460535984e-01,-2.882488670814e+01,-2.010676634743e+01,-1.721712324029e+00,8.104659928030e-02,9.793332045364e-06
1.804000000000e+00,1.277177547312e-01,-2.884486802844e+01,-2.010655994931e+01,-1.721451446271e+00,8.120810492355e-02,9.793573085211e-06
1.806000000000e+00,1.275878747745e-01,-2.886485578455e+01,-2.010635411573e+01,-1.721190374875e+00,8.136962583361e-02,9.793692686748e-06
1.808000000000e+00,1.274564105766e-01,-2.888484988875e+01,-2.010614884810e+01,-1.720929110874e+00,8.153116127668e-02,9.793678345965e-06
1.810000000000e+00,1.273233587965e-01,-2.890485025335e+01,-2.010594414795e+01,-1.720667655327e+00,8.169271054130e-02,9.793531102523e-06
1.812000000000e+00,1.271887163448e-01,-2.892485679053e+01,-2.010574001664e+01,-1.720406009301e+00,8.185427292645e-02,9.793262970099e-06
1.814000000000e+00,1.270524799534e-01,-2.894486941261e+01,-2.010553645568e+01,-1.720144173831e+00,8.201584771423e-02,9.792859615306e-06
1.816000000000e+00,1.269146465216e-01,-2.896488803168e+01,-2.010533346649e+01,-1.719882150014e+00,8.217743418633e-02,9.792306284592e-06
1.818000000000e+00,1.267752128997e-01,-2.898491256006e+01,-2.010513105049e+01,-1.719619938871e+00,8.233903163866e-02,9.791656665771e-06
1.820000000000e+00,1.266341760210e-01,-2.900494290976e+01,-2.010492920908e+01,-1.719357541505e+00,8.250063935737e-02,9.790846123224e-06
1.822000000000e+00,1.264915327949e-01,-2.902497899294e+01,-2.010472794364e+01,-1.719094958952e+00,8.266225662793e-02,9.789922322125e-06
1.824000000000e+00,1.263472801650e-01,-2.904502072160e+01,-2.010452725553e+01,-1.718832192303e+00,8.282388274527e-02,9.788846199513e-06
1.826000000000e+00,1.262014150545e-01,-2.906506800796e+01,-2.010432714621e+01,-1.718569242610e+00,8.298551700051e-02,9.787654458164e-06
1.828000000000e+00,1.260539345435e-01,-2.908512076386e+01,-2.010412761694e+01,-1.718306110982e+00,8.314715867091e-02,9.786315132018e-06
1.830000000000e+00,1.259048356029e-01,-2.910517890138e+01,-2.010392866911e+01,-1.718042798455e+00,8.330880705000e-02,9.784848161875e-06
1.832000000000e+00,1.257541152908e-01,-2.912524233248e+01,-2.010373030403e+01,-1.717779306126e+00,8.347046144695e-02,9.783247771128e-06
1.834000000000e+00,1.256017706513e-01,-2.914531096915e+01,-2.010353252304e+01,-1.717515635075e+00,8.363212112533e-02,9.781526248829e-06
1.836000000000e+00,1.254477988456e-01,-2.916538472327e+01,-2.010333532744e+01,-1.717251786380e+00,8.379378539788e-02,9.779658444021e-06
1.838000000000e+00,1.252921969469e-01,-2.918546350674e+01,-2.010313871855e+01,-1.716987761113e+00,8.395545351913e-02,9.777640416239e-06
1.840000000000e+00,1.251349620942e-01,-2.920554723142e+01,-2.010294269759e+01,-1.716723560384e+00,8.411712483729e-02,9.775509898687e-06
1.842000000000e+00,1.249760914950e-01,-2.922563580923e+01,-2.010274726589e+01,-1.716459185256e+00,8.427879859914e-02,9.773230797307e-06
1.844000000000e+00,1.248155823449e-01,-2.924572915203e+01,-2.010255242470e+01,-1.716194636835e+00,8.444047412228e-02,9.770828904553e-06
1.846000000000e+00,1.246534318448e-01,-2.926582717146e+01,-2.010235817523e+01,-1.715929916203e+00,8.460215069680e-02,9.768285572494e-06
1.848000000000e+00,1.244896372977e-01,-2.928592977945e+01,-2.010216451873e+01,-1.715665024461e+00,8.476382760147e-02,9.765605354642e-06
1.850000000000e+00,1.243241959308e-01,-2.930603688777e+01,-2.010197145644e+01,-1.715399962700e+00,8.492550414532e-02,9.762788825096e-06
1.852000000000e+00,1.241571050798e-01,-2.932614840814e+01,-2.010177898956e+01,-1.715134732020e+00,8.508717961372e-02,9.759838413567e-06
1.854000000000e+00,1.239883620946e-01,-2.934626425234e+01,-2.010158711924e+01,-1.714869333502e+00,8.524885330456e-02,9.756753881121e-06
1.856000000000e+00,1.238179642564e-01,-2.936638433205e+01,-2.010139584675e+01,-1.714603768287e+00,8.541052451060e-02,9.753529037215e-06
1.858000000000e+00,1.236459090489e-01,-2.938650855899e+01,-2.010120517319e+01,-1.714338037438e+00,8.557219254667e-02,9.750165942013e-06
1.860000000000e+00,1.234721938584e-01,-2.940663684484e+01,-2.010101509973e+01,-1.714072142092e+00,8.573385668325e-02,9.746662574724e-06
1.862000000000e+00,1.232968161090e-01,-2.942676910126e+01,-2.010082562752e+01,-1.713806083335e+00,8.589551623037e-02,9.743036626533e-06
1.864000000000e+00,1.231197732753e-01,-2.944690523996e+01,-2.010063675773e+01,-1.713539862282e+00,8.605717048729e-02,9.739255774111e-06
1.866000000000e+00,1.229410628616e-01,-2.946704517259e+01,-2.010044849145e+01,-1.713273480039e+00,8.621881874543e-02,9.735338720850e-06
1.868000000000e+00,1.227606824112e-01,-2.948718881073e+01,-2.010026082977e+01,-1.713006937721e+00,8.638046028559e-02,9.731289761091e-06
1.870000000000e+00,1.225786294403e-01,-2.950733606602e+01,-2.010007377380e+01,-1.712740236445e+00,8.654209443732e-02,9.727097836453e-06
1.872000000000e+00,1.223949015443e-01,-2.952748685008e+01,-2.009988732464e+01,-1.712473377340e+00,8.670372049573e-02,9.722770479580e-06
1.874000000000e+00,1.222094963612e-01,-2.954764107453e+01,-2.009970148333e+01,-1.712206361510e+00,8.686533775125e-02,9.718304381517e-06
1.876000000000e+00,1.220224115105e-01,-2.956779865092e+01,-2.009951625092e+01,-1.711939190055e+00,8.702694550541e-02,9.713699219794e-06
1.878000000000e+00,1.218336446398e-01,-2.958795949085e+01,-2.009933162849e+01,-1.711671864136e+00,8.718854305776e-02,9.708960272706e-06
1.880000000000e+00,1.216431934866e-01,-2.960812350589e+01,-2.009914761704e+01,-1.711404384842e+00,8.735012970642e-02,9.704068201271e-06
1.882000000000e+00,1.214510557418e-01,-2.962829060758e+01,-2.009896421761e+01,-1.711136753328e+00,8.751170477179e-02,9.699041608318e-06
1.884000000000e+00,1.212572292000e-01,-2.964846070752e+01,-2.009878143118e+01,-1.710868970709e+00,8.767326754038e-02,9.693877701936e-06
1.886000000000e+00,1.210617116393e-01,-2.966863371724e+01,-2.009859925879e+01,-1.710601038118e+00,8.783481729626e-02,9.688563786890e-06
1.888000000000e+00,1.208645008173e-01,-2.968880954825e+01,-2.009841770134e+01,-1.710332956663e+00,8.799635338962e-02,9.683123964703e-06
1.890000000000e+00,1.206655946376e-01,-2.970898811223e+01,-2.009823675990e+01,-1.710064727498e+00,8.815787508949e-02,9.677545268386e-06
1.892000000000e+00,1.204649909601e-01,-2.972916932048e+01,-2.009805643531e+01,-1.709796351760e+00,8.831938171395e-02,9.671812790440e-06
1.894000000000e+00,1.202626876533e-01,-2.974935308475e+01,-2.009787672859e+01,-1.709527830580e+00,8.848087257613e-02,9.665951581126e-06
1.896000000000e+00,1.200586827112e-01,-2.976953931644e+01,-2.009769764066e+01,-1.709259165092e+00,8.864234695271e-02,9.659936026790e-06
1.898000000000e+00,1.198529740652e-01,-2.978972792710e+01,-2.009751917241e+01,-1.708990356434e+00,8.880380417462e-02,9.653784810330e-06
1.900000000000e+00,1.196455596716e-01,-2.980991882829e+01,-2.009734132475e+01,-1.708721405757e+00,8.896524354363e-02,9.647500542091e-06
1.902000000000e+00,1.194364376075e-01,-2.983011193150e+01,-2.009716409856e+01,-1.708452314191e+00,8.912666437756e-02,9.641066970904e-06
1.904000000000e+00,1.192256059542e-01,-2.985030714825e+01,-2.009698749472e+01,-1.708183082898e+00,8.928806596892e-02,9.634492323081e-06
1.906000000000e+00,1.190130627119e-01,-2.987050439009e+01,-2.009681151414e+01,-1.707913713007e+00,8.944944761835e-02,9.627772816609e-06
1.908000000000e+00,1.187988060483e-01,-2.989070356856e+01,-2.009663615760e+01,-1.707644205665e+00,8.961080866575e-02,9.620911467540e-06
1.910000000000e+00,1.185828341017e-01,-2.991090459519e+01,-2.009646142600e+01,-1.707374562048e+00,8.977214840358e-02,9.613909719436e-06
1.912000000000e+00,1.183651450626e-01,-2.993110738134e+01,-2.009628732005e+01,-1.707104783267e+00,8.993346613937e-02,9.606764718999e-06
1.914000000000e+00,1.181457371260e-01,-2.995131183880e+01,-2.009611384070e+01,-1.706834870504e+00,9.009476119554e-02,9.599474097294e-06
1.916000000000e+00,1.179246085431e-01,-2.997151787895e+01,-2.009594098869e+01,-1.706564824917e+00,9.025603286941e-02,9.592054423193e-06
1.918000000000e+00,1.177017575850e-01,-2.999172541338e+01,-2.009576876478e+01,-1.706294647631e+00,9.041728048770e-02,9.584483514910e-06
1.920000000000e+00,1.174771825379e-01,-3.001193435363e+01,-2.009559716978e+01,-1.706024339834e+00,9.057850337323e-02,9.576760154093e-06
1.922000000000e+00,1.172508817449e-01,-3.003214461125e+01,-2.009542620445e+01,-1.705753902670e+00,9.073970081458e-02,9.568891772035e-06
1.924000000000e+00,1.170228535910e-01,-3.005235609776e+01,-2.009525586946e+01,-1.705483337310e+00,9.090087213864e-02,9.560895546927e-06
1.926000000000e+00,1.167930964511e-01,-3.007256872477e+01,-2.009508616565e+01,-1.705212644911e+00,9.106201665115e-02,9.552739921055e-06
1.928000000000e+00,1.165616088090e-01,-3.009278240381e+01,-2.009491709365e+01,-1.704941826638e+00,9.122313367206e-02,9.544452527889e-06
1.930000000000e+00,1.163283890747e-01,-3.011299704665e+01,-2.009474865423e+01,-1.704670883650e+00,9.138422256596e-02,9.536017910576e-06
1.932000000000e+00,1.160934357933e-01,-3.013321256460e+01,-2.009458084803e+01,-1.704399817118e+00,9.154528255656e-02,9.527432369203e-06
1.934000000000e+00,1.158567474366e-01,-3.015342886944e+01,-2.009441367579e+01,-1.704128628211e+00,9.170631303435e-02,9.518704833247e-06
1.936000000000e+00,1.156183225968e-01,-3.017364587272e+01,-2.009424713812e+01,-1.703857318122e+00,9.186731331482e-02,9.509833138443e-06
1.938000000000e+00,1.153781598686e-01,-3.019386348612e+01,-2.009408123568e+01,-1.703585887964e+00,9.202828268646e-02,9.500833523608e-06
1.940000000000e+00,1.151362578807e-01,-3.021408162125e+01,-2.009391596915e+01,-1.703314338980e+00,9.218922049675e-02,9.491674512111e-06
1.942000000000e+00,1.148926153312e-01,-3.023430018975e+01,-2.009375133912e+01,-1.703042672298e+00,9.235012604091e-02,9.482363592572e-06
1.944000000000e+00,1.146472308397e-01,-3.025451910328e+01,-2.009358734621e+01,-1.702770889109e+00,9.251099865968e-02,9.472916275314e-06
1.946000000000e+00,1.144001031817e-01,-3.027473827357e+01,-2.009342399102e+01,-1.702498990573e+00,9.267183768411e-02,9.463322893544e-06
1.948000000000e+00,1.141512311503e-01,-3.029495761222e+01,-2.009326127412e+01,-1.702226977902e+00,9.283264240145e-02,9.453576195541e-06
1.950000000000e+00,1.139006134852e-01,-3.031517703106e+01,-2.009309919612e+01,-1.701954852267e+00,9.299341217368e-02,9.443703617417e-06
1.952000000000e+00,1.136482490425e-01,-3.033539644179e+01,-2.009293775757e+01,-1.701682614832e+00,9.315414632800e-02,9.433674815758e-06
1.954000000000e+00,1.133941366399e-01,-3.035561575602e+01,-2.009277695901e+01,-1.701410266783e+00,9.331484415060e-02,9.423473336973e-06
1.956000000000e+00,1.131382752100e-01,-3.037583488562e+01,-2.009261680098e+01,-1.701137809336e+00,9.347550499041e-02,9.413160702509e-06
1.958000000000e+00,1.128806637145e-01,-3.039605374242e+01,-2.009245728397e+01,-1.700865243637e+00,9.363612818801e-02,9.402684630567e-06
1.960000000000e+00,1.126213010942e-01,-3.041627223813e+01,-2.009229840850e+01,-1.700592570890e+00,9.379671306017e-02,9.392080400557e-06
1.962000000000e+00,1.123601863194e-01,-3.043649028459e+01,-2.009214017507e+01,-1.700319792289e+00,9.395725893002e-02,9.381317082590e-06
1.964000000000e+00,1.120973184479e-01,-3.045670779367e+01,-2.009198258419e+01,-1.700046909020e+00,9.411776513758e-02,9.370411711807e-06
1.966000000000e+00,1.118326966006e-01,-3.047692467726e+01,-2.009182563628e+01,-1.699773922273e+00,9.427823100595e-02,9.359365313571e-06
1.968000000000e+00,1.115663198270e-01,-3.049714084715e+01,-2.009166933183e+01,-1.699500833247e+00,9.443865586829e-02,9.348164950052e-06
1.970000000000e+00,1.112981872143e-01,-3.051735621530e+01,-2.009151367126e+01,-1.699227643115e+00,9.459903906776e-02,9.336814469503e-06
1.972000000000e+00,1.110282980371e-01,-3.053757069363e+01,-2.009135865499e+01,-1.698954353112e+00,9.475937993062e-02,9.325334303668e-06
1.974000000000e+00,1.107566514247e-01,-3.055778419405e+01,-2.009120428343e+01,-1.698680964393e+00,9.491967777174e-02,9.313681745828e-06
1.976000000000e+00,1.104832467233e-01,-3.057799662866e+01,-2.009105055700e+01,-1.698407478176e+00,9.507993194288e-02,9.301904103823e-06
1.978000000000e+00,1.102080831004e-01,-3.059820790934e+01,-2.009089747606e+01,-1.698133895652e+00,9.524014180332e-02,9.289964009096e-06
1.980000000000e+00,1.099311599163e-01,-3.061841794818e+01,-2.009074504104e+01,-1.697860218058e+00,9.540030663557e-02,9.277897076593e-06
1.982000000000e+00,1.096524765219e-01,-3.063862665719e+01,-2.009059325224e+01,-1.697586446548e+00,9.556042582803e-02,9.265660681395e-06
1.984000000000e+00,1.093720323118e-01,-3.065883394854e+01,-2.009044211003e+01,-1.697312582346e+00,9.572049869804e-02,9.253289020299e-06
1.986000000000e+00,1.090898266667e-01,-3.067903973426e+01,-2.009029161477e+01,-1.697038626652e+00,9.588052456235e-02,9.240759671464e-06
1.988000000000e+00,1.088058590993e-01,-3.069924392648e+01,-2.009014176671e+01,-1.696764580685e+00,9.604050281226e-02,9.228091210849e-06
1.990000000000e+00,1.085201290698e-01,-3.071944643746e+01,-2.008999256620e+01,-1.696490445627e+00,9.620043274660e-02,9.215289541148e-06
1.992000000000e+00,1.082326361344e-01,-3.073964717936e+01,-2.008984401355e+01,-1.696216222699e+00,9.636031370356e-02,9.202309279179e-06
1.994000000000e+00,1.079433798519e-01,-3.075984606434e+01,-2.008969610901e+01,-1.695941913123e+00,9.652014505226e-02,9.189207926120e-06
1.996000000000e+00,1.076523597651e-01,-3.078004300479e+01,-2.008954885288e+01,-1.695667518092e+00,9.667992613786e-02,9.175941674530e-06
1.998000000000e+00,1.073595755983e-01,-3.080023791292e+01,-2.008940224534e+01,-1.695393038812e+00,9.683965629686e-02,9.162544518117e-06
2.000000000000e+00,1.070650269808e-01,-3.082043070105e+01,-2.008925628671e+01,-1.695118476537e+00,9.699933485645e-02,9.148988884516e-06
2.002000000000e+00,1.067687136262e-01,-3.084062128153e+01,-2.008911097717e+01,-1.694843832440e+00,9.715896117224e-02,9.135288306337e-06
2.004000000000e+00,1.064706353156e-01,-3.086080956685e+01,-2.008896631695e+01,-1.694569107737e+00,9.731853460306e-02,9.121439246885e-06
2.006000000000e+00,1.061707917677e-01,-3.088099546936e+01,-2.008882230624e+01,-1.694294303651e+00,9.747805449005e-02,9.107437166968e-06
2.008000000000e+00,1.058691828963e-01,-3.090117890153e+01,-2.008867894523e+01,-1.694019421430e+00,9.763752018165e-02,9.093296126415e-06
2.010000000000e+00,1.055658084465e-01,-3.092135977589e+01,-2.008853623411e+01,-1.693744462238e+00,9.779693102136e-02,9.078996350926e-06
2.012000000000e+00,1.052606684089e-01,-3.094153800500e+01,-2.008839417303e+01,-1.693469427340e+00,9.795628637726e-02,9.064558981538e-06
2.014000000000e+00,1.049537627056e-01,-3.096171350138e+01,-2.008825276209e+01,-1.693194317931e+00,9.811558559273e-02,9.049968441391e-06
2.016000000000e+00,1.046450912646e-01,-3.098188617766e+01,-2.008811200146e+01,-1.692919135238e+00,9.827482802206e-02,9.035232044741e-06
2.018000000000e+00,1.043346541063e-01,-3.100205594650e+01,-2.008797189129e+01,-1.692643880499e+00,9.843401300393e-02,9.020348266350e-06
2.020000000000e+00,1.040224513076e-01,-3.102222272058e+01,-2.008783243163e+01,-1.692368554904e+00,9.859313989892e-02,9.005315450204e-06
2.022000000000e+00,1.037084829387e-01,-3.104238641268e+01,-2.008769362259e+01,-1.692093159719e+00,9.875220808348e-02,8.990127713806e-06
2.024000000000e+00,1.033927490870e-01,-3.106254693548e+01,-2.008755546427e+01,-1.691817696141e+00,9.891121688321e-02,8.974798300533e-06
2.026000000000e+00,1.030752499366e-01,-3.108270420193e+01,-2.008741795672e+01,-1.691542165409e+00,9.907016568377e-02,8.959322424210e-06
2.028000000000e+00,1.027559856939e-01,-3.110285812479e+01,-2.008728109996e+01,-1.691266568730e+00,9.922905383655e-02,8.943695979963e-06
2.030000000000e+00,1.024349565785e-01,-3.112300861701e+01,-2.008714489411e+01,-1.690990907362e+00,9.938788067252e-02,8.927923912877e-06
2.032000000000e+00,1.021121628802e-01,-3.114315559147e+01,-2.008700933908e+01,-1.690715182514e+00,9.954664559434e-02,8.912002450322e-06
2.034000000000e+00,1.017876048964e-01,-3.116329896118e+01,-2.008687443497e+01,-1.690439395429e+00,9.970534793792e-02,8.895927997568e-06
2.036000000000e+00,1.014612829767e-01,-3.118343863926e+01,-2.008674018176e+01,-1.690163547338e+00,9.986398708019e-02,8.879715381931e-06
2.038000000000e+00,1.011331974742e-01,-3.120357453868e+01,-2.008660657942e+01,-1.689887639470e+00,1.000225623626e-01,8.863350361504e-06
2.040000000000e+00,1.008033489114e-01,-3.122370657264e+01,-2.008647362791e+01,-1.689611673047e+00,1.001810731861e-01,8.846835743924e-06
2.042000000000e+00,1.004717376603e-01,-3.124383465425e+01,-2.008634132723e+01,-1.689335649330e+00,1.003395188734e-01,8.830175377666e-06
2.044000000000e+00,1.001383642828e-01,-3.126395869678e+01,-2.008620967730e+01,-1.689059569536e+00,1.004978988291e-01,8.813356853926e-06
2.046000000000e+00,9.980322922949e-02,-3.128407861347e+01,-2.008607867806e+01,-1.688783434902e+00,1.006562123945e-01,8.796400412591e-06
2.048000000000e+00,9.946633320983e-02,-3.130419431759e+01,-2.008594832936e+01,-1.688507246673e+00,1.008144589499e-01,8.779294619628e-06
2.050000000000e+00,9.912767674126e-02,-3.132430572266e+01,-2.008581863121e+01,-1.688231006067e+00,1.009726378676e-01,8.762047017242e-06
2.052000000000e+00,9.878726052879e-02,-3.134441274192e+01,-2.008568958344e+01,-1.687954714338e+00,1.011307485111e-01,8.744642647197e-06
2.054000000000e+00,9.844508527301e-02,-3.136451528895e+01,-2.008556118595e+01,-1.687678372734e+00,1.012887902552e-01,8.727088350450e-06
2.056000000000e+00,9.810115170712e-02,-3.138461327721e+01,-2.008543343858e+01,-1.687401982480e+00,1.014467624650e-01,8.709382328742e-06
2.058000000000e+00,9.775546054501e-02,-3.140470662030e+01,-2.008530634124e+01,-1.687125544827e+00,1.016046645152e-01,8.691540723887e-06
2.060000000000e+00,9.740801269314e-02,-3.142479523184e+01,-2.008517989366e+01,-1.686849061005e+00,1.017624958130e-01,8.673548791458e-06
2.062000000000e+00,9.705880896927e-02,-3.144487902552e+01,-2.008505409578e+01,-1.686572532287e+00,1.019202556961e-01,8.655408182875e-06
2.064000000000e+00,9.670785022407e-02,-3.146495791504e+01,-2.008492894733e+01,-1.686295959870e+00,1.020779435333e-01,8.637117864963e-06
2.066000000000e+00,9.635513748290e-02,-3.148503181419e+01,-2.008480444815e+01,-1.686019345040e+00,1.022355587582e-01,8.618680550107e-06
2.068000000000e+00,9.600067164907e-02,-3.150510063686e+01,-2.008468059798e+01,-1.685742688994e+00,1.023931007075e-01,8.600096507965e-06
2.070000000000e+00,9.564445369277e-02,-3.152516429685e+01,-2.008455739668e+01,-1.685465993024e+00,1.025505687578e-01,8.581353659250e-06
2.072000000000e+00,9.528648477502e-02,-3.154522270822e+01,-2.008443484391e+01,-1.685189258363e+00,1.027079623004e-01,8.562483630078e-06
2.074000000000e+00,9.492676594995e-02,-3.156527578495e+01,-2.008431293946e+01,-1.684912486246e+00,1.028652807342e-01,8.543445505570e-06
2.076000000000e+00,9.456529828088e-02,-3.158532344104e+01,-2.008419168308e+01,-1.684635677950e+00,1.030225234206e-01,8.524274073627e-06
2.078000000000e+00,9.420208304394e-02,-3.160536559067e+01,-2.008407107444e+01,-1.684358834689e+00,1.031796897579e-01,8.504942528922e-06
2.080000000000e+00,9.383712138459e-02,-3.162540214806e+01,-2.008395111325e+01,-1.684081957727e+00,1.033367791160e-01,8.485472327966e-06
2.082000000000e+00,9.347041452930e-02,-3.164543302741e+01,-2.008383179926e+01,-1.683805048316e+00,1.034937909196e-01,8.465867777070e-06
2.084000000000e+00,9.310196382732e-02,-3.166545814298e+01,-2.008371313210e+01,-1.683528107703e+00,1.036507244836e-01,8.446081458737e-06
2.086000000000e+00,9.273177059321e-02,-3.168547740929e+01,-2.008359511144e+01,-1.683251137134e+00,1.038075792646e-01,8.426177408795e-06
2.088000000000e+00,9.235983620144e-02,-3.170549074063e+01,-2.008347773694e+01,-1.682974137878e+00,1.039643546447e-01,8.406114138507e-06
2.090000000000e+00,9.198616205157e-02,-3.172549805156e+01,-2.008336100823e+01,-1.682697111178e+00,1.041210499904e-01,8.385913960187e-06
2.092000000000e+00,9.161074960765e-02,-3.174549925662e+01,-2.008324492494e+01,-1.682420058281e+00,1.042776647165e-01,8.365555602888e-06
2.094000000000e+00,9.123360032522e-02,-3.176549427040e+01,-2.008312948667e+01,-1.682142980440e+00,1.044341981977e-01,8.345062549449e-06
2.096000000000e+00,9.085471580444e-02,-3.178548300765e+01,-2.008301469305e+01,-1.681865878922e+00,1.045906498392e-01,8.324414687146e-06
2.098000000000e+00,9.047409754532e-02,-3.180546538300e+01,-2.008290054366e+01,-1.681588754962e+00,1.047470190189e-01,8.303621486430e-06
2.100000000000e+00,9.009174722268e-02,-3.182544131139e+01,-2.008278703803e+01,-1.681311609848e+00,1.049033051755e-01,8.282675325725e-06
2.102000000000e+00,8.970766645674e-02,-3.184541070764e+01,-2.008267417575e+01,-1.681034444794e+00,1.050595076748e-01,8.261588504233e-06
2.104000000000e+00,8.932185694390e-02,-3.186537348676e+01,-2.008256195642e+01,-1.680757261088e+00,1.052156259223e-01,8.240357987953e-06
2.106000000000e+00,8.893432042497e-02,-3.188532956361e+01,-2.008245037947e+01,-1.680480059993e+00,1.053716593331e-01,8.218974285668e-06
2.108000000000e+00,8.854505866994e-02,-3.190527885346e+01,-2.008233944450e+01,-1.680202842723e+00,1.055276072734e-01,8.197454390711e-06
2.110000000000e+00,8.815407358483e-02,-3.192522127132e+01,-2.008222915094e+01,-1.679925610566e+00,1.056834691957e-01,8.175780797850e-06
2.112000000000e+00,8.776136687728e-02,-3.194515673246e+01,-2.008211949839e+01,-1.679648364797e+00,1.058392444475e-01,8.153959713187e-06
2.114000000000e+00,8.736694051912e-02,-3.196508515221e+01,-2.008201048625e+01,-1.679371106626e+00,1.059949324983e-01,8.131991907062e-06
2.116000000000e+00,8.697079645312e-02,-3.198500644588e+01,-2.008190211402e+01,-1.679093837369e+00,1.061505326959e-01,8.109898064186e-06
2.118000000000e+00,8.657293669203e-02,-3.200492052892e+01,-2.008179438114e+01,-1.678816558238e+00,1.063060444740e-01,8.087624567866e-06
2.120000000000e+00,8.617336319134e-02,-3.202482731686e+01,-2.008168728705e+01,-1.678539270512e+00,1.064614672663e-01,8.065232340726e-06
2.122000000000e+00,8.577207805534e-02,-3.204472672523e+01,-2.008158083121e+01,-1.678261975450e+00,1.066168004310e-01,8.042686678578e-06
2.124000000000e+00,8.536908335422e-02,-3.206461866963e+01,-2.008147501302e+01,-1.677984674339e+00,1.067720434147e-01,8.019997048852e-06
2.126000000000e+00,8.496438127657e-02,-3.208450306588e+01,-2.008136983185e+01,-1.677707368383e+00,1.069271956298e-01,7.997150436747e-06
2.128000000000e+00,8.455797399547e-02,-3.210437982981e+01,-2.008126528714e+01,-1.677430058897e+00,1.070822564728e-01,7.974180888763e-06
2.130000000000e+00,8.414986373414e-02,-3.212424887719e+01,-2.008116137824e+01,-1.677152747115e+00,1.072372253742e-01,7.951056079464e-06
2.132000000000e+00,8.374005275361e-02,-3.214411012396e+01,-2.008105810451e+01,-1.676875434293e+00,1.073921017379e-01,7.927786905421e-06
2.134000000000e+00,8.332854334431e-02,-3.216396348621e+01,-2.008095546534e+01,-1.676598121737e+00,1.075468849861e-01,7.904368564748e-06
2.136000000000e+00,8.291533796098e-02,-3.218380888004e+01,-2.008085346001e+01,-1.676320810666e+00,1.077015745435e-01,7.880823837792e-06
2.138000000000e+00,8.250043887808e-02,-3.220364622163e+01,-2.008075208789e+01,-1.676043502343e+00,1.078561698284e-01,7.857112668149e-06
2.140000000000e+00,8.208384860160e-02,-3.222347542717e+01,-2.008065134828e+01,-1.675766198063e+00,1.080106702577e-01,7.833265364960e-06
2.142000000000e+00,8.166556953002e-02,-3.224329641307e+01,-2.008055124048e+01,-1.675488899057e+00,1.081650752522e-01,7.809278709367e-06
2.144000000000e+00,8.124560428862e-02,-3.226310909569e+01,-2.008045176379e+01,-1.675211606628e+00,1.083193842552e-01,7.785147203862e-06
2.146000000000e+00,8.082395532056e-02,-3.228291339154e+01,-2.008035291747e+01,-1.674934321996e+00,1.084735966590e-01,7.760865649830e-06
2.148000000000e+00,8.040062533162e-02,-3.230270921717e+01,-2.008025470078e+01,-1.674657046455e+00,1.086277119236e-01,7.736438704077e-06
2.150000000000e+00,7.997561692039e-02,-3.232249648932e+01,-2.008015711297e+01,-1.674379781263e+00,1.087817294464e-01,7.711884221538e-06
2.152000000000e+00,7.954893280208e-02,-3.234227512466e+01,-2.008006015328e+01,-1.674102527687e+00,1.089356486694e-01,7.687179000310e-06
2.154000000000e+00,7.912057561318e-02,-3.236204503991e+01,-2.007996382093e+01,-1.673825286983e+00,1.090894690150e-01,7.662318526472e-06
2.156000000000e+00,7.869054821218e-02,-3.238180615219e+01,-2.007986811512e+01,-1.673548060428e+00,1.092431899439e-01,7.637335884067e-06
2.158000000000e+00,7.825885337187e-02,-3.240155837834e+01,-2.007977303510e+01,-1.673270849269e+00,1.093968108593e-01,7.612200095862e-06
2.160000000000e+00,7.782549393019e-02,-3.242130163542e+01,-2.007967857999e+01,-1.672993654807e+00,1.095503311876e-01,7.586931278891e-06
2.162000000000e+00,7.739047281572e-02,-3.244103584064e+01,-2.007958474901e+01,-1.672716478259e+00,1.097037503945e-01,7.561507021591e-06
2.164000000000e+00,7.695379290642e-02,-3.246076091122e+01,-2.007949154133e+01,-1.672439320945e+00,1.098570679047e-01,7.535951342574e-06
2.166000000000e+00,7.651545728613e-02,-3.248047676447e+01,-2.007939895601e+01,-1.672162184081e+00,1.100102831406e-01,7.510244750241e-06
2.168000000000e+00,7.607546884362e-02,-3.250018331780e+01,-2.007930699226e+01,-1.671885068958e+00,1.101633955559e-01,7.484406787154e-06
2.170000000000e+00,7.563383075091e-02,-3.251988048870e+01,-2.007921564918e+01,-1.671607976859e+00,1.103164045979e-01,7.458422301880e-06
2.172000000000e+00,7.519054602614e-02,-3.253956819480e+01,-2.007912492591e+01,-1.671330909011e+00,1.104693096780e-01,7.432300176967e-06
2.174000000000e+00,7.474561784615e-02,-3.255924635373e+01,-2.007903482152e+01,-1.671053866710e+00,1.106221102810e-01,7.406030981866e-06
2.176000000000e+00,7.429904935254e-02,-3.257891488324e+01,-2.007894533509e+01,-1.670776851202e+00,1.107748058265e-01,7.379627911794e-06
2.178000000000e+00,7.385084385346e-02,-3.259857370120e+01,-2.007885646575e+01,-1.670499863802e+00,1.109273957508e-01,7.353076856793e-06
2.180000000000e+00,7.340100458815e-02,-3.261822272554e+01,-2.007876821244e+01,-1.670222905713e+00,1.110798795151e-01,7.326399918404e-06
2.182000000000e+00,7.294953486377e-02,-3.263786187431e+01,-2.007868057431e+01,-1.669945978230e+00,1.112322565751e-01,7.299568995769e-06
2.184000000000e+00,7.249643798549e-02,-3.265749106559e+01,-2.007859355036e+01,-1.669669082617e+00,1.113845263681e-01,7.272613485645e-06
2.186000000000e+00,7.204171744180e-02,-3.267711021766e+01,-2.007850713962e+01,-1.669392220159e+00,1.115366883540e-01,7.245512937034e-06
2.188000000000e+00,7.158537658155e-02,-3.269671924873e+01,-2.007842134109e+01,-1.669115392092e+00,1.116887419604e-01,7.218264312265e-06
2.190000000000e+00,7.112741894220e-02,-3.271631807725e+01,-2.007833615379e+01,-1.668838599699e+00,1.118406866820e-01,7.190876947342e-06
2.192000000000e+00,7.066784799395e-02,-3.273590662175e+01,-2.007825157671e+01,-1.668561844256e+00,1.119925219213e-01,7.163366207053e-06
2.194000000000e+00,7.020666736910e-02,-3.275548480078e+01,-2.007816760878e+01,-1.668285127001e+00,1.121442471921e-01,7.135689765439e-06
2.196000000000e+00,6.974388058111e-02,-3.277505253295e+01,-2.007808424899e+01,-1.668008449239e+00,1.122958619147e-01,7.107899139199e-06
2.198000000000e+00,6.927949133133e-02,-3.279460973710e+01,-2.007800149631e+01,-1.667731812213e+00,1.124473655479e-01,7.079973732749e-06
2.200000000000e+00,6.881350332624e-02,-3.281415633211e+01,-2.007791934964e+01,-1.667455217185e+00,1.125987575759e-01,7.051883438091e-06
2.202000000000e+00,6.834592026631e-02,-3.283369223692e+01,-2.007783780791e+01,-1.667178665424e+00,1.127500374339e-01,7.023678209111e-06
2.204000000000e+00,6.787674590087e-02,-3.285321737056e+01,-2.007775687005e+01,-1.666902158218e+00,1.129012045955e-01,6.995338405098e-06
2.206000000000e+00,6.740598408185e-02,-3.287273165228e+01,-2.007767653496e+01,-1.666625696811e+00,1.130522585451e-01,6.966856028421e-06
2.208000000000e+00,6.693363867104e-02,-3.289223500124e+01,-2.007759680150e+01,-1.666349282443e+00,1.132031987136e-01,6.938225388921e-06
2.210000000000e+00,6.645971355432e-02,-3.291172733685e+01,-2.007751766857e+01,-1.666072916453e+00,1.133540245828e-01,6.909477253184e-06
2.212000000000e+00,6.598421266374e-02,-3.293120857856e+01,-2.007743913505e+01,-1.665796600046e+00,1.135047356127e-01,6.880582097101e-06
2.214000000000e+00,6.550713996590e-02,-3.295067864582e+01,-2.007736119973e+01,-1.665520334500e+00,1.136553312919e-01,6.851559243699e-06
2.216000000000e+00,6.502849951430e-02,-3.297013745850e+01,-2.007728386155e+01,-1.665244121103e+00,1.138058110886e-01,6.822396049407e-06
2.218000000000e+00,6.454829534430e-02,-3.298958493614e+01,-2.007720711923e+01,-1.664967961101e+00,1.139561744706e-01,6.793092921561e-06
2.220000000000e+00,6.406653159898e-02,-3.300902099868e+01,-2.007713097168e+01,-1.664691855752e+00,1.141064208917e-01,6.763653190561e-06
2.222000000000e+00,6.358321242518e-02,-3.302844556607e+01,-2.007705541764e+01,-1.664415806338e+00,1.142565498557e-01,6.734087899013e-06
2.224000000000e+00,6.309834196643e-02,-3.304785855839e+01,-2.007698045592e+01,-1.664139814100e+00,1.144065608216e-01,6.704383271636e-06
2.226000000000e+00,6.261192450372e-02,-3.306725989577e+01,-2.007690608530e+01,-1.663863880328e+00,1.145564532866e-01,6.674546712746e-06
2.228000000000e+00,6.212396426253e-02,-3.308664949847e+01,-2.007683230457e+01,-1.663588006274e+00,1.147062267039e-01,6.644581727385e-06
2.230000000000e+00,6.163446561393e-02,-3.310602728689e+01,-2.007675911247e+01,-1.663312193207e+00,1.148558805767e-01,6.614474822426e-06
2.232000000000e+00,6.114343289401e-02,-3.312539318143e+01,-2.007668650769e+01,-1.663036442372e+00,1.150054143776e-01,6.584241716332e-06
2.234000000000e+00,6.065087050242e-02,-3.314474710279e+01,-2.007661448906e+01,-1.662760755049e+00,1.151548276054e-01,6.553874630369e-06
2.236000000000e+00,6.015678288060e-02,-3.316408897154e+01,-2.007654305526e+01,-1.662485132515e+00,1.153041197056e-01,6.523368526985e-06
2.238000000000e+00,5.966117451884e-02,-3.318341870851e+01,-2.007647220499e+01,-1.662209576004e+00,1.154532901973e-01,6.492738936960e-06
2.240000000000e+00,5.916404988760e-02,-3.320273623460e+01,-2.007640193698e+01,-1.661934086800e+00,1.156023385775e-01,6.461970201366e-06
2.242000000000e+00,5.866541363814e-02,-3.322204147083e+01,-2.007633224988e+01,-1.661658666128e+00,1.157512643065e-01,6.431082900474e-06
2.244000000000e+00,5.816527035399e-02,-3.324133433823e+01,-2.007626314235e+01,-1.661383315288e+00,1.159000668799e-01,6.400053062958e-06
2.246000000000e+00,5.766362464510e-02,-3.326061475805e+01,-2.007619461307e+01,-1.661108035536e+00,1.160487458168e-01,6.368890192640e-06
2.248000000000e+00,5.716048121322e-02,-3.327988265169e+01,-2.007612666075e+01,-1.660832828101e+00,1.161973005717e-01,6.337603405768e-06
2.250000000000e+00,5.665584482062e-02,-3.329913794050e+01,-2.007605928397e+01,-1.660557694291e+00,1.163457306738e-01,6.306187347587e-06
2.252000000000e+00,5.614972023649e-02,-3.331838054606e+01,-2.007599248135e+01,-1.660282635320e+00,1.164940355908e-01,6.274634352555e-06
2.254000000000e+00,5.564211222937e-02,-3.333761039002e+01,-2.007592625155e+01,-1.660007652489e+00,1.166422148408e-01,6.242965212553e-06
2.256000000000e+00,5.513302570021e-02,-3.335682739414e+01,-2.007586059313e+01,-1.659732747006e+00,1.167902679274e-01,6.211156849048e-06
2.258000000000e+00,5.462246556409e-02,-3.337603148030e+01,-2.007579550473e+01,-1.659457920180e+00,1.169381943253e-01,6.179218128117e-06
2.260000000000e+00,5.411043672286e-02,-3.339522257044e+01,-2.007573098488e+01,-1.659183173246e+00,1.170859935643e-01,6.147149797244e-06
2.262000000000e+00,5.359694416287e-02,-3.341440058676e+01,-2.007566703221e+01,-1.658908507457e+00,1.172336651282e-01,6.114953713076e-06
2.264000000000e+00,5.308199292294e-02,-3.343356545142e+01,-2.007560364524e+01,-1.658633924090e+00,1.173812085331e-01,6.082637928822e-06
2.266000000000e+00,5.256558803064e-02,-3.345271708675e+01,-2.007554082254e+01,-1.658359424361e+00,1.175286232832e-01,6.050192751251e-06
2.268000000000e+00,5.204773463877e-02,-3.347185541519e+01,-2.007547856265e+01,-1.658085009562e+00,1.176759088826e-01,6.017615933201e-06
2.270000000000e+00,5.152843787575e-02,-3.349098035926e+01,-2.007541686405e+01,-1.657810680933e+00,1.178230648348e-01,5.984920964529e-06
2.272000000000e+00,5.100770291485e-02,-3.351009184166e+01,-2.007535572529e+01,-1.657536439755e+00,1.179700906657e-01,5.952090178526e-06
2.274000000000e+00,5.048553499591e-02,-3.352918978521e+01,-2.007529514490e+01,-1.657262287241e+00,1.181169858790e-01,5.919136494371e-06
2.276000000000e+00,4.996193939247e-02,-3.354827411275e+01,-2.007523512133e+01,-1.656988224666e+00,1.182637499824e-01,5.886060936190e-06
2.278000000000e+00,4.943692138382e-02,-3.356734474731e+01,-2.007517565307e+01,-1.656714253292e+00,1.184103825274e-01,5.852861663079e-06
2.280000000000e+00,4.891048638660e-02,-3.358640161209e+01,-2.007511673861e+01,-1.656440374343e+00,1.185568829624e-01,5.819530177582e-06
2.282000000000e+00,4.838263969529e-02,-3.360544463022e+01,-2.007505837642e+01,-1.656166589098e+00,1.187032508559e-01,5.786082588469e-06
2.284000000000e+00,4.785338684432e-02,-3.362447372518e+01,-2.007500056489e+01,-1.655892898798e+00,1.188494857252e-01,5.752503689675e-06
2.286000000000e+00,4.732273323128e-02,-3.364348882043e+01,-2.007494330253e+01,-1.655619304696e+00,1.189955870776e-01,5.718807419125e-06
2.288000000000e+00,4.679068439616e-02,-3.366248983949e+01,-2.007488658770e+01,-1.655345808034e+00,1.191415544288e-01,5.684990705786e-06
2.290000000000e+00,4.625724593445e-02,-3.368147670623e+01,-2.007483041885e+01,-1.655072410078e+00,1.192873873409e-01,5.651041141555e-06
2.292000000000e+00,4.572242335802e-02,-3.370044934438e+01,-2.007477479440e+01,-1.654799112063e+00,1.194330853028e-01,5.616979067486e-06
2.294000000000e+00,4.518622238011e-02,-3.371940767794e+01,-2.007471971269e+01,-1.654525915225e+00,1.195786478319e-01,5.582786321013e-06
2.296000000000e+00,4.464864863049e-02,-3.373835163106e+01,-2.007466517219e+01,-1.654252820842e+00,1.197240744922e-01,5.548485654681e-06
2.298000000000e+00,4.410970783545e-02,-3.375728112785e+01,-2.007461117121e+01,-1.653979830131e+00,1.198693647900e-01,5.514042145162e-06
2.300000000000e+00,4.356940577847e-02,-3.377619609270e+01,-2.007455770809e+01,-1.653706944362e+00,1.200145182731e-01,5.479498075574e-06
2.302000000000e+00,4.302774818940e-02,-3.379509645002e+01,-2.007450478125e+01,-1.653434164759e+00,1.201595344594e-01,5.444824738171e-06
2.304000000000e+00,4.248474101419e-02,-3.381398212440e+01,-2.007445238900e+01,-1.653161492573e+00,1.203044128760e-01,5.410029286313e-06
2.306000000000e+00,4.194039003531e-02,-3.383285304060e+01,-2.007440052964e+01,-1.652888929053e+00,1.204491530848e-01,5.375115741112e-06
2.308000000000e+00,4.139470120210e-02,-3.385170912335e+01,-2.007434920155e+01,-1.652616475440e+00,1.205937545978e-01,5.340090566519e-06
2.310000000000e+00,4.084768049703e-02,-3.387055029765e+01,-2.007429840296e+01,-1.652344132974e+00,1.207382169816e-01,5.304951394154e-06
2.312000000000e+00,4.029933387629e-02,-3.388937648850e+01,-2.007424813225e+01,-1.652071902913e+00,1.208825397430e-01,5.269683017786e-06
2.314000000000e+00,3.974966738789e-02,-3.390818762122e+01,-2.007419838768e+01,-1.651799786471e+00,1.210267224498e-01,5.234290761337e-06
2.316000000000e+00,3.919868715267e-02,-3.392698362102e+01,-2.007414916748e+01,-1.651527784884e+00,1.211707646401e-01,5.198785335156e-06
2.318000000000e+00,3.864639924435e-02,-3.394576441342e+01,-2.007410046996e+01,-1.651255899403e+00,1.213146658441e-01,5.163173595507e-06
2.320000000000e+00,3.809280982482e-02,-3.396452992392e+01,-2.007405229337e+01,-1.650984131279e+00,1.214584256237e-01,5.127436792748e-06
2.322000000000e+00,3.753792510143e-02,-3.398328007833e+01,-2.007400463595e+01,-1.650712481729e+00,1.216020435232e-01,5.091592658173e-06
2.324000000000e+00,3.698175133636e-02,-3.400201480236e+01,-2.007395749596e+01,-1.650440952017e+00,1.217455190985e-01,5.055633639124e-06
2.326000000000e+00,3.642429472334e-02,-3.402073402205e+01,-2.007391087160e+01,-1.650169543333e+00,1.218888518889e-01,5.019545428846e-06
2.328000000000e+00,3.586556167326e-02,-3.403943766346e+01,-2.007386476112e+01,-1.649898256948e+00,1.220320414412e-01,4.983348139437e-06
2.330000000000e+00,3.530555847188e-02,-3.405812565276e+01,-2.007381916266e+01,-1.649627094069e+00,1.221750873214e-01,4.947044329380e-06
2.332000000000e+00,3.474429155069e-02,-3.407679791639e+01,-2.007377407451e+01,-1.649356055952e+00,1.223179890787e-01,4.910619382973e-06
2.334000000000e+00,3.418176737877e-02,-3.409545438069e+01,-2.007372949471e+01,-1.649085143822e+00,1.224607462669e-01,4.874089367568e-06
2.336000000000e+00,3.361799233424e-02,-3.411409497244e+01,-2.007368542160e+01,-1.648814358899e+00,1.226033584676e-01,4.837440051612e-06
2.338000000000e+00,3.305297299603e-02,-3.413271961819e+01,-2.007364185324e+01,-1.648543702431e+00,1.227458252055e-01,4.800679587201e-06
2.340000000000e+00,3.248671587922e-02,-3.415132824489e+01,-2.007359878781e+01,-1.648273175633e+00,1.228881460682e-01,4.763810756693e-06
2.342000000000e+00,3.191922759877e-02,-3.416992077960e+01,-2.007355622346e+01,-1.648002779723e+00,1.230303206209e-01,4.726825514632e-06
2.344000000000e+00,3.135051474589e-02,-3.418849714930e+01,-2.007351415834e+01,-1.647732515964e+00,1.231723484043e-01,4.689738683380e-06
2.346000000000e+00,3.078058409242e-02,-3.420705728143e+01,-2.007347259055e+01,-1.647462385536e+00,1.233142289988e-01,4.652534439788e-06
2.348000000000e+00,3.020944221249e-02,-3.422560110328e+01,-2.007343151822e+01,-1.647192389675e+00,1.234559619767e-01,4.615210770579e-06
2.350000000000e+00,2.963709593976e-02,-3.424412854235e+01,-2.007339093944e+01,-1.646922529637e+00,1.235975468746e-01,4.577792896567e-06
2.352000000000e+00,2.906355196492e-02,-3.426263952635e+01,-2.007335085232e+01,-1.646652806620e+00,1.237389833154e-01,4.540266191859e-06
2.354000000000e+00,2.848881719040e-02,-3.428113398302e+01,-2.007331125491e+01,-1.646383221848e+00,1.238802708413e-01,4.502631971073e-06
2.356000000000e+00,2.791289846565e-02,-3.429961184042e+01,-2.007327214535e+01,-1.646113776520e+00,1.240214090275e-01,4.464869505555e-06
2.358000000000e+00,2.733580267592e-02,-3.431807302656e+01,-2.007323352166e+01,-1.645844471884e+00,1.241623974532e-01,4.427026942548e-06
2.360000000000e+00,2.675753672748e-02,-3.433651746953e+01,-2.007319538193e+01,-1.645575309166e+00,1.243032356829e-01,4.389063940494e-06
2.362000000000e+00,2.617810766484e-02,-3.435494509781e+01,-2.007315772415e+01,-1.645306289556e+00,1.244439233098e-01,4.350996384755e-06
2.364000000000e+00,2.559752242981e-02,-3.437335583983e+01,-2.007312054642e+01,-1.645037414285e+00,1.245844599197e-01,4.312829315853e-06
2.366000000000e+00,2.501578806889e-02,-3.439174962418e+01,-2.007308384674e+01,-1.644768684553e+00,1.247248450681e-01,4.274542176832e-06
2.368000000000e+00,2.443291170826e-02,-3.441012637960e+01,-2.007304762313e+01,-1.644500101587e+00,1.248650783517e-01,4.236166457407e-06
2.370000000000e+00,2.384890045959e-02,-3.442848603504e+01,-2.007301187360e+01,-1.644231666595e+00,1.250051593756e-01,4.197684954416e-06
2.372000000000e+00,2.326376148858e-02,-3.444682851947e+01,-2.007297659616e+01,-1.643963380792e+00,1.251450876872e-01,4.159099578175e-06
2.374000000000e+00,2.267750197681e-02,-3.446515376207e+01,-2.007294178880e+01,-1.643695245393e+00,1.252848628969e-01,4.120398793049e-06
2.376000000000e+00,2.209012920080e-02,-3.448346169212e+01,-2.007290744946e+01,-1.643427261600e+00,1.254244845872e-01,4.081607024268e-06
2.378000000000e+00,2.150165037893e-02,-3.450175223910e+01,-2.007287357617e+01,-1.643159430615e+00,1.255639523576e-01,4.042715835951e-06
2.380000000000e+00,2.091207284265e-02,-3.452002533257e+01,-2.007284016686e+01,-1.642891753647e+00,1.257032657960e-01,4.003705060891e-06
2.382000000000e+00,2.032140397668e-02,-3.453828090229e+01,-2.007280721951e+01,-1.642624231900e+00,1.258424244786e-01,3.964613605216e-06
2.384000000000e+00,1.972965109895e-02,-3.455651887804e+01,-2.007277473203e+01,-1.642356866600e+00,1.259814280296e-01,3.925405620643e-06
2.386000000000e+00,1.913682167195e-02,-3.457473918992e+01,-2.007274270238e+01,-1.642089658922e+00,1.261202760275e-01,3.886120996306e-06
2.388000000000e+00,1.854292314926e-02,-3.459294176798e+01,-2.007271112848e+01,-1.641822610092e+00,1.262589680805e-01,3.846715550929e-06
2.390000000000e+00,1.794796302906e-02,-3.461112654262e+01,-2.007268000824e+01,-1.641555721292e+00,1.263975037799e-01,3.807217301849e-06
2.392000000000e+00,1.735194883429e-02,-3.462929344414e+01,-2.007264933957e+01,-1.641288993707e+00,1.265358827284e-01,3.767626665073e-06
2.394000000000e+00,1.675488811504e-02,-3.464744240326e+01,-2.007261912041e+01,-1.641022428565e+00,1.266741045318e-01,3.727930550699e-06
2.396000000000e+00,1.615678850498e-02,-3.466557335060e+01,-2.007258934859e+01,-1.640756027051e+00,1.268121687950e-01,3.688139441111e-06
2.398000000000e+00,1.555765760535e-02,-3.468368621702e+01,-2.007256002201e+01,-1.640489790341e+00,1.269500751250e-01,3.648250065978e-06
2.400000000000e+00,1.495750311607e-02,-3.470178093354e+01,-2.007253113856e+01,-1.640223719668e+00,1.270878231229e-01,3.608273466659e-06
2.402000000000e+00,1.435633278047e-02,-3.471985743134e+01,-2.007250269610e+01,-1.639957816202e+00,1.272254124131e-01,3.568186611987e-06
2.404000000000e+00,1.375415427644e-02,-3.473791564165e+01,-2.007247469247e+01,-1.639692081132e+00,1.273628425814e-01,3.528017112463e-06
2.406000000000e+00,1.315097543852e-02,-3.475595549597e+01,-2.007244712553e+01,-1.639426515641e+00,1.275001132602e-01,3.487751397459e-06
2.408000000000e+00,1.254680406251e-02,-3.477397692582e+01,-2.007241999312e+01,-1.639161120943e+00,1.276372240622e-01,3.447381876483e-06
2.410000000000e+00,1.194164799448e-02,-3.479197986300e+01,-2.007239329306e+01,-1.638895898191e+00,1.277741745842e-01,3.406938639715e-06
2.412000000000e+00,1.133551518529e-02,-3.480996423941e+01,-2.007236702319e+01,-1.638630848602e+00,1.279109644802e-01,3.366391962164e-06
2.414000000000e+00,1.072841344901e-02,-3.482792998694e+01,-2.007234118130e+01,-1.638365973343e+00,1.280475933290e-01,3.325753109888e-06
2.416000000000e+00,1.012035082380e-02,-3.484587703789e+01,-2.007231576522e+01,-1.638101273600e+00,1.281840607751e-01,3.285021301833e-06
2.418000000000e+00,9.511335270209e-03,-3.486380532452e+01,-2.007229077271e+01,-1.637836750550e+00,1.283203664459e-01,3.244200515825e-06
2.420000000000e+00,8.901374835659e-03,-3.488171477928e+01,-2.007226620158e+01,-1.637572405391e+00,1.284565099466e-01,3.203299582634e-06
2.422000000000e+00,8.290477581710e-03,-3.489960533479e+01,-2.007224204961e+01,-1.637308239284e+00,1.285924908943e-01,3.162295059036e-06
2.424000000000e+00,7.678651586412e-03,-3.491747692386e+01,-2.007221831457e+01,-1.637044253393e+00,1.287283089416e-01,3.121203715570e-06
2.426000000000e+00,7.065904990576e-03,-3.493532947937e+01,-2.007219499423e+01,-1.636780448929e+00,1.288639636968e-01,3.080025447436e-06
2.428000000000e+00,6.452245962428e-03,-3.495316293440e+01,-2.007217208631e+01,-1.636516827029e+00,1.289994548156e-01,3.038766158731e-06
2.430000000000e+00,5.837682678974e-03,-3.497097722211e+01,-2.007214958859e+01,-1.636253388892e+00,1.291347819016e-01,2.997414987310e-06
2.432000000000e+00,5.222223423802e-03,-3.498877227592e+01,-2.007212749882e+01,-1.635990135674e+00,1.292699445933e-01,2.955962112407e-06
2.434000000000e+00,4.605876433234e-03,-3.500654802935e+01,-2.007210581468e+01,-1.635727068546e+00,1.294049425377e-01,2.914449406564e-06
2.436000000000e+00,3.988650009028e-03,-3.502430441598e+01,-2.007208453394e+01,-1.635464188685e+00,1.295397753410e-01,2.872837667981e-06
2.438000000000e+00,3.370552490486e-03,-3.504204136972e+01,-2.007206365429e+01,-1.635201497240e+00,1.296744426773e-01,2.831143921809e-06
2.440000000000e+00,2.751592238369e-03,-3.505975882447e+01,-2.007204317345e+01,-1.634938995416e+00,1.298089441726e-01,2.789368163357e-06
2.442000000000e+00,2.131777656116e-03,-3.507745671433e+01,-2.007202308909e+01,-1.634676684305e+00,1.299432794471e-01,2.747497084708e-06
2.444000000000e+00,1.511117205044e-03,-3.509513497371e+01,-2.007200339893e+01,-1.634414565135e+00,1.300774481835e-01,2.705561584075e-06
2.446000000000e+00,8.896193103223e-04,-3.511279353689e+01,-2.007198410065e+01,-1.634152639027e+00,1.302114499977e-01,2.663532402369e-06
2.448000000000e+00,2.672925164860e-04,-3.513043233850e+01,-2.007196519191e+01,-1.633890907161e+00,1.303452845414e-01,2.621426279393e-06
2.450000000000e+00,-3.558546820643e-04,-3.514805131326e+01,-2.007194667039e+01,-1.633629370688e+00,1.304789514642e-01,2.579229839255e-06
2.452000000000e+00,-9.798136977291e-04,-3.516565039607e+01,-2.007192853374e+01,-1.633368030753e+00,1.306124504081e-01,2.536962123171e-06
2.454000000000e+00,-1.604575963301e-03,-3.518322952193e+01,-2.007191077962e+01,-1.633106888528e+00,1.307457810233e-01,2.494614800295e-06
2.456000000000e+00,-2.230132806048e-03,-3.520078862610e+01,-2.007189340567e+01,-1.632845945131e+00,1.308789429825e-01,2.452186358171e-06
2.458000000000e+00,-2.856475536643e-03,-3.521832764387e+01,-2.007187640951e+01,-1.632585201763e+00,1.310119359048e-01,2.409683992336e-06
2.460000000000e+00,-3.483595551298e-03,-3.523584651078e+01,-2.007185978882e+01,-1.632324659522e+00,1.311447594682e-01,2.367099655152e-06
2.462000000000e+00,-4.111484047484e-03,-3.525334516247e+01,-2.007184354116e+01,-1.632064319580e+00,1.312774133406e-01,2.324438594719e-06
2.464000000000e+00,-4.740132306514e-03,-3.527082353476e+01,-2.007182766421e+01,-1.631804183079e+00,1.314098971306e-01,2.281697795567e-06
2.466000000000e+00,-5.369531530303e-03,-3.528828156359e+01,-2.007181215552e+01,-1.631544251167e+00,1.315422105661e-01,2.238885519498e-06
2.468000000000e+00,-5.999672873869e-03,-3.530571918514e+01,-2.007179701268e+01,-1.631284524964e+00,1.316743532505e-01,2.196001939027e-06
2.470000000000e+00,-6.630547516386e-03,-3.532313633570e+01,-2.007178223336e+01,-1.631025005629e+00,1.318063248880e-01,2.153038136724e-06
2.472000000000e+00,-7.262146547962e-03,-3.534053295162e+01,-2.007176781508e+01,-1.630765694299e+00,1.319381251107e-01,2.109998747549e-06
2.474000000000e+00,-7.894461069168e-03,-3.535790896963e+01,-2.007175375545e+01,-1.630506592114e+00,1.320697536027e-01,2.066895451100e-06
2.476000000000e+00,-8.527482122315e-03,-3.537526432637e+01,-2.007174005200e+01,-1.630247700176e+00,1.322012100286e-01,2.023699837430e-06
2.478000000000e+00,-9.161200726503e-03,-3.539259895885e+01,-2.007172670231e+01,-1.629989019643e+00,1.323324940624e-01,1.980444015503e-06
2.480000000000e+00,-9.795607893675e-03,-3.540991280411e+01,-2.007171370400e+01,-1.629730551669e+00,1.324636053643e-01,1.937123748161e-06
2.482000000000e+00,-1.043069456809e-02,-3.542720579934e+01,-2.007170105453e+01,-1.629472297362e+00,1.325945436137e-01,1.893723228225e-06
2.484000000000e+00,-1.106645169419e-02,-3.544447788202e+01,-2.007168875150e+01,-1.629214257835e+00,1.327253084934e-01,1.850261427095e-06
2.486000000000e+00,-1.170287018843e-02,-3.546172898963e+01,-2.007167679244e+01,-1.628956434230e+00,1.328558996603e-01,1.806728420489e-06
2.488000000000e+00,-1.233994088844e-02,-3.547895905994e+01,-2.007166517486e+01,-1.628698827656e+00,1.329863167966e-01,1.763122831135e-06
2.490000000000e+00,-1.297765463927e-02,-3.549616803078e+01,-2.007165389627e+01,-1.628441439240e+00,1.331165595791e-01,1.719450425880e-06
2.492000000000e+00,-1.361600229890e-02,-3.551335584020e+01,-2.007164295423e+01,-1.628184270122e+00,1.332466277244e-01,1.675712623986e-06
2.494000000000e+00,-1.425497458723e-02,-3.553052242642e+01,-2.007163234619e+01,-1.627927321392e+00,1.333765208664e-01,1.631912696479e-06
2.496000000000e+00,-1.489456232154e-02,-3.554766772778e+01,-2.007162206973e+01,-1.627670594179e+00,1.335062387077e-01,1.588036613984e-06
2.498000000000e+00,-1.553475615927e-02,-3.556479168273e+01,-2.007161212228e+01,-1.627414089608e+00,1.336357809386e-01,1.544095488221e-06
2.500000000000e+00,-1.617554683872e-02,-3.558189423012e+01,-2.007160250137e+01,-1.627157808765e+00,1.337651472464e-01,1.500095445014e-06
2.502000000000e+00,-1.681692504837e-02,-3.559897530860e+01,-2.007159320446e+01,-1.626901752782e+00,1.338943372990e-01,1.456035922442e-06
2.504000000000e+00,-1.745888137277e-02,-3.561603485729e+01,-2.007158422902e+01,-1.626645922756e+00,1.340233508224e-01,1.411913879235e-06
2.506000000000e+00,-1.810140644923e-02,-3.563307281534e+01,-2.007157557253e+01,-1.626390319797e+00,1.341521874708e-01,1.367726821188e-06
2.508000000000e+00,-1.874449086278e-02,-3.565008912206e+01,-2.007156723248e+01,-1.626134945026e+00,1.342808469525e-01,1.323471024810e-06
2.510000000000e+00,-1.938812515651e-02,-3.566708371700e+01,-2.007155920629e+01,-1.625879799502e+00,1.344093289666e-01,1.279163007397e-06
2.512000000000e+00,-2.003229985775e-02,-3.568405653973e+01,-2.007155149140e+01,-1.625624884382e+00,1.345376332203e-01,1.234797239417e-06
2.514000000000e+00,-2.067700545685e-02,-3.570100753017e+01,-2.007154408531e+01,-1.625370200718e+00,1.346657593875e-01,1.190354372561e-06
2.516000000000e+00,-2.132223244869e-02,-3.571793662827e+01,-2.007153698542e+01,-1.625115749635e+00,1.347937071951e-01,1.145870955433e-06
2.518000000000e+00,-2.196797125177e-02,-3.573484377414e+01,-2.007153018917e+01,-1.624861532212e+00,1.349214763046e-01,1.101319107640e-06
2.520000000000e+00,-2.261421229115e-02,-3.575172890816e+01,-2.007152369397e+01,-1.624607549546e+00,1.350490664639e-01,1.056718415490e-06
2.522000000000e+00,-2.326094597540e-02,-3.576859197076e+01,-2.007151749726e+01,-1.624353802734e+00,1.351764773499e-01,1.012055979711e-06
2.524000000000e+00,-2.390816262894e-02,-3.578543290270e+01,-2.007151159648e+01,-1.624100292850e+00,1.353037086732e-01,9.673387618662e-07
2.526000000000e+00,-2.455585262048e-02,-3.580225164459e+01,-2.007150598897e+01,-1.623847021005e+00,1.354307601446e-01,9.225673682503e-07
2.528000000000e+00,-2.520400623171e-02,-3.581904813759e+01,-2.007150067220e+01,-1.623593988257e+00,1.355576314655e-01,8.777385999050e-07
2.530000000000e+00,-2.585261372358e-02,-3.583582232284e+01,-2.007149564353e+01,-1.623341195713e+00,1.356843223645e-01,8.328537697790e-07
2.532000000000e+00,-2.650166542614e-02,-3.585257414156e+01,-2.007149090036e+01,-1.623088644436e+00,1.358108325471e-01,7.879192777714e-07
2.534000000000e+00,-2.715115148184e-02,-3.586930353530e+01,-2.007148644007e+01,-1.622836335506e+00,1.359371617130e-01,7.429294294289e-07
2.536000000000e+00,-2.780106215343e-02,-3.588601044567e+01,-2.007148226004e+01,-1.622584270004e+00,1.360633096008e-01,6.978957870211e-07
2.538000000000e+00,-2.845138760511e-02,-3.590269481455e+01,-2.007147835764e+01,-1.622332448992e+00,1.361892759063e-01,6.528081900061e-07
2.540000000000e+00,-2.910211797642e-02,-3.591935658383e+01,-2.007147473026e+01,-1.622080873575e+00,1.363150603549e-01,6.076680865981e-07
2.542000000000e+00,-2.975324340481e-02,-3.593599569578e+01,-2.007147137525e+01,-1.621829544791e+00,1.364406626890e-01,5.624827541633e-07
2.544000000000e+00,-3.040475398460e-02,-3.595261209260e+01,-2.007146828994e+01,-1.621578463706e+00,1.365660825929e-01,5.172456021228e-07
2.546000000000e+00,-3.105663978757e-02,-3.596920571686e+01,-2.007146547172e+01,-1.621327631420e+00,1.366913198198e-01,4.719627161590e-07
2.548000000000e+00,-3.170889088645e-02,-3.598577651120e+01,-2.007146291794e+01,-1.621077048966e+00,1.368163740876e-01,4.266322323168e-07
2.550000000000e+00,-3.236149729170e-02,-3.600232441847e+01,-2.007146062590e+01,-1.620826717413e+00,1.369412451184e-01,3.812434111657e-07
2.552000000000e+00,-3.301444900654e-02,-3.601884938164e+01,-2.007145859294e+01,-1.620576637808e+00,1.370659326329e-01,3.358241386974e-07
2.554000000000e+00,-3.366773601589e-02,-3.603535134390e+01,-2.007145681643e+01,-1.620326811227e+00,1.371904363875e-01,2.903573405002e-07
2.556000000000e+00,-3.432134826683e-02,-3.605183024860e+01,-2.007145529369e+01,-1.620077238715e+00,1.373147560844e-01,2.448440686304e-07
2.558000000000e+00,-3.497527570722e-02,-3.606828603919e+01,-2.007145402200e+01,-1.619827921353e+00,1.374388914796e-01,1.992891776732e-07
2.560000000000e+00,-3.562950820649e-02,-3.608471865942e+01,-2.007145299869e+01,-1.619578860138e+00,1.375628422942e-01,1.536907197341e-07
2.562000000000e+00,-3.628403567358e-02,-3.610112805309e+01,-2.007145222109e+01,-1.619330056157e+00,1.376866082660e-01,1.080513850185e-07
2.564000000000e+00,-3.693884798070e-02,-3.611751416427e+01,-2.007145168647e+01,-1.619081510440e+00,1.378101891437e-01,6.236599085369e-08
2.566000000000e+00,-3.759393491961e-02,-3.613387693717e+01,-2.007145139219e+01,-1.618833224045e+00,1.379335846476e-01,1.664845144876e-08
2.568000000000e+00,-3.824928636931e-02,-3.615021631606e+01,-2.007145133547e+01,-1.618585198005e+00,1.380567945489e-01,-2.911521724881e-08
2.570000000000e+00,-3.890489206380e-02,-3.616653224560e+01,-2.007145151365e+01,-1.618337433350e+00,1.381798185638e-01,-7.490773792230e-08
2.572000000000e+00,-3.956074177916e-02,-3.618282467043e+01,-2.007145192399e+01,-1.618089931122e+00,1.383026564458e-01,-1.207496786969e-07
2.574000000000e+00,-4.021682527524e-02,-3.619909353549e+01,-2.007145256378e+01,-1.617842692376e+00,1.384253079437e-01,-1.666199906557e-07
2.576000000000e+00,-4.087313227692e-02,-3.621533878574e+01,-2.007145343032e+01,-1.617595718123e+00,1.385477728062e-01,-2.125394099767e-07
2.578000000000e+00,-4.152965247096e-02,-3.623156036646e+01,-2.007145452082e+01,-1.617349009388e+00,1.386700507638e-01,-2.584896272922e-07
2.580000000000e+00,-4.218637555853e-02,-3.624775822312e+01,-2.007145583261e+01,-1.617102567220e+00,1.387921415909e-01,-3.044753647327e-07
2.582000000000e+00,-4.284329117730e-02,-3.626393230122e+01,-2.007145736289e+01,-1.616856392624e+00,1.389140450401e-01,-3.504841741693e-07
2.584000000000e+00,-4.350038898416e-02,-3.628008254651e+01,-2.007145910896e+01,-1.616610486635e+00,1.390357608566e-01,-3.965435667880e-07
2.586000000000e+00,-4.415765858302e-02,-3.629620890495e+01,-2.007146106806e+01,-1.616364850274e+00,1.391572887942e-01,-4.426245436525e-07
2.588000000000e+00,-4.481508953009e-02,-3.631231132268e+01,-2.007146323745e+01,-1.616119484561e+00,1.392786286175e-01,-4.887443537022e-07
2.590000000000e+00,-4.547267147916e-02,-3.632838974591e+01,-2.007146561435e+01,-1.615874390501e+00,1.393997800794e-01,-5.348847584088e-07
2.592000000000e+00,-4.613039390785e-02,-3.634444412110e+01,-2.007146819602e+01,-1.615629569110e+00,1.395207429378e-01,-5.810652431489e-07
2.594000000000e+00,-4.678824637750e-02,-3.636047439486e+01,-2.007147097968e+01,-1.615385021421e+00,1.396415169548e-01,-6.272706423340e-07
2.596000000000e+00,-4.744621842448e-02,-3.637648051404e+01,-2.007147396256e+01,-1.615140748420e+00,1.397621019104e-01,-6.735048041852e-07
2.598000000000e+00,-4.810429952231e-02,-3.639246242561e+01,-2.007147714191e+01,-1.614896751103e+00,1.398824975458e-01,-7.197649053219e-07
2.600000000000e+00,-4.876247910552e-02,-3.640842007668e+01,-2.007148051492e+01,-1.614653030503e+00,1.400027036498e-01,-7.660561180262e-07
2.602000000000e+00,-4.942074668930e-02,-3.642435341462e+01,-2.007148407883e+01,-1.614409587608e+00,1.401227199784e-01,-8.123763459117e-07
2.604000000000e+00,-5.007909165117e-02,-3.644026238696e+01,-2.007148783085e+01,-1.614166423409e+00,1.402425463053e-01,-8.587149973983e-07
2.606000000000e+00,-5.073750342827e-02,-3.645614694133e+01,-2.007149176817e+01,-1.613923538926e+00,1.403621824130e-01,-9.050780362037e-07
2.608000000000e+00,-5.139597141920e-02,-3.647200702556e+01,-2.007149588801e+01,-1.613680935140e+00,1.404816280493e-01,-9.514764982040e-07
2.610000000000e+00,-5.205448498783e-02,-3.648784258780e+01,-2.007150018760e+01,-1.613438613033e+00,1.406008830136e-01,-9.978859832489e-07
2.612000000000e+00,-5.271303349125e-02,-3.650365357618e+01,-2.007150466408e+01,-1.613196573609e+00,1.407199470682e-01,-1.044321408755e-06
2.614000000000e+00,-5.337160628912e-02,-3.651943993906e+01,-2.007150931469e+01,-1.612954817848e+00,1.408388199890e-01,-1.090778441535e-06
2.616000000000e+00,-5.403019265701e-02,-3.653520162512e+01,-2.007151413661e+01,-1.612713346731e+00,1.409575015722e-01,-1.137262605490e-06
2.618000000000e+00,-5.468878195071e-02,-3.655093858302e+01,-2.007151912704e+01,-1.612472161265e+00,1.410759915840e-01,-1.183759506410e-06
2.620000000000e+00,-5.534736341743e-02,-3.656665076175e+01,-2.007152428312e+01,-1.612231262387e+00,1.411942898190e-01,-1.230276078320e-06
2.622000000000e+00,-5.600592630898e-02,-3.658233811033e+01,-2.007152960206e+01,-1.611990651113e+00,1.413123960490e-01,-1.276816855660e-06
2.624000000000e+00,-5.666445991916e-02,-3.659800057813e+01,-2.007153508105e+01,-1.611750328397e+00,1.414303100637e-01,-1.323368832986e-06
2.626000000000e+00,-5.732295345292e-02,-3.661363811455e+01,-2.007154071721e+01,-1.611510295208e+00,1.415480316652e-01,-1.369939433521e-06
2.628000000000e+00,-5.798139613131e-02,-3.662925066926e+01,-2.007154650777e+01,-1.611270552532e+00,1.416655606225e-01,-1.416524578633e-06
2.630000000000e+00,-5.863977713890e-02,-3.664483819210e+01,-2.007155244986e+01,-1.611031101325e+00,1.417828967414e-01,-1.463125568038e-06
2.632000000000e+00,-5.929808565427e-02,-3.666040063306e+01,-2.007155854066e+01,-1.610791942566e+00,1.419000398039e-01,-1.509750784455e-06
2.634000000000e+00,-5.995631085731e-02,-3.667593794230e+01,-2.007156477730e+01,-1.610553077190e+00,1.420169895952e-01,-1.556374705897e-06
2.636000000000e+00,-6.061444188597e-02,-3.669145007019e+01,-2.007157115696e+01,-1.610314506170e+00,1.421337459507e-01,-1.603021198745e-06
2.638000000000e+00,-6.127246788906e-02,-3.670693696731e+01,-2.007157767681e+01,-1.610076230464e+00,1.422503086177e-01,-1.649672364921e-06
2.640000000000e+00,-6.193037795862e-02,-3.672239858430e+01,-2.007158433396e+01,-1.609838251040e+00,1.423666774246e-01,-1.696339037997e-06
2.642000000000e+00,-6.258816120688e-02,-3.673783487213e+01,-2.007159112557e+01,-1.609600568818e+00,1.424828521681e-01,-1.743022218691e-06
2.644000000000e+00,-6.324580673010e-02,-3.675324578185e+01,-2.007159804877e+01,-1.609363184766e+00,1.425988326464e-01,-1.789703634489e-06
2.646000000000e+00,-6.390330357821e-02,-3.676863126476e+01,-2.007160510074e+01,-1.609126099835e+00,1.427146186630e-01,-1.836395749820e-06
2.648000000000e+00,-6.456064080115e-02,-3.678399127228e+01,-2.007161227857e+01,-1.608889314956e+00,1.428302100368e-01,-1.883092082286e-06
2.650000000000e+00,-6.521780745325e-02,-3.679932575607e+01,-2.007161957943e+01,-1.608652831076e+00,1.429456065463e-01,-1.929800114489e-06
2.652000000000e+00,-6.587479254823e-02,-3.681463466789e+01,-2.007162700042e+01,-1.608416649134e+00,1.430608080237e-01,-1.976522212171e-06
2.654000000000e+00,-6.653158510323e-02,-3.682991795979e+01,-2.007163453872e+01,-1.608180770072e+00,1.431758142635e-01,-2.023242538019e-06
2.656000000000e+00,-6.718817409721e-02,-3.684517558391e+01,-2.007164219138e+01,-1.607945194813e+00,1.432906250949e-01,-2.069969459200e-06
2.658000000000e+00,-6.784454855512e-02,-3.686040749261e+01,-2.007164995557e+01,-1.607709924289e+00,1.434052403146e-01,-2.116694936552e-06
2.660000000000e+00,-6.850069740100e-02,-3.687561363844e+01,-2.007165782840e+01,-1.607474959424e+00,1.435196597498e-01,-2.163427197514e-06
2.662000000000e+00,-6.915660964137e-02,-3.689079397407e+01,-2.007166580698e+01,-1.607240301144e+00,1.436338832084e-01,-2.210164713043e-06
2.664000000000e+00,-6.981227415888e-02,-3.690594845249e+01,-2.007167388845e+01,-1.607005950391e+00,1.437479105078e-01,-2.256902817940e-06
2.666000000000e+00,-7.046767991429e-02,-3.692107702675e+01,-2.007168206989e+01,-1.606771908058e+00,1.438617414700e-01,-2.303632135730e-06
2.668000000000e+00,-7.112281581057e-02,-3.693617965011e+01,-2.007169034844e+01,-1.606538175080e+00,1.439753759193e-01,-2.350371149856e-06
2.670000000000e+00,-7.177767076368e-02,-3.695125627606e+01,-2.007169872116e+01,-1.606304752359e+00,1.440888136813e-01,-2.397095993134e-06
2.672000000000e+00,-7.243223365521e-02,-3.696630685822e+01,-2.007170718521e+01,-1.606071640809e+00,1.442020545616e-01,-2.443836645833e-06
2.674000000000e+00,-7.308649337688e-02,-3.698133135041e+01,-2.007171573766e+01,-1.605838841344e+00,1.443150984133e-01,-2.490561893367e-06
2.676000000000e+00,-7.374043876796e-02,-3.699632970665e+01,-2.007172437560e+01,-1.605606354865e+00,1.444279450452e-01,-2.537284855679e-06
2.678000000000e+00,-7.439405871655e-02,-3.701130188112e+01,-2.007173309619e+01,-1.605374182291e+00,1.445405942839e-01,-2.584012536343e-06
2.680000000000e+00,-7.504734202857e-02,-3.702624782824e+01,-2.007174189643e+01,-1.605142324490e+00,1.446530459651e-01,-2.630715905306e-06
2.682000000000e+00,-7.570027755829e-02,-3.704116750251e+01,-2.007175077347e+01,-1.604910782378e+00,1.447652999309e-01,-2.677429094955e-06
2.684000000000e+00,-7.635285413130e-02,-3.705606085873e+01,-2.007175972442e+01,-1.604679556866e+00,1.448773560028e-01,-2.724126027958e-06
2.686000000000e+00,-7.700506053471e-02,-3.707092785179e+01,-2.007176874632e+01,-1.604448648817e+00,1.449892140160e-01,-2.770822723559e-06
2.688000000000e+00,-7.765688557047e-02,-3.708576843685e+01,-2.007177783629e+01,-1.604218059143e+00,1.451008738104e-01,-2.817511105851e-06
2.690000000000e+00,-7.830831805594e-02,-3.710058256922e+01,-2.007178699140e+01,-1.603987788704e+00,1.452123352365e-01,-2.864181710487e-06
2.692000000000e+00,-7.895934675253e-02,-3.711537020434e+01,-2.007179620873e+01,-1.603757838414e+00,1.453235981181e-01,-2.910844493874e-06
2.694000000000e+00,-7.960996041974e-02,-3.713013129793e+01,-2.007180548539e+01,-1.603528209151e+00,1.454346622999e-01,-2.957493396486e-06
2.696000000000e+00,-8.026014778794e-02,-3.714486580581e+01,-2.007181481840e+01,-1.603298901765e+00,1.455455276325e-01,-3.004137066991e-06
2.698000000000e+00,-8.090989766485e-02,-3.715957368409e+01,-2.007182420489e+01,-1.603069917153e+00,1.456561939501e-01,-3.050761019672e-06
2.700000000000e+00,-8.155919875202e-02,-3.717425488897e+01,-2.007183364192e+01,-1.602841256183e+00,1.457666611020e-01,-3.097374098496e-06
2.702000000000e+00,-8.220803976390e-02,-3.718890937686e+01,-2.007184312656e+01,-1.602612919731e+00,1.458769289493e-01,-3.143971253891e-06
2.704000000000e+00,-8.285640943248e-02,-3.720353710441e+01,-2.007185265590e+01,-1.602384908653e+00,1.459869973212e-01,-3.190556440368e-06
2.706000000000e+00,-8.350429652705e-02,-3.721813802842e+01,-2.007186222701e+01,-1.602157223817e+00,1.460968660829e-01,-3.237123892049e-06
2.708000000000e+00,-8.415168964029e-02,-3.723271210578e+01,-2.007187183690e+01,-1.601929866078e+00,1.462065350687e-01,-3.283671830243e-06
2.710000000000e+00,-8.479857756405e-02,-3.724725929378e+01,-2.007188148272e+01,-1.601702836313e+00,1.463160041598e-01,-3.330201870908e-06
2.712000000000e+00,-8.544494891996e-02,-3.726177954971e+01,-2.007189116148e+01,-1.601476135364e+00,1.464252732094e-01,-3.376713383844e-06
2.714000000000e+00,-8.609079242577e-02,-3.727627283114e+01,-2.007190087027e+01,-1.601249764072e+00,1.465343420393e-01,-3.423203865192e-06
2.716000000000e+00,-8.673609673794e-02,-3.729073909582e+01,-2.007191060615e+01,-1.601023723303e+00,1.466432105450e-01,-3.469674319778e-06
2.718000000000e+00,-8.738085052067e-02,-3.730517830164e+01,-2.007192036619e+01,-1.600798013902e+00,1.467518785837e-01,-3.516129707088e-06
2.720000000000e+00,-8.802504242219e-02,-3.731959040676e+01,-2.007193014743e+01,-1.600572636709e+00,1.468603460026e-01,-3.562553829002e-06
2.722000000000e+00,-8.866866110325e-02,-3.733397536940e+01,-2.007193994692e+01,-1.600347592550e+00,1.469686126704e-01,-3.608962468190e-06
2.724000000000e+00,-8.931169517926e-02,-3.734833314812e+01,-2.007194976177e+01,-1.600122882300e+00,1.470766784407e-01,-3.655338950132e-06
2.726000000000e+00,-8.995413331243e-02,-3.736266370159e+01,-2.007195958897e+01,-1.599898506752e+00,1.471845432158e-01,-3.701694440904e-06
2.728000000000e+00,-9.059596410230e-02,-3.737696698866e+01,-2.007196942564e+01,-1.599674466762e+00,1.472922068281e-01,-3.748021238447e-06
2.730000000000e+00,-9.123717622763e-02,-3.739124296841e+01,-2.007197926880e+01,-1.599450763148e+00,1.473996691714e-01,-3.794323246648e-06
2.732000000000e+00,-9.187775825099e-02,-3.740549160005e+01,-2.007198911551e+01,-1.599227396739e+00,1.475069300980e-01,-3.840598513420e-06
2.734000000000e+00,-9.251769880856e-02,-3.741971284304e+01,-2.007199896281e+01,-1.599004368357e+00,1.476139894830e-01,-3.886839613372e-06
2.736000000000e+00,-9.315698648013e-02,-3.743390665703e+01,-2.007200880780e+01,-1.598781678840e+00,1.477208472290e-01,-3.933064135340e-06
2.738000000000e+00,-9.379560990055e-02,-3.744807300175e+01,-2.007201864746e+01,-1.598559328978e+00,1.478275031748e-01,-3.979252739635e-06
2.740000000000e+00,-9.443355762165e-02,-3.746221183732e+01,-2.007202847889e+01,-1.598337319589e+00,1.479339572158e-01,-4.025402014532e-06
2.742000000000e+00,-9.507081825953e-02,-3.747632312385e+01,-2.007203829912e+01,-1.598115651502e+00,1.480402092433e-01,-4.071523884209e-06
2.744000000000e+00,-9.570738042241e-02,-3.749040682176e+01,-2.007204810523e+01,-1.597894325503e+00,1.481462591105e-01,-4.117616426414e-06
2.746000000000e+00,-9.634323264763e-02,-3.750446289164e+01,-2.007205789423e+01,-1.597673342412e+00,1.482521067193e-01,-4.163671694151e-06
2.748000000000e+00,-9.697836351330e-02,-3.751849129422e+01,-2.007206766317e+01,-1.597452703021e+00,1.483577519493e-01,-4.209694420518e-06
2.750000000000e+00,-9.761276163578e-02,-3.753249199049e+01,-2.007207740913e+01,-1.597232408132e+00,1.484631946850e-01,-4.255682198508e-06
2.752000000000e+00,-9.824641553333e-02,-3.754646494161e+01,-2.007208712913e+01,-1.597012458542e+00,1.485684348122e-01,-4.301634643985e-06
2.754000000000e+00,-9.887931378780e-02,-3.756041010887e+01,-2.007209682021e+01,-1.596792855056e+00,1.486734722205e-01,-4.347549166292e-06
2.756000000000e+00,-9.951144497361e-02,-3.757432745387e+01,-2.007210647946e+01,-1.596573598432e+00,1.487783067960e-01,-4.393421341939e-06
2.758000000000e+00,-1.001427976567e-01,-3.758821693825e+01,-2.007211610386e+01,-1.596354689475e+00,1.488829384430e-01,-4.439261137331e-06
2.760000000000e+00,-1.007733603746e-01,-3.760207852401e+01,-2.007212569049e+01,-1.596136128972e+00,1.489873670547e-01,-4.485055033388e-06
2.762000000000e+00,-1.014031216674e-01,-3.761591217322e+01,-2.007213523641e+01,-1.595917917708e+00,1.490915925116e-01,-4.530813299969e-06
2.764000000000e+00,-1.020320701160e-01,-3.762971784819e+01,-2.007214473865e+01,-1.595700056434e+00,1.491956147075e-01,-4.576526874390e-06
2.766000000000e+00,-1.026601942316e-01,-3.764349551141e+01,-2.007215419424e+01,-1.595482545963e+00,1.492994335564e-01,-4.622196768155e-06
2.768000000000e+00,-1.032874825949e-01,-3.765724512552e+01,-2.007216360024e+01,-1.595265387025e+00,1.494030489586e-01,-4.667835924649e-06
2.770000000000e+00,-1.039139237661e-01,-3.767096665347e+01,-2.007217295368e+01,-1.595048580415e+00,1.495064608026e-01,-4.713416445359e-06
2.772000000000e+00,-1.045395062217e-01,-3.768466005834e+01,-2.007218225164e+01,-1.594832126886e+00,1.496096689990e-01,-4.758958606480e-06
2.774000000000e+00,-1.051642185648e-01,-3.769832530327e+01,-2.007219149110e+01,-1.594616027202e+00,1.497126734457e-01,-4.804454388904e-06
2.776000000000e+00,-1.057880493319e-01,-3.771196235184e+01,-2.007220066917e+01,-1.594400282119e+00,1.498154740543e-01,-4.849901658014e-06
2.778000000000e+00,-1.064109870147e-01,-3.772557116769e+01,-2.007220978287e+01,-1.594184892407e+00,1.499180707354e-01,-4.895301380230e-06
2.780000000000e+00,-1.070330201946e-01,-3.773915171459e+01,-2.007221882923e+01,-1.593969858798e+00,1.500204633883e-01,-4.940654158937e-06
2.782000000000e+00,-1.076541374056e-01,-3.775270395663e+01,-2.007222780530e+01,-1.593755182049e+00,1.501226519330e-01,-4.985959906084e-06
2.784000000000e+00,-1.082743271774e-01,-3.776622785800e+01,-2.007223670812e+01,-1.593540862908e+00,1.502246362691e-01,-5.031211128624e-06
2.786000000000e+00,-1.088935780447e-01,-3.777972338319e+01,-2.007224553475e+01,-1.593326902107e+00,1.503264163223e-01,-5.076414660954e-06
2.788000000000e+00,-1.095118785670e-01,-3.779319049676e+01,-2.007225428225e+01,-1.593113300412e+00,1.504279920089e-01,-5.121563097105e-06
2.790000000000e+00,-1.101292172628e-01,-3.780662916351e+01,-2.007226294763e+01,-1.592900058535e+00,1.505293632305e-01,-5.166662870106e-06
2.792000000000e+00,-1.107455826837e-01,-3.782003934848e+01,-2.007227152793e+01,-1.592687177207e+00,1.506305299195e-01,-5.211708370631e-06
2.794000000000e+00,-1.113609633552e-01,-3.783342101688e+01,-2.007228002022e+01,-1.592474657169e+00,1.507314919895e-01,-5.256694691233e-06
2.796000000000e+00,-1.119753478341e-01,-3.784677413409e+01,-2.007228842155e+01,-1.592262499142e+00,1.508322493632e-01,-5.301631191201e-06
2.798000000000e+00,-1.125887246518e-01,-3.786009866570e+01,-2.007229672896e+01,-1.592050703856e+00,1.509328019609e-01,-5.346505751085e-06
2.800000000000e+00,-1.132010823740e-01,-3.787339457748e+01,-2.007230493949e+01,-1.591839272022e+00,1.510331497119e-01,-5.391327100300e-06
2.802000000000e+00,-1.138124095419e-01,-3.788666183539e+01,-2.007231305020e+01,-1.591628204366e+00,1.511332925410e-01,-5.436101482688e-06
2.804000000000e+00,-1.144226946812e-01,-3.789990040568e+01,-2.007232105814e+01,-1.591417501597e+00,1.512332303682e-01,-5.480801523347e-06
2.806000000000e+00,-1.150319263472e-01,-3.791311025466e+01,-2.007232896033e+01,-1.591207164424e+00,1.513329631367e-01,-5.525444695846e-06
2.808000000000e+00,-1.156400931333e-01,-3.792629134888e+01,-2.007233675387e+01,-1.590997193560e+00,1.514324907732e-01,-5.570030248778e-06
2.810000000000e+00,-1.162471835624e-01,-3.793944365513e+01,-2.007234443576e+01,-1.590787589705e+00,1.515318131986e-01,-5.614557541336e-06
2.812000000000e+00,-1.168531861746e-01,-3.795256714038e+01,-2.007235200308e+01,-1.590578353560e+00,1.516309303487e-01,-5.659013238126e-06
2.814000000000e+00,-1.174580895704e-01,-3.796566177177e+01,-2.007235945288e+01,-1.590369485812e+00,1.517298421700e-01,-5.703414045024e-06
2.816000000000e+00,-1.180618823011e-01,-3.797872751663e+01,-2.007236678222e+01,-1.590160987174e+00,1.518285485948e-01,-5.747746525552e-06
2.818000000000e+00,-1.186645529171e-01,-3.799176434254e+01,-2.007237398813e+01,-1.589952858326e+00,1.519270495606e-01,-5.792016449804e-06
2.820000000000e+00,-1.192660900304e-01,-3.800477221719e+01,-2.007238106770e+01,-1.589745099953e+00,1.520253450027e-01,-5.836220416861e-06
2.822000000000e+00,-1.198664821810e-01,-3.801775110854e+01,-2.007238801796e+01,-1.589537712754e+00,1.521234348723e-01,-5.880357047017e-06
2.824000000000e+00,-1.204657179732e-01,-3.803070098473e+01,-2.007239483597e+01,-1.589330697387e+00,1.522213190944e-01,-5.924427041140e-06
2.826000000000e+00,-1.210637859698e-01,-3.804362181411e+01,-2.007240151881e+01,-1.589124054545e+00,1.523189976323e-01,-5.968430250069e-06
2.828000000000e+00,-1.216606747915e-01,-3.805651356515e+01,-2.007240806351e+01,-1.588917784904e+00,1.524164704201e-01,-6.012360764294e-06
2.830000000000e+00,-1.222563730061e-01,-3.806937620663e+01,-2.007241446715e+01,-1.588711889124e+00,1.525137374264e-01,-6.056224765307e-06
2.832000000000e+00,-1.228508692305e-01,-3.808220970743e+01,-2.007242072680e+01,-1.588506367893e+00,1.526107985630e-01,-6.100011574065e-06
2.834000000000e+00,-1.234441520625e-01,-3.809501403671e+01,-2.007242683951e+01,-1.588301221838e+00,1.527076538115e-01,-6.143731363305e-06
2.836000000000e+00,-1.240362101007e-01,-3.810778916371e+01,-2.007243280234e+01,-1.588096451669e+00,1.528043031089e-01,-6.187380264855e-06
2.838000000000e+00,-1.246270319785e-01,-3.812053505805e+01,-2.007243861235e+01,-1.587892057998e+00,1.529007464227e-01,-6.230954586189e-06
2.840000000000e+00,-1.252166063361e-01,-3.813325168934e+01,-2.007244426664e+01,-1.587688041501e+00,1.529969836901e-01,-6.274450792219e-06
2.842000000000e+00,-1.258049217502e-01,-3.814593902756e+01,-2.007244976226e+01,-1.587484402834e+00,1.530930148873e-01,-6.317876932330e-06
2.844000000000e+00,-1.263919669053e-01,-3.815859704277e+01,-2.007245509626e+01,-1.587281142623e+00,1.531888399552e-01,-6.361220370334e-06
2.846000000000e+00,-1.269777304244e-01,-3.817122570530e+01,-2.007246026577e+01,-1.587078261544e+00,1.532844588649e-01,-6.404492590931e-06
2.848000000000e+00,-1.275622009551e-01,-3.818382498566e+01,-2.007246526780e+01,-1.586875760208e+00,1.533798715754e-01,-6.447686449666e-06
2.850000000000e+00,-1.281453671392e-01,-3.819639485451e+01,-2.007247009946e+01,-1.586673639274e+00,1.534750780400e-01,-6.490802502318e-06
2.852000000000e+00,-1.287272176724e-01,-3.820893528281e+01,-2.007247475783e+01,-1.586471899355e+00,1.535700782434e-01,-6.533834627378e-06
2.854000000000e+00,-1.293077411898e-01,-3.822144624161e+01,-2.007247923996e+01,-1.586270541081e+00,1.536648721225e-01,-6.576791112494e-06
2.856000000000e+00,-1.298869264025e-01,-3.823392770221e+01,-2.007248354297e+01,-1.586069565109e+00,1.537594596716e-01,-6.619666602469e-06
2.858000000000e+00,-1.304647619675e-01,-3.824637963613e+01,-2.007248766391e+01,-1.585868972042e+00,1.538538408489e-01,-6.662456395889e-06
2.860000000000e+00,-1.310412366192e-01,-3.825880201503e+01,-2.007249159988e+01,-1.585668762493e+00,1.539480156211e-01,-6.705163256723e-06
2.862000000000e+00,-1.316163390184e-01,-3.827119481084e+01,-2.007249534796e+01,-1.585468937102e+00,1.540419839763e-01,-6.747789103895e-06
2.864000000000e+00,-1.321900578901e-01,-3.828355799565e+01,-2.007249890524e+01,-1.585269496452e+00,1.541357458645e-01,-6.790328088074e-06
2.866000000000e+00,-1.327623819582e-01,-3.829589154174e+01,-2.007250226882e+01,-1.585070441178e+00,1.542293012820e-01,-6.832782545051e-06
2.868000000000e+00,-1.333332999473e-01,-3.830819542162e+01,-2.007250543577e+01,-1.584871771871e+00,1.543226501923e-01,-6.875148728435e-06
2.870000000000e+00,-1.339028006047e-01,-3.832046960794e+01,-2.007250840321e+01,-1.584673489149e+00,1.544157925755e-01,-6.917428855730e-06
2.872000000000e+00,-1.344708726720e-01,-3.833271407364e+01,-2.007251116823e+01,-1.584475593593e+00,1.545087284146e-01,-6.959624454434e-06
2.874000000000e+00,-1.350375049041e-01,-3.834492879178e+01,-2.007251372789e+01,-1.584278085811e+00,1.546014576932e-01,-7.001723155560e-06
2.876000000000e+00,-1.356026860733e-01,-3.835711373566e+01,-2.007251607936e+01,-1.584080966406e+00,1.546939803865e-01,-7.043743435401e-06
2.878000000000e+00,-1.361664049610e-01,-3.836926887879e+01,-2.007251821969e+01,-1.583884235944e+00,1.547862964892e-01,-7.085662258829e-06
2.880000000000e+00,-1.367286503240e-01,-3.838139419484e+01,-2.007252014598e+01,-1.583687895025e+00,1.548784059720e-01,-7.127493590610e-06
2.882000000000e+00,-1.372894110179e-01,-3.839348965773e+01,-2.007252185539e+01,-1.583491944224e+00,1.549703088370e-01,-7.169234223485e-06
2.884000000000e+00,-1.378486757955e-01,-3.840555524154e+01,-2.007252334498e+01,-1.583296384124e+00,1.550620050641e-01,-7.210880514432e-06
2.886000000000e+00,-1.384064335183e-01,-3.841759092056e+01,-2.007252461187e+01,-1.583101215292e+00,1.551534946516e-01,-7.252433818711e-06
2.888000000000e+00,-1.389626729897e-01,-3.842959666927e+01,-2.007252565320e+01,-1.582906438320e+00,1.552447775799e-01,-7.293889017411e-06
2.890000000000e+00,-1.395173830657e-01,-3.844157246241e+01,-2.007252646605e+01,-1.582712053755e+00,1.553358538557e-01,-7.335253798197e-06
2.892000000000e+00,-1.400705526054e-01,-3.845351827486e+01,-2.007252704759e+01,-1.582518062167e+00,1.554267234614e-01,-7.376517832803e-06
2.894000000000e+00,-1.406221704597e-01,-3.846543408170e+01,-2.007252739488e+01,-1.582324464120e+00,1.555173864072e-01,-7.417682230850e-06
2.896000000000e+00,-1.411722255054e-01,-3.847731985823e+01,-2.007252750509e+01,-1.582131260173e+00,1.556078426744e-01,-7.458758021824e-06
2.898000000000e+00,-1.417207066469e-01,-3.848917558000e+01,-2.007252737532e+01,-1.581938450872e+00,1.556980922782e-01,-7.499726695479e-06
2.900000000000e+00,-1.422676027764e-01,-3.850100122267e+01,-2.007252700273e+01,-1.581746036785e+00,1.557881352095e-01,-7.540595666720e-06
2.902000000000e+00,-1.428129028304e-01,-3.851279676217e+01,-2.007252638441e+01,-1.581554018428e+00,1.558779714763e-01,-7.581367126631e-06
2.904000000000e+00,-1.433565957022e-01,-3.852456217461e+01,-2.007252551754e+01,-1.581362396374e+00,1.559676010814e-01,-7.622035224603e-06
2.906000000000e+00,-1.438986703606e-01,-3.853629743623e+01,-2.007252439921e+01,-1.581171171151e+00,1.560570240278e-01,-7.662603098001e-06
2.908000000000e+00,-1.444391157397e-01,-3.854800252367e+01,-2.007252302660e+01,-1.580980343291e+00,1.561462403227e-01,-7.703060788787e-06
2.910000000000e+00,-1.449779208294e-01,-3.855967741357e+01,-2.007252139685e+01,-1.580789913338e+00,1.562352499811e-01,-7.743419055990e-06
2.912000000000e+00,-1.455150746022e-01,-3.857132208284e+01,-2.007251950708e+01,-1.580599881806e+00,1.563240530058e-01,-7.783672543716e-06
2.914000000000e+00,-1.460505660426e-01,-3.858293650862e+01,-2.007251735445e+01,-1.580410249232e+00,1.564126494160e-01,-7.823819466643e-06
2.916000000000e+00,-1.465843841785e-01,-3.859452066823e+01,-2.007251493613e+01,-1.580221016133e+00,1.565010392151e-01,-7.863861132192e-06
2.918000000000e+00,-1.471165180199e-01,-3.860607453919e+01,-2.007251224926e+01,-1.580032183033e+00,1.565892224274e-01,-7.903791741255e-06
2.920000000000e+00,-1.476469566144e-01,-3.861759809926e+01,-2.007250929099e+01,-1.579843750433e+00,1.566771990626e-01,-7.943617039998e-06
2.922000000000e+00,-1.481756889956e-01,-3.862909132637e+01,-2.007250605850e+01,-1.579655718854e+00,1.567649691442e-01,-7.983334711139e-06
2.924000000000e+00,-1.487027042781e-01,-3.864055419858e+01,-2.007250254895e+01,-1.579468088810e+00,1.568525326841e-01,-8.022937723350e-06
2.926000000000e+00,-1.492279914829e-01,-3.865198669433e+01,-2.007249875948e+01,-1.579280860785e+00,1.569398897122e-01,-8.062431062199e-06
2.928000000000e+00,-1.497515397430e-01,-3.866338879210e+01,-2.007249468729e+01,-1.579094035298e+00,1.570270402398e-01,-8.101818203101e-06
2.930000000000e+00,-1.502733381789e-01,-3.867476047067e+01,-2.007249032956e+01,-1.578907612832e+00,1.571139843035e-01,-8.141087983090e-06
2.932000000000e+00,-1.507933759301e-01,-3.868610170899e+01,-2.007248568345e+01,-1.578721593886e+00,1.572007219173e-01,-8.180245013784e-06
2.934000000000e+00,-1.513116420892e-01,-3.869741248617e+01,-2.007248074611e+01,-1.578535978948e+00,1.572872531132e-01,-8.219289721871e-06
2.936000000000e+00,-1.518281258773e-01,-3.870869278162e+01,-2.007247551479e+01,-1.578350768510e+00,1.573735779222e-01,-8.258214858933e-06
2.938000000000e+00,-1.523428164392e-01,-3.871994257492e+01,-2.007246998663e+01,-1.578165963036e+00,1.574596963681e-01,-8.297025779452e-06
2.940000000000e+00,-1.528557029821e-01,-3.873116184577e+01,-2.007246415884e+01,-1.577981563022e+00,1.575456084887e-01,-8.335726731616e-06
2.942000000000e+00,-1.533667747086e-01,-3.874235057419e+01,-2.007245802859e+01,-1.577797568938e+00,1.576313143120e-01,-8.374306256285e-06
2.944000000000e+00,-1.538760208637e-01,-3.875350874036e+01,-2.007245159310e+01,-1.577613981246e+00,1.577168138764e-01,-8.412763872479e-06
2.946000000000e+00,-1.543834306683e-01,-3.876463632465e+01,-2.007244484957e+01,-1.577430800421e+00,1.578021072160e-01,-8.451109300409e-06
2.948000000000e+00,-1.548889934242e-01,-3.877573330763e+01,-2.007243779519e+01,-1.577248026926e+00,1.578871943662e-01,-8.489330058331e-06
2.950000000000e+00,-1.553926983768e-01,-3.878679967015e+01,-2.007243042718e+01,-1.577065661218e+00,1.579720753675e-01,-8.527426411807e-06
2.952000000000e+00,-1.558945348260e-01,-3.879783539314e+01,-2.007242274275e+01,-1.576883703754e+00,1.580567502564e-01,-8.565413130762e-06
2.954000000000e+00,-1.563944921261e-01,-3.880884045784e+01,-2.007241473911e+01,-1.576702154983e+00,1.581412190857e-01,-8.603265194068e-06
2.956000000000e+00,-1.568925595666e-01,-3.881981484564e+01,-2.007240641346e+01,-1.576521015363e+00,1.582254818926e-01,-8.641000275777e-06
2.958000000000e+00,-1.573887265317e-01,-3.883075853819e+01,-2.007239776306e+01,-1.576340285328e+00,1.583095387230e-01,-8.678609935822e-06
2.960000000000e+00,-1.578829823620e-01,-3.884167151729e+01,-2.007238878511e+01,-1.576159965326e+00,1.583933896242e-01,-8.716094180107e-06
2.962000000000e+00,-1.583753164775e-01,-3.885255376497e+01,-2.007237947685e+01,-1.575980055786e+00,1.584770346416e-01,-8.753455835895e-06
2.964000000000e+00,-1.588657182781e-01,-3.886340526345e+01,-2.007236983552e+01,-1.575800557157e+00,1.585604738230e-01,-8.790689797317e-06
2.966000000000e+00,-1.593541772039e-01,-3.887422599518e+01,-2.007235985833e+01,-1.575621469844e+00,1.586437072293e-01,-8.827796273905e-06
2.968000000000e+00,-1.598406826838e-01,-3.888501594280e+01,-2.007234954255e+01,-1.575442794300e+00,1.587267349018e-01,-8.864774047877e-06
2.970000000000e+00,-1.603252241800e-01,-3.889577508917e+01,-2.007233888541e+01,-1.575264530935e+00,1.588095569008e-01,-8.901621275551e-06
2.972000000000e+00,-1.608077912046e-01,-3.890650341735e+01,-2.007232788416e+01,-1.575086680164e+00,1.588921732809e-01,-8.938344524457e-06
2.974000000000e+00,-1.612883732484e-01,-3.891720091061e+01,-2.007231653606e+01,-1.574909242400e+00,1.589745840949e-01,-8.974935275293e-06
2.976000000000e+00,-1.617669598312e-01,-3.892786755242e+01,-2.007230483836e+01,-1.574732218068e+00,1.590567894161e-01,-9.011393700089e-06
2.978000000000e+00,-1.622435405369e-01,-3.893850332643e+01,-2.007229278833e+01,-1.574555607563e+00,1.591387892871e-01,-9.047720013661e-06
2.980000000000e+00,-1.627181049020e-01,-3.894910821655e+01,-2.007228038321e+01,-1.574379411296e+00,1.592205837765e-01,-9.083913619433e-06
2.982000000000e+00,-1.631906425077e-01,-3.895968220689e+01,-2.007226762030e+01,-1.574203629660e+00,1.593021729556e-01,-9.119977159075e-06
2.984000000000e+00,-1.636611429891e-01,-3.897022528177e+01,-2.007225449687e+01,-1.574028263046e+00,1.593835568754e-01,-9.155901722356e-06
2.986000000000e+00,-1.641295959650e-01,-3.898073742563e+01,-2.007224101018e+01,-1.573853311864e+00,1.594647356145e-01,-9.191694124649e-06
2.988000000000e+00,-1.645959910947e-01,-3.899121862324e+01,-2.007222715752e+01,-1.573678776488e+00,1.595457092277e-01,-9.227350572999e-06
2.990000000000e+00,-1.650603180391e-01,-3.900166885952e+01,-2.007221293618e+01,-1.573504657299e+00,1.596264777980e-01,-9.262867523704e-06
2.992000000000e+00,-1.655225665055e-01,-3.901208811959e+01,-2.007219834343e+01,-1.573330954690e+00,1.597070413879e-01,-9.298250097340e-06
2.994000000000e+00,-1.659827261999e-01,-3.902247638882e+01,-2.007218337659e+01,-1.573157669031e+00,1.597874000696e-01,-9.333493384283e-06
2.996000000000e+00,-1.664407868733e-01,-3.903283365272e+01,-2.007216803295e+01,-1.572984800698e+00,1.598675539221e-01,-9.368598124377e-06
2.998000000000e+00,-1.668967382768e-01,-3.904315989707e+01,-2.007215230982e+01,-1.572812350055e+00,1.599475030178e-01,-9.403564975713e-06
3.000000000000e+00,-1.673505702136e-01,-3.905345510786e+01,-2.007213620450e+01,-1.572640317477e+00,1.600272474309e-01,-9.438386216736e-06
3.002000000000e+00,-1.678022724523e-01,-3.906371927125e+01,-2.007211971428e+01,-1.572468703307e+00,1.601067872534e-01,-9.473070166341e-06
3.004000000000e+00,-1.682518348632e-01,-3.907395237361e+01,-2.007210283652e+01,-1.572297507917e+00,1.601861225444e-01,-9.507613282243e-06
3.006000000000e+00,-1.686992472720e-01,-3.908415440155e+01,-2.007208556851e+01,-1.572126731668e+00,1.602652533970e-01,-9.542007169396e-06
3.008000000000e+00,-1.691444995661e-01,-3.909432534187e+01,-2.007206790758e+01,-1.571956374884e+00,1.603441798979e-01,-9.576261269333e-06
3.010000000000e+00,-1.695875816274e-01,-3.910446518159e+01,-2.007204985107e+01,-1.571786437938e+00,1.604229021224e-01,-9.610373180501e-06
3.012000000000e+00,-1.700284833887e-01,-3.911457390793e+01,-2.007203139631e+01,-1.571616921157e+00,1.605014201590e-01,-9.644337945038e-06
3.014000000000e+00,-1.704671948067e-01,-3.912465150833e+01,-2.007201254063e+01,-1.571447824882e+00,1.605797340947e-01,-9.678161022945e-06
3.016000000000e+00,-1.709037058474e-01,-3.913469797043e+01,-2.007199328138e+01,-1.571279149447e+00,1.606578440285e-01,-9.711828985172e-06
3.018000000000e+00,-1.713380064917e-01,-3.914471328208e+01,-2.007197361592e+01,-1.571110895183e+00,1.607357500407e-01,-9.745356392532e-06
3.020000000000e+00,-1.717700867606e-01,-3.915469743136e+01,-2.007195354159e+01,-1.570943062417e+00,1.608134522263e-01,-9.778732277875e-06
3.022000000000e+00,-1.721999366860e-01,-3.916465040653e+01,-2.007193305575e+01,-1.570775651476e+00,1.608909506810e-01,-9.811960548889e-06
3.024000000000e+00,-1.726275463697e-01,-3.917457219605e+01,-2.007191215576e+01,-1.570608662665e+00,1.609682454926e-01,-9.845039108923e-06
3.026000000000e+00,-1.730529058724e-01,-3.918446278866e+01,-2.007189083898e+01,-1.570442096310e+00,1.610453367664e-01,-9.877967043515e-06
3.028000000000e+00,-1.734760053160e-01,-3.919432217326e+01,-2.007186910280e+01,-1.570275952719e+00,1.611222245998e-01,-9.910743061882e-06
3.030000000000e+00,-1.738968348407e-01,-3.920415033895e+01,-2.007184694459e+01,-1.570110232205e+00,1.611989090876e-01,-9.943367344172e-06
3.032000000000e+00,-1.743153846247e-01,-3.921394727507e+01,-2.007182436173e+01,-1.569944935057e+00,1.612753903323e-01,-9.975841022039e-06
3.034000000000e+00,-1.747316448568e-01,-3.922371297115e+01,-2.007180135162e+01,-1.569780061588e+00,1.613516684407e-01,-1.000815964820e-05
3.036000000000e+00,-1.751456057339e-01,-3.923344741694e+01,-2.007177791162e+01,-1.569615612084e+00,1.614277435090e-01,-1.004032716578e-05
3.038000000000e+00,-1.755572575380e-01,-3.924315060243e+01,-2.007175403915e+01,-1.569451586840e+00,1.615036156518e-01,-1.007233340092e-05
3.040000000000e+00,-1.759665905009e-01,-3.925282251777e+01,-2.007172973161e+01,-1.569287986143e+00,1.615792849681e-01,-1.010418741637e-05
3.042000000000e+00,-1.763735949346e-01,-3.926246315336e+01,-2.007170498640e+01,-1.569124810273e+00,1.616547515797e-01,-1.013588507345e-05
3.044000000000e+00,-1.767782611598e-01,-3.927207249980e+01,-2.007167980094e+01,-1.568962059513e+00,1.617300155823e-01,-1.016742597170e-05
3.046000000000e+00,-1.771805795399e-01,-3.928165054787e+01,-2.007165417264e+01,-1.568799734139e+00,1.618050771003e-01,-1.019880884631e-05
3.048000000000e+00,-1.775805404227e-01,-3.929119728863e+01,-2.007162809892e+01,-1.568637834417e+00,1.618799362339e-01,-1.023003201666e-05
3.050000000000e+00,-1.779781342199e-01,-3.930071271331e+01,-2.007160157721e+01,-1.568476360622e+00,1.619545931062e-01,-1.026109997134e-05
3.052000000000e+00,-1.783733513663e-01,-3.931019681338e+01,-2.007157460496e+01,-1.568315313013e+00,1.620290478365e-01,-1.029200468060e-05
3.054000000000e+00,-1.787661823204e-01,-3.931964958046e+01,-2.007154717957e+01,-1.568154691846e+00,1.621033005356e-01,-1.032274679340e-05
3.056000000000e+00,-1.791566175582e-01,-3.932907100644e+01,-2.007151929850e+01,-1.567994497379e+00,1.621773513262e-01,-1.035332888504e-05
3.058000000000e+00,-1.795446475936e-01,-3.933846108342e+01,-2.007149095920e+01,-1.567834729868e+00,1.622512003348e-01,-1.038375083942e-05
3.060000000000e+00,-1.799302629578e-01,-3.934781980370e+01,-2.007146215913e+01,-1.567675389556e+00,1.623248476731e-01,-1.041400874022e-05
3.062000000000e+00,-1.803134542283e-01,-3.935714715980e+01,-2.007143289573e+01,-1.567516476684e+00,1.623982934749e-01,-1.044410222168e-05
3.064000000000e+00,-1.806942119821e-01,-3.936644314443e+01,-2.007140316647e+01,-1.567357991499e+00,1.624715378598e-01,-1.047403294648e-05
3.066000000000e+00,-1.810725268660e-01,-3.937570775057e+01,-2.007137296884e+01,-1.567199934225e+00,1.625445809557e-01,-1.050379908645e-05
3.068000000000e+00,-1.814483895106e-01,-3.938494097134e+01,-2.007134230028e+01,-1.567042305101e+00,1.626174228949e-01,-1.053339841421e-05
3.070000000000e+00,-1.818217906092e-01,-3.939414280013e+01,-2.007131115828e+01,-1.566885104351e+00,1.626900638066e-01,-1.056283039593e-05
3.072000000000e+00,-1.821927208488e-01,-3.940331323054e+01,-2.007127954034e+01,-1.566728332201e+00,1.627625038161e-01,-1.059209858971e-05
3.074000000000e+00,-1.825611709805e-01,-3.941245225636e+01,-2.007124744393e+01,-1.566571988870e+00,1.628347430646e-01,-1.062119399968e-05
3.076000000000e+00,-1.829271317640e-01,-3.942155987160e+01,-2.007121486656e+01,-1.566416074570e+00,1.629067816868e-01,-1.065012363466e-05
3.078000000000e+00,-1.832905940091e-01,-3.943063607049e+01,-2.007118180573e+01,-1.566260589518e+00,1.629786198111e-01,-1.067888552868e-05
3.080000000000e+00,-1.836515485150e-01,-3.943968084751e+01,-2.007114825893e+01,-1.566105533909e+00,1.630502575849e-01,-1.070747489310e-05
3.082000000000e+00,-1.840099861591e-01,-3.944869419729e+01,-2.007111422370e+01,-1.565950907961e+00,1.631216951408e-01,-1.073589558133e-05
3.084000000000e+00,-1.843658977933e-01,-3.945767611471e+01,-2.007107969753e+01,-1.565796711860e+00,1.631929326230e-01,-1.076414235987e-05
3.086000000000e+00,-1.847192743581e-01,-3.946662659488e+01,-2.007104467795e+01,-1.565642945804e+00,1.632639701766e-01,-1.079222015886e-05
3.088000000000e+00,-1.850701067906e-01,-3.947554563308e+01,-2.007100916251e+01,-1.565489609994e+00,1.633348079373e-01,-1.082012329845e-05
3.090000000000e+00,-1.854183860524e-01,-3.948443322487e+01,-2.007097314871e+01,-1.565336704600e+00,1.634054460579e-01,-1.084785217412e-05
3.092000000000e+00,-1.857641031476e-01,-3.949328936596e+01,-2.007093663412e+01,-1.565184229820e+00,1.634758846838e-01,-1.087541053255e-05
3.094000000000e+00,-1.861072491052e-01,-3.950211405236e+01,-2.007089961627e+01,-1.565032185818e+00,1.635461239643e-01,-1.090279344901e-05
3.096000000000e+00,-1.864478150071e-01,-3.951090728019e+01,-2.007086209271e+01,-1.564880572778e+00,1.636161640478e-01,-1.093000165713e-05
3.098000000000e+00,-1.867857919235e-01,-3.951966904587e+01,-2.007082406101e+01,-1.564729390868e+00,1.636860050836e-01,-1.095703225920e-05
3.100000000000e+00,-1.871211709841e-01,-3.952839934601e+01,-2.007078551871e+01,-1.564578640252e+00,1.637556472310e-01,-1.098388440308e-05
3.102000000000e+00,-1.874539433556e-01,-3.953709817742e+01,-2.007074646341e+01,-1.564428321091e+00,1.638250906391e-01,-1.101056009861e-05
3.104000000000e+00,-1.877841002177e-01,-3.954576553716e+01,-2.007070689265e+01,-1.564278433543e+00,1.638943354663e-01,-1.103706115571e-05
3.106000000000e+00,-1.881116327850e-01,-3.955440142248e+01,-2.007066680404e+01,-1.564128977768e+00,1.639633818726e-01,-1.106338006335e-05
3.108000000000e+00,-1.884365322984e-01,-3.956300583088e+01,-2.007062619514e+01,-1.563979953904e+00,1.640322300165e-01,-1.108951962325e-05
3.110000000000e+00,-1.887587900518e-01,-3.957157876003e+01,-2.007058506356e+01,-1.563831362110e+00,1.641008800595e-01,-1.111548234790e-05
3.112000000000e+00,-1.890783973405e-01,-3.958012020786e+01,-2.007054340688e+01,-1.563683202515e+00,1.641693321610e-01,-1.114126197853e-05
3.114000000000e+00,-1.893953455354e-01,-3.958863017250e+01,-2.007050122272e+01,-1.563535475262e+00,1.642375864881e-01,-1.116686073148e-05
3.116000000000e+00,-1.897096259858e-01,-3.959710865230e+01,-2.007045850868e+01,-1.563388180484e+00,1.643056432056e-01,-1.119227805101e-05
3.118000000000e+00,-1.900212301067e-01,-3.960555564586e+01,-2.007041526237e+01,-1.563241318300e+00,1.643735024831e-01,-1.121751375841e-05
3.120000000000e+00,-1.903301493289e-01,-3.961397115192e+01,-2.007037148143e+01,-1.563094888852e+00,1.644411644802e-01,-1.124256400710e-05
3.122000000000e+00,-1.906363751493e-01,-3.962235516952e+01,-2.007032716348e+01,-1.562948892250e+00,1.645086293748e-01,-1.126743091102e-05
3.124000000000e+00,-1.909398990423e-01,-3.963070769789e+01,-2.007028230613e+01,-1.562803328607e+00,1.645758973406e-01,-1.129211377935e-05
3.126000000000e+00,-1.912407125583e-01,-3.963902873647e+01,-2.007023690705e+01,-1.562658198041e+00,1.646429685466e-01,-1.131661200194e-05
3.128000000000e+00,-1.915388072679e-01,-3.964731828493e+01,-2.007019096386e+01,-1.562513500657e+00,1.647098431689e-01,-1.134092212881e-05
3.130000000000e+00,-1.918341747751e-01,-3.965557634316e+01,-2.007014447423e+01,-1.562369236558e+00,1.647765213836e-01,-1.136504873811e-05
3.132000000000e+00,-1.921268066945e-01,-3.966380291126e+01,-2.007009743580e+01,-1.562225405844e+00,1.648430033699e-01,-1.138898834793e-05
3.134000000000e+00,-1.924166947240e-01,-3.967199798957e+01,-2.007004984625e+01,-1.562082008611e+00,1.649092893054e-01,-1.141273785814e-05
3.136000000000e+00,-1.927038305384e-01,-3.968016157864e+01,-2.007000170323e+01,-1.561939044947e+00,1.649753793754e-01,-1.143630109851e-05
3.138000000000e+00,-1.929882058819e-01,-3.968829367922e+01,-2.006995300443e+01,-1.561796514942e+00,1.650412737538e-01,-1.145967587614e-05
3.140000000000e+00,-1.932698125290e-01,-3.969639429233e+01,-2.006990374753e+01,-1.561654418679e+00,1.651069726376e-01,-1.148285895857e-05
3.142000000000e+00,-1.935486422814e-01,-3.970446341915e+01,-2.006985393021e+01,-1.561512756232e+00,1.651724762031e-01,-1.150585385587e-05
3.144000000000e+00,-1.938246869605e-01,-3.971250106114e+01,-2.006980355016e+01,-1.561371527677e+00,1.652377846393e-01,-1.152865856916e-05
3.146000000000e+00,-1.940979384477e-01,-3.972050721994e+01,-2.006975260509e+01,-1.561230733082e+00,1.653028981353e-01,-1.155126735044e-05
3.148000000000e+00,-1.943683886418e-01,-3.972848189744e+01,-2.006970109269e+01,-1.561090372513e+00,1.653678168835e-01,-1.157368850065e-05
3.150000000000e+00,-1.946360294788e-01,-3.973642509572e+01,-2.006964901070e+01,-1.560950446039e+00,1.654325410764e-01,-1.159591754389e-05
3.152000000000e+00,-1.949008529261e-01,-3.974433681711e+01,-2.006959635681e+01,-1.560810953703e+00,1.654970709020e-01,-1.161795142896e-05
3.154000000000e+00,-1.951628509975e-01,-3.975221706417e+01,-2.006954312875e+01,-1.560671895565e+00,1.655614065652e-01,-1.163979195505e-05
3.156000000000e+00,-1.954220157365e-01,-3.976006583964e+01,-2.006948932426e+01,-1.560533271675e+00,1.656255482554e-01,-1.166143850151e-05
3.158000000000e+00,-1.956783392027e-01,-3.976788314653e+01,-2.006943494108e+01,-1.560395082072e+00,1.656894961705e-01,-1.168289090820e-05
3.160000000000e+00,-1.959318135104e-01,-3.977566898803e+01,-2.006937997692e+01,-1.560257326801e+00,1.657532505158e-01,-1.170414738419e-05
3.162000000000e+00,-1.961824308130e-01,-3.978342336759e+01,-2.006932442957e+01,-1.560120005891e+00,1.658168114879e-01,-1.172520912376e-05
3.164000000000e+00,-1.964301832801e-01,-3.979114628888e+01,-2.006926829677e+01,-1.559983119380e+00,1.658801792907e-01,-1.174607095515e-05
3.166000000000e+00,-1.966750631317e-01,-3.979883775576e+01,-2.006921157627e+01,-1.559846667291e+00,1.659433541308e-01,-1.176673634104e-05
3.168000000000e+00,-1.969170626077e-01,-3.980649777235e+01,-2.006915426585e+01,-1.559710649648e+00,1.660063362162e-01,-1.178720294257e-05
3.170000000000e+00,-1.971561739970e-01,-3.981412634298e+01,-2.006909636328e+01,-1.559575066467e+00,1.660691257479e-01,-1.180747606926e-05
3.172000000000e+00,-1.973923896257e-01,-3.982172347221e+01,-2.006903786635e+01,-1.559439917764e+00,1.661317229404e-01,-1.182754425197e-05
3.174000000000e+00,-1.976257018373e-01,-3.982928916482e+01,-2.006897877283e+01,-1.559305203547e+00,1.661941280063e-01,-1.184741887951e-05
3.176000000000e+00,-1.978561030295e-01,-3.983682342580e+01,-2.006891908053e+01,-1.559170923821e+00,1.662563411518e-01,-1.186708929302e-05
3.178000000000e+00,-1.980835856340e-01,-3.984432626039e+01,-2.006885878724e+01,-1.559037078588e+00,1.663183625962e-01,-1.188655758885e-05
3.180000000000e+00,-1.983081420976e-01,-3.985179767406e+01,-2.006879789076e+01,-1.558903667844e+00,1.663801925558e-01,-1.190582866259e-05
3.182000000000e+00,-1.985297649331e-01,-3.985923767247e+01,-2.006873638892e+01,-1.558770691581e+00,1.664418312436e-01,-1.192489654606e-05
3.184000000000e+00,-1.987484466610e-01,-3.986664626154e+01,-2.006867427953e+01,-1.558638149787e+00,1.665032788822e-01,-1.194376163101e-05
3.186000000000e+00,-1.989641798677e-01,-3.987402344740e+01,-2.006861156041e+01,-1.558506042446e+00,1.665645356888e-01,-1.196242510393e-05
3.188000000000e+00,-1.991769571439e-01,-3.988136923641e+01,-2.006854822940e+01,-1.558374369536e+00,1.666256018901e-01,-1.198088435656e-05
3.190000000000e+00,-1.993867711477e-01,-3.988868363515e+01,-2.006848428433e+01,-1.558243131030e+00,1.666864777038e-01,-1.199913915142e-05
3.192000000000e+00,-1.995936145406e-01,-3.989596665044e+01,-2.006841972305e+01,-1.558112326903e+00,1.667471633601e-01,-1.201718959578e-05
3.194000000000e+00,-1.997974800432e-01,-3.990321828932e+01,-2.006835454342e+01,-1.557981957120e+00,1.668076590828e-01,-1.203503550874e-05
3.196000000000e+00,-1.999983604178e-01,-3.991043855906e+01,-2.006828874327e+01,-1.557852021632e+00,1.668679651056e-01,-1.205267378915e-05
3.198000000000e+00,-2.001962484411e-01,-3.991762746715e+01,-2.006822232049e+01,-1.557722520412e+00,1.669280816517e-01,-1.207010958789e-05
3.200000000000e+00,-2.003911369457e-01,-3.992478502132e+01,-2.006815527294e+01,-1.557593453402e+00,1.669880089561e-01,-1.208733548649e-05
3.202000000000e+00,-2.005830187897e-01,-3.993191122950e+01,-2.006808759850e+01,-1.557464820556e+00,1.670477472493e-01,-1.210435527758e-05
3.204000000000e+00,-2.007718868778e-01,-3.993900609990e+01,-2.006801929506e+01,-1.557336621812e+00,1.671072967718e-01,-1.212116926497e-05
3.206000000000e+00,-2.009577341390e-01,-3.994606964089e+01,-2.006795036049e+01,-1.557208857116e+00,1.671666577566e-01,-1.213777553189e-05
3.208000000000e+00,-2.011405535510e-01,-3.995310186116e+01,-2.006788079270e+01,-1.557081526395e+00,1.672258304419e-01,-1.215416808322e-05
3.210000000000e+00,-2.013203381259e-01,-3.996010276952e+01,-2.006781058960e+01,-1.556954629588e+00,1.672848150677e-01,-1.217035502121e-05
3.212000000000e+00,-2.014970809064e-01,-3.996707237510e+01,-2.006773974909e+01,-1.556828166614e+00,1.673436118733e-01,-1.218633116953e-05
3.214000000000e+00,-2.016707749774e-01,-3.997401068720e+01,-2.006766826908e+01,-1.556702137399e+00,1.674022211063e-01,-1.220209857176e-05
3.216000000000e+00,-2.018414134680e-01,-3.998091771540e+01,-2.006759614750e+01,-1.556576541858e+00,1.674606430060e-01,-1.221765444006e-05
3.218000000000e+00,-2.020089895399e-01,-3.998779346945e+01,-2.006752338228e+01,-1.556451379906e+00,1.675188778213e-01,-1.223299933149e-05
3.220000000000e+00,-2.021734963843e-01,-3.999463795940e+01,-2.006744997136e+01,-1.556326651446e+00,1.675769258025e-01,-1.224813123389e-05
3.222000000000e+00,-2.023349272363e-01,-4.000145119548e+01,-2.006737591267e+01,-1.556202356391e+00,1.676347871922e-01,-1.226304988282e-05
3.224000000000e+00,-2.024932753798e-01,-4.000823318815e+01,-2.006730120417e+01,-1.556078494633e+00,1.676924622478e-01,-1.227775768576e-05
3.226000000000e+00,-2.026485341201e-01,-4.001498394814e+01,-2.006722584381e+01,-1.555955066065e+00,1.677499512206e-01,-1.229225306113e-05
3.228000000000e+00,-2.028006967965e-01,-4.002170348639e+01,-2.006714982956e+01,-1.555832070581e+00,1.678072543622e-01,-1.230653307726e-05
3.230000000000e+00,-2.029497568131e-01,-4.002839181404e+01,-2.006707315937e+01,-1.555709508070e+00,1.678643719293e-01,-1.232059777318e-05
3.232000000000e+00,-2.030957075882e-01,-4.003504894253e+01,-2.006699583124e+01,-1.555587378405e+00,1.679213041834e-01,-1.233445050606e-05
3.234000000000e+00,-2.032385425870e-01,-4.004167488345e+01,-2.006691784314e+01,-1.555465681471e+00,1.679780513787e-01,-1.234808704219e-05
3.236000000000e+00,-2.033782553088e-01,-4.004826964870e+01,-2.006683919305e+01,-1.555344417135e+00,1.680346137786e-01,-1.236150730200e-05
3.238000000000e+00,-2.035148392996e-01,-4.005483325037e+01,-2.006675987897e+01,-1.555223585267e+00,1.680909916450e-01,-1.237471245700e-05
3.240000000000e+00,-2.036482881302e-01,-4.006136570079e+01,-2.006667989891e+01,-1.555103185726e+00,1.681471852405e-01,-1.238770126194e-05
3.242000000000e+00,-2.037785954257e-01,-4.006786701252e+01,-2.006659925087e+01,-1.554983218376e+00,1.682031948301e-01,-1.240047150520e-05
3.244000000000e+00,-2.039057548305e-01,-4.007433719837e+01,-2.006651793287e+01,-1.554863683069e+00,1.682590206891e-01,-1.241302397812e-05
3.246000000000e+00,-2.040297600543e-01,-4.008077627136e+01,-2.006643594293e+01,-1.554744579654e+00,1.683146630758e-01,-1.242536098092e-05
3.248000000000e+00,-2.041506048222e-01,-4.008718424476e+01,-2.006635327908e+01,-1.554625907976e+00,1.683701222664e-01,-1.243747753963e-05
3.250000000000e+00,-2.042682829052e-01,-4.009356113207e+01,-2.006626993934e+01,-1.554507667879e+00,1.684253985340e-01,-1.244937521415e-05
3.252000000000e+00,-2.043827881238e-01,-4.009990694703e+01,-2.006618592178e+01,-1.554389859190e+00,1.684804921476e-01,-1.246105483146e-05
3.254000000000e+00,-2.044941143057e-01,-4.010622170360e+01,-2.006610122442e+01,-1.554272481748e+00,1.685354033893e-01,-1.247251490789e-05
3.256000000000e+00,-2.046022553618e-01,-4.011250541600e+01,-2.006601584533e+01,-1.554155535378e+00,1.685901325342e-01,-1.248375357070e-05
3.258000000000e+00,-2.047072052107e-01,-4.011875809866e+01,-2.006592978257e+01,-1.554039019902e+00,1.686446798584e-01,-1.249477122378e-05
3.260000000000e+00,-2.048089578164e-01,-4.012497976626e+01,-2.006584303421e+01,-1.553922935132e+00,1.686990456446e-01,-1.250557000519e-05
3.262000000000e+00,-2.049075071919e-01,-4.013117043371e+01,-2.006575559831e+01,-1.553807280888e+00,1.687532301737e-01,-1.251614380428e-05
3.264000000000e+00,-2.050028473646e-01,-4.013733011616e+01,-2.006566747297e+01,-1.553692056978e+00,1.688072337311e-01,-1.252649845913e-05
3.266000000000e+00,-2.050949724437e-01,-4.014345882900e+01,-2.006557865627e+01,-1.553577263203e+00,1.688610566046e-01,-1.253663058557e-05
3.268000000000e+00,-2.051838765394e-01,-4.014955658784e+01,-2.006548914630e+01,-1.553462899358e+00,1.689146990757e-01,-1.254653961756e-05
3.270000000000e+00,-2.052695538075e-01,-4.015562340855e+01,-2.006539894116e+01,-1.553348965243e+00,1.689681614367e-01,-1.255622472414e-05
3.272000000000e+00,-2.053519984630e-01,-4.016165930721e+01,-2.006530803897e+01,-1.553235460649e+00,1.690214439790e-01,-1.256568638161e-05
3.274000000000e+00,-2.054312047335e-01,-4.016766430019e+01,-2.006521643784e+01,-1.553122385355e+00,1.690745469937e-01,-1.257492474486e-05
3.276000000000e+00,-2.055071669095e-01,-4.017363840403e+01,-2.006512413588e+01,-1.553009739145e+00,1.691274707739e-01,-1.258393708034e-05
3.278000000000e+00,-2.055798793144e-01,-4.017958163555e+01,-2.006503113123e+01,-1.552897521795e+00,1.691802156178e-01,-1.259272634234e-05
3.280000000000e+00,-2.056493362984e-01,-4.018549401181e+01,-2.006493742202e+01,-1.552785733074e+00,1.692327818183e-01,-1.260128981287e-05
3.282000000000e+00,-2.057155322603e-01,-4.019137555009e+01,-2.006484300638e+01,-1.552674372751e+00,1.692851696792e-01,-1.260962820231e-05
3.284000000000e+00,-2.057784616448e-01,-4.019722626792e+01,-2.006474788249e+01,-1.552563440585e+00,1.693373794988e-01,-1.261774070881e-05
3.286000000000e+00,-2.058381189333e-01,-4.020304618306e+01,-2.006465204847e+01,-1.552452936335e+00,1.693894115778e-01,-1.262562496220e-05
3.288000000000e+00,-2.058944986340e-01,-4.020883531353e+01,-2.006455550249e+01,-1.552342859752e+00,1.694412662228e-01,-1.263328348907e-05
3.290000000000e+00,-2.059475953129e-01,-4.021459367758e+01,-2.006445824272e+01,-1.552233210583e+00,1.694929437414e-01,-1.264071446378e-05
3.292000000000e+00,-2.059974035598e-01,-4.022032129369e+01,-2.006436026734e+01,-1.552123988574e+00,1.695444444372e-01,-1.264791799645e-05
3.294000000000e+00,-2.060439180238e-01,-4.022601818058e+01,-2.006426157452e+01,-1.552015193459e+00,1.695957686193e-01,-1.265489519086e-05
3.296000000000e+00,-2.060871333706e-01,-4.023168435723e+01,-2.006416216246e+01,-1.551906824975e+00,1.696469165981e-01,-1.266164108326e-05
3.298000000000e+00,-2.061270443295e-01,-4.023731984286e+01,-2.006406202934e+01,-1.551798882849e+00,1.696978886917e-01,-1.266816009823e-05
3.300000000000e+00,-2.061636456416e-01,-4.024292465692e+01,-2.006396117336e+01,-1.551691366805e+00,1.697486852085e-01,-1.267444915670e-05
3.302000000000e+00,-2.061969321160e-01,-4.024849881910e+01,-2.006385959274e+01,-1.551584276560e+00,1.697993064683e-01,-1.268050974381e-05
3.304000000000e+00,-2.062268985844e-01,-4.025404234934e+01,-2.006375728568e+01,-1.551477611834e+00,1.698497527851e-01,-1.268634070129e-05
3.306000000000e+00,-2.062535399259e-01,-4.025955526783e+01,-2.006365425040e+01,-1.551371372331e+00,1.699000244823e-01,-1.269193965949e-05
3.308000000000e+00,-2.062768510578e-01,-4.026503759497e+01,-2.006355048515e+01,-1.551265557760e+00,1.699501218779e-01,-1.269730869553e-05
3.310000000000e+00,-2.062968269376e-01,-4.027048935145e+01,-2.006344598813e+01,-1.551160167818e+00,1.700000452938e-01,-1.270244854268e-05
3.312000000000e+00,-2.063134625573e-01,-4.027591055818e+01,-2.006334075759e+01,-1.551055202201e+00,1.700497950578e-01,-1.270735648527e-05
3.314000000000e+00,-2.063267529564e-01,-4.028130123631e+01,-2.006323479179e+01,-1.550950660603e+00,1.700993714958e-01,-1.271203208994e-05
3.316000000000e+00,-2.063366932161e-01,-4.028666140723e+01,-2.006312808897e+01,-1.550846542705e+00,1.701487749338e-01,-1.271647684542e-05
3.318000000000e+00,-2.063432784451e-01,-4.029199109261e+01,-2.006302064739e+01,-1.550742848190e+00,1.701980057042e-01,-1.272068773631e-05
3.320000000000e+00,-2.063465038121e-01,-4.029729031432e+01,-2.006291246532e+01,-1.550639576735e+00,1.702470641355e-01,-1.272466752496e-05
3.322000000000e+00,-2.063463645015e-01,-4.030255909449e+01,-2.006280354102e+01,-1.550536728008e+00,1.702959505613e-01,-1.272841324728e-05
3.324000000000e+00,-2.063428557600e-01,-4.030779745551e+01,-2.006269387278e+01,-1.550434301681e+00,1.703446653189e-01,-1.273192576447e-05
3.326000000000e+00,-2.063359728620e-01,-4.031300542001e+01,-2.006258345888e+01,-1.550332297409e+00,1.703932087439e-01,-1.273520497050e-05
3.328000000000e+00,-2.063257111231e-01,-4.031818301085e+01,-2.006247229762e+01,-1.550230714857e+00,1.704415811741e-01,-1.273825067917e-05
3.330000000000e+00,-2.063120659085e-01,-4.032333025116e+01,-2.006236038729e+01,-1.550129553669e+00,1.704897829488e-01,-1.274106186230e-05
3.332000000000e+00,-2.062950326030e-01,-4.032844716431e+01,-2.006224772619e+01,-1.550028813497e+00,1.705378144128e-01,-1.274363931891e-05
3.334000000000e+00,-2.062746066589e-01,-4.033353377390e+01,-2.006213431264e+01,-1.549928493981e+00,1.705856759063e-01,-1.274598067125e-05
3.336000000000e+00,-2.062507835419e-01,-4.033859010381e+01,-2.006202014495e+01,-1.549828594759e+00,1.706333677772e-01,-1.274808787585e-05
3.338000000000e+00,-2.062235587858e-01,-4.034361617814e+01,-2.006190522145e+01,-1.549729115463e+00,1.706808903741e-01,-1.274995844922e-05
3.340000000000e+00,-2.061929279312e-01,-4.034861202124e+01,-2.006178954046e+01,-1.549630055721e+00,1.707282440418e-01,-1.275159420121e-05
3.342000000000e+00,-2.061588865954e-01,-4.035357765772e+01,-2.006167310033e+01,-1.549531415155e+00,1.707754291338e-01,-1.275299375349e-05
3.344000000000e+00,-2.061214304028e-01,-4.035851311245e+01,-2.006155589939e+01,-1.549433193385e+00,1.708224460019e-01,-1.275415797199e-05
3.346000000000e+00,-2.060805550363e-01,-4.036341841052e+01,-2.006143793598e+01,-1.549335390022e+00,1.708692949994e-01,-1.275508311156e-05
3.348000000000e+00,-2.060362562199e-01,-4.036829357730e+01,-2.006131920849e+01,-1.549238004674e+00,1.709159764854e-01,-1.275577238907e-05
3.350000000000e+00,-2.059885297098e-01,-4.037313863839e+01,-2.006119971524e+01,-1.549141036944e+00,1.709624908160e-01,-1.275622502603e-05
3.352000000000e+00,-2.059373713009e-01,-4.037795361964e+01,-2.006107945463e+01,-1.549044486431e+00,1.710088383474e-01,-1.275643994816e-05
3.354000000000e+00,-2.058827768441e-01,-4.038273854716e+01,-2.006095842501e+01,-1.548948352726e+00,1.710550194472e-01,-1.275641706271e-05
3.356000000000e+00,-2.058247422071e-01,-4.038749344731e+01,-2.006083662478e+01,-1.548852635418e+00,1.711010344736e-01,-1.275615417515e-05
3.358000000000e+00,-2.057632633164e-01,-4.039221834670e+01,-2.006071405231e+01,-1.548757334093e+00,1.711468837940e-01,-1.275565549619e-05
3.360000000000e+00,-2.056983361330e-01,-4.039691327219e+01,-2.006059070600e+01,-1.548662448324e+00,1.711925677739e-01,-1.275491749375e-05
3.362000000000e+00,-2.056299566514e-01,-4.040157825090e+01,-2.006046658425e+01,-1.548567977689e+00,1.712380867844e-01,-1.275394034258e-05
3.364000000000e+00,-2.055581209127e-01,-4.040621331019e+01,-2.006034168547e+01,-1.548473921756e+00,1.712834411913e-01,-1.275272444339e-05
3.366000000000e+00,-2.054828250063e-01,-4.041081847769e+01,-2.006021600806e+01,-1.548380280084e+00,1.713286313712e-01,-1.275126852051e-05
3.368000000000e+00,-2.054040650416e-01,-4.041539378126e+01,-2.006008955044e+01,-1.548287052234e+00,1.713736576960e-01,-1.274957405662e-05
3.370000000000e+00,-2.053218371809e-01,-4.041993924903e+01,-2.005996231103e+01,-1.548194237761e+00,1.714185205416e-01,-1.274763839525e-05
3.372000000000e+00,-2.052361376229e-01,-4.042445490940e+01,-2.005983428827e+01,-1.548101836211e+00,1.714632202852e-01,-1.274546356920e-05
3.374000000000e+00,-2.051469626129e-01,-4.042894079099e+01,-2.005970548059e+01,-1.548009847125e+00,1.715077573071e-01,-1.274304761604e-05
3.376000000000e+00,-2.050543084260e-01,-4.043339692269e+01,-2.005957588642e+01,-1.547918270046e+00,1.715521319882e-01,-1.274039145250e-05
3.378000000000e+00,-2.049581713869e-01,-4.043782333364e+01,-2.005944550423e+01,-1.547827104504e+00,1.715963447103e-01,-1.273749475763e-05
3.380000000000e+00,-2.048585478438e-01,-4.044222005327e+01,-2.005931433246e+01,-1.547736350028e+00,1.716403958629e-01,-1.273435601891e-05
3.382000000000e+00,-2.047554342063e-01,-4.044658711121e+01,-2.005918236957e+01,-1.547646006142e+00,1.716842858254e-01,-1.273097674873e-05
3.384000000000e+00,-2.046488269131e-01,-4.045092453738e+01,-2.005904961403e+01,-1.547556072362e+00,1.717280149931e-01,-1.272735507633e-05
3.386000000000e+00,-2.045387224399e-01,-4.045523236197e+01,-2.005891606431e+01,-1.547466548200e+00,1.717715837512e-01,-1.272349155914e-05
3.388000000000e+00,-2.044251173020e-01,-4.045951061539e+01,-2.005878171888e+01,-1.547377433167e+00,1.718149924954e-01,-1.271938687441e-05
3.390000000000e+00,-2.043080080609e-01,-4.046375932832e+01,-2.005864657623e+01,-1.547288726763e+00,1.718582416175e-01,-1.271503955366e-05
3.392000000000e+00,-2.041873913148e-01,-4.046797853173e+01,-2.005851063485e+01,-1.547200428487e+00,1.719013315153e-01,-1.271045033841e-05
3.394000000000e+00,-2.040632637017e-01,-4.047216825679e+01,-2.005837389324e+01,-1.547112537833e+00,1.719442625849e-01,-1.270561762613e-05
3.396000000000e+00,-2.039356218943e-01,-4.047632853500e+01,-2.005823634988e+01,-1.547025054283e+00,1.719870352266e-01,-1.270054292485e-05
3.398000000000e+00,-2.038044626103e-01,-4.048045939805e+01,-2.005809800330e+01,-1.546937977325e+00,1.720296498420e-01,-1.269522413721e-05
3.400000000000e+00,-2.036697826085e-01,-4.048456087793e+01,-2.005795885201e+01,-1.546851306431e+00,1.720721068339e-01,-1.268966255983e-05
3.402000000000e+00,-2.035315786792e-01,-4.048863300689e+01,-2.005781889451e+01,-1.546765041077e+00,1.721144066090e-01,-1.268385664878e-05
3.404000000000e+00,-2.033898476594e-01,-4.049267581741e+01,-2.005767812934e+01,-1.546679180726e+00,1.721565495726e-01,-1.267780824505e-05
3.406000000000e+00,-2.032445864182e-01,-4.049668934226e+01,-2.005753655502e+01,-1.546593724842e+00,1.721985361333e-01,-1.267151593884e-05
3.408000000000e+00,-2.030957918736e-01,-4.050067361447e+01,-2.005739417009e+01,-1.546508672882e+00,1.722403667027e-01,-1.266497954432e-05
3.410000000000e+00,-2.029434609731e-01,-4.050462866732e+01,-2.005725097310e+01,-1.546424024294e+00,1.722820416946e-01,-1.265819778690e-05
3.412000000000e+00,-2.027875907123e-01,-4.050855453435e+01,-2.005710696258e+01,-1.546339778527e+00,1.723235615207e-01,-1.265117259991e-05
3.414000000000e+00,-2.026281781147e-01,-4.051245124937e+01,-2.005696213708e+01,-1.546255935021e+00,1.723649266009e-01,-1.264390284612e-05
3.416000000000e+00,-2.024652202555e-01,-4.051631884646e+01,-2.005681649518e+01,-1.546172493211e+00,1.724061373514e-01,-1.263638770684e-05
3.418000000000e+00,-2.022987142380e-01,-4.052015735994e+01,-2.005667003542e+01,-1.546089452528e+00,1.724471941929e-01,-1.262862812571e-05
3.420000000000e+00,-2.021286572110e-01,-4.052396682441e+01,-2.005652275638e+01,-1.546006812396e+00,1.724880975466e-01,-1.262062284202e-05
3.422000000000e+00,-2.019550463581e-01,-4.052774727474e+01,-2.005637465664e+01,-1.545924572235e+00,1.725288478376e-01,-1.261237286215e-05
3.424000000000e+00,-2.017778789017e-01,-4.053149874605e+01,-2.005622573476e+01,-1.545842731460e+00,1.725694454913e-01,-1.260387729223e-05
3.426000000000e+00,-2.015971521083e-01,-4.053522127373e+01,-2.005607598934e+01,-1.545761289481e+00,1.726098909370e-01,-1.259513565323e-05
3.428000000000e+00,-2.014128632763e-01,-4.053891489344e+01,-2.005592541896e+01,-1.545680245701e+00,1.726501846011e-01,-1.258614887291e-05
3.430000000000e+00,-2.012250097460e-01,-4.054257964110e+01,-2.005577402222e+01,-1.545599599519e+00,1.726903269191e-01,-1.257691557868e-05
3.432000000000e+00,-2.010335888949e-01,-4.054621555289e+01,-2.005562179773e+01,-1.545519350328e+00,1.727303183218e-01,-1.256743649917e-05
3.434000000000e+00,-2.008385981406e-01,-4.054982266527e+01,-2.005546874408e+01,-1.545439497518e+00,1.727701592450e-01,-1.255771126432e-05
3.436000000000e+00,-2.006400349371e-01,-4.055340101497e+01,-2.005531485989e+01,-1.545360040469e+00,1.728098501283e-01,-1.254773974047e-05
3.438000000000e+00,-2.004378967738e-01,-4.055695063896e+01,-2.005516014378e+01,-1.545280978561e+00,1.728493914080e-01,-1.253752219830e-05
3.440000000000e+00,-2.002321811837e-01,-4.056047157451e+01,-2.005500459436e+01,-1.545202311165e+00,1.728887835279e-01,-1.252705719884e-05
3.442000000000e+00,-2.000228857381e-01,-4.056396385913e+01,-2.005484821026e+01,-1.545124037647e+00,1.729280269301e-01,-1.251634557322e-05
3.444000000000e+00,-1.998100080366e-01,-4.056742753063e+01,-2.005469099012e+01,-1.545046157370e+00,1.729671220599e-01,-1.250538725143e-05
3.446000000000e+00,-1.995935457301e-01,-4.057086262705e+01,-2.005453293257e+01,-1.544968669690e+00,1.730060693642e-01,-1.249418164260e-05
3.448000000000e+00,-1.993734964975e-01,-4.057426918674e+01,-2.005437403625e+01,-1.544891573958e+00,1.730448692924e-01,-1.248272936481e-05
3.450000000000e+00,-1.991498580594e-01,-4.057764724829e+01,-2.005421429981e+01,-1.544814869518e+00,1.730835222953e-01,-1.247102901511e-05
3.452000000000e+00,-1.989226281728e-01,-4.058099685058e+01,-2.005405372189e+01,-1.544738555711e+00,1.731220288256e-01,-1.245908167272e-05
3.454000000000e+00,-1.986918046317e-01,-4.058431803274e+01,-2.005389230117e+01,-1.544662631871e+00,1.731603893382e-01,-1.244688661922e-05
3.456000000000e+00,-1.984573852665e-01,-4.058761083419e+01,-2.005373003629e+01,-1.544587097327e+00,1.731986042916e-01,-1.243444404547e-05
3.458000000000e+00,-1.982193679482e-01,-4.059087529461e+01,-2.005356692593e+01,-1.544511951405e+00,1.732366741419e-01,-1.242175430120e-05
3.460000000000e+00,-1.979777505829e-01,-4.059411145396e+01,-2.005340296875e+01,-1.544437193421e+00,1.732745993520e-01,-1.240881646694e-05
3.462000000000e+00,-1.977325311124e-01,-4.059731935247e+01,-2.005323816342e+01,-1.544362822687e+00,1.733123803847e-01,-1.239563024483e-05
3.464000000000e+00,-1.974837075169e-01,-4.060049903063e+01,-2.005307250864e+01,-1.544288838513e+00,1.733500177046e-01,-1.238219663234e-05
3.466000000000e+00,-1.972312778137e-01,-4.060365052923e+01,-2.005290600308e+01,-1.544215240199e+00,1.733875117771e-01,-1.236851440383e-05
3.468000000000e+00,-1.969752400573e-01,-4.060677388931e+01,-2.005273864544e+01,-1.544142027043e+00,1.734248630728e-01,-1.235458404747e-05
3.470000000000e+00,-1.967155923352e-01,-4.060986915219e+01,-2.005257043440e+01,-1.544069198334e+00,1.734620720617e-01,-1.234040568063e-05
3.472000000000e+00,-1.964523327769e-01,-4.061293635948e+01,-2.005240136867e+01,-1.543996753360e+00,1.734991392171e-01,-1.232597862745e-05
3.474000000000e+00,-1.961854595429e-01,-4.061597555304e+01,-2.005223144694e+01,-1.543924691399e+00,1.735360650125e-01,-1.231130259840e-05
3.476000000000e+00,-1.959149708325e-01,-4.061898677502e+01,-2.005206066794e+01,-1.543853011726e+00,1.735728499253e-01,-1.229637883827e-05
3.478000000000e+00,-1.956408648804e-01,-4.062197006785e+01,-2.005188903035e+01,-1.543781713610e+00,1.736094944353e-01,-1.228120588866e-05
3.480000000000e+00,-1.953631399591e-01,-4.062492547423e+01,-2.005171653291e+01,-1.543710796314e+00,1.736459990224e-01,-1.226578450786e-05
3.482000000000e+00,-1.950817943746e-01,-4.062785303713e+01,-2.005154317434e+01,-1.543640259096e+00,1.736823641698e-01,-1.225011435897e-05
3.484000000000e+00,-1.947968264718e-01,-4.063075279981e+01,-2.005136895335e+01,-1.543570101209e+00,1.737185903626e-01,-1.223419494510e-05
3.486000000000e+00,-1.945082346263e-01,-4.063362480580e+01,-2.005119386867e+01,-1.543500321898e+00,1.737546780867e-01,-1.221802726565e-05
3.488000000000e+00,-1.942160172521e-01,-4.063646909891e+01,-2.005101791904e+01,-1.543430920406e+00,1.737906278317e-01,-1.220161005539e-05
3.490000000000e+00,-1.939201727978e-01,-4.063928572324e+01,-2.005084110320e+01,-1.543361895968e+00,1.738264400890e-01,-1.218494405505e-05
3.492000000000e+00,-1.936206997498e-01,-4.064207472314e+01,-2.005066341988e+01,-1.543293247812e+00,1.738621153509e-01,-1.216802874050e-05
3.494000000000e+00,-1.933175966272e-01,-4.064483614327e+01,-2.005048486783e+01,-1.543224975165e+00,1.738976541131e-01,-1.215086447377e-05
3.496000000000e+00,-1.930108619799e-01,-4.064757002856e+01,-2.005030544580e+01,-1.543157077245e+00,1.739330568721e-01,-1.213345088095e-05
3.498000000000e+00,-1.927004944013e-01,-4.065027642420e+01,-2.005012515254e+01,-1.543089553264e+00,1.739683241269e-01,-1.211578803627e-05
3.500000000000e+00,-1.923864925157e-01,-4.065295537571e+01,-2.004994398681e+01,-1.543022402429e+00,1.740034563791e-01,-1.209787598220e-05
3.502000000000e+00,-1.920688549791e-01,-4.065560692883e+01,-2.004976194736e+01,-1.542955623943e+00,1.740384541327e-01,-1.207971460624e-05
3.504000000000e+00,-1.917475804841e-01,-4.065823112964e+01,-2.004957903297e+01,-1.542889217002e+00,1.740733178924e-01,-1.206130355811e-05
3.506000000000e+00,-1.914226677564e-01,-4.066082802446e+01,-2.004939524239e+01,-1.542823180795e+00,1.741080481658e-01,-1.204264369555e-05
3.508000000000e+00,-1.910941155597e-01,-4.066339765991e+01,-2.004921057440e+01,-1.542757514507e+00,1.741426454624e-01,-1.202373353904e-05
3.510000000000e+00,-1.907619226866e-01,-4.066594008289e+01,-2.004902502777e+01,-1.542692217318e+00,1.741771102931e-01,-1.200457456664e-05
3.512000000000e+00,-1.904260879650e-01,-4.066845534059e+01,-2.004883860128e+01,-1.542627288400e+00,1.742114431728e-01,-1.198516610733e-05
3.514000000000e+00,-1.900866102589e-01,-4.067094348048e+01,-2.004865129372e+01,-1.542562726922e+00,1.742456446169e-01,-1.196550772302e-05
3.516000000000e+00,-1.897434884621e-01,-4.067340455031e+01,-2.004846310386e+01,-1.542498532044e+00,1.742797151431e-01,-1.194560051490e-05
3.518000000000e+00,-1.893967215038e-01,-4.067583859812e+01,-2.004827403050e+01,-1.542434702922e+00,1.743136552714e-01,-1.192544282890e-05
3.520000000000e+00,-1.890463083461e-01,-4.067824567223e+01,-2.004808407242e+01,-1.542371238707e+00,1.743474655239e-01,-1.190503603006e-05
3.522000000000e+00,-1.886922479832e-01,-4.068062582127e+01,-2.004789322843e+01,-1.542308138543e+00,1.743811464257e-01,-1.188437929858e-05
3.524000000000e+00,-1.883345394428e-01,-4.068297909412e+01,-2.004770149731e+01,-1.542245401569e+00,1.744146985015e-01,-1.186347303584e-05
3.526000000000e+00,-1.879731817861e-01,-4.068530553997e+01,-2.004750887787e+01,-1.542183026917e+00,1.744481222807e-01,-1.184231762638e-05
3.528000000000e+00,-1.876081741045e-01,-4.068760520829e+01,-2.004731536892e+01,-1.542121013714e+00,1.744814182937e-01,-1.182091241874e-05
3.530000000000e+00,-1.872395155227e-01,-4.068987814885e+01,-2.004712096925e+01,-1.542059361081e+00,1.745145870737e-01,-1.179925723309e-05
3.532000000000e+00,-1.868672051980e-01,-4.069212441168e+01,-2.004692567768e+01,-1.541998068135e+00,1.745476291548e-01,-1.177735276494e-05
3.534000000000e+00,-1.864912423201e-01,-4.069434404714e+01,-2.004672949303e+01,-1.541937133984e+00,1.745805450741e-01,-1.175519833306e-05
3.536000000000e+00,-1.861116261086e-01,-4.069653710585e+01,-2.004653241410e+01,-1.541876557731e+00,1.746133353714e-01,-1.173279458017e-05
3.538000000000e+00,-1.857283558144e-01,-4.069870363872e+01,-2.004633443972e+01,-1.541816338474e+00,1.746460005870e-01,-1.171014104119e-05
3.540000000000e+00,-1.853414307232e-01,-4.070084369697e+01,-2.004613556870e+01,-1.541756475306e+00,1.746785412656e-01,-1.168723791152e-05
3.542000000000e+00,-1.849508501503e-01,-4.070295733209e+01,-2.004593579987e+01,-1.541696967311e+00,1.747109579515e-01,-1.166408533166e-05
3.544000000000e+00,-1.845566134393e-01,-4.070504459588e+01,-2.004573513205e+01,-1.541637813570e+00,1.747432511935e-01,-1.164068313392e-05
3.546000000000e+00,-1.841587199670e-01,-4.070710554041e+01,-2.004553356407e+01,-1.541579013157e+00,1.747754215408e-01,-1.161703148297e-05
3.548000000000e+00,-1.837571691410e-01,-4.070914021806e+01,-2.004533109477e+01,-1.541520565139e+00,1.748074695458e-01,-1.159313017848e-05
3.550000000000e+00,-1.833519603996e-01,-4.071114868149e+01,-2.004512772297e+01,-1.541462468580e+00,1.748393957623e-01,-1.156897908835e-05
3.552000000000e+00,-1.829430932101e-01,-4.071313098368e+01,-2.004492344751e+01,-1.541404722534e+00,1.748712007474e-01,-1.154457904952e-05
3.554000000000e+00,-1.825305670680e-01,-4.071508717788e+01,-2.004471826723e+01,-1.541347326053e+00,1.749028850598e-01,-1.151992951771e-05
3.556000000000e+00,-1.821143815058e-01,-4.071701731762e+01,-2.004451218096e+01,-1.541290278179e+00,1.749344492602e-01,-1.149503028340e-05
3.558000000000e+00,-1.816945360751e-01,-4.071892145677e+01,-2.004430518755e+01,-1.541233577953e+00,1.749658939116e-01,-1.146988153232e-05
3.560000000000e+00,-1.812710303654e-01,-4.072079964945e+01,-2.004409728584e+01,-1.541177224404e+00,1.749972195792e-01,-1.144448404012e-05
3.562000000000e+00,-1.808438639947e-01,-4.072265195011e+01,-2.004388847468e+01,-1.541121216560e+00,1.750284268302e-01,-1.141883673230e-05
3.564000000000e+00,-1.804130366051e-01,-4.072447841347e+01,-2.004367875291e+01,-1.541065553440e+00,1.750595162349e-01,-1.139294001439e-05
3.566000000000e+00,-1.799785478701e-01,-4.072627909456e+01,-2.004346811938e+01,-1.541010234058e+00,1.750904883647e-01,-1.136679458982e-05
3.568000000000e+00,-1.795403974938e-01,-4.072805404872e+01,-2.004325657294e+01,-1.540955257423e+00,1.751213437936e-01,-1.134039980078e-05
3.570000000000e+00,-1.790985852051e-01,-4.072980333156e+01,-2.004304411245e+01,-1.540900622535e+00,1.751520830987e-01,-1.131375587052e-05
3.572000000000e+00,-1.786531107628e-01,-4.073152699900e+01,-2.004283073675e+01,-1.540846328391e+00,1.751827068580e-01,-1.128686293175e-05
3.574000000000e+00,-1.782039739543e-01,-4.073322510728e+01,-2.004261644470e+01,-1.540792373980e+00,1.752132156522e-01,-1.125972088266e-05
3.576000000000e+00,-1.777511745944e-01,-4.073489771290e+01,-2.004240123516e+01,-1.540738758284e+00,1.752436100647e-01,-1.123232977657e-05
3.578000000000e+00,-1.772947125245e-01,-4.073654487269e+01,-2.004218510698e+01,-1.540685480283e+00,1.752738906811e-01,-1.120469008507e-05
3.580000000000e+00,-1.768345876136e-01,-4.073816664377e+01,-2.004196805903e+01,-1.540632538946e+00,1.753040580885e-01,-1.117680134608e-05
3.582000000000e+00,-1.763707997574e-01,-4.073976308355e+01,-2.004175009016e+01,-1.540579933238e+00,1.753341128766e-01,-1.114866371491e-05
3.584000000000e+00,-1.759033488789e-01,-4.074133424978e+01,-2.004153119924e+01,-1.540527662118e+00,1.753640556379e-01,-1.112027770288e-05
3.586000000000e+00,-1.754322349281e-01,-4.074288020046e+01,-2.004131138512e+01,-1.540475724538e+00,1.753938869664e-01,-1.109164243456e-05
3.588000000000e+00,-1.749574578801e-01,-4.074440099393e+01,-2.004109064667e+01,-1.540424119446e+00,1.754236074592e-01,-1.106275922976e-05
3.590000000000e+00,-1.744790177380e-01,-4.074589668881e+01,-2.004086898275e+01,-1.540372845779e+00,1.754532177150e-01,-1.103362724439e-05
3.592000000000e+00,-1.739969145286e-01,-4.074736734404e+01,-2.004064639223e+01,-1.540321902474e+00,1.754827183350e-01,-1.100424682658e-05
3.594000000000e+00,-1.735111483055e-01,-4.074881301887e+01,-2.004042287397e+01,-1.540271288456e+00,1.755121099225e-01,-1.097461808705e-05
3.596000000000e+00,-1.730217191462e-01,-4.075023377282e+01,-2.004019842684e+01,-1.540221002647e+00,1.755413930839e-01,-1.094474110548e-05
3.598000000000e+00,-1.725286271555e-01,-4.075162966574e+01,-2.003997304970e+01,-1.540171043962e+00,1.755705684267e-01,-1.091461574476e-05
3.600000000000e+00,-1.720318724621e-01,-4.075300075780e+01,-2.003974674141e+01,-1.540121411310e+00,1.755996365617e-01,-1.088424257276e-05
3.602000000000e+00,-1.715314552190e-01,-4.075434710944e+01,-2.003951950086e+01,-1.540072103592e+00,1.756285981013e-01,-1.085362111421e-05
3.604000000000e+00,-1.710273756032e-01,-4.075566878144e+01,-2.003929132689e+01,-1.540023119705e+00,1.756574536609e-01,-1.082275185277e-05
3.606000000000e+00,-1.705196338164e-01,-4.075696583486e+01,-2.003906221838e+01,-1.539974458539e+00,1.756862038572e-01,-1.079163469700e-05
3.608000000000e+00,-1.700082300844e-01,-4.075823833108e+01,-2.003883217420e+01,-1.539926118975e+00,1.757148493110e-01,-1.076026983666e-05
3.610000000000e+00,-1.694931646558e-01,-4.075948633179e+01,-2.003860119321e+01,-1.539878099892e+00,1.757433906433e-01,-1.072865714236e-05
3.612000000000e+00,-1.689744378038e-01,-4.076070989899e+01,-2.003836927429e+01,-1.539830400160e+00,1.757718284791e-01,-1.069679707699e-05
3.614000000000e+00,-1.684520498224e-01,-4.076190909498e+01,-2.003813641628e+01,-1.539783018642e+00,1.758001634449e-01,-1.066468941739e-05
3.616000000000e+00,-1.679260010313e-01,-4.076308398238e+01,-2.003790261807e+01,-1.539735954197e+00,1.758283961697e-01,-1.063233436159e-05
3.618000000000e+00,-1.673962917694e-01,-4.076423462411e+01,-2.003766787851e+01,-1.539689205674e+00,1.758565272852e-01,-1.059973211563e-05
3.620000000000e+00,-1.668629224003e-01,-4.076536108340e+01,-2.003743219648e+01,-1.539642771920e+00,1.758845574247e-01,-1.056688272532e-05
3.622000000000e+00,-1.663258933086e-01,-4.076646342381e+01,-2.003719557084e+01,-1.539596651771e+00,1.759124872251e-01,-1.053378603222e-05
3.624000000000e+00,-1.657852049013e-01,-4.076754170918e+01,-2.003695800044e+01,-1.539550844060e+00,1.759403173242e-01,-1.050044254293e-05
3.626000000000e+00,-1.652408576052e-01,-4.076859600370e+01,-2.003671948416e+01,-1.539505347613e+00,1.759680483632e-01,-1.046685228100e-05
3.628000000000e+00,-1.646928518698e-01,-4.076962637184e+01,-2.003648002086e+01,-1.539460161246e+00,1.759956809854e-01,-1.043301517505e-05
3.630000000000e+00,-1.641411881654e-01,-4.077063287840e+01,-2.003623960939e+01,-1.539415283773e+00,1.760232158365e-01,-1.039893134838e-05
3.632000000000e+00,-1.635858669807e-01,-4.077161558849e+01,-2.003599824863e+01,-1.539370713999e+00,1.760506535645e-01,-1.036460118447e-05
3.634000000000e+00,-1.630268888280e-01,-4.077257456754e+01,-2.003575593742e+01,-1.539326450723e+00,1.760779948200e-01,-1.033002450605e-05
3.636000000000e+00,-1.624642542364e-01,-4.077350988127e+01,-2.003551267462e+01,-1.539282492737e+00,1.761052402557e-01,-1.029520158441e-05
3.638000000000e+00,-1.618979637558e-01,-4.077442159576e+01,-2.003526845909e+01,-1.539238838827e+00,1.761323905271e-01,-1.026013239829e-05
3.640000000000e+00,-1.613280179568e-01,-4.077530977736e+01,-2.003502328969e+01,-1.539195487773e+00,1.761594462917e-01,-1.022481729277e-05
3.642000000000e+00,-1.607544174269e-01,-4.077617449276e+01,-2.003477716526e+01,-1.539152438346e+00,1.761864082098e-01,-1.018925616358e-05
3.644000000000e+00,-1.601771627740e-01,-4.077701580897e+01,-2.003453008467e+01,-1.539109689312e+00,1.762132769442e-01,-1.015344931292e-05
3.646000000000e+00,-1.595962546237e-01,-4.077783379331e+01,-2.003428204675e+01,-1.539067239432e+00,1.762400531595e-01,-1.011739673381e-05
3.648000000000e+00,-1.590116936190e-01,-4.077862851342e+01,-2.003403305037e+01,-1.539025087456e+00,1.762667375231e-01,-1.008109853642e-05
3.650000000000e+00,-1.584234804229e-01,-4.077940003724e+01,-2.003378309435e+01,-1.538983232131e+00,1.762933307050e-01,-1.004455508892e-05
3.652000000000e+00,-1.578316157131e-01,-4.078014843307e+01,-2.003353217755e+01,-1.538941672195e+00,1.763198333778e-01,-1.000776618057e-05
3.654000000000e+00,-1.572361001868e-01,-4.078087376949e+01,-2.003328029881e+01,-1.538900406382e+00,1.763462462160e-01,-9.970732226504e-06
3.656000000000e+00,-1.566369345572e-01,-4.078157611542e+01,-2.003302745697e+01,-1.538859433416e+00,1.763725698969e-01,-9.933453123751e-06
3.658000000000e+00,-1.560341195540e-01,-4.078225554010e+01,-2.003277365086e+01,-1.538818752016e+00,1.763988051002e-01,-9.895929182176e-06
3.660000000000e+00,-1.554276559228e-01,-4.078291211308e+01,-2.003251887932e+01,-1.538778360895e+00,1.764249525082e-01,-9.858160503243e-06
3.662000000000e+00,-1.548175444260e-01,-4.078354590425e+01,-2.003226314117e+01,-1.538738258757e+00,1.764510128058e-01,-9.820147189984e-06
3.664000000000e+00,-1.542037858416e-01,-4.078415698380e+01,-2.003200643526e+01,-1.538698444300e+00,1.764769866797e-01,-9.781889370170e-06
3.666000000000e+00,-1.535863809612e-01,-4.078474542226e+01,-2.003174876039e+01,-1.538658916216e+00,1.765028748197e-01,-9.743387160634e-06
3.668000000000e+00,-1.529653305933e-01,-4.078531129047e+01,-2.003149011541e+01,-1.538619673190e+00,1.765286779181e-01,-9.704640797066e-06
3.670000000000e+00,-1.523406355599e-01,-4.078585465960e+01,-2.003123049912e+01,-1.538580713899e+00,1.765543966695e-01,-9.665650373390e-06
3.672000000000e+00,-1.517122966981e-01,-4.078637560116e+01,-2.003096991034e+01,-1.538542037015e+00,1.765800317710e-01,-9.626416108383e-06
3.674000000000e+00,-1.510803148573e-01,-4.078687418695e+01,-2.003070834789e+01,-1.538503641200e+00,1.766055839224e-01,-9.586937849174e-06
3.676000000000e+00,-1.504446909023e-01,-4.078735048913e+01,-2.003044581057e+01,-1.538465525112e+00,1.766310538259e-01,-9.547216092230e-06
3.678000000000e+00,-1.498054257099e-01,-4.078780458017e+01,-2.003018229720e+01,-1.538427687401e+00,1.766564421862e-01,-9.507250899609e-06
3.680000000000e+00,-1.491625201709e-01,-4.078823653286e+01,-2.002991780656e+01,-1.538390126710e+00,1.766817497104e-01,-9.467042198023e-06
3.682000000000e+00,-1.485159751871e-01,-4.078864642032e+01,-2.002965233748e+01,-1.538352841675e+00,1.767069771085e-01,-9.426590461368e-06
3.684000000000e+00,-1.478657916739e-01,-4.078903431602e+01,-2.002938588872e+01,-1.538315830924e+00,1.767321250929e-01,-9.385895583536e-06
3.686000000000e+00,-1.472119705571e-01,-4.078940029372e+01,-2.002911845910e+01,-1.538279093081e+00,1.767571943782e-01,-9.344957870976e-06
3.688000000000e+00,-1.465545127757e-01,-4.078974442753e+01,-2.002885004739e+01,-1.538242626759e+00,1.767821856821e-01,-9.303777397215e-06
3.690000000000e+00,-1.458934192784e-01,-4.079006679190e+01,-2.002858065237e+01,-1.538206430567e+00,1.768070997247e-01,-9.262354342054e-06
3.692000000000e+00,-1.452286910253e-01,-4.079036746159e+01,-2.002831027283e+01,-1.538170503105e+00,1.768319372283e-01,-9.220688857178e-06
3.694000000000e+00,-1.445603289861e-01,-4.079064651170e+01,-2.002803890754e+01,-1.538134842968e+00,1.768566989182e-01,-9.178781105042e-06
3.696000000000e+00,-1.438883341412e-01,-4.079090401765e+01,-2.002776655526e+01,-1.538099448741e+00,1.768813855222e-01,-9.136631154118e-06
3.698000000000e+00,-1.432127074811e-01,-4.079114005520e+01,-2.002749321477e+01,-1.538064319004e+00,1.769059977705e-01,-9.094239310317e-06
3.700000000000e+00,-1.425334500043e-01,-4.079135470045e+01,-2.002721888481e+01,-1.538029452329e+00,1.769305363962e-01,-9.051605595737e-06
3.702000000000e+00,-1.418505627186e-01,-4.079154802981e+01,-2.002694356414e+01,-1.537994847282e+00,1.769550021346e-01,-9.008730355904e-06
3.704000000000e+00,-1.411640466412e-01,-4.079172012004e+01,-2.002666725151e+01,-1.537960502420e+00,1.769793957239e-01,-8.965613502345e-06
3.706000000000e+00,-1.404739027958e-01,-4.079187104823e+01,-2.002638994567e+01,-1.537926416294e+00,1.770037179049e-01,-8.922255351437e-06
3.708000000000e+00,-1.397801322155e-01,-4.079200089180e+01,-2.002611164535e+01,-1.537892587447e+00,1.770279694209e-01,-8.878656022536e-06
3.710000000000e+00,-1.390827359393e-01,-4.079210972850e+01,-2.002583234928e+01,-1.537859014415e+00,1.770521510177e-01,-8.834815680189e-06
3.712000000000e+00,-1.383817150139e-01,-4.079219763644e+01,-2.002555205619e+01,-1.537825695728e+00,1.770762634441e-01,-8.790734488134e-06
3.714000000000e+00,-1.376770704929e-01,-4.079226469403e+01,-2.002527076481e+01,-1.537792629907e+00,1.771003074513e-01,-8.746412563047e-06
3.716000000000e+00,-1.369688034351e-01,-4.079231098003e+01,-2.002498847384e+01,-1.537759815465e+00,1.771242837931e-01,-8.701850117733e-06
3.718000000000e+00,-1.362569149056e-01,-4.079233657356e+01,-2.002470518200e+01,-1.537727250911e+00,1.771481932261e-01,-8.657047328142e-06
3.720000000000e+00,-1.355414059747e-01,-4.079234155403e+01,-2.002442088798e+01,-1.537694934743e+00,1.771720365092e-01,-8.612004411127e-06
3.722000000000e+00,-1.348222777181e-01,-4.079232600124e+01,-2.002413559048e+01,-1.537662865454e+00,1.771958144047e-01,-8.566721334821e-06
3.724000000000e+00,-1.340995312154e-01,-4.079228999528e+01,-2.002384928820e+01,-1.537631041528e+00,1.772195276766e-01,-8.521198347276e-06
3.726000000000e+00,-1.333731675507e-01,-4.079223361661e+01,-2.002356197982e+01,-1.537599461443e+00,1.772431770923e-01,-8.475435747122e-06
3.728000000000e+00,-1.326431878119e-01,-4.079215694602e+01,-2.002327366400e+01,-1.537568123669e+00,1.772667634217e-01,-8.429433574093e-06
3.730000000000e+00,-1.319095930899e-01,-4.079206006463e+01,-2.002298433943e+01,-1.537537026668e+00,1.772902874372e-01,-8.383192012280e-06
3.732000000000e+00,-1.311723844787e-01,-4.079194305393e+01,-2.002269400476e+01,-1.537506168895e+00,1.773137499139e-01,-8.336711207133e-06
3.734000000000e+00,-1.304315630746e-01,-4.079180599570e+01,-2.002240265864e+01,-1.537475548798e+00,1.773371516298e-01,-8.289991360745e-06
3.736000000000e+00,-1.296871299763e-01,-4.079164897211e+01,-2.002211029973e+01,-1.537445164816e+00,1.773604933656e-01,-8.243032635854e-06
3.738000000000e+00,-1.289390862837e-01,-4.079147206565e+01,-2.002181692667e+01,-1.537415015382e+00,1.773837759046e-01,-8.195835177581e-06
3.740000000000e+00,-1.281874330982e-01,-4.079127535916e+01,-2.002152253808e+01,-1.537385098921e+00,1.774070000326e-01,-8.148399184230e-06
3.742000000000e+00,-1.274321715219e-01,-4.079105893581e+01,-2.002122713260e+01,-1.537355413850e+00,1.774301665385e-01,-8.100724740753e-06
3.744000000000e+00,-1.266733026573e-01,-4.079082287912e+01,-2.002093070883e+01,-1.537325958578e+00,1.774532762137e-01,-8.052812098574e-06
3.746000000000e+00,-1.259108276062e-01,-4.079056727295e+01,-2.002063326538e+01,-1.537296731507e+00,1.774763298525e-01,-8.004661431134e-06
3.748000000000e+00,-1.251447474709e-01,-4.079029220152e+01,-2.002033480087e+01,-1.537267731033e+00,1.774993282518e-01,-7.956272810817e-06
3.750000000000e+00,-1.243750633517e-01,-4.078999774938e+01,-2.002003531387e+01,-1.537238955541e+00,1.775222722112e-01,-7.907646518128e-06
3.752000000000e+00,-1.236017763481e-01,-4.078968400144e+01,-2.001973480297e+01,-1.537210403410e+00,1.775451625331e-01,-7.858782628538e-06
3.754000000000e+00,-1.228248875574e-01,-4.078935104292e+01,-2.001943326675e+01,-1.537182073012e+00,1.775680000227e-01,-7.809681355351e-06
3.756000000000e+00,-1.220443980749e-01,-4.078899895943e+01,-2.001913070377e+01,-1.537153962710e+00,1.775907854880e-01,-7.760342842998e-06
3.758000000000e+00,-1.212603089926e-01,-4.078862783691e+01,-2.001882711258e+01,-1.537126070860e+00,1.776135197397e-01,-7.710767275141e-06
3.760000000000e+00,-1.204726213996e-01,-4.078823776164e+01,-2.001852249174e+01,-1.537098395810e+00,1.776362035913e-01,-7.660954785699e-06
3.762000000000e+00,-1.196813363814e-01,-4.078782882025e+01,-2.001821683979e+01,-1.537070935899e+00,1.776588378591e-01,-7.610905578986e-06
3.764000000000e+00,-1.188864550190e-01,-4.078740109973e+01,-2.001791015524e+01,-1.537043689461e+00,1.776814233620e-01,-7.560619770447e-06
3.766000000000e+00,-1.180879783890e-01,-4.078695468741e+01,-2.001760243662e+01,-1.537016654819e+00,1.777039609220e-01,-7.510097571214e-06
3.768000000000e+00,-1.172859075626e-01,-4.078648967097e+01,-2.001729368244e+01,-1.536989830291e+00,1.777264513637e-01,-7.459339108579e-06
3.770000000000e+00,-1.164802436059e-01,-4.078600613844e+01,-2.001698389120e+01,-1.536963214184e+00,1.777488955145e-01,-7.408344604187e-06
3.772000000000e+00,-1.156709875784e-01,-4.078550417820e+01,-2.001667306139e+01,-1.536936804800e+00,1.777712942047e-01,-7.357114169558e-06
3.774000000000e+00,-1.148581405337e-01,-4.078498387899e+01,-2.001636119148e+01,-1.536910600431e+00,1.777936482673e-01,-7.305647969247e-06
3.776000000000e+00,-1.140417035178e-01,-4.078444532990e+01,-2.001604827994e+01,-1.536884599363e+00,1.778159585383e-01,-7.253946138348e-06
3.778000000000e+00,-1.132216775696e-01,-4.078388862034e+01,-2.001573432523e+01,-1.536858799871e+00,1.778382258565e-01,-7.202008903859e-06
3.780000000000e+00,-1.123980637196e-01,-4.078331384013e+01,-2.001541932580e+01,-1.536833200225e+00,1.778604510634e-01,-7.149836415910e-06
3.782000000000e+00,-1.115708629905e-01,-4.078272107939e+01,-2.001510328008e+01,-1.536807798685e+00,1.778826350033e-01,-7.097428753902e-06
3.784000000000e+00,-1.107400763953e-01,-4.078211042863e+01,-2.001478618650e+01,-1.536782593505e+00,1.779047785235e-01,-7.044786161913e-06
3.786000000000e+00,-1.099057049381e-01,-4.078148197870e+01,-2.001446804347e+01,-1.536757582928e+00,1.779268824743e-01,-6.991908766806e-06
3.788000000000e+00,-1.090677496127e-01,-4.078083582079e+01,-2.001414884939e+01,-1.536732765192e+00,1.779489477085e-01,-6.938796733339e-06
3.790000000000e+00,-1.082262114028e-01,-4.078017204647e+01,-2.001382860265e+01,-1.536708138524e+00,1.779709750819e-01,-6.885450205027e-06
3.792000000000e+00,-1.073810912808e-01,-4.077949074766e+01,-2.001350730163e+01,-1.536683701145e+00,1.779929654534e-01,-6.831869340579e-06
3.794000000000e+00,-1.065323902078e-01,-4.077879201663e+01,-2.001318494469e+01,-1.536659451267e+00,1.780149196845e-01,-6.778054300611e-06
3.796000000000e+00,-1.056801091328e-01,-4.077807594600e+01,-2.001286153020e+01,-1.536635387093e+00,1.780368386397e-01,-6.724005253914e-06
3.798000000000e+00,-1.048242489925e-01,-4.077734262877e+01,-2.001253705648e+01,-1.536611506819e+00,1.780587231863e-01,-6.669722310055e-06
3.800000000000e+00,-1.039648107106e-01,-4.077659215827e+01,-2.001221152188e+01,-1.536587808633e+00,1.780805741947e-01,-6.615205661990e-06
3.802000000000e+00,-1.031017951970e-01,-4.077582462821e+01,-2.001188492470e+01,-1.536564290712e+00,1.781023925380e-01,-6.560455433241e-06
3.804000000000e+00,-1.022352033480e-01,-4.077504013264e+01,-2.001155726325e+01,-1.536540951229e+00,1.781241790923e-01,-6.505471777935e-06
3.806000000000e+00,-1.013650360448e-01,-4.077423876600e+01,-2.001122853582e+01,-1.536517788345e+00,1.781459347366e-01,-6.450254863261e-06
3.808000000000e+00,-1.004912941540e-01,-4.077342062305e+01,-2.001089874069e+01,-1.536494800214e+00,1.781676603529e-01,-6.394804807901e-06
3.810000000000e+00,-9.961397852629e-02,-4.077258579893e+01,-2.001056787611e+01,-1.536471984983e+00,1.781893568260e-01,-6.339121768470e-06
3.812000000000e+00,-9.873308999632e-02,-4.077173438916e+01,-2.001023594035e+01,-1.536449340787e+00,1.782110250436e-01,-6.283205901675e-06
3.814000000000e+00,-9.784862938195e-02,-4.077086648958e+01,-2.000990293163e+01,-1.536426865756e+00,1.782326658966e-01,-6.227057321549e-06
3.816000000000e+00,-9.696059748383e-02,-4.076998219642e+01,-2.000956884818e+01,-1.536404558009e+00,1.782542802786e-01,-6.170676202176e-06
3.818000000000e+00,-9.606899508492e-02,-4.076908160627e+01,-2.000923368821e+01,-1.536382415660e+00,1.782758690863e-01,-6.114062656073e-06
3.820000000000e+00,-9.517382294975e-02,-4.076816481607e+01,-2.000889744990e+01,-1.536360436811e+00,1.782974332192e-01,-6.057216832160e-06
3.822000000000e+00,-9.427508182404e-02,-4.076723192314e+01,-2.000856013145e+01,-1.536338619556e+00,1.783189735800e-01,-6.000138870464e-06
3.824000000000e+00,-9.337277243401e-02,-4.076628302515e+01,-2.000822173100e+01,-1.536316961982e+00,1.783404910741e-01,-5.942828884191e-06
3.826000000000e+00,-9.246689548597e-02,-4.076531822014e+01,-2.000788224672e+01,-1.536295462167e+00,1.783619866101e-01,-5.885287033256e-06
3.828000000000e+00,-9.155745166563e-02,-4.076433760651e+01,-2.000754167673e+01,-1.536274118179e+00,1.783834610995e-01,-5.827513444946e-06
3.830000000000e+00,-9.064444163768e-02,-4.076334128303e+01,-2.000720001916e+01,-1.536252928078e+00,1.784049154568e-01,-5.769508230882e-06
3.832000000000e+00,-8.972786604503e-02,-4.076232934884e+01,-2.000685727210e+01,-1.536231889917e+00,1.784263505994e-01,-5.711271541391e-06
3.834000000000e+00,-8.880772550839e-02,-4.076130190343e+01,-2.000651343365e+01,-1.536211001737e+00,1.784477674479e-01,-5.652803482190e-06
3.836000000000e+00,-8.788402062574e-02,-4.076025904668e+01,-2.000616850187e+01,-1.536190261574e+00,1.784691669258e-01,-5.594104191461e-06
3.838000000000e+00,-8.695675197160e-02,-4.075920087881e+01,-2.000582247482e+01,-1.536169667452e+00,1.784905499595e-01,-5.535173784228e-06
3.840000000000e+00,-8.602592009650e-02,-4.075812750043e+01,-2.000547535054e+01,-1.536149217388e+00,1.785119174787e-01,-5.476012383142e-06
3.842000000000e+00,-8.509152552651e-02,-4.075703901251e+01,-2.000512712706e+01,-1.536128909390e+00,1.785332704159e-01,-5.416620112200e-06
3.844000000000e+00,-8.415356876252e-02,-4.075593551638e+01,-2.000477780237e+01,-1.536108741457e+00,1.785546097068e-01,-5.356997068028e-06
3.846000000000e+00,-8.321205027975e-02,-4.075481711376e+01,-2.000442737447e+01,-1.536088711578e+00,1.785759362898e-01,-5.297143384560e-06
3.848000000000e+00,-8.226697052706e-02,-4.075368390671e+01,-2.000407584132e+01,-1.536068817736e+00,1.785972511069e-01,-5.237059163147e-06
3.850000000000e+00,-8.131832992647e-02,-4.075253599769e+01,-2.000372320088e+01,-1.536049057901e+00,1.786185551026e-01,-5.176744516017e-06
3.852000000000e+00,-8.036612887246e-02,-4.075137348950e+01,-2.000336945110e+01,-1.536029430038e+00,1.786398492248e-01,-5.116199548703e-06
3.854000000000e+00,-7.941036773146e-02,-4.075019648535e+01,-2.000301458987e+01,-1.536009932101e+00,1.786611344244e-01,-5.055424366918e-06
3.856000000000e+00,-7.845104684117e-02,-4.074900508878e+01,-2.000265861512e+01,-1.535990562035e+00,1.786824116553e-01,-4.994419072501e-06
3.858000000000e+00,-7.748816651001e-02,-4.074779940372e+01,-2.000230152471e+01,-1.535971317776e+00,1.787036818745e-01,-4.933183765025e-06
3.860000000000e+00,-7.652172701647e-02,-4.074657953448e+01,-2.000194331652e+01,-1.535952197251e+00,1.787249460422e-01,-4.871718540484e-06
3.862000000000e+00,-7.555172860852e-02,-4.074534558574e+01,-2.000158398838e+01,-1.535933198379e+00,1.787462051214e-01,-4.810023496751e-06
3.864000000000e+00,-7.457817150300e-02,-4.074409766253e+01,-2.000122353813e+01,-1.535914319068e+00,1.787674600786e-01,-4.748098721679e-06
3.866000000000e+00,-7.360105588497e-02,-4.074283587029e+01,-2.000086196357e+01,-1.535895557218e+00,1.787887118830e-01,-4.685944308954e-06
3.868000000000e+00,-7.262038190711e-02,-4.074156031480e+01,-2.000049926248e+01,-1.535876910720e+00,1.788099615073e-01,-4.623560339356e-06
3.870000000000e+00,-7.163614968909e-02,-4.074027110224e+01,-2.000013543265e+01,-1.535858377454e+00,1.788312099269e-01,-4.560946904907e-06
3.872000000000e+00,-7.064835931697e-02,-4.073896833915e+01,-1.999977047182e+01,-1.535839955293e+00,1.788524581206e-01,-4.498104080831e-06
3.874000000000e+00,-6.965701084248e-02,-4.073765213245e+01,-1.999940437771e+01,-1.535821642101e+00,1.788737070702e-01,-4.435031947571e-06
3.876000000000e+00,-6.866210428250e-02,-4.073632258945e+01,-1.999903714803e+01,-1.535803435729e+00,1.788949577608e-01,-4.371730579539e-06
3.878000000000e+00,-6.766363961831e-02,-4.073497981780e+01,-1.999866878048e+01,-1.535785334023e+00,1.789162111805e-01,-4.308200048799e-06
3.880000000000e+00,-6.666161679505e-02,-4.073362392555e+01,-1.999829927271e+01,-1.535767334817e+00,1.789374683205e-01,-4.244440424778e-06
3.882000000000e+00,-6.565603572098e-02,-4.073225502115e+01,-1.999792862238e+01,-1.535749435937e+00,1.789587301752e-01,-4.180451774463e-06
3.884000000000e+00,-6.464689626690e-02,-4.073087321338e+01,-1.999755682712e+01,-1.535731635198e+00,1.789799977422e-01,-4.116234161470e-06
3.886000000000e+00,-6.363419826546e-02,-4.072947861143e+01,-1.999718388452e+01,-1.535713930407e+00,1.790012720222e-01,-4.051787642994e-06
3.888000000000e+00,-6.261794151053e-02,-4.072807132485e+01,-1.999680979217e+01,-1.535696319361e+00,1.790225540192e-01,-3.987112277061e-06
3.890000000000e+00,-6.159812575650e-02,-4.072665146360e+01,-1.999643454763e+01,-1.535678799848e+00,1.790438447401e-01,-3.922208116439e-06
3.892000000000e+00,-6.057475071766e-02,-4.072521913798e+01,-1.999605814843e+01,-1.535661369644e+00,1.790651451953e-01,-3.857075211290e-06
3.894000000000e+00,-5.954781606752e-02,-4.072377445869e+01,-1.999568059211e+01,-1.535644026519e+00,1.790864563981e-01,-3.791713611240e-06
3.896000000000e+00,-5.851732143812e-02,-4.072231753681e+01,-1.999530187614e+01,-1.535626768232e+00,1.791077793651e-01,-3.726123355763e-06
3.898000000000e+00,-5.748326641940e-02,-4.072084848380e+01,-1.999492199800e+01,-1.535609592531e+00,1.791291151163e-01,-3.660304483038e-06
3.900000000000e+00,-5.644565055847e-02,-4.071936741150e+01,-1.999454095514e+01,-1.535592497155e+00,1.791504646745e-01,-3.594257032490e-06
3.902000000000e+00,-5.540447335897e-02,-4.071787443212e+01,-1.999415874499e+01,-1.535575479834e+00,1.791718290661e-01,-3.527981033962e-06
3.904000000000e+00,-5.435973428036e-02,-4.071636965827e+01,-1.999377536494e+01,-1.535558538288e+00,1.791932093205e-01,-3.461476518212e-06
3.906000000000e+00,-5.331143273728e-02,-4.071485320294e+01,-1.999339081238e+01,-1.535541670228e+00,1.792146064702e-01,-3.394743508075e-06
3.908000000000e+00,-5.225956809878e-02,-4.071332517949e+01,-1.999300508465e+01,-1.535524873352e+00,1.792360215513e-01,-3.327782025563e-06
3.910000000000e+00,-5.120413968772e-02,-4.071178570166e+01,-1.999261817909e+01,-1.535508145352e+00,1.792574556027e-01,-3.260592087024e-06
3.912000000000e+00,-5.014514677999e-02,-4.071023488360e+01,-1.999223009300e+01,-1.535491483909e+00,1.792789096670e-01,-3.193173705853e-06
3.914000000000e+00,-4.908258860385e-02,-4.070867283982e+01,-1.999184082367e+01,-1.535474886692e+00,1.793003847895e-01,-3.125526891481e-06
3.916000000000e+00,-4.801646433923e-02,-4.070709968523e+01,-1.999145036835e+01,-1.535458351362e+00,1.793218820193e-01,-3.057651648697e-06
3.918000000000e+00,-4.694677311702e-02,-4.070551553510e+01,-1.999105872427e+01,-1.535441875571e+00,1.793434024083e-01,-2.989547979160e-06
3.920000000000e+00,-4.587351401832e-02,-4.070392050511e+01,-1.999066588863e+01,-1.535425456958e+00,1.793649470120e-01,-2.921215879140e-06
3.922000000000e+00,-4.479668607378e-02,-4.070231471131e+01,-1.999027185862e+01,-1.535409093154e+00,1.793865168888e-01,-2.852655340852e-06
3.924000000000e+00,-4.371628826286e-02,-4.070069827015e+01,-1.998987663139e+01,-1.535392781780e+00,1.794081131008e-01,-2.783866353567e-06
3.926000000000e+00,-4.263231951309e-02,-4.069907129845e+01,-1.998948020406e+01,-1.535376520446e+00,1.794297367131e-01,-2.714848900089e-06
3.928000000000e+00,-4.154477869937e-02,-4.069743391343e+01,-1.998908257374e+01,-1.535360306752e+00,1.794513887941e-01,-2.645602960813e-06
3.930000000000e+00,-4.045366464322e-02,-4.069578623269e+01,-1.998868373750e+01,-1.535344138289e+00,1.794730704155e-01,-2.576128510675e-06
3.932000000000e+00,-3.935897611207e-02,-4.069412837422e+01,-1.998828369239e+01,-1.535328012635e+00,1.794947826523e-01,-2.506425519655e-06
3.934000000000e+00,-3.826071181851e-02,-4.069246045640e+01,-1.998788243543e+01,-1.535311927361e+00,1.795165265829e-01,-2.436493954180e-06
3.936000000000e+00,-3.715887041955e-02,-4.069078259798e+01,-1.998747996361e+01,-1.535295880026e+00,1.795383032890e-01,-2.366333775005e-06
3.938000000000e+00,-3.605345051587e-02,-4.068909491812e+01,-1.998707627390e+01,-1.535279868178e+00,1.795601138553e-01,-2.295944939123e-06
3.940000000000e+00,-3.494445065108e-02,-4.068739753637e+01,-1.998667136322e+01,-1.535263889356e+00,1.795819593701e-01,-2.225327397995e-06
3.942000000000e+00,-3.383186931100e-02,-4.068569057265e+01,-1.998626522850e+01,-1.535247941088e+00,1.796038409251e-01,-2.154481098890e-06
3.944000000000e+00,-3.271570492283e-02,-4.068397414729e+01,-1.998585786661e+01,-1.535232020892e+00,1.796257596150e-01,-2.083405982984e-06
3.946000000000e+00,-3.159595585448e-02,-4.068224838098e+01,-1.998544927439e+01,-1.535216126275e+00,1.796477165381e-01,-2.012101987955e-06
3.948000000000e+00,-3.047262041374e-02,-4.068051339485e+01,-1.998503944868e+01,-1.535200254734e+00,1.796697127960e-01,-1.940569045672e-06
3.950000000000e+00,-2.934569684755e-02,-4.067876931036e+01,-1.998462838627e+01,-1.535184403754e+00,1.796917494934e-01,-1.868807082693e-06
3.952000000000e+00,-2.821518334121e-02,-4.067701624941e+01,-1.998421608392e+01,-1.535168570812e+00,1.797138277387e-01,-1.796816020885e-06
3.954000000000e+00,-2.708107801764e-02,-4.067525433426e+01,-1.998380253835e+01,-1.535152753371e+00,1.797359486434e-01,-1.724595776601e-06
3.956000000000e+00,-2.594337893656e-02,-4.067348368759e+01,-1.998338774628e+01,-1.535136948887e+00,1.797581133225e-01,-1.652146261097e-06
3.958000000000e+00,-2.480208409374e-02,-4.067170443244e+01,-1.998297170438e+01,-1.535121154803e+00,1.797803228943e-01,-1.579467380035e-06
3.960000000000e+00,-2.365719142021e-02,-4.066991669227e+01,-1.998255440928e+01,-1.535105368551e+00,1.798025784803e-01,-1.506559033720e-06
3.962000000000e+00,-2.250869878147e-02,-4.066812059092e+01,-1.998213585760e+01,-1.535089587554e+00,1.798248812057e-01,-1.433421117148e-06
3.964000000000e+00,-2.135660397670e-02,-4.066631625261e+01,-1.998171604592e+01,-1.535073809223e+00,1.798472321988e-01,-1.360053519477e-06
3.966000000000e+00,-2.020090473796e-02,-4.066450380198e+01,-1.998129497078e+01,-1.535058030957e+00,1.798696325915e-01,-1.286456124404e-06
3.968000000000e+00,-1.904159872939e-02,-4.066268336404e+01,-1.998087262870e+01,-1.535042250148e+00,1.798920835189e-01,-1.212628809776e-06
3.970000000000e+00,-1.787868354642e-02,-4.066085506422e+01,-1.998044901617e+01,-1.535026464172e+00,1.799145861195e-01,-1.138571448005e-06
3.972000000000e+00,-1.671215671494e-02,-4.065901902831e+01,-1.998002412962e+01,-1.535010670397e+00,1.799371415353e-01,-1.064283905291e-06
3.974000000000e+00,-1.554201569052e-02,-4.065717538252e+01,-1.997959796549e+01,-1.534994866181e+00,1.799597509118e-01,-9.897660421032e-07
3.976000000000e+00,-1.436825785758e-02,-4.065532425345e+01,-1.997917052016e+01,-1.534979048868e+00,1.799824153975e-01,-9.150177128871e-07
3.978000000000e+00,-1.319088052856e-02,-4.065346576809e+01,-1.997874178998e+01,-1.534963215794e+00,1.800051361448e-01,-8.400387662068e-07
3.980000000000e+00,-1.200988094312e-02,-4.065160005382e+01,-1.997831177126e+01,-1.534947364280e+00,1.800279143091e-01,-7.648290443648e-07
3.982000000000e+00,-1.082525626730e-02,-4.064972723844e+01,-1.997788046029e+01,-1.534931491639e+00,1.800507510496e-01,-6.893883834125e-07
3.984000000000e+00,-9.637003592687e-03,-4.064784745012e+01,-1.997744785333e+01,-1.534915595173e+00,1.800736475286e-01,-6.137166133152e-07
3.986000000000e+00,-8.445119935604e-03,-4.064596081743e+01,-1.997701394658e+01,-1.534899672170e+00,1.800966049119e-01,-5.378135579679e-07
3.988000000000e+00,-7.249602236250e-03,-4.064406746935e+01,-1.997657873623e+01,-1.534883719909e+00,1.801196243689e-01,-4.616790342079e-07
3.990000000000e+00,-6.050447357862e-03,-4.064216753525e+01,-1.997614221841e+01,-1.534867735657e+00,1.801427070723e-01,-3.853128528982e-07
3.992000000000e+00,-4.847652085881e-03,-4.064026114488e+01,-1.997570438926e+01,-1.534851716670e+00,1.801658541983e-01,-3.087148183634e-07
3.994000000000e+00,-3.641213127092e-03,-4.063834842843e+01,-1.997526524482e+01,-1.534835660191e+00,1.801890669264e-01,-2.318847282190e-07
3.996000000000e+00,-2.431127108775e-03,-4.063642951643e+01,-1.997482478115e+01,-1.534819563454e+00,1.802123464397e-01,-1.548223734713e-07
3.998000000000e+00,-1.217390577846e-03,-4.063450453987e+01,-1.997438299425e+01,-1.534803423680e+00,1.802356939248e-01,-7.752753818205e-08
4.000000000000e+00,0.000000000000e+00,-4.063257363008e+01,-1.997393988008e+01,-1.534787238079e+00,1.802591105717e-01,1.717850715193e-17
