time_s,q1_rad,q2_rad,q3_rad,q4_rad,q5_rad,q6_rad,qdot1_rad_s,qdot2_rad_s,qdot3_rad_s,qdot4_rad_s,qdot5_rad_s,qdot6_rad_s,qddot1_rad_s2,qddot2_rad_s2,qddot3_rad_s2,qddot4_rad_s2,qddot5_rad_s2,qddot6_rad_s2
0.000000000000e+00,0.000000000000e+00,-1.570796326795e+00,1.570796326795e+00,-1.570796326795e+00,-1.570796326795e+00,0.000000000000e+00,0.000000000000e+00,0.000000000000e+00,0.000000000000e+00,0.000000000000e+00,0.000000000000e+00,0.000000000000e+00,0.000000000000e+00,0.000000000000e+00,0.000000000000e+00,0.000000000000e+00,0.000000000000e+00,0.000000000000e+00
2.000000000000e-03,4.360051292137e-10,-1.570796326141e+00,1.570796326141e+00,-1.570796326359e+00,-1.570796326359e+00,4.360051292137e-10,6.538441346530e-07,9.807662019795e-07,-9.807662019795e-07,6.538441346530e-07,6.538441346530e-07,6.538441346530e-07,6.535170490429e-04,9.802755735643e-04,-9.802755735643e-04,6.535170490429e-04,6.535170490429e-04,6.535170490429e-04
4.000000000000e-03,3.485424610628e-09,-1.570796321567e+00,1.570796321567e+00,-1.570796323309e+00,-1.570796323309e+00,3.485424610628e-09,2.612760508229e-06,3.919140762344e-06,-3.919140762344e-06,2.612760508229e-06,2.612760508229e-06,2.612760508229e-06,1.305072566173e-03,1.957608849259e-03,-1.957608849259e-03,1.305072566173e-03,1.305072566173e-03,1.305072566173e-03
6.000000000000e-03,1.175448116726e-08,-1.570796309163e+00,1.570796309163e+00,-1.570796315040e+00,-1.570796315040e+00,1.175448116726e-08,5.872828020398e-06,8.809242030598e-06,-8.809242030598e-06,5.872828020398e-06,5.872828020398e-06,5.872828020398e-06,1.954668514885e-03,2.932002772327e-03,-2.932002772327e-03,1.954668514885e-03,1.954668514885e-03,1.954668514885e-03
8.000000000000e-03,2.784155924846e-08,-1.570796285033e+00,1.570796285033e+00,-1.570796298953e+00,-1.570796298953e+00,2.784155924846e-08,1.043012949782e-05,1.564519424673e-05,-1.564519424673e-05,1.043012949782e-05,1.043012949782e-05,1.043012949782e-05,2.602306858675e-03,3.903460288012e-03,-3.903460288012e-03,2.602306858675e-03,2.602306858675e-03,2.602306858675e-03
1.000000000000e-02,5.433721288388e-08,-1.570796245289e+00,1.570796245289e+00,-1.570796272458e+00,-1.570796272458e+00,5.433721288388e-08,1.628075169415e-05,2.442112754122e-05,-2.442112754122e-05,1.628075169415e-05,1.628075169415e-05,1.628075169415e-05,3.247989561038e-03,4.871984341556e-03,-4.871984341556e-03,3.247989561038e-03,3.247989561038e-03,3.247989561038e-03
1.200000000000e-02,9.382417353747e-08,-1.570796186059e+00,1.570796186059e+00,-1.570796232971e+00,-1.570796232971e+00,9.382417353747e-08,2.342078529002e-05,3.513117793502e-05,-3.513117793502e-05,2.342078529002e-05,2.342078529002e-05,2.342078529002e-05,3.891718585469e-03,5.837577878204e-03,-5.837577878204e-03,3.891718585469e-03,3.891718585469e-03,3.891718585469e-03
1.400000000000e-02,1.488773579615e-07,-1.570796103479e+00,1.570796103479e+00,-1.570796177918e+00,-1.570796177918e+00,1.488773579615e-07,3.184632489306e-05,4.776948733960e-05,-4.776948733960e-05,3.184632489306e-05,3.184632489306e-05,3.184632489306e-05,4.533495895465e-03,6.800243843197e-03,-6.800243843197e-03,4.533495895465e-03,4.533495895465e-03,4.533495895465e-03
1.600000000000e-02,2.220638760503e-07,-1.570795993699e+00,1.570795993699e+00,-1.570796104731e+00,-1.570796104731e+00,2.220638760503e-07,4.155346903791e-05,6.233020355687e-05,-6.233020355687e-05,4.155346903791e-05,4.155346903791e-05,4.155346903791e-05,5.173323454519e-03,7.759985181779e-03,-7.759985181779e-03,5.173323454519e-03,5.173323454519e-03,5.173323454519e-03
1.800000000000e-02,3.159430386948e-07,-1.570795852880e+00,1.570795852880e+00,-1.570796010852e+00,-1.570796010852e+00,3.159430386948e-07,5.253832018618e-05,7.880748027927e-05,-7.880748027927e-05,5.253832018618e-05,5.253832018618e-05,5.253832018618e-05,5.811203226129e-03,8.716804839194e-03,-8.716804839194e-03,5.811203226129e-03,5.811203226129e-03,5.811203226129e-03
2.000000000000e-02,4.330663656358e-07,-1.570795677195e+00,1.570795677195e+00,-1.570795893729e+00,-1.570795893729e+00,4.330663656358e-07,6.479698472646e-05,9.719547708969e-05,-9.719547708969e-05,6.479698472646e-05,6.479698472646e-05,6.479698472646e-05,6.447137173789e-03,9.670705760683e-03,-9.670705760683e-03,6.447137173789e-03,6.447137173789e-03,6.447137173789e-03
2.200000000000e-02,5.759775933185e-07,-1.570795462829e+00,1.570795462829e+00,-1.570795750817e+00,-1.570795750817e+00,5.759775933185e-07,7.832557297436e-05,1.174883594615e-04,-1.174883594615e-04,7.832557297436e-05,7.832557297436e-05,7.832557297436e-05,7.081127260994e-03,1.062169089149e-02,-1.062169089149e-02,7.081127260994e-03,7.081127260994e-03,7.081127260994e-03
2.400000000000e-02,7.472126827461e-07,-1.570795205976e+00,1.570795205976e+00,-1.570795579582e+00,-1.570795579582e+00,7.472126827461e-07,9.312019917247e-05,1.396802987587e-04,-1.396802987587e-04,9.312019917247e-05,9.312019917247e-05,9.312019917247e-05,7.713175451241e-03,1.156976317686e-02,-1.156976317686e-02,7.713175451241e-03,7.713175451241e-03,7.713175451241e-03
2.600000000000e-02,9.492998273342e-07,-1.570794902845e+00,1.570794902845e+00,-1.570795377495e+00,-1.570795377495e+00,9.492998273342e-07,1.091769814904e-04,1.637654722355e-04,-1.637654722355e-04,1.091769814904e-04,1.091769814904e-04,1.091769814904e-04,8.343283708023e-03,1.251492556204e-02,-1.251492556204e-02,8.343283708023e-03,8.343283708023e-03,8.343283708023e-03
2.800000000000e-02,1.184759460764e-06,-1.570794549656e+00,1.570794549656e+00,-1.570795142035e+00,-1.570795142035e+00,1.184759460764e-06,1.264920420246e-04,1.897380630369e-04,-1.897380630369e-04,1.264920420246e-04,1.264920420246e-04,1.264920420246e-04,8.971453994838e-03,1.345718099226e-02,-1.345718099226e-02,8.971453994838e-03,8.971453994838e-03,8.971453994838e-03
3.000000000000e-02,1.456104264839e-06,-1.570794142638e+00,1.570794142638e+00,-1.570794870691e+00,-1.570794870691e+00,1.456104264839e-06,1.450615067987e-04,2.175922601981e-04,-2.175922601981e-04,1.450615067987e-04,1.450615067987e-04,1.450615067987e-04,9.597688275180e-03,1.439653241277e-02,-1.439653241277e-02,9.597688275180e-03,9.597688275180e-03,9.597688275180e-03
3.200000000000e-02,1.765839177332e-06,-1.570793678036e+00,1.570793678036e+00,-1.570794560956e+00,-1.570794560956e+00,1.765839177332e-06,1.648815057633e-04,2.473222586450e-04,-2.473222586450e-04,1.648815057633e-04,1.648815057633e-04,1.648815057633e-04,1.022198851254e-02,1.533298276882e-02,-1.533298276882e-02,1.022198851254e-02,1.022198851254e-02,1.022198851254e-02
3.400000000000e-02,2.116461399850e-06,-1.570793152103e+00,1.570793152103e+00,-1.570794210333e+00,-1.570794210333e+00,2.116461399850e-06,1.859481727959e-04,2.789222591939e-04,-2.789222591939e-04,1.859481727959e-04,1.859481727959e-04,1.859481727959e-04,1.084435667043e-02,1.626653500564e-02,-1.626653500564e-02,1.084435667043e-02,1.084435667043e-02,1.084435667043e-02
3.600000000000e-02,2.510460405677e-06,-1.570792561104e+00,1.570792561104e+00,-1.570793816334e+00,-1.570793816334e+00,2.510460405677e-06,2.082576457010e-04,3.123864685515e-04,-3.123864685515e-04,2.082576457010e-04,2.082576457010e-04,2.082576457010e-04,1.146479471232e-02,1.719719206848e-02,-1.719719206848e-02,1.146479471232e-02,1.146479471232e-02,1.146479471232e-02
3.800000000000e-02,2.950317947636e-06,-1.570791901318e+00,1.570791901318e+00,-1.570793376477e+00,-1.570793376477e+00,2.950317947636e-06,2.318060662102e-04,3.477090993153e-04,-3.477090993153e-04,2.318060662102e-04,2.318060662102e-04,2.318060662102e-04,1.208330460173e-02,1.812495690259e-02,-1.812495690259e-02,1.208330460173e-02,1.208330460173e-02,1.208330460173e-02
4.000000000000e-02,3.438508065939e-06,-1.570791169033e+00,1.570791169033e+00,-1.570792888287e+00,-1.570792888287e+00,3.438508065939e-06,2.565895799819e-04,3.848843699729e-04,-3.848843699729e-04,2.565895799819e-04,2.565895799819e-04,2.565895799819e-04,1.269988830214e-02,1.904983245321e-02,-1.904983245321e-02,1.269988830214e-02,1.269988830214e-02,1.269988830214e-02
4.200000000000e-02,3.977497096042e-06,-1.570790360549e+00,1.570790360549e+00,-1.570792349298e+00,-1.570792349298e+00,3.977497096042e-06,2.826043366018e-04,4.239065049026e-04,-4.239065049026e-04,2.826043366018e-04,2.826043366018e-04,2.826043366018e-04,1.331454777705e-02,1.997182166557e-02,-1.997182166557e-02,1.331454777705e-02,1.331454777705e-02,1.331454777705e-02
4.400000000000e-02,4.569743676499e-06,-1.570789472179e+00,1.570789472179e+00,-1.570791757051e+00,-1.570791757051e+00,4.569743676499e-06,3.098464895821e-04,4.647697343732e-04,-4.647697343732e-04,3.098464895821e-04,3.098464895821e-04,3.098464895821e-04,1.392728498995e-02,2.089092748492e-02,-2.089092748492e-02,1.392728498995e-02,1.392728498995e-02,1.392728498995e-02
4.600000000000e-02,5.217698756817e-06,-1.570788500247e+00,1.570788500247e+00,-1.570791109096e+00,-1.570791109096e+00,5.217698756817e-06,3.383121963625e-04,5.074682945438e-04,-5.074682945438e-04,3.383121963625e-04,3.383121963625e-04,3.383121963625e-04,1.453810190434e-02,2.180715285652e-02,-2.180715285652e-02,1.453810190434e-02,1.453810190434e-02,1.453810190434e-02
4.800000000000e-02,5.923805605306e-06,-1.570787441086e+00,1.570787441086e+00,-1.570790402989e+00,-1.570790402989e+00,5.923805605306e-06,3.679976183095e-04,5.519964274642e-04,-5.519964274642e-04,3.679976183095e-04,3.679976183095e-04,3.679976183095e-04,1.514700048372e-02,2.272050072559e-02,-2.272050072559e-02,1.514700048372e-02,1.514700048372e-02,1.514700048372e-02
5.000000000000e-02,6.690499816941e-06,-1.570786291045e+00,1.570786291045e+00,-1.570789636295e+00,-1.570789636295e+00,6.690499816941e-06,3.988989207164e-04,5.983483810746e-04,-5.983483810746e-04,3.988989207164e-04,3.988989207164e-04,3.988989207164e-04,1.575398269159e-02,2.363097403738e-02,-2.363097403738e-02,1.575398269159e-02,1.575398269159e-02,1.575398269159e-02
5.200000000000e-02,7.520209321205e-06,-1.570785046481e+00,1.570785046481e+00,-1.570788806586e+00,-1.570788806586e+00,7.520209321205e-06,4.310122728038e-04,6.465184092057e-04,-6.465184092057e-04,4.310122728038e-04,4.310122728038e-04,4.310122728038e-04,1.635905049142e-02,2.453857573714e-02,-2.453857573714e-02,1.635905049142e-02,1.635905049142e-02,1.635905049142e-02
5.400000000000e-02,8.415354389954e-06,-1.570783703763e+00,1.570783703763e+00,-1.570787911441e+00,-1.570787911441e+00,8.415354389954e-06,4.643338477191e-04,6.965007715787e-04,-6.965007715787e-04,4.643338477191e-04,4.643338477191e-04,4.643338477191e-04,1.696220584673e-02,2.544330877010e-02,-2.544330877010e-02,1.696220584673e-02,1.696220584673e-02,1.696220584673e-02
5.600000000000e-02,9.378347645263e-06,-1.570782259273e+00,1.570782259273e+00,-1.570786948447e+00,-1.570786948447e+00,9.378347645263e-06,4.988598225367e-04,7.482897338051e-04,-7.482897338051e-04,4.988598225367e-04,4.988598225367e-04,4.988598225367e-04,1.756345072101e-02,2.634517608152e-02,-2.634517608152e-02,1.756345072101e-02,1.756345072101e-02,1.756345072101e-02
5.800000000000e-02,1.041159406728e-05,-1.570780709404e+00,1.570780709404e+00,-1.570785915201e+00,-1.570785915201e+00,1.041159406728e-05,5.345863782581e-04,8.018795673872e-04,-8.018795673872e-04,5.345863782581e-04,5.345863782581e-04,5.345863782581e-04,1.816278707775e-02,2.724418061663e-02,-2.724418061663e-02,1.816278707775e-02,1.816278707775e-02,1.816278707775e-02
6.000000000000e-02,1.151749100210e-05,-1.570779050558e+00,1.570779050558e+00,-1.570784809304e+00,-1.570784809304e+00,1.151749100210e-05,5.715096998117e-04,8.572645497176e-04,-8.572645497176e-04,5.715096998117e-04,5.715096998117e-04,5.715096998117e-04,1.876021688045e-02,2.814032532068e-02,-2.814032532068e-02,1.876021688045e-02,1.876021688045e-02,1.876021688045e-02
6.200000000000e-02,1.269842816957e-05,-1.570777279153e+00,1.570777279153e+00,-1.570783628367e+00,-1.570783628367e+00,1.269842816957e-05,6.096259760529e-04,9.144389640794e-04,-9.144389640794e-04,6.096259760529e-04,6.096259760529e-04,6.096259760529e-04,1.935574209261e-02,2.903361313891e-02,-2.903361313891e-02,1.935574209261e-02,1.935574209261e-02,1.935574209261e-02
6.400000000000e-02,1.395678767120e-05,-1.570775391613e+00,1.570775391613e+00,-1.570782370007e+00,-1.570782370007e+00,1.395678767120e-05,6.489313997641e-04,9.733970996462e-04,-9.733970996462e-04,6.489313997641e-04,6.489313997641e-04,6.489313997641e-04,1.994936467771e-02,2.992404701656e-02,-2.992404701656e-02,1.994936467771e-02,1.994936467771e-02,1.994936467771e-02
6.600000000000e-02,1.529494399799e-05,-1.570773384379e+00,1.570773384379e+00,-1.570781031851e+00,-1.570781031851e+00,1.529494399799e-05,6.894221676547e-04,1.034133251482e-03,-1.034133251482e-03,6.894221676547e-04,6.894221676547e-04,6.894221676547e-04,2.054108659925e-02,3.081162989888e-02,-3.081162989888e-02,2.054108659925e-02,2.054108659925e-02,2.054108659925e-02
6.800000000000e-02,1.671526403828e-05,-1.570771253899e+00,1.570771253899e+00,-1.570779611531e+00,-1.570779611531e+00,1.671526403828e-05,7.310944803611e-04,1.096641720542e-03,-1.096641720542e-03,7.310944803611e-04,7.310944803611e-04,7.310944803611e-04,2.113090982074e-02,3.169636473111e-02,-3.169636473111e-02,2.113090982074e-02,2.113090982074e-02,2.113090982074e-02
7.000000000000e-02,1.822010708560e-05,-1.570768996634e+00,1.570768996634e+00,-1.570778106688e+00,-1.570778106688e+00,1.822010708560e-05,7.739445424466e-04,1.160916813670e-03,-1.160916813670e-03,7.739445424466e-04,7.739445424466e-04,7.739445424466e-04,2.171883630566e-02,3.257825445849e-02,-3.257825445849e-02,2.171883630566e-02,2.171883630566e-02,2.171883630566e-02
7.200000000000e-02,1.981182484655e-05,-1.570766609058e+00,1.570766609058e+00,-1.570776514970e+00,-1.570776514970e+00,1.981182484655e-05,8.179685624017e-04,1.226952843603e-03,-1.226952843603e-03,8.179685624017e-04,8.179685624017e-04,8.179685624017e-04,2.230486801752e-02,3.345730202627e-02,-3.345730202627e-02,2.230486801752e-02,2.230486801752e-02,2.230486801752e-02
7.400000000000e-02,2.149276144864e-05,-1.570764087653e+00,1.570764087653e+00,-1.570774834033e+00,-1.570774834033e+00,2.149276144864e-05,8.631627526436e-04,1.294744128965e-03,-1.294744128965e-03,8.631627526436e-04,8.631627526436e-04,8.631627526436e-04,2.288900691980e-02,3.433351037969e-02,-3.433351037969e-02,2.288900691980e-02,2.288900691980e-02,2.288900691980e-02
7.600000000000e-02,2.326525344813e-05,-1.570761428915e+00,1.570761428915e+00,-1.570773061541e+00,-1.570773061541e+00,2.326525344813e-05,9.095233295168e-04,1.364284994275e-03,-1.364284994275e-03,9.095233295168e-04,9.095233295168e-04,9.095233295168e-04,2.347125497600e-02,3.520688246399e-02,-3.520688246399e-02,2.347125497600e-02,2.347125497600e-02,2.347125497600e-02
7.800000000000e-02,2.513162983789e-05,-1.570758629350e+00,1.570758629350e+00,-1.570771195165e+00,-1.570771195165e+00,2.513162983789e-05,9.570465132926e-04,1.435569769939e-03,-1.435569769939e-03,9.570465132926e-04,9.570465132926e-04,9.570465132926e-04,2.405161414961e-02,3.607742122442e-02,-3.607742122442e-02,2.405161414961e-02,2.405161414961e-02,2.405161414961e-02
8.000000000000e-02,2.709421205528e-05,-1.570755685477e+00,1.570755685477e+00,-1.570769232583e+00,-1.570769232583e+00,2.709421205528e-05,1.005728528169e-03,1.508592792254e-03,-1.508592792254e-03,1.005728528169e-03,1.005728528169e-03,1.005728528169e-03,2.463008640414e-02,3.694512960622e-02,-3.694512960622e-02,2.463008640414e-02,2.463008640414e-02,2.463008640414e-02
8.200000000000e-02,2.915531398997e-05,-1.570752593824e+00,1.570752593824e+00,-1.570767171481e+00,-1.570767171481e+00,2.915531398997e-05,1.055565602272e-03,1.583348403408e-03,-1.583348403408e-03,1.055565602272e-03,1.055565602272e-03,1.055565602272e-03,2.520667370308e-02,3.781001055462e-02,-3.781001055462e-02,2.520667370308e-02,2.520667370308e-02,2.520667370308e-02
8.400000000000e-02,3.131724199180e-05,-1.570749350932e+00,1.570749350932e+00,-1.570765009553e+00,-1.570765009553e+00,3.131724199180e-05,1.106553967653e-03,1.659830951480e-03,-1.659830951480e-03,1.106553967653e-03,1.106553967653e-03,1.106553967653e-03,2.578137800992e-02,3.867206701489e-02,-3.867206701489e-02,2.578137800992e-02,2.578137800992e-02,2.578137800992e-02
8.600000000000e-02,3.358229487866e-05,-1.570745953353e+00,1.570745953353e+00,-1.570762744500e+00,-1.570762744500e+00,3.358229487866e-05,1.158689860293e-03,1.738034790439e-03,-1.738034790439e-03,1.158689860293e-03,1.158689860293e-03,1.158689860293e-03,2.635420128816e-02,3.953130193225e-02,-3.953130193225e-02,2.635420128816e-02,2.635420128816e-02,2.635420128816e-02
8.800000000000e-02,3.595276394433e-05,-1.570742397649e+00,1.570742397649e+00,-1.570760374031e+00,-1.570760374031e+00,3.595276394433e-05,1.211969520096e-03,1.817954280144e-03,-1.817954280144e-03,1.211969520096e-03,1.211969520096e-03,1.211969520096e-03,2.692514550130e-02,4.038771825195e-02,-4.038771825195e-02,2.692514550130e-02,2.692514550130e-02,2.692514550130e-02
9.000000000000e-02,3.843093296629e-05,-1.570738680395e+00,1.570738680395e+00,-1.570757895862e+00,-1.570757895862e+00,3.843093296629e-05,1.266389190897e-03,1.899583786345e-03,-1.899583786345e-03,1.266389190897e-03,1.266389190897e-03,1.266389190897e-03,2.749421261282e-02,4.124131891923e-02,-4.124131891923e-02,2.749421261282e-02,2.749421261282e-02,2.749421261282e-02
9.200000000000e-02,4.101907821366e-05,-1.570734798178e+00,1.570734798178e+00,-1.570755307717e+00,-1.570755307717e+00,4.101907821366e-05,1.321945120455e-03,1.982917680683e-03,-1.982917680683e-03,1.321945120455e-03,1.321945120455e-03,1.321945120455e-03,2.806140458623e-02,4.209210687934e-02,-4.209210687934e-02,2.806140458623e-02,2.806140458623e-02,2.806140458623e-02
9.400000000000e-02,4.371946845499e-05,-1.570730747592e+00,1.570730747592e+00,-1.570752607326e+00,-1.570752607326e+00,4.371946845499e-05,1.378633560459e-03,2.067950340688e-03,-2.067950340688e-03,1.378633560459e-03,1.378633560459e-03,1.378633560459e-03,2.862672338502e-02,4.294008507753e-02,-4.294008507753e-02,2.862672338502e-02,2.862672338502e-02,2.862672338502e-02
9.600000000000e-02,4.653436496612e-05,-1.570726525247e+00,1.570726525247e+00,-1.570749792430e+00,-1.570749792430e+00,4.653436496612e-05,1.436450766521e-03,2.154676149782e-03,-2.154676149782e-03,1.436450766521e-03,1.436450766521e-03,1.436450766521e-03,2.919017097268e-02,4.378525645902e-02,-4.378525645902e-02,2.919017097268e-02,2.919017097268e-02,2.919017097268e-02
9.800000000000e-02,4.946602153805e-05,-1.570722127763e+00,1.570722127763e+00,-1.570746860773e+00,-1.570746860773e+00,4.946602153805e-05,1.495392998184e-03,2.243089497276e-03,-2.243089497276e-03,1.495392998184e-03,1.495392998184e-03,1.495392998184e-03,2.975174931272e-02,4.462762396908e-02,-4.462762396908e-02,2.975174931272e-02,2.975174931272e-02,2.975174931272e-02
1.000000000000e-01,5.251668448481e-05,-1.570717551768e+00,1.570717551768e+00,-1.570743810110e+00,-1.570743810110e+00,5.251668448481e-05,1.555456518916e-03,2.333184778374e-03,-2.333184778374e-03,1.555456518916e-03,1.555456518916e-03,1.555456518916e-03,3.031146036862e-02,4.546719055293e-02,-4.546719055293e-02,3.031146036862e-02,3.031146036862e-02,3.031146036862e-02
1.020000000000e-01,5.568859265127e-05,-1.570712793906e+00,1.570712793906e+00,-1.570740638202e+00,-1.570740638202e+00,5.568859265127e-05,1.616637596112e-03,2.424956394168e-03,-2.424956394168e-03,1.616637596112e-03,1.616637596112e-03,1.616637596112e-03,3.086930610388e-02,4.630395915583e-02,-4.630395915583e-02,3.086930610388e-02,3.086930610388e-02,3.086930610388e-02
1.040000000000e-01,5.898397742103e-05,-1.570707850829e+00,1.570707850829e+00,-1.570737342817e+00,-1.570737342817e+00,5.898397742103e-05,1.678932501093e-03,2.518398751640e-03,-2.518398751640e-03,1.678932501093e-03,1.678932501093e-03,1.678932501093e-03,3.142528848201e-02,4.713793272301e-02,-4.713793272301e-02,3.142528848201e-02,3.142528848201e-02,3.142528848201e-02
1.060000000000e-01,6.240506272425e-05,-1.570702719201e+00,1.570702719201e+00,-1.570733921732e+00,-1.570733921732e+00,6.240506272425e-05,1.742337509111e-03,2.613506263666e-03,-2.613506263666e-03,1.742337509111e-03,1.742337509111e-03,1.742337509111e-03,3.197940946648e-02,4.796911419972e-02,-4.796911419972e-02,3.197940946648e-02,3.197940946648e-02,3.197940946648e-02
1.080000000000e-01,6.595406504553e-05,-1.570697395697e+00,1.570697395697e+00,-1.570730372730e+00,-1.570730372730e+00,6.595406504553e-05,1.806848899339e-03,2.710273349009e-03,-2.710273349009e-03,1.806848899339e-03,1.806848899339e-03,1.806848899339e-03,3.253167102080e-02,4.879750653120e-02,-4.879750653120e-02,3.253167102080e-02,3.253167102080e-02,3.253167102080e-02
1.100000000000e-01,6.963319343173e-05,-1.570691877005e+00,1.570691877005e+00,-1.570726693601e+00,-1.570726693601e+00,6.963319343173e-05,1.872462954883e-03,2.808694432324e-03,-2.808694432324e-03,1.872462954883e-03,1.872462954883e-03,1.872462954883e-03,3.308207510847e-02,4.962311266270e-02,-4.962311266270e-02,3.308207510847e-02,3.308207510847e-02,3.308207510847e-02
1.120000000000e-01,7.344464949987e-05,-1.570686159821e+00,1.570686159821e+00,-1.570722882145e+00,-1.570722882145e+00,7.344464949987e-05,1.939175962771e-03,2.908763944157e-03,-2.908763944157e-03,1.939175962771e-03,1.939175962771e-03,1.939175962771e-03,3.363062369297e-02,5.044593553946e-02,-5.044593553946e-02,3.363062369297e-02,3.363062369297e-02,3.363062369297e-02
1.140000000000e-01,7.739062744493e-05,-1.570680240854e+00,1.570680240854e+00,-1.570718936167e+00,-1.570718936167e+00,7.739062744493e-05,2.006984213962e-03,3.010476320942e-03,-3.010476320942e-03,2.006984213962e-03,2.006984213962e-03,2.006984213962e-03,3.417731873781e-02,5.126597810672e-02,-5.126597810672e-02,3.417731873781e-02,3.417731873781e-02,3.417731873781e-02
1.160000000000e-01,8.147331404775e-05,-1.570674116824e+00,1.570674116824e+00,-1.570714853481e+00,-1.570714853481e+00,8.147331404775e-05,2.075884003338e-03,3.113826005007e-03,-3.113826005007e-03,2.075884003338e-03,2.075884003338e-03,2.075884003338e-03,3.472216220648e-02,5.208324330972e-02,-5.208324330972e-02,3.472216220648e-02,3.472216220648e-02,3.472216220648e-02
1.180000000000e-01,8.569488868286e-05,-1.570667784462e+00,1.570667784462e+00,-1.570710631906e+00,-1.570710631906e+00,8.569488868286e-05,2.145871629712e-03,3.218807444568e-03,-3.218807444568e-03,2.145871629712e-03,2.145871629712e-03,2.145871629712e-03,3.526515606247e-02,5.289773409371e-02,-5.289773409371e-02,3.526515606247e-02,3.526515606247e-02,3.526515606247e-02
1.200000000000e-01,9.005752332634e-05,-1.570661240510e+00,1.570661240510e+00,-1.570706269272e+00,-1.570706269272e+00,9.005752332634e-05,2.216943395822e-03,3.325415093733e-03,-3.325415093733e-03,2.216943395822e-03,2.216943395822e-03,2.216943395822e-03,3.580630226929e-02,5.370945340393e-02,-5.370945340393e-02,3.580630226929e-02,3.580630226929e-02,3.580630226929e-02
1.220000000000e-01,9.456338256366e-05,-1.570654481721e+00,1.570654481721e+00,-1.570701763412e+00,-1.570701763412e+00,9.456338256366e-05,2.289095608332e-03,3.433643412499e-03,-3.433643412499e-03,2.289095608332e-03,2.289095608332e-03,2.289095608332e-03,3.634560279042e-02,5.451840418563e-02,-5.451840418563e-02,3.634560279042e-02,3.634560279042e-02,3.634560279042e-02
1.240000000000e-01,9.921462359757e-05,-1.570647504860e+00,1.570647504860e+00,-1.570697112171e+00,-1.570697112171e+00,9.921462359757e-05,2.362324577836e-03,3.543486866753e-03,-3.543486866753e-03,2.362324577836e-03,2.362324577836e-03,2.362324577836e-03,3.688305958936e-02,5.532458938404e-02,-5.532458938404e-02,3.688305958936e-02,3.688305958936e-02,3.688305958936e-02
1.260000000000e-01,1.040133962559e-04,-1.570640306701e+00,1.570640306701e+00,-1.570692313399e+00,-1.570692313399e+00,1.040133962559e-04,2.436626618851e-03,3.654939928276e-03,-3.654939928276e-03,2.436626618851e-03,2.436626618851e-03,2.436626618851e-03,3.741867462961e-02,5.612801194442e-02,-5.612801194442e-02,3.741867462961e-02,3.741867462961e-02,3.741867462961e-02
1.280000000000e-01,1.089618429995e-04,-1.570632884030e+00,1.570632884030e+00,-1.570687364952e+00,-1.570687364952e+00,1.089618429995e-04,2.511998049824e-03,3.767997074736e-03,-3.767997074736e-03,2.511998049824e-03,2.511998049824e-03,2.511998049824e-03,3.795244987466e-02,5.692867481199e-02,-5.692867481199e-02,3.795244987466e-02,3.795244987466e-02,3.795244987466e-02
1.300000000000e-01,1.140620989300e-04,-1.570625233647e+00,1.570625233647e+00,-1.570682264696e+00,-1.570682264696e+00,1.140620989300e-04,2.588435193128e-03,3.882652789692e-03,-3.882652789692e-03,2.588435193128e-03,2.588435193128e-03,2.588435193128e-03,3.848438728801e-02,5.772658093202e-02,-5.772658093202e-02,3.848438728801e-02,3.848438728801e-02,3.848438728801e-02
1.320000000000e-01,1.193162917977e-04,-1.570617352357e+00,1.570617352357e+00,-1.570677010503e+00,-1.570677010503e+00,1.193162917977e-04,2.665934375064e-03,3.998901562596e-03,-3.998901562596e-03,2.665934375064e-03,2.665934375064e-03,2.665934375064e-03,3.901448883315e-02,5.852173324973e-02,-5.852173324973e-02,3.901448883315e-02,3.901448883315e-02,3.901448883315e-02
1.340000000000e-01,1.247265420094e-04,-1.570609236982e+00,1.570609236982e+00,-1.570671600253e+00,-1.570671600253e+00,1.247265420094e-04,2.744491925858e-03,4.116737888786e-03,-4.116737888786e-03,2.744491925858e-03,2.744491925858e-03,2.744491925858e-03,3.954275647358e-02,5.931413471038e-02,-5.931413471038e-02,3.954275647358e-02,3.954275647358e-02,3.954275647358e-02
1.360000000000e-01,1.302949626364e-04,-1.570600884351e+00,1.570600884351e+00,-1.570666031832e+00,-1.570666031832e+00,1.302949626364e-04,2.824104179664e-03,4.236156269496e-03,-4.236156269496e-03,2.824104179664e-03,2.824104179664e-03,2.824104179664e-03,4.006919217280e-02,6.010378825920e-02,-6.010378825920e-02,4.006919217280e-02,4.006919217280e-02,4.006919217280e-02
1.380000000000e-01,1.360236594221e-04,-1.570592291306e+00,1.570592291306e+00,-1.570660303135e+00,-1.570660303135e+00,1.360236594221e-04,2.904767474564e-03,4.357151211846e-03,-4.357151211846e-03,2.904767474564e-03,2.904767474564e-03,2.904767474564e-03,4.059379789429e-02,6.089069684144e-02,-6.089069684144e-02,4.059379789429e-02,4.059379789429e-02,4.059379789429e-02
1.400000000000e-01,1.419147307900e-04,-1.570583454699e+00,1.570583454699e+00,-1.570654412064e+00,-1.570654412064e+00,1.419147307900e-04,2.986478152565e-03,4.479717228847e-03,-4.479717228847e-03,2.986478152565e-03,2.986478152565e-03,2.986478152565e-03,4.111657560156e-02,6.167486340234e-02,-6.167486340234e-02,4.111657560156e-02,4.111657560156e-02,4.111657560156e-02
1.420000000000e-01,1.479702678516e-04,-1.570574371393e+00,1.570574371393e+00,-1.570648356527e+00,-1.570648356527e+00,1.479702678516e-04,3.069232559603e-03,4.603848839404e-03,-4.603848839404e-03,3.069232559603e-03,3.069232559603e-03,3.069232559603e-03,4.163752725810e-02,6.245629088715e-02,-6.245629088715e-02,4.163752725810e-02,4.163752725810e-02,4.163752725810e-02
1.440000000000e-01,1.541923544142e-04,-1.570565038263e+00,1.570565038263e+00,-1.570642134440e+00,-1.570642134440e+00,1.541923544142e-04,3.153027045539e-03,4.729540568309e-03,-4.729540568309e-03,3.153027045539e-03,3.153027045539e-03,3.153027045539e-03,4.215665482740e-02,6.323498224110e-02,-6.323498224110e-02,4.215665482740e-02,4.215665482740e-02,4.215665482740e-02
1.460000000000e-01,1.605830669888e-04,-1.570555452194e+00,1.570555452194e+00,-1.570635743728e+00,-1.570635743728e+00,1.605830669888e-04,3.237857964163e-03,4.856786946245e-03,-4.856786946245e-03,3.237857964163e-03,3.237857964163e-03,3.237857964163e-03,4.267396027297e-02,6.401094040945e-02,-6.401094040945e-02,4.267396027297e-02,4.267396027297e-02,4.267396027297e-02
1.480000000000e-01,1.671444747977e-04,-1.570545610083e+00,1.570545610083e+00,-1.570629182320e+00,-1.570629182320e+00,1.671444747977e-04,3.323721673191e-03,4.985582509786e-03,-4.985582509786e-03,3.323721673191e-03,3.323721673191e-03,3.323721673191e-03,4.318944555829e-02,6.478416833743e-02,-6.478416833743e-02,4.318944555829e-02,4.318944555829e-02,4.318944555829e-02
1.500000000000e-01,1.738786397828e-04,-1.570535508835e+00,1.570535508835e+00,-1.570622448155e+00,-1.570622448155e+00,1.738786397828e-04,3.410614534265e-03,5.115921801398e-03,-5.115921801398e-03,3.410614534265e-03,3.410614534265e-03,3.410614534265e-03,4.370311264686e-02,6.555466897029e-02,-6.555466897029e-02,4.370311264686e-02,4.370311264686e-02,4.370311264686e-02
1.520000000000e-01,1.807876166131e-04,-1.570525145370e+00,1.570525145370e+00,-1.570615539178e+00,-1.570615539178e+00,1.807876166131e-04,3.498532912956e-03,5.247799369434e-03,-5.247799369434e-03,3.498532912956e-03,3.498532912956e-03,3.498532912956e-03,4.421496350218e-02,6.632244525327e-02,-6.632244525327e-02,4.421496350218e-02,4.421496350218e-02,4.421496350218e-02
1.540000000000e-01,1.878734526926e-04,-1.570514516616e+00,1.570514516616e+00,-1.570608453342e+00,-1.570608453342e+00,1.878734526926e-04,3.587473178761e-03,5.381209768141e-03,-5.381209768141e-03,3.587473178761e-03,3.587473178761e-03,3.587473178761e-03,4.472500008774e-02,6.708750013162e-02,-6.708750013162e-02,4.472500008774e-02,4.472500008774e-02,4.472500008774e-02
1.560000000000e-01,1.951381881684e-04,-1.570503619513e+00,1.570503619513e+00,-1.570601188607e+00,-1.570601188607e+00,1.951381881684e-04,3.677431705103e-03,5.516147557655e-03,-5.516147557655e-03,3.677431705103e-03,3.677431705103e-03,3.677431705103e-03,4.523322436705e-02,6.784983655057e-02,-6.784983655057e-02,4.523322436705e-02,4.523322436705e-02,4.523322436705e-02
1.580000000000e-01,2.025838559382e-04,-1.570492451011e+00,1.570492451011e+00,-1.570593742939e+00,-1.570593742939e+00,2.025838559382e-04,3.768404869334e-03,5.652607304001e-03,-5.652607304001e-03,3.768404869334e-03,3.768404869334e-03,3.768404869334e-03,4.573963830358e-02,6.860945745537e-02,-6.860945745537e-02,4.573963830358e-02,4.573963830358e-02,4.573963830358e-02
1.600000000000e-01,2.102124816584e-04,-1.570481008072e+00,1.570481008072e+00,-1.570586114313e+00,-1.570586114313e+00,2.102124816584e-04,3.860389052731e-03,5.790583579097e-03,-5.790583579097e-03,3.860389052731e-03,3.860389052731e-03,3.860389052731e-03,4.624424386084e-02,6.936636579126e-02,-6.936636579126e-02,4.624424386084e-02,4.624424386084e-02,4.624424386084e-02
1.620000000000e-01,2.180260837520e-04,-1.570469287669e+00,1.570469287669e+00,-1.570578300711e+00,-1.570578300711e+00,2.180260837520e-04,3.953380640500e-03,5.930070960750e-03,-5.930070960750e-03,3.953380640500e-03,3.953380640500e-03,3.953380640500e-03,4.674704300233e-02,7.012056450349e-02,-7.012056450349e-02,4.674704300233e-02,4.674704300233e-02,4.674704300233e-02
1.640000000000e-01,2.260266734160e-04,-1.570457286785e+00,1.570457286785e+00,-1.570570300121e+00,-1.570570300121e+00,2.260266734160e-04,4.047376021772e-03,6.071064032658e-03,-6.071064032658e-03,4.047376021772e-03,4.047376021772e-03,4.047376021772e-03,4.724803769154e-02,7.087205653730e-02,-7.087205653730e-02,4.724803769154e-02,4.724803769154e-02,4.724803769154e-02
1.660000000000e-01,2.342162546300e-04,-1.570445002413e+00,1.570445002413e+00,-1.570562110540e+00,-1.570562110540e+00,2.342162546300e-04,4.142371589607e-03,6.213557384410e-03,-6.213557384410e-03,4.142371589607e-03,4.142371589607e-03,4.142371589607e-03,4.774722989196e-02,7.162084483793e-02,-7.162084483793e-02,4.774722989196e-02,4.774722989196e-02,4.774722989196e-02
1.680000000000e-01,2.425968241634e-04,-1.570432431559e+00,1.570432431559e+00,-1.570553729971e+00,-1.570553729971e+00,2.425968241634e-04,4.238363740990e-03,6.357545611485e-03,-6.357545611485e-03,4.238363740990e-03,4.238363740990e-03,4.238363740990e-03,4.824462156709e-02,7.236693235063e-02,-7.236693235063e-02,4.824462156709e-02,4.824462156709e-02,4.824462156709e-02
1.700000000000e-01,2.511703715835e-04,-1.570419571238e+00,1.570419571238e+00,-1.570545156423e+00,-1.570545156423e+00,2.511703715835e-04,4.335348876834e-03,6.503023315251e-03,-6.503023315251e-03,4.335348876834e-03,4.335348876834e-03,4.335348876834e-03,4.874021468043e-02,7.311032202064e-02,-7.311032202064e-02,4.874021468043e-02,4.874021468043e-02,4.874021468043e-02
1.720000000000e-01,2.599388792635e-04,-1.570406418476e+00,1.570406418476e+00,-1.570536387916e+00,-1.570536387916e+00,2.599388792635e-04,4.433323401979e-03,6.649985102969e-03,-6.649985102969e-03,4.433323401979e-03,4.433323401979e-03,4.433323401979e-03,4.923401119547e-02,7.385101679320e-02,-7.385101679320e-02,4.923401119547e-02,4.923401119547e-02,4.923401119547e-02
1.740000000000e-01,2.689043223901e-04,-1.570392970311e+00,1.570392970311e+00,-1.570527422473e+00,-1.570527422473e+00,2.689043223901e-04,4.532283725193e-03,6.798425587789e-03,-6.798425587789e-03,4.532283725193e-03,4.532283725193e-03,4.532283725193e-03,4.972601307570e-02,7.458901961355e-02,-7.458901961355e-02,4.972601307570e-02,4.972601307570e-02,4.972601307570e-02
1.760000000000e-01,2.780686689714e-04,-1.570379223791e+00,1.570379223791e+00,-1.570518258126e+00,-1.570518258126e+00,2.780686689714e-04,4.632226259168e-03,6.948339388752e-03,-6.948339388752e-03,4.632226259168e-03,4.632226259168e-03,4.632226259168e-03,5.021622228463e-02,7.532433342694e-02,-7.532433342694e-02,5.021622228463e-02,5.021622228463e-02,5.021622228463e-02
1.780000000000e-01,2.874338798449e-04,-1.570365175975e+00,1.570365175975e+00,-1.570508892915e+00,-1.570508892915e+00,2.874338798449e-04,4.733147420526e-03,7.099721130789e-03,-7.099721130789e-03,4.733147420526e-03,4.733147420526e-03,4.733147420526e-03,5.070464078574e-02,7.605696117862e-02,-7.605696117862e-02,5.070464078574e-02,5.070464078574e-02,5.070464078574e-02
1.800000000000e-01,2.970019086853e-04,-1.570350823932e+00,1.570350823932e+00,-1.570499324886e+00,-1.570499324886e+00,2.970019086853e-04,4.835043629815e-03,7.252565444722e-03,-7.252565444722e-03,4.835043629815e-03,4.835043629815e-03,4.835043629815e-03,5.119127054254e-02,7.678690581381e-02,-7.678690581381e-02,5.119127054254e-02,5.119127054254e-02,5.119127054254e-02
1.820000000000e-01,3.067747020124e-04,-1.570336164742e+00,1.570336164742e+00,-1.570489552093e+00,-1.570489552093e+00,3.067747020124e-04,4.937911311509e-03,7.406866967264e-03,-7.406866967264e-03,4.937911311509e-03,4.937911311509e-03,4.937911311509e-03,5.167611351852e-02,7.751417027778e-02,-7.751417027778e-02,5.167611351852e-02,5.167611351852e-02,5.167611351852e-02
1.840000000000e-01,3.167541991985e-04,-1.570321195496e+00,1.570321195496e+00,-1.570479572596e+00,-1.570479572596e+00,3.167541991985e-04,5.041746894011e-03,7.562620341016e-03,-7.562620341016e-03,5.041746894011e-03,5.041746894011e-03,5.041746894011e-03,5.215917167717e-02,7.823875751575e-02,-7.823875751575e-02,5.215917167717e-02,5.215917167717e-02,5.215917167717e-02
1.860000000000e-01,3.269423324771e-04,-1.570305913296e+00,1.570305913296e+00,-1.570469384462e+00,-1.570469384462e+00,3.269423324771e-04,5.146546809648e-03,7.719820214473e-03,-7.719820214473e-03,5.146546809648e-03,5.146546809648e-03,5.146546809648e-03,5.264044698199e-02,7.896067047298e-02,-7.896067047298e-02,5.264044698199e-02,5.264044698199e-02,5.264044698199e-02
1.880000000000e-01,3.373410269499e-04,-1.570290315254e+00,1.570290315254e+00,-1.570458985768e+00,-1.570458985768e+00,3.373410269499e-04,5.252307494678e-03,7.878461242018e-03,-7.878461242018e-03,5.252307494678e-03,5.252307494678e-03,5.252307494678e-03,5.311994139647e-02,7.967991209471e-02,-7.967991209471e-02,5.311994139647e-02,5.311994139647e-02,5.311994139647e-02
1.900000000000e-01,3.479522005954e-04,-1.570274398494e+00,1.570274398494e+00,-1.570448374594e+00,-1.570448374594e+00,3.479522005954e-04,5.359025389283e-03,8.038538083925e-03,-8.038538083925e-03,5.359025389283e-03,5.359025389283e-03,5.359025389283e-03,5.359765688411e-02,8.039648532617e-02,-8.039648532617e-02,5.359765688411e-02,5.359765688411e-02,5.359765688411e-02
1.920000000000e-01,3.587777642761e-04,-1.570258160148e+00,1.570258160148e+00,-1.570437549031e+00,-1.570437549031e+00,3.587777642761e-04,5.466696937573e-03,8.200045406359e-03,-8.200045406359e-03,5.466696937573e-03,5.466696937573e-03,5.466696937573e-03,5.407359540841e-02,8.111039311262e-02,-8.111039311262e-02,5.407359540841e-02,5.407359540841e-02,5.407359540841e-02
1.940000000000e-01,3.698196217468e-04,-1.570241597362e+00,1.570241597362e+00,-1.570426507173e+00,-1.570426507173e+00,3.698196217468e-04,5.575318587584e-03,8.362977881375e-03,-8.362977881375e-03,5.575318587584e-03,5.575318587584e-03,5.575318587584e-03,5.454775893286e-02,8.182163839929e-02,-8.182163839929e-02,5.454775893286e-02,5.454775893286e-02,5.454775893286e-02
1.960000000000e-01,3.810796696621e-04,-1.570224707290e+00,1.570224707290e+00,-1.570415247125e+00,-1.570415247125e+00,3.810796696621e-04,5.684886791280e-03,8.527330186920e-03,-8.527330186920e-03,5.684886791280e-03,5.684886791280e-03,5.684886791280e-03,5.502014942096e-02,8.253022413144e-02,-8.253022413144e-02,5.502014942096e-02,5.502014942096e-02,5.502014942096e-02
1.980000000000e-01,3.925597975848e-04,-1.570207487099e+00,1.570207487099e+00,-1.570403766997e+00,-1.570403766997e+00,3.925597975848e-04,5.795398004552e-03,8.693097006828e-03,-8.693097006828e-03,5.795398004552e-03,5.795398004552e-03,5.795398004552e-03,5.549076883619e-02,8.323615325429e-02,-8.323615325429e-02,5.549076883619e-02,5.549076883619e-02,5.549076883619e-02
2.000000000000e-01,4.042618879932e-04,-1.570189933963e+00,1.570189933963e+00,-1.570392064907e+00,-1.570392064907e+00,4.042618879932e-04,5.906848687218e-03,8.860273030827e-03,-8.860273030827e-03,5.906848687218e-03,5.906848687218e-03,5.906848687218e-03,5.595961914207e-02,8.393942871310e-02,-8.393942871310e-02,5.595961914207e-02,5.595961914207e-02,5.595961914207e-02
2.020000000000e-01,4.161878162891e-04,-1.570172045070e+00,1.570172045070e+00,-1.570380138979e+00,-1.570380138979e+00,4.161878162891e-04,6.019235303023e-03,9.028852954535e-03,-9.028852954535e-03,6.019235303023e-03,6.019235303023e-03,6.019235303023e-03,5.642670230207e-02,8.464005345311e-02,-8.464005345311e-02,5.642670230207e-02,5.642670230207e-02,5.642670230207e-02
2.040000000000e-01,4.283394508057e-04,-1.570153817619e+00,1.570153817619e+00,-1.570367987344e+00,-1.570367987344e+00,4.283394508057e-04,6.132554319638e-03,9.198831479458e-03,-9.198831479458e-03,6.132554319638e-03,6.132554319638e-03,6.132554319638e-03,5.689202027971e-02,8.533803041956e-02,-8.533803041956e-02,5.689202027971e-02,5.689202027971e-02,5.689202027971e-02
2.060000000000e-01,4.407186528158e-04,-1.570135248816e+00,1.570135248816e+00,-1.570355608142e+00,-1.570355608142e+00,4.407186528158e-04,6.246802208663e-03,9.370203312994e-03,-9.370203312994e-03,6.246802208663e-03,6.246802208663e-03,6.246802208663e-03,5.735557503847e-02,8.603336255770e-02,-8.603336255770e-02,5.735557503847e-02,5.735557503847e-02,5.735557503847e-02
2.080000000000e-01,4.533272765389e-04,-1.570116335880e+00,1.570116335880e+00,-1.570342999518e+00,-1.570342999518e+00,4.533272765389e-04,6.361975445622e-03,9.542963168433e-03,-9.542963168433e-03,6.361975445622e-03,6.361975445622e-03,6.361975445622e-03,5.781736854184e-02,8.672605281276e-02,-8.672605281276e-02,5.781736854184e-02,5.781736854184e-02,5.781736854184e-02
2.100000000000e-01,4.661671691498e-04,-1.570097076041e+00,1.570097076041e+00,-1.570330159626e+00,-1.570330159626e+00,4.661671691498e-04,6.478070509969e-03,9.717105764953e-03,-9.717105764953e-03,6.478070509969e-03,6.478070509969e-03,6.478070509969e-03,5.827740275333e-02,8.741610413000e-02,-8.741610413000e-02,5.827740275333e-02,5.827740275333e-02,5.827740275333e-02
2.120000000000e-01,4.792401707859e-04,-1.570077466539e+00,1.570077466539e+00,-1.570317086624e+00,-1.570317086624e+00,4.792401707859e-04,6.595083885083e-03,9.892625827625e-03,-9.892625827625e-03,6.595083885083e-03,6.595083885083e-03,6.595083885083e-03,5.873567963643e-02,8.810351945465e-02,-8.810351945465e-02,5.873567963643e-02,5.873567963643e-02,5.873567963643e-02
2.140000000000e-01,4.925481145554e-04,-1.570057504623e+00,1.570057504623e+00,-1.570303778680e+00,-1.570303778680e+00,4.925481145554e-04,6.713012058271e-03,1.006951808741e-02,-1.006951808741e-02,6.713012058271e-03,6.713012058271e-03,6.713012058271e-03,5.919220115464e-02,8.878830173195e-02,-8.878830173195e-02,5.919220115464e-02,5.919220115464e-02,5.919220115464e-02
2.160000000000e-01,5.060928265451e-04,-1.570037187555e+00,1.570037187555e+00,-1.570290233968e+00,-1.570290233968e+00,5.060928265451e-04,6.831851520767e-03,1.024777728115e-02,-1.024777728115e-02,6.831851520767e-03,6.831851520767e-03,6.831851520767e-03,5.964696927144e-02,8.947045390716e-02,-8.947045390716e-02,5.964696927144e-02,5.964696927144e-02,5.964696927144e-02
2.180000000000e-01,5.198761258280e-04,-1.570016512606e+00,1.570016512606e+00,-1.570276450669e+00,-1.570276450669e+00,5.198761258280e-04,6.951598767732e-03,1.042739815160e-02,-1.042739815160e-02,6.951598767732e-03,6.951598767732e-03,6.951598767732e-03,6.009998595034e-02,9.014997892551e-02,-9.014997892551e-02,6.009998595034e-02,6.009998595034e-02,6.009998595034e-02
2.200000000000e-01,5.338998244716e-04,-1.569995477058e+00,1.569995477058e+00,-1.570262426970e+00,-1.570262426970e+00,5.338998244716e-04,7.072250298252e-03,1.060837544738e-02,-1.060837544738e-02,7.072250298252e-03,7.072250298252e-03,7.072250298252e-03,6.055125315483e-02,9.082687973225e-02,-9.082687973225e-02,6.055125315483e-02,6.055125315483e-02,6.055125315483e-02
2.220000000000e-01,5.481657275453e-04,-1.569974078204e+00,1.569974078204e+00,-1.570248161067e+00,-1.570248161067e+00,5.481657275453e-04,7.193802615344e-03,1.079070392302e-02,-1.079070392302e-02,7.193802615344e-03,7.193802615344e-03,7.193802615344e-03,6.100077284841e-02,9.150115927261e-02,-9.150115927261e-02,6.100077284841e-02,6.100077284841e-02,6.100077284841e-02
2.240000000000e-01,5.626756331286e-04,-1.569952313345e+00,1.569952313345e+00,-1.570233651162e+00,-1.570233651162e+00,5.626756331286e-04,7.316252225948e-03,1.097437833892e-02,-1.097437833892e-02,7.316252225948e-03,7.316252225948e-03,7.316252225948e-03,6.144854699457e-02,9.217282049185e-02,-9.217282049185e-02,6.144854699457e-02,6.144854699457e-02,6.144854699457e-02
2.260000000000e-01,5.774313323186e-04,-1.569930179796e+00,1.569930179796e+00,-1.570218895463e+00,-1.570218895463e+00,5.774313323186e-04,7.439595640933e-03,1.115939346140e-02,-1.115939346140e-02,7.439595640933e-03,7.439595640933e-03,7.439595640933e-03,6.189457755680e-02,9.284186633521e-02,-9.284186633521e-02,6.189457755680e-02,6.189457755680e-02,6.189457755680e-02
2.280000000000e-01,5.924346092384e-04,-1.569907674881e+00,1.569907674881e+00,-1.570203892186e+00,-1.570203892186e+00,5.924346092384e-04,7.563829375095e-03,1.134574406264e-02,-1.134574406264e-02,7.563829375095e-03,7.563829375095e-03,7.563829375095e-03,6.233886649861e-02,9.350829974792e-02,-9.350829974792e-02,6.233886649861e-02,6.233886649861e-02,6.233886649861e-02
2.300000000000e-01,6.076872410442e-04,-1.569884795933e+00,1.569884795933e+00,-1.570188639554e+00,-1.570188639554e+00,6.076872410442e-04,7.688949947156e-03,1.153342492073e-02,-1.153342492073e-02,7.688949947156e-03,7.688949947156e-03,7.688949947156e-03,6.278141578349e-02,9.417212367524e-02,-9.417212367524e-02,6.278141578349e-02,6.278141578349e-02,6.278141578349e-02
2.320000000000e-01,6.231909979339e-04,-1.569861540298e+00,1.569861540298e+00,-1.570173135797e+00,-1.570173135797e+00,6.231909979339e-04,7.814953879766e-03,1.172243081965e-02,-1.172243081965e-02,7.814953879766e-03,7.814953879766e-03,7.814953879766e-03,6.322222737493e-02,9.483334106240e-02,-9.483334106240e-02,6.322222737493e-02,6.322222737493e-02,6.322222737493e-02
2.340000000000e-01,6.389476431546e-04,-1.569837905330e+00,1.569837905330e+00,-1.570157379152e+00,-1.570157379152e+00,6.389476431546e-04,7.941837699502e-03,1.191275654925e-02,-1.191275654925e-02,7.941837699502e-03,7.941837699502e-03,7.941837699502e-03,6.366130323643e-02,9.549195485465e-02,-9.549195485465e-02,6.366130323643e-02,6.366130323643e-02,6.366130323643e-02
2.360000000000e-01,6.549589330103e-04,-1.569813888395e+00,1.569813888395e+00,-1.570141367862e+00,-1.570141367862e+00,6.549589330103e-04,8.069597936868e-03,1.210439690530e-02,-1.210439690530e-02,8.069597936868e-03,8.069597936868e-03,8.069597936868e-03,6.409864533148e-02,9.614796799723e-02,-9.614796799723e-02,6.409864533148e-02,6.409864533148e-02,6.409864533148e-02
2.380000000000e-01,6.712266168700e-04,-1.569789486870e+00,1.569789486870e+00,-1.570125100178e+00,-1.570125100178e+00,6.712266168700e-04,8.198231126293e-03,1.229734668944e-02,-1.229734668944e-02,8.198231126293e-03,8.198231126293e-03,8.198231126293e-03,6.453425562359e-02,9.680138343538e-02,-9.680138343538e-02,6.453425562359e-02,6.453425562359e-02,6.453425562359e-02
2.400000000000e-01,6.877524371756e-04,-1.569764698139e+00,1.569764698139e+00,-1.570108574358e+00,-1.570108574358e+00,6.877524371756e-04,8.327733806136e-03,1.249160070920e-02,-1.249160070920e-02,8.327733806136e-03,8.327733806136e-03,8.327733806136e-03,6.496813607624e-02,9.745220411436e-02,-9.745220411436e-02,6.496813607624e-02,6.496813607624e-02,6.496813607624e-02
2.420000000000e-01,7.045381294496e-04,-1.569739519601e+00,1.569739519601e+00,-1.570091788665e+00,-1.570091788665e+00,7.045381294496e-04,8.458102518681e-03,1.268715377802e-02,-1.268715377802e-02,8.458102518681e-03,8.458102518681e-03,8.458102518681e-03,6.540028865293e-02,9.810043297939e-02,-9.810043297939e-02,6.540028865293e-02,6.540028865293e-02,6.540028865293e-02
2.440000000000e-01,7.215854223029e-04,-1.569713948661e+00,1.569713948661e+00,-1.570074741373e+00,-1.570074741373e+00,7.215854223029e-04,8.589333810139e-03,1.288400071521e-02,-1.288400071521e-02,8.589333810139e-03,8.589333810139e-03,8.589333810139e-03,6.583071531715e-02,9.874607297573e-02,-9.874607297573e-02,6.583071531715e-02,6.583071531715e-02,6.583071531715e-02
2.460000000000e-01,7.388960374428e-04,-1.569687982739e+00,1.569687982739e+00,-1.570057430757e+00,-1.570057430757e+00,7.388960374428e-04,8.721424230650e-03,1.308213634597e-02,-1.308213634597e-02,8.721424230650e-03,8.721424230650e-03,8.721424230650e-03,6.625941803241e-02,9.938912704861e-02,-9.938912704861e-02,6.625941803241e-02,6.625941803241e-02,6.625941803241e-02
2.480000000000e-01,7.564716896808e-04,-1.569661619260e+00,1.569661619260e+00,-1.570039855105e+00,-1.570039855105e+00,7.564716896808e-04,8.854370334279e-03,1.328155550142e-02,-1.328155550142e-02,8.854370334279e-03,8.854370334279e-03,8.854370334279e-03,6.668639876219e-02,1.000295981433e-01,-1.000295981433e-01,6.668639876219e-02,6.668639876219e-02,6.668639876219e-02
2.500000000000e-01,7.743140869405e-04,-1.569634855664e+00,1.569634855664e+00,-1.570022012708e+00,-1.570022012708e+00,7.743140869405e-04,8.988168679017e-03,1.348225301853e-02,-1.348225301853e-02,8.988168679017e-03,8.988168679017e-03,8.988168679017e-03,6.711165947000e-02,1.006674892050e-01,-1.006674892050e-01,6.711165947000e-02,6.711165947000e-02,6.711165947000e-02
2.520000000000e-01,7.924249302655e-04,-1.569607689399e+00,1.569607689399e+00,-1.570003901865e+00,-1.570003901865e+00,7.924249302655e-04,9.122815826786e-03,1.368422374018e-02,-1.368422374018e-02,9.122815826786e-03,9.122815826786e-03,9.122815826786e-03,6.753520211932e-02,1.013028031790e-01,-1.013028031790e-01,6.753520211932e-02,6.753520211932e-02,6.753520211932e-02
2.540000000000e-01,8.108059138268e-04,-1.569580117924e+00,1.569580117924e+00,-1.569985520881e+00,-1.569985520881e+00,8.108059138268e-04,9.258308343431e-03,1.388746251515e-02,-1.388746251515e-02,9.258308343431e-03,9.258308343431e-03,9.258308343431e-03,6.795702867366e-02,1.019355430105e-01,-1.019355430105e-01,6.795702867366e-02,6.795702867366e-02,6.795702867366e-02
2.560000000000e-01,8.294587249315e-04,-1.569552138707e+00,1.569552138707e+00,-1.569966868070e+00,-1.569966868070e+00,8.294587249315e-04,9.394642798726e-03,1.409196419809e-02,-1.409196419809e-02,9.394642798726e-03,9.394642798726e-03,9.394642798726e-03,6.837714109650e-02,1.025657116448e-01,-1.025657116448e-01,6.837714109650e-02,6.837714109650e-02,6.837714109650e-02
2.580000000000e-01,8.483850440299e-04,-1.569523749229e+00,1.569523749229e+00,-1.569947941751e+00,-1.569947941751e+00,8.483850440299e-04,9.531815766372e-03,1.429772364956e-02,-1.429772364956e-02,9.531815766372e-03,9.531815766372e-03,9.531815766372e-03,6.879554135135e-02,1.031933120270e-01,-1.031933120270e-01,6.879554135135e-02,6.879554135135e-02,6.879554135135e-02
2.600000000000e-01,8.675865447236e-04,-1.569494946978e+00,1.569494946978e+00,-1.569928740250e+00,-1.569928740250e+00,8.675865447236e-04,9.669823823996e-03,1.450473573599e-02,-1.450473573599e-02,9.669823823996e-03,9.669823823996e-03,9.669823823996e-03,6.921223140170e-02,1.038183471025e-01,-1.038183471025e-01,6.921223140170e-02,6.921223140170e-02,6.921223140170e-02
2.620000000000e-01,8.870648937735e-04,-1.569465729454e+00,1.569465729454e+00,-1.569909261901e+00,-1.569909261901e+00,8.870648937735e-04,9.808663553152e-03,1.471299532973e-02,-1.471299532973e-02,9.808663553152e-03,9.808663553152e-03,9.808663553152e-03,6.962721321104e-02,1.044408198166e-01,-1.044408198166e-01,6.962721321104e-02,6.962721321104e-02,6.962721321104e-02
2.640000000000e-01,9.068217511075e-04,-1.569436094168e+00,1.569436094168e+00,-1.569889505044e+00,-1.569889505044e+00,9.068217511075e-04,9.948331539321e-03,1.492249730898e-02,-1.492249730898e-02,9.948331539321e-03,9.948331539321e-03,9.948331539321e-03,7.004048874287e-02,1.050607331143e-01,-1.050607331143e-01,7.004048874287e-02,7.004048874287e-02,7.004048874287e-02
2.660000000000e-01,9.268587698283e-04,-1.569406038640e+00,1.569406038640e+00,-1.569869468025e+00,-1.569869468025e+00,9.268587698283e-04,1.008882437191e-02,1.513323655787e-02,-1.513323655787e-02,1.008882437191e-02,1.008882437191e-02,1.008882437191e-02,7.045205996069e-02,1.056780899410e-01,-1.056780899410e-01,7.045205996069e-02,7.045205996069e-02,7.045205996069e-02
2.680000000000e-01,9.471775962215e-04,-1.569375560401e+00,1.569375560401e+00,-1.569849149199e+00,-1.569849149199e+00,9.471775962215e-04,1.023013864426e-02,1.534520796640e-02,-1.534520796640e-02,1.023013864426e-02,1.023013864426e-02,1.023013864426e-02,7.086192882799e-02,1.062928932420e-01,-1.062928932420e-01,7.086192882799e-02,7.086192882799e-02,7.086192882799e-02
2.700000000000e-01,9.677798697633e-04,-1.569344656990e+00,1.569344656990e+00,-1.569828546925e+00,-1.569828546925e+00,9.677798697633e-04,1.037227095363e-02,1.555840643045e-02,-1.555840643045e-02,1.037227095363e-02,1.037227095363e-02,1.037227095363e-02,7.127009730826e-02,1.069051459624e-01,-1.069051459624e-01,7.127009730826e-02,7.127009730826e-02,7.127009730826e-02
2.720000000000e-01,9.886672231281e-04,-1.569313325960e+00,1.569313325960e+00,-1.569807659572e+00,-1.569807659572e+00,9.886672231281e-04,1.051521790121e-02,1.577282685182e-02,-1.577282685182e-02,1.051521790121e-02,1.051521790121e-02,1.051521790121e-02,7.167656736501e-02,1.075148510475e-01,-1.075148510475e-01,7.167656736501e-02,7.167656736501e-02,7.167656736501e-02
2.740000000000e-01,1.009841282197e-03,-1.569281564872e+00,1.569281564872e+00,-1.569786485513e+00,-1.569786485513e+00,1.009841282197e-03,1.065897609212e-02,1.598846413818e-02,-1.598846413818e-02,1.065897609212e-02,1.065897609212e-02,1.065897609212e-02,7.208134096172e-02,1.081220114426e-01,-1.081220114426e-01,7.208134096172e-02,7.208134096172e-02,7.208134096172e-02
2.760000000000e-01,1.031303666065e-03,-1.569249371296e+00,1.569249371296e+00,-1.569765023129e+00,-1.569765023129e+00,1.031303666065e-03,1.080354213540e-02,1.620531320310e-02,-1.620531320310e-02,1.080354213540e-02,1.080354213540e-02,1.080354213540e-02,7.248442006190e-02,1.087266300928e-01,-1.087266300928e-01,7.248442006190e-02,7.248442006190e-02,7.248442006190e-02
2.780000000000e-01,1.053055987049e-03,-1.569216742814e+00,1.569216742814e+00,-1.569743270808e+00,-1.569743270808e+00,1.053055987049e-03,1.094891264401e-02,1.642336896602e-02,-1.642336896602e-02,1.094891264401e-02,1.094891264401e-02,1.094891264401e-02,7.288580662903e-02,1.093287099435e-01,-1.093287099435e-01,7.288580662903e-02,7.288580662903e-02,7.288580662903e-02
2.800000000000e-01,1.075099850696e-03,-1.569183677019e+00,1.569183677019e+00,-1.569721226944e+00,-1.569721226944e+00,1.075099850696e-03,1.109508423487e-02,1.664262635230e-02,-1.664262635230e-02,1.109508423487e-02,1.109508423487e-02,1.109508423487e-02,7.328550262662e-02,1.099282539399e-01,-1.099282539399e-01,7.328550262662e-02,7.328550262662e-02,7.328550262662e-02
2.820000000000e-01,1.097436855790e-03,-1.569150171511e+00,1.569150171511e+00,-1.569698889939e+00,-1.569698889939e+00,1.097436855790e-03,1.124205352878e-02,1.686308029317e-02,-1.686308029317e-02,1.124205352878e-02,1.124205352878e-02,1.124205352878e-02,7.368351001815e-02,1.105252650272e-01,-1.105252650272e-01,7.368351001815e-02,7.368351001815e-02,7.368351001815e-02
2.840000000000e-01,1.120068594362e-03,-1.569116223903e+00,1.569116223903e+00,-1.569676258201e+00,-1.569676258201e+00,1.120068594362e-03,1.138981715051e-02,1.708472572577e-02,-1.708472572577e-02,1.138981715051e-02,1.138981715051e-02,1.138981715051e-02,7.407983076713e-02,1.111197461507e-01,-1.111197461507e-01,7.407983076713e-02,7.407983076713e-02,7.407983076713e-02
2.860000000000e-01,1.142996651696e-03,-1.569081831817e+00,1.569081831817e+00,-1.569653330143e+00,-1.569653330143e+00,1.142996651696e-03,1.153837172873e-02,1.730755759310e-02,-1.730755759310e-02,1.153837172873e-02,1.153837172873e-02,1.153837172873e-02,7.447446683705e-02,1.117117002556e-01,-1.117117002556e-01,7.447446683705e-02,7.447446683705e-02,7.447446683705e-02
2.880000000000e-01,1.166222606337e-03,-1.569046992885e+00,1.569046992885e+00,-1.569630104189e+00,-1.569630104189e+00,1.166222606337e-03,1.168771389605e-02,1.753157084407e-02,-1.753157084407e-02,1.168771389605e-02,1.168771389605e-02,1.168771389605e-02,7.486742019140e-02,1.123011302871e-01,-1.123011302871e-01,7.486742019140e-02,7.486742019140e-02,7.486742019140e-02
2.900000000000e-01,1.189748030098e-03,-1.569011704750e+00,1.569011704750e+00,-1.569606578765e+00,-1.569606578765e+00,1.189748030098e-03,1.183784028900e-02,1.775676043349e-02,-1.775676043349e-02,1.183784028900e-02,1.183784028900e-02,1.183784028900e-02,7.525869279369e-02,1.128880391905e-01,-1.128880391905e-01,7.525869279369e-02,7.525869279369e-02,7.525869279369e-02
2.920000000000e-01,1.213574488070e-03,-1.568975965063e+00,1.568975965063e+00,-1.569582752307e+00,-1.569582752307e+00,1.213574488070e-03,1.198874754803e-02,1.798312132205e-02,-1.798312132205e-02,1.198874754803e-02,1.198874754803e-02,1.198874754803e-02,7.564828660740e-02,1.134724299111e-01,-1.134724299111e-01,7.564828660740e-02,7.564828660740e-02,7.564828660740e-02
2.940000000000e-01,1.237703538630e-03,-1.568939771487e+00,1.568939771487e+00,-1.569558623256e+00,-1.569558623256e+00,1.237703538630e-03,1.214043231754e-02,1.821064847631e-02,-1.821064847631e-02,1.214043231754e-02,1.214043231754e-02,1.214043231754e-02,7.603620359603e-02,1.140543053940e-01,-1.140543053940e-01,7.603620359603e-02,7.603620359603e-02,7.603620359603e-02
2.960000000000e-01,1.262136733446e-03,-1.568903121695e+00,1.568903121695e+00,-1.569534190061e+00,-1.569534190061e+00,1.262136733446e-03,1.229289124584e-02,1.843933686876e-02,-1.843933686876e-02,1.229289124584e-02,1.229289124584e-02,1.229289124584e-02,7.642244572308e-02,1.146336685846e-01,-1.146336685846e-01,7.642244572308e-02,7.642244572308e-02,7.642244572308e-02
2.980000000000e-01,1.286875617487e-03,-1.568866013369e+00,1.568866013369e+00,-1.569509451177e+00,-1.569509451177e+00,1.286875617487e-03,1.244612098517e-02,1.866918147775e-02,-1.866918147775e-02,1.244612098517e-02,1.244612098517e-02,1.244612098517e-02,7.680701495204e-02,1.152105224281e-01,-1.152105224281e-01,7.680701495204e-02,7.680701495204e-02,7.680701495204e-02
3.000000000000e-01,1.311921729031e-03,-1.568828444201e+00,1.568828444201e+00,-1.569484405066e+00,-1.569484405066e+00,1.311921729031e-03,1.260011819169e-02,1.890017728754e-02,-1.890017728754e-02,1.260011819169e-02,1.260011819169e-02,1.260011819169e-02,7.718991324641e-02,1.157848698696e-01,-1.157848698696e-01,7.718991324641e-02,7.718991324641e-02,7.718991324641e-02
3.020000000000e-01,1.337276599672e-03,-1.568790411895e+00,1.568790411895e+00,-1.569459050195e+00,-1.569459050195e+00,1.337276599672e-03,1.275487952551e-02,1.913231928826e-02,-1.913231928826e-02,1.275487952551e-02,1.275487952551e-02,1.275487952551e-02,7.757114256968e-02,1.163567138545e-01,-1.163567138545e-01,7.757114256968e-02,7.757114256968e-02,7.757114256968e-02
3.040000000000e-01,1.362941754327e-03,-1.568751914163e+00,1.568751914163e+00,-1.569433385041e+00,-1.569433385041e+00,1.362941754327e-03,1.291040165063e-02,1.936560247595e-02,-1.936560247595e-02,1.291040165063e-02,1.291040165063e-02,1.291040165063e-02,7.795070488534e-02,1.169260573280e-01,-1.169260573280e-01,7.795070488534e-02,7.795070488534e-02,7.795070488534e-02
3.060000000000e-01,1.388918711247e-03,-1.568712948728e+00,1.568712948728e+00,-1.569407408084e+00,-1.569407408084e+00,1.388918711247e-03,1.306668123502e-02,1.960002185253e-02,-1.960002185253e-02,1.306668123502e-02,1.306668123502e-02,1.306668123502e-02,7.832860215691e-02,1.174929032354e-01,-1.174929032354e-01,7.832860215691e-02,7.832860215691e-02,7.832860215691e-02
3.080000000000e-01,1.415208982022e-03,-1.568673513322e+00,1.568673513322e+00,-1.569381117813e+00,-1.569381117813e+00,1.415208982022e-03,1.322371495054e-02,1.983557242581e-02,-1.983557242581e-02,1.322371495054e-02,1.322371495054e-02,1.322371495054e-02,7.870483634786e-02,1.180572545218e-01,-1.180572545218e-01,7.870483634786e-02,7.870483634786e-02,7.870483634786e-02
3.100000000000e-01,1.441814071587e-03,-1.568633605688e+00,1.568633605688e+00,-1.569354512723e+00,-1.569354512723e+00,1.441814071587e-03,1.338149947300e-02,2.007224920950e-02,-2.007224920950e-02,1.338149947300e-02,1.338149947300e-02,1.338149947300e-02,7.907940942169e-02,1.186191141325e-01,-1.186191141325e-01,7.907940942169e-02,7.907940942169e-02,7.907940942169e-02
3.120000000000e-01,1.468735478238e-03,-1.568593223578e+00,1.568593223578e+00,-1.569327591317e+00,-1.569327591317e+00,1.468735478238e-03,1.354003148212e-02,2.031004722319e-02,-2.031004722319e-02,1.354003148212e-02,1.354003148212e-02,1.354003148212e-02,7.945232334191e-02,1.191784850129e-01,-1.191784850129e-01,7.945232334191e-02,7.945232334191e-02,7.945232334191e-02
3.140000000000e-01,1.495974693629e-03,-1.568552364754e+00,1.568552364754e+00,-1.569300352101e+00,-1.569300352101e+00,1.495974693629e-03,1.369930766157e-02,2.054896149236e-02,-2.054896149236e-02,1.369930766157e-02,1.369930766157e-02,1.369930766157e-02,7.982358007200e-02,1.197353701080e-01,-1.197353701080e-01,7.982358007200e-02,7.982358007200e-02,7.982358007200e-02
3.160000000000e-01,1.523533202789e-03,-1.568511026991e+00,1.568511026991e+00,-1.569272793592e+00,-1.569272793592e+00,1.523533202789e-03,1.385932469893e-02,2.078898704839e-02,-2.078898704839e-02,1.385932469893e-02,1.385932469893e-02,1.385932469893e-02,8.019318157546e-02,1.202897723632e-01,-1.202897723632e-01,8.019318157546e-02,8.019318157546e-02,8.019318157546e-02
3.180000000000e-01,1.551412484125e-03,-1.568469208069e+00,1.568469208069e+00,-1.569244914311e+00,-1.569244914311e+00,1.551412484125e-03,1.402007928570e-02,2.103011892855e-02,-2.103011892855e-02,1.402007928570e-02,1.402007928570e-02,1.402007928570e-02,8.056112981578e-02,1.208416947237e-01,-1.208416947237e-01,8.056112981578e-02,8.056112981578e-02,8.056112981578e-02
3.200000000000e-01,1.579614009429e-03,-1.568426905781e+00,1.568426905781e+00,-1.569216712785e+00,-1.569216712785e+00,1.579614009429e-03,1.418156811732e-02,2.127235217599e-02,-2.127235217599e-02,1.418156811732e-02,1.418156811732e-02,1.418156811732e-02,8.092742675647e-02,1.213911401347e-01,-1.213911401347e-01,8.092742675647e-02,8.092742675647e-02,8.092742675647e-02
3.220000000000e-01,1.608139243890e-03,-1.568384117929e+00,1.568384117929e+00,-1.569188187551e+00,-1.569188187551e+00,1.608139243890e-03,1.434378789317e-02,2.151568183975e-02,-2.151568183975e-02,1.434378789317e-02,1.434378789317e-02,1.434378789317e-02,8.129207436102e-02,1.219381115415e-01,-1.219381115415e-01,8.129207436102e-02,8.129207436102e-02,8.129207436102e-02
3.240000000000e-01,1.636989646100e-03,-1.568340842326e+00,1.568340842326e+00,-1.569159337149e+00,-1.569159337149e+00,1.636989646100e-03,1.450673531652e-02,2.176010297478e-02,-2.176010297478e-02,1.450673531652e-02,1.450673531652e-02,1.450673531652e-02,8.165507459292e-02,1.224826118894e-01,-1.224826118894e-01,8.165507459292e-02,8.165507459292e-02,8.165507459292e-02
3.260000000000e-01,1.666166668059e-03,-1.568297076793e+00,1.568297076793e+00,-1.569130160127e+00,-1.569130160127e+00,1.666166668059e-03,1.467040709460e-02,2.200561064190e-02,-2.200561064190e-02,1.467040709460e-02,1.467040709460e-02,1.467040709460e-02,8.201642941566e-02,1.230246441235e-01,-1.230246441235e-01,8.201642941566e-02,8.201642941566e-02,8.201642941566e-02
3.280000000000e-01,1.695671755188e-03,-1.568252819162e+00,1.568252819162e+00,-1.569100655040e+00,-1.569100655040e+00,1.695671755188e-03,1.483479993855e-02,2.225219990783e-02,-2.225219990783e-02,1.483479993855e-02,1.483479993855e-02,1.483479993855e-02,8.237614079275e-02,1.235642111891e-01,-1.235642111891e-01,8.237614079275e-02,8.237614079275e-02,8.237614079275e-02
3.300000000000e-01,1.725506346334e-03,-1.568208067275e+00,1.568208067275e+00,-1.569070820449e+00,-1.569070820449e+00,1.725506346334e-03,1.499991056345e-02,2.249986584517e-02,-2.249986584517e-02,1.499991056345e-02,1.499991056345e-02,1.499991056345e-02,8.273421068768e-02,1.241013160315e-01,-1.241013160315e-01,8.273421068768e-02,8.273421068768e-02,8.273421068768e-02
3.320000000000e-01,1.755671873775e-03,-1.568162818984e+00,1.568162818984e+00,-1.569040654921e+00,-1.569040654921e+00,1.755671873775e-03,1.516573568829e-02,2.274860353244e-02,-2.274860353244e-02,1.516573568829e-02,1.516573568829e-02,1.516573568829e-02,8.309064106394e-02,1.246359615959e-01,-1.246359615959e-01,8.309064106394e-02,8.309064106394e-02,8.309064106394e-02
3.340000000000e-01,1.786169763236e-03,-1.568117072150e+00,1.568117072150e+00,-1.569010157032e+00,-1.569010157032e+00,1.786169763236e-03,1.533227203600e-02,2.299840805400e-02,-2.299840805400e-02,1.533227203600e-02,1.533227203600e-02,1.533227203600e-02,8.344543388503e-02,1.251681508275e-01,-1.251681508275e-01,8.344543388503e-02,8.344543388503e-02,8.344543388503e-02
3.360000000000e-01,1.817001433886e-03,-1.568070824644e+00,1.568070824644e+00,-1.568979325361e+00,-1.568979325361e+00,1.817001433886e-03,1.549951633344e-02,2.324927450015e-02,-2.324927450015e-02,1.549951633344e-02,1.549951633344e-02,1.549951633344e-02,8.379859111444e-02,1.256978866717e-01,-1.256978866717e-01,8.379859111444e-02,8.379859111444e-02,8.379859111444e-02
3.380000000000e-01,1.848168298356e-03,-1.568024074347e+00,1.568024074347e+00,-1.568948158497e+00,-1.568948158497e+00,1.848168298356e-03,1.566746531137e-02,2.350119796706e-02,-2.350119796706e-02,1.566746531137e-02,1.566746531137e-02,1.566746531137e-02,8.415011471568e-02,1.262251720735e-01,-1.262251720735e-01,8.415011471568e-02,8.415011471568e-02,8.415011471568e-02
3.400000000000e-01,1.879671762741e-03,-1.567976819151e+00,1.567976819151e+00,-1.568916655032e+00,-1.568916655032e+00,1.879671762741e-03,1.583611570452e-02,2.375417355678e-02,-2.375417355678e-02,1.583611570452e-02,1.583611570452e-02,1.583611570452e-02,8.450000665223e-02,1.267500099783e-01,-1.267500099783e-01,8.450000665223e-02,8.450000665223e-02,8.450000665223e-02
3.420000000000e-01,1.911513226610e-03,-1.567929056955e+00,1.567929056955e+00,-1.568884813568e+00,-1.568884813568e+00,1.911513226610e-03,1.600546425152e-02,2.400819637727e-02,-2.400819637727e-02,1.600546425152e-02,1.600546425152e-02,1.600546425152e-02,8.484826888759e-02,1.272724033314e-01,-1.272724033314e-01,8.484826888759e-02,8.484826888759e-02,8.484826888759e-02
3.440000000000e-01,1.943694083012e-03,-1.567880785670e+00,1.567880785670e+00,-1.568852632712e+00,-1.568852632712e+00,1.943694083012e-03,1.617550769491e-02,2.426326154237e-02,-2.426326154237e-02,1.617550769491e-02,1.617550769491e-02,1.617550769491e-02,8.519490338526e-02,1.277923550779e-01,-1.277923550779e-01,8.519490338526e-02,8.519490338526e-02,8.519490338526e-02
3.460000000000e-01,1.976215718485e-03,-1.567832003217e+00,1.567832003217e+00,-1.568820111076e+00,-1.568820111076e+00,1.976215718485e-03,1.634624278121e-02,2.451936417181e-02,-2.451936417181e-02,1.634624278121e-02,1.634624278121e-02,1.634624278121e-02,8.553991210873e-02,1.283098681631e-01,-1.283098681631e-01,8.553991210873e-02,8.553991210873e-02,8.553991210873e-02
3.480000000000e-01,2.009079513065e-03,-1.567782707525e+00,1.567782707525e+00,-1.568787247282e+00,-1.568787247282e+00,2.009079513065e-03,1.651766626081e-02,2.477649939121e-02,-2.477649939121e-02,1.651766626081e-02,1.651766626081e-02,1.651766626081e-02,8.588329702149e-02,1.288249455322e-01,-1.288249455322e-01,8.588329702149e-02,8.588329702149e-02,8.588329702149e-02
3.500000000000e-01,2.042286840293e-03,-1.567732896534e+00,1.567732896534e+00,-1.568754039955e+00,-1.568754039955e+00,2.042286840293e-03,1.668977488806e-02,2.503466233209e-02,-2.503466233209e-02,1.668977488806e-02,1.668977488806e-02,1.668977488806e-02,8.622506008705e-02,1.293375901306e-01,-1.293375901306e-01,8.622506008705e-02,8.622506008705e-02,8.622506008705e-02
3.520000000000e-01,2.075839067221e-03,-1.567682568194e+00,1.567682568194e+00,-1.568720487728e+00,-1.568720487728e+00,2.075839067221e-03,1.686256542123e-02,2.529384813185e-02,-2.529384813185e-02,1.686256542123e-02,1.686256542123e-02,1.686256542123e-02,8.656520326890e-02,1.298478049033e-01,-1.298478049033e-01,8.656520326890e-02,8.656520326890e-02,8.656520326890e-02
3.540000000000e-01,2.109737554423e-03,-1.567631720463e+00,1.567631720463e+00,-1.568686589240e+00,-1.568686589240e+00,2.109737554423e-03,1.703603462252e-02,2.555405193379e-02,-2.555405193379e-02,1.703603462252e-02,1.703603462252e-02,1.703603462252e-02,8.690372853053e-02,1.303555927958e-01,-1.303555927958e-01,8.690372853053e-02,8.690372853053e-02,8.690372853053e-02
3.560000000000e-01,2.143983656001e-03,-1.567580351311e+00,1.567580351311e+00,-1.568652343139e+00,-1.568652343139e+00,2.143983656001e-03,1.721017925805e-02,2.581526888708e-02,-2.581526888708e-02,1.721017925805e-02,1.721017925805e-02,1.721017925805e-02,8.724063783544e-02,1.308609567532e-01,-1.308609567532e-01,8.724063783544e-02,8.724063783544e-02,8.724063783544e-02
3.580000000000e-01,2.178578719592e-03,-1.567528458716e+00,1.567528458716e+00,-1.568617748075e+00,-1.568617748075e+00,2.178578719592e-03,1.738499609787e-02,2.607749414681e-02,-2.607749414681e-02,1.738499609787e-02,1.738499609787e-02,1.738499609787e-02,8.757593314712e-02,1.313638997207e-01,-1.313638997207e-01,8.757593314712e-02,8.757593314712e-02,8.757593314712e-02
3.600000000000e-01,2.213524086378e-03,-1.567476040665e+00,1.567476040665e+00,-1.568582802709e+00,-1.568582802709e+00,2.213524086378e-03,1.756048191595e-02,2.634072287393e-02,-2.634072287393e-02,1.756048191595e-02,1.756048191595e-02,1.756048191595e-02,8.790961642908e-02,1.318644246436e-01,-1.318644246436e-01,8.790961642908e-02,8.790961642908e-02,8.790961642908e-02
3.620000000000e-01,2.248821091093e-03,-1.567423095158e+00,1.567423095158e+00,-1.568547505704e+00,-1.568547505704e+00,2.248821091093e-03,1.773663349021e-02,2.660495023531e-02,-2.660495023531e-02,1.773663349021e-02,1.773663349021e-02,1.773663349021e-02,8.824168964479e-02,1.323625344672e-01,-1.323625344672e-01,8.824168964479e-02,8.824168964479e-02,8.824168964479e-02
3.640000000000e-01,2.284471062031e-03,-1.567369620202e+00,1.567369620202e+00,-1.568511855733e+00,-1.568511855733e+00,2.284471062031e-03,1.791344760247e-02,2.687017140370e-02,-2.687017140370e-02,1.791344760247e-02,1.791344760247e-02,1.791344760247e-02,8.857215475777e-02,1.328582321367e-01,-1.328582321367e-01,8.857215475777e-02,8.857215475777e-02,8.857215475777e-02
3.660000000000e-01,2.320475321052e-03,-1.567315613813e+00,1.567315613813e+00,-1.568475851474e+00,-1.568475851474e+00,2.320475321052e-03,1.809092103848e-02,2.713638155772e-02,-2.713638155772e-02,1.809092103848e-02,1.809092103848e-02,1.809092103848e-02,8.890101373151e-02,1.333515205973e-01,-1.333515205973e-01,8.890101373151e-02,8.890101373151e-02,8.890101373151e-02
3.680000000000e-01,2.356835183593e-03,-1.567261074020e+00,1.567261074020e+00,-1.568439491611e+00,-1.568439491611e+00,2.356835183593e-03,1.826905058794e-02,2.740357588191e-02,-2.740357588191e-02,1.826905058794e-02,1.826905058794e-02,1.826905058794e-02,8.922826852949e-02,1.338424027942e-01,-1.338424027942e-01,8.922826852949e-02,8.922826852949e-02,8.922826852949e-02
3.700000000000e-01,2.393551958675e-03,-1.567205998857e+00,1.567205998857e+00,-1.568402774836e+00,-1.568402774836e+00,2.393551958675e-03,1.844783304446e-02,2.767174956669e-02,-2.767174956669e-02,1.844783304446e-02,1.844783304446e-02,1.844783304446e-02,8.955392111523e-02,1.343308816728e-01,-1.343308816728e-01,8.955392111523e-02,8.955392111523e-02,8.955392111523e-02
3.720000000000e-01,2.430626948907e-03,-1.567150386372e+00,1.567150386372e+00,-1.568365699846e+00,-1.568365699846e+00,2.430626948907e-03,1.862726520557e-02,2.794089780835e-02,-2.794089780835e-02,1.862726520557e-02,1.862726520557e-02,1.862726520557e-02,8.987797345220e-02,1.348169601783e-01,-1.348169601783e-01,8.987797345220e-02,8.987797345220e-02,8.987797345220e-02
3.740000000000e-01,2.468061450501e-03,-1.567094234619e+00,1.567094234619e+00,-1.568328265344e+00,-1.568328265344e+00,2.468061450501e-03,1.880734387274e-02,2.821101580911e-02,-2.821101580911e-02,1.880734387274e-02,1.880734387274e-02,1.880734387274e-02,9.020042750391e-02,1.353006412559e-01,-1.353006412559e-01,9.020042750391e-02,9.020042750391e-02,9.020042750391e-02
3.760000000000e-01,2.505856753273e-03,-1.567037541665e+00,1.567037541665e+00,-1.568290470042e+00,-1.568290470042e+00,2.505856753273e-03,1.898806585137e-02,2.848209877706e-02,-2.848209877706e-02,1.898806585137e-02,1.898806585137e-02,1.898806585137e-02,9.052128523386e-02,1.357819278508e-01,-1.357819278508e-01,9.052128523386e-02,9.052128523386e-02,9.052128523386e-02
3.780000000000e-01,2.544014140654e-03,-1.566980305584e+00,1.566980305584e+00,-1.568252312654e+00,-1.568252312654e+00,2.544014140654e-03,1.916942795077e-02,2.875414192616e-02,-2.875414192616e-02,1.916942795077e-02,1.916942795077e-02,1.916942795077e-02,9.084054860553e-02,1.362608229083e-01,-1.362608229083e-01,9.084054860553e-02,9.084054860553e-02,9.084054860553e-02
3.800000000000e-01,2.582534889698e-03,-1.566922524460e+00,1.566922524460e+00,-1.568213791905e+00,-1.568213791905e+00,2.582534889698e-03,1.935142698420e-02,2.902714047629e-02,-2.902714047629e-02,1.935142698420e-02,1.935142698420e-02,1.935142698420e-02,9.115821958243e-02,1.367373293736e-01,-1.367373293736e-01,9.115821958243e-02,9.115821958243e-02,9.115821958243e-02
3.820000000000e-01,2.621420271091e-03,-1.566864196388e+00,1.566864196388e+00,-1.568174906524e+00,-1.568174906524e+00,2.621420271091e-03,1.953405976881e-02,2.930108965322e-02,-2.930108965322e-02,1.953405976881e-02,1.953405976881e-02,1.953405976881e-02,9.147430012805e-02,1.372114501921e-01,-1.372114501921e-01,9.147430012805e-02,9.147430012805e-02,9.147430012805e-02
3.840000000000e-01,2.660671549155e-03,-1.566805319471e+00,1.566805319471e+00,-1.568135655246e+00,-1.568135655246e+00,2.660671549155e-03,1.971732312573e-02,2.957598468859e-02,-2.957598468859e-02,1.971732312573e-02,1.971732312573e-02,1.971732312573e-02,9.178879220588e-02,1.376831883088e-01,-1.376831883088e-01,9.178879220588e-02,9.178879220588e-02,9.178879220588e-02
3.860000000000e-01,2.700289981859e-03,-1.566745891822e+00,1.566745891822e+00,-1.568096036813e+00,-1.568096036813e+00,2.700289981859e-03,1.990121387997e-02,2.985182081995e-02,-2.985182081995e-02,1.990121387997e-02,1.990121387997e-02,1.990121387997e-02,9.210169777942e-02,1.381525466691e-01,-1.381525466691e-01,9.210169777942e-02,9.210169777942e-02,9.210169777942e-02
3.880000000000e-01,2.740276820826e-03,-1.566685911564e+00,1.566685911564e+00,-1.568056049974e+00,-1.568056049974e+00,2.740276820826e-03,2.008572886049e-02,3.012859329073e-02,-3.012859329073e-02,2.008572886049e-02,2.008572886049e-02,2.008572886049e-02,9.241301881216e-02,1.386195282182e-01,-1.386195282182e-01,9.241301881216e-02,9.241301881216e-02,9.241301881216e-02
3.900000000000e-01,2.780633311340e-03,-1.566625376828e+00,1.566625376828e+00,-1.568015693484e+00,-1.568015693484e+00,2.780633311340e-03,2.027086490017e-02,3.040629735025e-02,-3.040629735025e-02,2.027086490017e-02,2.027086490017e-02,2.027086490017e-02,9.272275726761e-02,1.390841359014e-01,-1.390841359014e-01,9.272275726761e-02,9.272275726761e-02,9.272275726761e-02
3.920000000000e-01,2.821360692357e-03,-1.566564285756e+00,1.566564285756e+00,-1.567974966103e+00,-1.567974966103e+00,2.821360692357e-03,2.045661883581e-02,3.068492825372e-02,-3.068492825372e-02,2.045661883581e-02,2.045661883581e-02,2.045661883581e-02,9.303091510925e-02,1.395463726639e-01,-1.395463726639e-01,9.303091510925e-02,9.303091510925e-02,9.303091510925e-02
3.940000000000e-01,2.862460196508e-03,-1.566502636500e+00,1.566502636500e+00,-1.567933866598e+00,-1.567933866598e+00,2.862460196508e-03,2.064298750817e-02,3.096448126225e-02,-3.096448126225e-02,2.064298750817e-02,2.064298750817e-02,2.064298750817e-02,9.333749430059e-02,1.400062414509e-01,-1.400062414509e-01,9.333749430059e-02,9.333749430059e-02,9.333749430059e-02
3.960000000000e-01,2.903933050110e-03,-1.566440427220e+00,1.566440427220e+00,-1.567892393745e+00,-1.567892393745e+00,2.903933050110e-03,2.082996776189e-02,3.124495164284e-02,-3.124495164284e-02,2.082996776189e-02,2.082996776189e-02,2.082996776189e-02,9.364249680511e-02,1.404637452077e-01,-1.404637452077e-01,9.364249680511e-02,9.364249680511e-02,9.364249680511e-02
3.980000000000e-01,2.945780473175e-03,-1.566377656085e+00,1.566377656085e+00,-1.567850546322e+00,-1.567850546322e+00,2.945780473175e-03,2.101755644557e-02,3.152633466836e-02,-3.152633466836e-02,2.101755644557e-02,2.101755644557e-02,2.101755644557e-02,9.394592458631e-02,1.409188868795e-01,-1.409188868795e-01,9.394592458631e-02,9.394592458631e-02,9.394592458631e-02
4.000000000000e-01,2.988003679414e-03,-1.566314321276e+00,1.566314321276e+00,-1.567808323115e+00,-1.567808323115e+00,2.988003679414e-03,2.120575041173e-02,3.180862561760e-02,-3.180862561760e-02,2.120575041173e-02,2.120575041173e-02,2.120575041173e-02,9.424777960769e-02,1.413716694115e-01,-1.413716694115e-01,9.424777960769e-02,9.424777960769e-02,9.424777960769e-02
4.020000000000e-01,3.030603876248e-03,-1.566250420981e+00,1.566250420981e+00,-1.567765722919e+00,-1.567765722919e+00,3.030603876248e-03,2.139454651681e-02,3.209181977521e-02,-3.209181977521e-02,2.139454651681e-02,2.139454651681e-02,2.139454651681e-02,9.454806383275e-02,1.418220957491e-01,-1.418220957491e-01,9.454806383275e-02,9.454806383275e-02,9.454806383275e-02
4.040000000000e-01,3.073582264814e-03,-1.566185953398e+00,1.566185953398e+00,-1.567722744530e+00,-1.567722744530e+00,3.073582264814e-03,2.158394162117e-02,3.237591243176e-02,-3.237591243176e-02,2.158394162117e-02,2.158394162117e-02,2.158394162117e-02,9.484677922497e-02,1.422701688375e-01,-1.422701688375e-01,9.484677922497e-02,9.484677922497e-02,9.484677922497e-02
4.060000000000e-01,3.116940039975e-03,-1.566120916735e+00,1.566120916735e+00,-1.567679386755e+00,-1.567679386755e+00,3.116940039975e-03,2.177393258913e-02,3.266089888369e-02,-3.266089888369e-02,2.177393258913e-02,2.177393258913e-02,2.177393258913e-02,9.514392774786e-02,1.427158916218e-01,-1.427158916218e-01,9.514392774786e-02,9.514392774786e-02,9.514392774786e-02
4.080000000000e-01,3.160678390325e-03,-1.566055309209e+00,1.566055309209e+00,-1.567635648405e+00,-1.567635648405e+00,3.160678390325e-03,2.196451628889e-02,3.294677443334e-02,-3.294677443334e-02,2.196451628889e-02,2.196451628889e-02,2.196451628889e-02,9.543951136491e-02,1.431592670474e-01,-1.431592670474e-01,9.543951136491e-02,9.543951136491e-02,9.543951136491e-02
4.100000000000e-01,3.204798498200e-03,-1.565989129048e+00,1.565989129048e+00,-1.567591528297e+00,-1.567591528297e+00,3.204798498200e-03,2.215568959263e-02,3.323353438894e-02,-3.323353438894e-02,2.215568959263e-02,2.215568959263e-02,2.215568959263e-02,9.573353203961e-02,1.436002980594e-01,-1.436002980594e-01,9.573353203961e-02,9.573353203961e-02,9.573353203961e-02
4.120000000000e-01,3.249301539682e-03,-1.565922374485e+00,1.565922374485e+00,-1.567547025255e+00,-1.567547025255e+00,3.249301539682e-03,2.234744937640e-02,3.352117406460e-02,-3.352117406460e-02,2.234744937640e-02,2.234744937640e-02,2.234744937640e-02,9.602599173546e-02,1.440389876032e-01,-1.440389876032e-01,9.602599173546e-02,9.602599173546e-02,9.602599173546e-02
4.140000000000e-01,3.294188684612e-03,-1.565855043768e+00,1.565855043768e+00,-1.567502138110e+00,-1.567502138110e+00,3.294188684612e-03,2.253979252022e-02,3.380968878034e-02,-3.380968878034e-02,2.253979252022e-02,2.253979252022e-02,2.253979252022e-02,9.631689241596e-02,1.444753386239e-01,-1.444753386239e-01,9.631689241596e-02,9.631689241596e-02,9.631689241596e-02
4.160000000000e-01,3.339461096593e-03,-1.565787135150e+00,1.565787135150e+00,-1.567456865698e+00,-1.567456865698e+00,3.339461096593e-03,2.273271590803e-02,3.409907386204e-02,-3.409907386204e-02,2.273271590803e-02,2.273271590803e-02,2.273271590803e-02,9.660623604460e-02,1.449093540669e-01,-1.449093540669e-01,9.660623604460e-02,9.660623604460e-02,9.660623604460e-02
4.180000000000e-01,3.385119932999e-03,-1.565718646895e+00,1.565718646895e+00,-1.567411206862e+00,-1.567411206862e+00,3.385119932999e-03,2.292621642768e-02,3.438932464152e-02,-3.438932464152e-02,2.292621642768e-02,2.292621642768e-02,2.292621642768e-02,9.689402458487e-02,1.453410368773e-01,-1.453410368773e-01,9.689402458487e-02,9.689402458487e-02,9.689402458487e-02
4.200000000000e-01,3.431166344986e-03,-1.565649577277e+00,1.565649577277e+00,-1.567365160450e+00,-1.567365160450e+00,3.431166344986e-03,2.312029097095e-02,3.468043645643e-02,-3.468043645643e-02,2.312029097095e-02,2.312029097095e-02,2.312029097095e-02,9.718026000028e-02,1.457703900004e-01,-1.457703900004e-01,9.718026000028e-02,9.718026000028e-02,9.718026000028e-02
4.220000000000e-01,3.477601477495e-03,-1.565579924579e+00,1.565579924579e+00,-1.567318725317e+00,-1.567318725317e+00,3.477601477495e-03,2.331493643357e-02,3.497240465036e-02,-3.497240465036e-02,2.331493643357e-02,2.331493643357e-02,2.331493643357e-02,9.746494425431e-02,1.461974163815e-01,-1.461974163815e-01,9.746494425431e-02,9.746494425431e-02,9.746494425431e-02
4.240000000000e-01,3.524426469266e-03,-1.565509687091e+00,1.565509687091e+00,-1.567271900326e+00,-1.567271900326e+00,3.524426469266e-03,2.351014971517e-02,3.526522457276e-02,-3.526522457276e-02,2.351014971517e-02,2.351014971517e-02,2.351014971517e-02,9.774807931047e-02,1.466221189657e-01,-1.466221189657e-01,9.774807931047e-02,9.774807931047e-02,9.774807931047e-02
4.260000000000e-01,3.571642452838e-03,-1.565438863116e+00,1.565438863116e+00,-1.567224684342e+00,-1.567224684342e+00,3.571642452838e-03,2.370592771932e-02,3.555889157898e-02,-3.555889157898e-02,2.370592771932e-02,2.370592771932e-02,2.370592771932e-02,9.802966713225e-02,1.470445006984e-01,-1.470445006984e-01,9.802966713225e-02,9.802966713225e-02,9.802966713225e-02
4.280000000000e-01,3.619250554563e-03,-1.565367450963e+00,1.565367450963e+00,-1.567177076240e+00,-1.567177076240e+00,3.619250554563e-03,2.390226735352e-02,3.585340103028e-02,-3.585340103028e-02,2.390226735352e-02,2.390226735352e-02,2.390226735352e-02,9.830970968313e-02,1.474645645247e-01,-1.474645645247e-01,9.830970968313e-02,9.830970968313e-02,9.830970968313e-02
4.300000000000e-01,3.667251894613e-03,-1.565295448953e+00,1.565295448953e+00,-1.567129074900e+00,-1.567129074900e+00,3.667251894613e-03,2.409916552918e-02,3.614874829378e-02,-3.614874829378e-02,2.409916552918e-02,2.409916552918e-02,2.409916552918e-02,9.858820892663e-02,1.478823133899e-01,-1.478823133899e-01,9.858820892663e-02,9.858820892663e-02,9.858820892663e-02
4.320000000000e-01,3.715647586984e-03,-1.565222855414e+00,1.565222855414e+00,-1.567080679208e+00,-1.567080679208e+00,3.715647586984e-03,2.429661916166e-02,3.644492874250e-02,-3.644492874250e-02,2.429661916166e-02,2.429661916166e-02,2.429661916166e-02,9.886516682623e-02,1.482977502394e-01,-1.482977502394e-01,9.886516682623e-02,9.886516682623e-02,9.886516682623e-02
4.340000000000e-01,3.764438739510e-03,-1.565149668686e+00,1.565149668686e+00,-1.567031888055e+00,-1.567031888055e+00,3.764438739510e-03,2.449462517023e-02,3.674193775535e-02,-3.674193775535e-02,2.449462517023e-02,2.449462517023e-02,2.449462517023e-02,9.914058534544e-02,1.487108780182e-01,-1.487108780182e-01,9.914058534544e-02,9.914058534544e-02,9.914058534544e-02
4.360000000000e-01,3.813626453865e-03,-1.565075887114e+00,1.565075887114e+00,-1.566982700341e+00,-1.566982700341e+00,3.813626453865e-03,2.469318047810e-02,3.703977071715e-02,-3.703977071715e-02,2.469318047810e-02,2.469318047810e-02,2.469318047810e-02,9.941446644773e-02,1.491216996716e-01,-1.491216996716e-01,9.941446644773e-02,9.941446644773e-02,9.941446644773e-02
4.380000000000e-01,3.863211825573e-03,-1.565001509057e+00,1.565001509057e+00,-1.566933114969e+00,-1.566933114969e+00,3.863211825573e-03,2.489228201239e-02,3.733842301859e-02,-3.733842301859e-02,2.489228201239e-02,2.489228201239e-02,2.489228201239e-02,9.968681209662e-02,1.495302181449e-01,-1.495302181449e-01,9.968681209662e-02,9.968681209662e-02,9.968681209662e-02
4.400000000000e-01,3.913195944019e-03,-1.564926532879e+00,1.564926532879e+00,-1.566883130851e+00,-1.566883130851e+00,3.913195944019e-03,2.509192670416e-02,3.763789005624e-02,-3.763789005624e-02,2.509192670416e-02,2.509192670416e-02,2.509192670416e-02,9.995762425559e-02,1.499364363834e-01,-1.499364363834e-01,9.995762425559e-02,9.995762425559e-02,9.995762425559e-02
4.420000000000e-01,3.963579892451e-03,-1.564850956956e+00,1.564850956956e+00,-1.566832746902e+00,-1.566832746902e+00,3.963579892451e-03,2.529211148839e-02,3.793816723259e-02,-3.793816723259e-02,2.529211148839e-02,2.529211148839e-02,2.529211148839e-02,1.002269048881e-01,1.503403573322e-01,-1.503403573322e-01,1.002269048881e-01,1.002269048881e-01,1.002269048881e-01
4.440000000000e-01,4.014364747993e-03,-1.564774779673e+00,1.564774779673e+00,-1.566781962047e+00,-1.566781962047e+00,4.014364747993e-03,2.549283330400e-02,3.823924995601e-02,-3.823924995601e-02,2.549283330400e-02,2.549283330400e-02,2.549283330400e-02,1.004946559578e-01,1.507419839367e-01,-1.507419839367e-01,1.004946559578e-01,1.004946559578e-01,1.004946559578e-01
4.460000000000e-01,4.065551581650e-03,-1.564697999422e+00,1.564697999422e+00,-1.566730775213e+00,-1.566730775213e+00,4.065551581650e-03,2.569408909383e-02,3.854113364074e-02,-3.854113364074e-02,2.569408909383e-02,2.569408909383e-02,2.569408909383e-02,1.007608794280e-01,1.511413191420e-01,-1.511413191420e-01,1.007608794280e-01,1.007608794280e-01,1.007608794280e-01
4.480000000000e-01,4.117141458316e-03,-1.564620614607e+00,1.564620614607e+00,-1.566679185337e+00,-1.566679185337e+00,4.117141458316e-03,2.589587580463e-02,3.884381370694e-02,-3.884381370694e-02,2.589587580463e-02,2.589587580463e-02,2.589587580463e-02,1.010255772623e-01,1.515383658934e-01,-1.515383658934e-01,1.010255772623e-01,1.010255772623e-01,1.010255772623e-01
4.500000000000e-01,4.169135436783e-03,-1.564542623640e+00,1.564542623640e+00,-1.566627191358e+00,-1.566627191358e+00,4.169135436783e-03,2.609819038709e-02,3.914728558064e-02,-3.914728558064e-02,2.609819038709e-02,2.609819038709e-02,2.609819038709e-02,1.012887514241e-01,1.519331271361e-01,-1.519331271361e-01,1.012887514241e-01,1.012887514241e-01,1.012887514241e-01
4.520000000000e-01,4.221534569748e-03,-1.564464024940e+00,1.564464024940e+00,-1.566574792225e+00,-1.566574792225e+00,4.221534569748e-03,2.630102979585e-02,3.945154469377e-02,-3.945154469377e-02,2.630102979585e-02,2.630102979585e-02,2.630102979585e-02,1.015504038770e-01,1.523256058155e-01,-1.523256058155e-01,1.015504038770e-01,1.015504038770e-01,1.015504038770e-01
4.540000000000e-01,4.274339903823e-03,-1.564384816939e+00,1.564384816939e+00,-1.566521986891e+00,-1.566521986891e+00,4.274339903823e-03,2.650439098944e-02,3.975658648416e-02,-3.975658648416e-02,2.650439098944e-02,2.650439098944e-02,2.650439098944e-02,1.018105365844e-01,1.527158048766e-01,-1.527158048766e-01,1.018105365844e-01,1.018105365844e-01,1.018105365844e-01
4.560000000000e-01,4.327552479538e-03,-1.564304998076e+00,1.564304998076e+00,-1.566468774315e+00,-1.566468774315e+00,4.327552479538e-03,2.670827093033e-02,4.006240639550e-02,-4.006240639550e-02,2.670827093033e-02,2.670827093033e-02,2.670827093033e-02,1.020691515099e-01,1.531037272649e-01,-1.531037272649e-01,1.020691515099e-01,1.020691515099e-01,1.020691515099e-01
4.580000000000e-01,4.381173331353e-03,-1.564224566798e+00,1.564224566798e+00,-1.566415153464e+00,-1.566415153464e+00,4.381173331353e-03,2.691266658493e-02,4.036899987740e-02,-4.036899987740e-02,2.691266658493e-02,2.691266658493e-02,2.691266658493e-02,1.023262506170e-01,1.534893759254e-01,-1.534893759254e-01,1.023262506170e-01,1.023262506170e-01,1.023262506170e-01
4.600000000000e-01,4.435203487667e-03,-1.564143521563e+00,1.564143521563e+00,-1.566361123307e+00,-1.566361123307e+00,4.435203487667e-03,2.711757492356e-02,4.067636238535e-02,-4.067636238535e-02,2.711757492356e-02,2.711757492356e-02,2.711757492356e-02,1.025818358690e-01,1.538727538036e-01,-1.538727538036e-01,1.025818358690e-01,1.025818358690e-01,1.025818358690e-01
4.620000000000e-01,4.489643970820e-03,-1.564061860839e+00,1.564061860839e+00,-1.566306682824e+00,-1.566306682824e+00,4.489643970820e-03,2.732299292048e-02,4.098448938072e-02,-4.098448938072e-02,2.732299292048e-02,2.732299292048e-02,2.732299292048e-02,1.028359092297e-01,1.542538638445e-01,-1.542538638445e-01,1.028359092297e-01,1.028359092297e-01,1.028359092297e-01
4.640000000000e-01,4.544495797106e-03,-1.563979583099e+00,1.563979583099e+00,-1.566251830998e+00,-1.566251830998e+00,4.544495797106e-03,2.752891755386e-02,4.129337633080e-02,-4.129337633080e-02,2.752891755386e-02,2.752891755386e-02,2.752891755386e-02,1.030884726623e-01,1.546327089935e-01,-1.546327089935e-01,1.030884726623e-01,1.030884726623e-01,1.030884726623e-01
4.660000000000e-01,4.599759976781e-03,-1.563896686830e+00,1.563896686830e+00,-1.566196566818e+00,-1.566196566818e+00,4.599759976781e-03,2.773534580582e-02,4.160301870873e-02,-4.160301870873e-02,2.773534580582e-02,2.773534580582e-02,2.773534580582e-02,1.033395281305e-01,1.550092921957e-01,-1.550092921957e-01,1.033395281305e-01,1.033395281305e-01,1.033395281305e-01
4.680000000000e-01,4.655437514066e-03,-1.563813170524e+00,1.563813170524e+00,-1.566140889281e+00,-1.566140889281e+00,4.655437514066e-03,2.794227466239e-02,4.191341199358e-02,-4.191341199358e-02,2.794227466239e-02,2.794227466239e-02,2.794227466239e-02,1.035890775977e-01,1.553836163965e-01,-1.553836163965e-01,1.035890775977e-01,1.035890775977e-01,1.035890775977e-01
4.700000000000e-01,4.711529407160e-03,-1.563729032684e+00,1.563729032684e+00,-1.566084797388e+00,-1.566084797388e+00,4.711529407160e-03,2.814970111352e-02,4.222455167028e-02,-4.222455167028e-02,2.814970111352e-02,2.814970111352e-02,2.814970111352e-02,1.038371230274e-01,1.557556845411e-01,-1.557556845411e-01,1.038371230274e-01,1.038371230274e-01,1.038371230274e-01
4.720000000000e-01,4.768036648245e-03,-1.563644271823e+00,1.563644271823e+00,-1.566028290147e+00,-1.566028290147e+00,4.768036648245e-03,2.835762215311e-02,4.253643322967e-02,-4.253643322967e-02,2.835762215311e-02,2.835762215311e-02,2.835762215311e-02,1.040836663831e-01,1.561254995747e-01,-1.561254995747e-01,1.040836663831e-01,1.040836663831e-01,1.040836663831e-01
4.740000000000e-01,4.824960223496e-03,-1.563558886460e+00,1.563558886460e+00,-1.565971366571e+00,-1.565971366571e+00,4.824960223496e-03,2.856603477898e-02,4.284905216847e-02,-4.284905216847e-02,2.856603477898e-02,2.856603477898e-02,2.856603477898e-02,1.043287096283e-01,1.564930644425e-01,-1.564930644425e-01,1.043287096283e-01,1.043287096283e-01,1.043287096283e-01
4.760000000000e-01,4.882301113086e-03,-1.563472875125e+00,1.563472875125e+00,-1.565914025682e+00,-1.565914025682e+00,4.882301113086e-03,2.877493599286e-02,4.316240398929e-02,-4.316240398929e-02,2.877493599286e-02,2.877493599286e-02,2.877493599286e-02,1.045722547266e-01,1.568583820899e-01,-1.568583820899e-01,1.045722547266e-01,1.045722547266e-01,1.045722547266e-01
4.780000000000e-01,4.940060291197e-03,-1.563386236358e+00,1.563386236358e+00,-1.565856266504e+00,-1.565856266504e+00,4.940060291197e-03,2.898432280043e-02,4.347648420064e-02,-4.347648420064e-02,2.898432280043e-02,2.898432280043e-02,2.898432280043e-02,1.048143036413e-01,1.572214554620e-01,-1.572214554620e-01,1.048143036413e-01,1.048143036413e-01,1.048143036413e-01
4.800000000000e-01,4.998238726024e-03,-1.563298968706e+00,1.563298968706e+00,-1.565798088069e+00,-1.565798088069e+00,4.998238726024e-03,2.919419221128e-02,4.379128831692e-02,-4.379128831692e-02,2.919419221128e-02,2.919419221128e-02,2.919419221128e-02,1.050548583360e-01,1.575822875041e-01,-1.575822875041e-01,1.050548583360e-01,1.050548583360e-01,1.050548583360e-01
4.820000000000e-01,5.056837379786e-03,-1.563211070725e+00,1.563211070725e+00,-1.565739489415e+00,-1.565739489415e+00,5.056837379786e-03,2.940454123894e-02,4.410681185840e-02,-4.410681185840e-02,2.940454123894e-02,2.940454123894e-02,2.940454123894e-02,1.052939207743e-01,1.579408811614e-01,-1.579408811614e-01,1.052939207743e-01,1.052939207743e-01,1.052939207743e-01
4.840000000000e-01,5.115857208735e-03,-1.563122540982e+00,1.563122540982e+00,-1.565680469586e+00,-1.565680469586e+00,5.115857208735e-03,2.961536690085e-02,4.442305035127e-02,-4.442305035127e-02,2.961536690085e-02,2.961536690085e-02,2.961536690085e-02,1.055314929195e-01,1.582972393792e-01,-1.582972393792e-01,1.055314929195e-01,1.055314929195e-01,1.055314929195e-01
4.860000000000e-01,5.175299163160e-03,-1.563033378050e+00,1.563033378050e+00,-1.565621027632e+00,-1.565621027632e+00,5.175299163160e-03,2.982666621839e-02,4.473999932759e-02,-4.473999932759e-02,2.982666621839e-02,2.982666621839e-02,2.982666621839e-02,1.057675767351e-01,1.586513651027e-01,-1.586513651027e-01,1.057675767351e-01,1.057675767351e-01,1.057675767351e-01
4.880000000000e-01,5.235164187396e-03,-1.562943580514e+00,1.562943580514e+00,-1.565561162608e+00,-1.565561162608e+00,5.235164187396e-03,3.003843621688e-02,4.505765432532e-02,-4.505765432532e-02,3.003843621688e-02,3.003843621688e-02,3.003843621688e-02,1.060021741848e-01,1.590032612772e-01,-1.590032612772e-01,1.060021741848e-01,1.060021741848e-01,1.060021741848e-01
4.900000000000e-01,5.295453219834e-03,-1.562853146965e+00,1.562853146965e+00,-1.565500873575e+00,-1.565500873575e+00,5.295453219834e-03,3.025067392553e-02,4.537601088830e-02,-4.537601088830e-02,3.025067392553e-02,3.025067392553e-02,3.025067392553e-02,1.062352872319e-01,1.593529308479e-01,-1.593529308479e-01,1.062352872319e-01,1.062352872319e-01,1.062352872319e-01
4.920000000000e-01,5.356167192927e-03,-1.562762076006e+00,1.562762076006e+00,-1.565440159602e+00,-1.565440159602e+00,5.356167192927e-03,3.046337637751e-02,4.569506456627e-02,-4.569506456627e-02,3.046337637751e-02,3.046337637751e-02,3.046337637751e-02,1.064669178400e-01,1.597003767601e-01,-1.597003767601e-01,1.064669178400e-01,1.064669178400e-01,1.064669178400e-01
4.940000000000e-01,5.417307033198e-03,-1.562670366245e+00,1.562670366245e+00,-1.565379019762e+00,-1.565379019762e+00,5.417307033198e-03,3.067654060991e-02,4.601481091486e-02,-4.601481091486e-02,3.067654060991e-02,3.067654060991e-02,3.067654060991e-02,1.066970679726e-01,1.600456019589e-01,-1.600456019589e-01,1.066970679726e-01,1.066970679726e-01,1.066970679726e-01
4.960000000000e-01,5.478873661248e-03,-1.562578016303e+00,1.562578016303e+00,-1.565317453134e+00,-1.565317453134e+00,5.478873661248e-03,3.089016366373e-02,4.633524549559e-02,-4.633524549559e-02,3.089016366373e-02,3.089016366373e-02,3.089016366373e-02,1.069257395931e-01,1.603886093897e-01,-1.603886093897e-01,1.069257395931e-01,1.069257395931e-01,1.069257395931e-01
4.980000000000e-01,5.540867991764e-03,-1.562485024807e+00,1.562485024807e+00,-1.565255458803e+00,-1.565255458803e+00,5.540867991764e-03,3.110424258391e-02,4.665636387587e-02,-4.665636387587e-02,3.110424258391e-02,3.110424258391e-02,3.110424258391e-02,1.071529346651e-01,1.607294019976e-01,-1.607294019976e-01,1.071529346651e-01,1.071529346651e-01,1.071529346651e-01
5.000000000000e-01,5.603290933527e-03,-1.562391390395e+00,1.562391390395e+00,-1.565193035861e+00,-1.565193035861e+00,5.603290933527e-03,3.131877441933e-02,4.697816162900e-02,-4.697816162900e-02,3.131877441933e-02,3.131877441933e-02,3.131877441933e-02,1.073786551520e-01,1.610679827280e-01,-1.610679827280e-01,1.073786551520e-01,1.073786551520e-01,1.073786551520e-01
5.020000000000e-01,5.666143389420e-03,-1.562297111711e+00,1.562297111711e+00,-1.565130183405e+00,-1.565130183405e+00,5.666143389420e-03,3.153375622277e-02,4.730063433416e-02,-4.730063433416e-02,3.153375622277e-02,3.153375622277e-02,3.153375622277e-02,1.076029030174e-01,1.614043545260e-01,-1.614043545260e-01,1.076029030174e-01,1.076029030174e-01,1.076029030174e-01
5.040000000000e-01,5.729426256434e-03,-1.562202187410e+00,1.562202187410e+00,-1.565066900538e+00,-1.565066900538e+00,5.729426256434e-03,3.174918505096e-02,4.762377757644e-02,-4.762377757644e-02,3.174918505096e-02,3.174918505096e-02,3.174918505096e-02,1.078256802247e-01,1.617385203370e-01,-1.617385203370e-01,1.078256802247e-01,1.078256802247e-01,1.078256802247e-01
5.060000000000e-01,5.793140425680e-03,-1.562106616156e+00,1.562106616156e+00,-1.565003186369e+00,-1.565003186369e+00,5.793140425680e-03,3.196505796454e-02,4.794758694682e-02,-4.794758694682e-02,3.196505796454e-02,3.196505796454e-02,3.196505796454e-02,1.080469887374e-01,1.620704831061e-01,-1.620704831061e-01,1.080469887374e-01,1.080469887374e-01,1.080469887374e-01
5.080000000000e-01,5.857286782392e-03,-1.562010396621e+00,1.562010396621e+00,-1.564939040013e+00,-1.564939040013e+00,5.857286782392e-03,3.218137202809e-02,4.827205804214e-02,-4.827205804214e-02,3.218137202809e-02,3.218137202809e-02,3.218137202809e-02,1.082668305191e-01,1.624002457786e-01,-1.624002457786e-01,1.082668305191e-01,1.082668305191e-01,1.082668305191e-01
5.100000000000e-01,5.921866205938e-03,-1.561913527486e+00,1.561913527486e+00,-1.564874460589e+00,-1.564874460589e+00,5.921866205938e-03,3.239812431011e-02,4.859718646516e-02,-4.859718646516e-02,3.239812431011e-02,3.239812431011e-02,3.239812431011e-02,1.084852075331e-01,1.627278112997e-01,-1.627278112997e-01,1.084852075331e-01,1.084852075331e-01,1.084852075331e-01
5.120000000000e-01,5.986879569827e-03,-1.561816007440e+00,1.561816007440e+00,-1.564809447225e+00,-1.564809447225e+00,5.986879569827e-03,3.261531188302e-02,4.892296782453e-02,-4.892296782453e-02,3.261531188302e-02,3.261531188302e-02,3.261531188302e-02,1.087021217432e-01,1.630531826147e-01,-1.630531826147e-01,1.087021217432e-01,1.087021217432e-01,1.087021217432e-01
5.140000000000e-01,6.052327741715e-03,-1.561717835182e+00,1.561717835182e+00,-1.564743999053e+00,-1.564743999053e+00,6.052327741715e-03,3.283293182319e-02,4.924939773478e-02,-4.924939773478e-02,3.283293182319e-02,3.283293182319e-02,3.283293182319e-02,1.089175751126e-01,1.633763626689e-01,-1.633763626689e-01,1.089175751126e-01,1.089175751126e-01,1.089175751126e-01
5.160000000000e-01,6.118211583418e-03,-1.561619009420e+00,1.561619009420e+00,-1.564678115211e+00,-1.564678115211e+00,6.118211583418e-03,3.305098121089e-02,4.957647181633e-02,-4.957647181633e-02,3.305098121089e-02,3.305098121089e-02,3.305098121089e-02,1.091315696049e-01,1.636973544074e-01,-1.636973544074e-01,1.091315696049e-01,1.091315696049e-01,1.091315696049e-01
5.180000000000e-01,6.184531950913e-03,-1.561519528869e+00,1.561519528869e+00,-1.564611794844e+00,-1.564611794844e+00,6.184531950913e-03,3.326945713033e-02,4.990418569550e-02,-4.990418569550e-02,3.326945713033e-02,3.326945713033e-02,3.326945713033e-02,1.093441071837e-01,1.640161607755e-01,-1.640161607755e-01,1.093441071837e-01,1.093441071837e-01,1.093441071837e-01
5.200000000000e-01,6.251289694352e-03,-1.561419392253e+00,1.561419392253e+00,-1.564545037101e+00,-1.564545037101e+00,6.251289694352e-03,3.348835666965e-02,5.023253500448e-02,-5.023253500448e-02,3.348835666965e-02,3.348835666965e-02,3.348835666965e-02,1.095551898123e-01,1.643327847185e-01,-1.643327847185e-01,1.095551898123e-01,1.095551898123e-01,1.095551898123e-01
5.220000000000e-01,6.318485658066e-03,-1.561318598308e+00,1.561318598308e+00,-1.564477841137e+00,-1.564477841137e+00,6.318485658066e-03,3.370767692092e-02,5.056151538138e-02,-5.056151538138e-02,3.370767692092e-02,3.370767692092e-02,3.370767692092e-02,1.097648194544e-01,1.646472291815e-01,-1.646472291815e-01,1.097648194544e-01,1.097648194544e-01,1.097648194544e-01
5.240000000000e-01,6.386120680574e-03,-1.561217145774e+00,1.561217145774e+00,-1.564410206114e+00,-1.564410206114e+00,6.386120680574e-03,3.392741498012e-02,5.089112247019e-02,-5.089112247019e-02,3.392741498012e-02,3.392741498012e-02,3.392741498012e-02,1.099729980733e-01,1.649594971099e-01,-1.649594971099e-01,1.099729980733e-01,1.099729980733e-01,1.099729980733e-01
5.260000000000e-01,6.454195594592e-03,-1.561115033403e+00,1.561115033403e+00,-1.564342131200e+00,-1.564342131200e+00,6.454195594592e-03,3.414756794718e-02,5.122135192076e-02,-5.122135192076e-02,3.414756794718e-02,3.414756794718e-02,3.414756794718e-02,1.101797276326e-01,1.652695914489e-01,-1.652695914489e-01,1.101797276326e-01,1.101797276326e-01,1.101797276326e-01
5.280000000000e-01,6.522711227037e-03,-1.561012259954e+00,1.561012259954e+00,-1.564273615568e+00,-1.564273615568e+00,6.522711227037e-03,3.436813292592e-02,5.155219938888e-02,-5.155219938888e-02,3.436813292592e-02,3.436813292592e-02,3.436813292592e-02,1.103850100958e-01,1.655775151437e-01,-1.655775151437e-01,1.103850100958e-01,1.103850100958e-01,1.103850100958e-01
5.300000000000e-01,6.591668399042e-03,-1.560908824196e+00,1.560908824196e+00,-1.564204658396e+00,-1.564204658396e+00,6.591668399042e-03,3.458910702414e-02,5.188366053621e-02,-5.188366053621e-02,3.458910702414e-02,3.458910702414e-02,3.458910702414e-02,1.105888474264e-01,1.658832711396e-01,-1.658832711396e-01,1.105888474264e-01,1.105888474264e-01,1.105888474264e-01
5.320000000000e-01,6.661067925955e-03,-1.560804724906e+00,1.560804724906e+00,-1.564135258869e+00,-1.564135258869e+00,6.661067925955e-03,3.481048735352e-02,5.221573103027e-02,-5.221573103027e-02,3.481048735352e-02,3.481048735352e-02,3.481048735352e-02,1.107912415879e-01,1.661868623818e-01,-1.661868623818e-01,1.107912415879e-01,1.107912415879e-01,1.107912415879e-01
5.340000000000e-01,6.730910617354e-03,-1.560699960869e+00,1.560699960869e+00,-1.564065416178e+00,-1.564065416178e+00,6.730910617354e-03,3.503227102969e-02,5.254840654453e-02,-5.254840654453e-02,3.503227102969e-02,3.503227102969e-02,3.503227102969e-02,1.109921945437e-01,1.664882918156e-01,-1.664882918156e-01,1.109921945437e-01,1.109921945437e-01,1.109921945437e-01
5.360000000000e-01,6.801197277051e-03,-1.560594530879e+00,1.560594530879e+00,-1.563995129518e+00,-1.563995129518e+00,6.801197277051e-03,3.525445517220e-02,5.288168275829e-02,-5.288168275829e-02,3.525445517220e-02,3.525445517220e-02,3.525445517220e-02,1.111917082574e-01,1.667875623861e-01,-1.667875623861e-01,1.111917082574e-01,1.111917082574e-01,1.111917082574e-01
5.380000000000e-01,6.871928703102e-03,-1.560488433740e+00,1.560488433740e+00,-1.563924398092e+00,-1.563924398092e+00,6.871928703102e-03,3.547703690453e-02,5.321555535679e-02,-5.321555535679e-02,3.547703690453e-02,3.547703690453e-02,3.547703690453e-02,1.113897846925e-01,1.670846770387e-01,-1.670846770387e-01,1.113897846925e-01,1.113897846925e-01,1.113897846925e-01
5.400000000000e-01,6.943105687814e-03,-1.560381668263e+00,1.560381668263e+00,-1.563853221107e+00,-1.563853221107e+00,6.943105687814e-03,3.570001335409e-02,5.355002003113e-02,-5.355002003113e-02,3.570001335409e-02,3.570001335409e-02,3.570001335409e-02,1.115864258124e-01,1.673796387186e-01,-1.673796387186e-01,1.115864258124e-01,1.115864258124e-01,1.115864258124e-01
5.420000000000e-01,7.014729017751e-03,-1.560274233268e+00,1.560274233268e+00,-1.563781597777e+00,-1.563781597777e+00,7.014729017751e-03,3.592338165221e-02,5.388507247832e-02,-5.388507247832e-02,3.592338165221e-02,3.592338165221e-02,3.592338165221e-02,1.117816335807e-01,1.676724503710e-01,-1.676724503710e-01,1.117816335807e-01,1.117816335807e-01,1.117816335807e-01
5.440000000000e-01,7.086799473745e-03,-1.560166127584e+00,1.560166127584e+00,-1.563709527321e+00,-1.563709527321e+00,7.086799473745e-03,3.614713893415e-02,5.422070840123e-02,-5.422070840123e-02,3.614713893415e-02,3.614713893415e-02,3.614713893415e-02,1.119754099608e-01,1.679631149412e-01,-1.679631149412e-01,1.119754099608e-01,1.119754099608e-01,1.119754099608e-01
5.460000000000e-01,7.159317830903e-03,-1.560057350049e+00,1.560057350049e+00,-1.563637008964e+00,-1.563637008964e+00,7.159317830903e-03,3.637128233910e-02,5.455692350866e-02,-5.455692350866e-02,3.637128233910e-02,3.637128233910e-02,3.637128233910e-02,1.121677569162e-01,1.682516353744e-01,-1.682516353744e-01,1.121677569162e-01,1.121677569162e-01,1.121677569162e-01
5.480000000000e-01,7.232284858612e-03,-1.559947899507e+00,1.559947899507e+00,-1.563564041936e+00,-1.563564041936e+00,7.232284858612e-03,3.659580901018e-02,5.489371351527e-02,-5.489371351527e-02,3.659580901018e-02,3.659580901018e-02,3.659580901018e-02,1.123586764105e-01,1.685380146158e-01,-1.685380146158e-01,1.123586764105e-01,1.123586764105e-01,1.123586764105e-01
5.500000000000e-01,7.305701320552e-03,-1.559837774814e+00,1.559837774814e+00,-1.563490625474e+00,-1.563490625474e+00,7.305701320552e-03,3.682071609441e-02,5.523107414162e-02,-5.523107414162e-02,3.682071609441e-02,3.682071609441e-02,3.682071609441e-02,1.125481704072e-01,1.688222556108e-01,-1.688222556108e-01,1.125481704072e-01,1.125481704072e-01,1.125481704072e-01
5.520000000000e-01,7.379567974699e-03,-1.559726974833e+00,1.559726974833e+00,-1.563416758820e+00,-1.563416758820e+00,7.379567974699e-03,3.704600074278e-02,5.556900111418e-02,-5.556900111418e-02,3.704600074278e-02,3.704600074278e-02,3.704600074278e-02,1.127362408696e-01,1.691043613044e-01,-1.691043613044e-01,1.127362408696e-01,1.127362408696e-01,1.127362408696e-01
5.540000000000e-01,7.453885573336e-03,-1.559615498435e+00,1.559615498435e+00,-1.563342441222e+00,-1.563342441222e+00,7.453885573336e-03,3.727166011018e-02,5.590749016527e-02,-5.590749016527e-02,3.727166011018e-02,3.727166011018e-02,3.727166011018e-02,1.129228897614e-01,1.693843346421e-01,-1.693843346421e-01,1.129228897614e-01,1.129228897614e-01,1.129228897614e-01
5.560000000000e-01,7.528654863058e-03,-1.559503344500e+00,1.559503344500e+00,-1.563267671932e+00,-1.563267671932e+00,7.528654863058e-03,3.749769135542e-02,5.624653703314e-02,-5.624653703314e-02,3.749769135542e-02,3.749769135542e-02,3.749769135542e-02,1.131081190460e-01,1.696621785690e-01,-1.696621785690e-01,1.131081190460e-01,1.131081190460e-01,1.131081190460e-01
5.580000000000e-01,7.603876584784e-03,-1.559390511918e+00,1.559390511918e+00,-1.563192450210e+00,-1.563192450210e+00,7.603876584784e-03,3.772409164127e-02,5.658613746190e-02,-5.658613746190e-02,3.772409164127e-02,3.772409164127e-02,3.772409164127e-02,1.132919306869e-01,1.699378960304e-01,-1.699378960304e-01,1.132919306869e-01,1.132919306869e-01,1.132919306869e-01
5.600000000000e-01,7.679551473761e-03,-1.559276999584e+00,1.559276999584e+00,-1.563116775321e+00,-1.563116775321e+00,7.679551473761e-03,3.795085813439e-02,5.692628720158e-02,-5.692628720158e-02,3.795085813439e-02,3.795085813439e-02,3.795085813439e-02,1.134743266477e-01,1.702114899715e-01,-1.702114899715e-01,1.134743266477e-01,1.134743266477e-01,1.134743266477e-01
5.620000000000e-01,7.755680259574e-03,-1.559162806406e+00,1.559162806406e+00,-1.563040646535e+00,-1.563040646535e+00,7.755680259574e-03,3.817798800538e-02,5.726698200807e-02,-5.726698200807e-02,3.817798800538e-02,3.817798800538e-02,3.817798800538e-02,1.136553088917e-01,1.704829633375e-01,-1.704829633375e-01,1.136553088917e-01,1.136553088917e-01,1.136553088917e-01
5.640000000000e-01,7.832263666151e-03,-1.559047931296e+00,1.559047931296e+00,-1.562964063129e+00,-1.562964063129e+00,7.832263666151e-03,3.840547842878e-02,5.760821764317e-02,-5.760821764317e-02,3.840547842878e-02,3.840547842878e-02,3.840547842878e-02,1.138348793825e-01,1.707523190738e-01,-1.707523190738e-01,1.138348793825e-01,1.138348793825e-01,1.138348793825e-01
5.660000000000e-01,7.909302411776e-03,-1.558932373177e+00,1.558932373177e+00,-1.562887024383e+00,-1.562887024383e+00,7.909302411776e-03,3.863332658305e-02,5.794998987458e-02,-5.794998987458e-02,3.863332658305e-02,3.863332658305e-02,3.863332658305e-02,1.140130400837e-01,1.710195601255e-01,-1.710195601255e-01,1.140130400837e-01,1.140130400837e-01,1.140130400837e-01
5.680000000000e-01,7.986797209092e-03,-1.558816130981e+00,1.558816130981e+00,-1.562809529586e+00,-1.562809529586e+00,7.986797209092e-03,3.886152965057e-02,5.829229447585e-02,-5.829229447585e-02,3.886152965057e-02,3.886152965057e-02,3.886152965057e-02,1.141897929586e-01,1.712846894379e-01,-1.712846894379e-01,1.141897929586e-01,1.141897929586e-01,1.141897929586e-01
5.700000000000e-01,8.064748765111e-03,-1.558699203647e+00,1.558699203647e+00,-1.562731578030e+00,-1.562731578030e+00,8.064748765111e-03,3.909008481764e-02,5.863512722646e-02,-5.863512722646e-02,3.909008481764e-02,3.909008481764e-02,3.909008481764e-02,1.143651399708e-01,1.715477099562e-01,-1.715477099562e-01,1.143651399708e-01,1.143651399708e-01,1.143651399708e-01
5.720000000000e-01,8.143157781222e-03,-1.558581590123e+00,1.558581590123e+00,-1.562653169014e+00,-1.562653169014e+00,8.143157781222e-03,3.931898927452e-02,5.897848391178e-02,-5.897848391178e-02,3.931898927452e-02,3.931898927452e-02,3.931898927452e-02,1.145390830838e-01,1.718086246257e-01,-1.718086246257e-01,1.145390830838e-01,1.145390830838e-01,1.145390830838e-01
5.740000000000e-01,8.222024953199e-03,-1.558463289365e+00,1.558463289365e+00,-1.562574301842e+00,-1.562574301842e+00,8.222024953199e-03,3.954824021535e-02,5.932236032303e-02,-5.932236032303e-02,3.954824021535e-02,3.954824021535e-02,3.954824021535e-02,1.147116242611e-01,1.720674363916e-01,-1.720674363916e-01,1.147116242611e-01,1.147116242611e-01,1.147116242611e-01
5.760000000000e-01,8.301350971205e-03,-1.558344300338e+00,1.558344300338e+00,-1.562494975824e+00,-1.562494975824e+00,8.301350971205e-03,3.977783483825e-02,5.966675225737e-02,-5.966675225737e-02,3.977783483825e-02,3.977783483825e-02,3.977783483825e-02,1.148827654661e-01,1.723241481992e-01,-1.723241481992e-01,1.148827654661e-01,1.148827654661e-01,1.148827654661e-01
5.780000000000e-01,8.381136519808e-03,-1.558224622015e+00,1.558224622015e+00,-1.562415190275e+00,-1.562415190275e+00,8.381136519808e-03,4.000777034521e-02,6.001165551782e-02,-6.001165551782e-02,4.000777034521e-02,4.000777034521e-02,4.000777034521e-02,1.150525086624e-01,1.725787629937e-01,-1.725787629937e-01,1.150525086624e-01,1.150525086624e-01,1.150525086624e-01
5.800000000000e-01,8.461382277979e-03,-1.558104253378e+00,1.558104253378e+00,-1.562334944517e+00,-1.562334944517e+00,8.461382277979e-03,4.023804394220e-02,6.035706591330e-02,-6.035706591330e-02,4.023804394220e-02,4.023804394220e-02,4.023804394220e-02,1.152208558135e-01,1.728312837203e-01,-1.728312837203e-01,1.152208558135e-01,1.152208558135e-01,1.152208558135e-01
5.820000000000e-01,8.542088919109e-03,-1.557983193416e+00,1.557983193416e+00,-1.562254237876e+00,-1.562254237876e+00,8.542088919109e-03,4.046865283908e-02,6.070297925862e-02,-6.070297925862e-02,4.046865283908e-02,4.046865283908e-02,4.046865283908e-02,1.153878088829e-01,1.730817133243e-01,-1.730817133243e-01,1.153878088829e-01,1.153878088829e-01,1.153878088829e-01
5.840000000000e-01,8.623257111011e-03,-1.557861441128e+00,1.557861441128e+00,-1.562173069684e+00,-1.562173069684e+00,8.623257111011e-03,4.069959424965e-02,6.104939137448e-02,-6.104939137448e-02,4.069959424965e-02,4.069959424965e-02,4.069959424965e-02,1.155533698340e-01,1.733300547509e-01,-1.733300547509e-01,1.155533698340e-01,1.155533698340e-01,1.155533698340e-01
5.860000000000e-01,8.704887515929e-03,-1.557738995521e+00,1.557738995521e+00,-1.562091439279e+00,-1.562091439279e+00,8.704887515929e-03,4.093086539165e-02,6.139629808747e-02,-6.139629808747e-02,4.093086539165e-02,4.093086539165e-02,4.093086539165e-02,1.157175406303e-01,1.735763109455e-01,-1.735763109455e-01,1.157175406303e-01,1.157175406303e-01,1.157175406303e-01
5.880000000000e-01,8.786980790546e-03,-1.557615855609e+00,1.557615855609e+00,-1.562009346004e+00,-1.562009346004e+00,8.786980790546e-03,4.116246348671e-02,6.174369523007e-02,-6.174369523007e-02,4.116246348671e-02,4.116246348671e-02,4.116246348671e-02,1.158803232354e-01,1.738204848531e-01,-1.738204848531e-01,1.158803232354e-01,1.158803232354e-01,1.158803232354e-01
5.900000000000e-01,8.869537585995e-03,-1.557492020416e+00,1.557492020416e+00,-1.561926789209e+00,-1.561926789209e+00,8.869537585995e-03,4.139438576044e-02,6.209157864065e-02,-6.209157864065e-02,4.139438576044e-02,4.139438576044e-02,4.139438576044e-02,1.160417196127e-01,1.740625794191e-01,-1.740625794191e-01,1.160417196127e-01,1.160417196127e-01,1.160417196127e-01
5.920000000000e-01,8.952558547860e-03,-1.557367488973e+00,1.557367488973e+00,-1.561843768247e+00,-1.561843768247e+00,8.952558547860e-03,4.162662944232e-02,6.243994416348e-02,-6.243994416348e-02,4.162662944232e-02,4.162662944232e-02,4.162662944232e-02,1.162017317258e-01,1.743025975887e-01,-1.743025975887e-01,1.162017317258e-01,1.162017317258e-01,1.162017317258e-01
5.940000000000e-01,9.036044316192e-03,-1.557242260321e+00,1.557242260321e+00,-1.561760282479e+00,-1.561760282479e+00,9.036044316192e-03,4.185919176580e-02,6.278878764871e-02,-6.278878764871e-02,4.185919176580e-02,4.185919176580e-02,4.185919176580e-02,1.163603615381e-01,1.745405423072e-01,-1.745405423072e-01,1.163603615381e-01,1.163603615381e-01,1.163603615381e-01
5.960000000000e-01,9.119995525509e-03,-1.557116333507e+00,1.557116333507e+00,-1.561676331269e+00,-1.561676331269e+00,9.119995525509e-03,4.209206996825e-02,6.313810495237e-02,-6.313810495237e-02,4.209206996825e-02,4.209206996825e-02,4.209206996825e-02,1.165176110131e-01,1.747764165197e-01,-1.747764165197e-01,1.165176110131e-01,1.165176110131e-01,1.165176110131e-01
5.980000000000e-01,9.204412804811e-03,-1.556989707588e+00,1.556989707588e+00,-1.561591913990e+00,-1.561591913990e+00,9.204412804811e-03,4.232526129094e-02,6.348789193641e-02,-6.348789193641e-02,4.232526129094e-02,4.232526129094e-02,4.232526129094e-02,1.166734821144e-01,1.750102231716e-01,-1.750102231716e-01,1.166734821144e-01,1.166734821144e-01,1.166734821144e-01
6.000000000000e-01,9.289296777583e-03,-1.556862381629e+00,1.556862381629e+00,-1.561507030017e+00,-1.561507030017e+00,9.289296777583e-03,4.255876297910e-02,6.383814446865e-02,-6.383814446865e-02,4.255876297910e-02,4.255876297910e-02,4.255876297910e-02,1.168279768054e-01,1.752419652081e-01,-1.752419652081e-01,1.168279768054e-01,1.168279768054e-01,1.168279768054e-01
6.020000000000e-01,9.374648061804e-03,-1.556734354702e+00,1.556734354702e+00,-1.561421678733e+00,-1.561421678733e+00,9.374648061804e-03,4.279257228186e-02,6.418885842280e-02,-6.418885842280e-02,4.279257228186e-02,4.279257228186e-02,4.279257228186e-02,1.169810970496e-01,1.754716455743e-01,-1.754716455743e-01,1.169810970496e-01,1.169810970496e-01,1.169810970496e-01
6.040000000000e-01,9.460467269956e-03,-1.556605625890e+00,1.556605625890e+00,-1.561335859525e+00,-1.561335859525e+00,9.460467269956e-03,4.302668645231e-02,6.454002967846e-02,-6.454002967846e-02,4.302668645231e-02,4.302668645231e-02,4.302668645231e-02,1.171328448105e-01,1.756992672157e-01,-1.756992672157e-01,1.171328448105e-01,1.171328448105e-01,1.171328448105e-01
6.060000000000e-01,9.546755009030e-03,-1.556476194281e+00,1.556476194281e+00,-1.561249571786e+00,-1.561249571786e+00,9.546755009030e-03,4.326110274743e-02,6.489165412114e-02,-6.489165412114e-02,4.326110274743e-02,4.326110274743e-02,4.326110274743e-02,1.172832220516e-01,1.759248330773e-01,-1.759248330773e-01,1.172832220516e-01,1.172832220516e-01,1.172832220516e-01
6.080000000000e-01,9.633511880536e-03,-1.556346058974e+00,1.556346058974e+00,-1.561162814914e+00,-1.561162814914e+00,9.633511880536e-03,4.349581842814e-02,6.524372764222e-02,-6.524372764222e-02,4.349581842814e-02,4.349581842814e-02,4.349581842814e-02,1.174322307364e-01,1.761483461045e-01,-1.761483461045e-01,1.174322307364e-01,1.174322307364e-01,1.174322307364e-01
6.100000000000e-01,9.720738480509e-03,-1.556215219074e+00,1.556215219074e+00,-1.561075588314e+00,-1.561075588314e+00,9.720738480509e-03,4.373083075931e-02,6.559624613897e-02,-6.559624613897e-02,4.373083075931e-02,4.373083075931e-02,4.373083075931e-02,1.175798728284e-01,1.763698092425e-01,-1.763698092425e-01,1.175798728284e-01,1.175798728284e-01,1.175798728284e-01
6.120000000000e-01,9.808435399519e-03,-1.556083673696e+00,1.556083673696e+00,-1.560987891395e+00,-1.560987891395e+00,9.808435399519e-03,4.396613700970e-02,6.594920551456e-02,-6.594920551456e-02,4.396613700970e-02,4.396613700970e-02,4.396613700970e-02,1.177261502911e-01,1.765892254366e-01,-1.765892254366e-01,1.177261502911e-01,1.177261502911e-01,1.177261502911e-01
6.140000000000e-01,9.896603222676e-03,-1.555951421961e+00,1.555951421961e+00,-1.560899723572e+00,-1.560899723572e+00,9.896603222676e-03,4.420173445203e-02,6.630260167805e-02,-6.630260167805e-02,4.420173445203e-02,4.420173445203e-02,4.420173445203e-02,1.178710650879e-01,1.768065976319e-01,-1.768065976319e-01,1.178710650879e-01,1.178710650879e-01,1.178710650879e-01
6.160000000000e-01,9.985242529640e-03,-1.555818463000e+00,1.555818463000e+00,-1.560811084265e+00,-1.560811084265e+00,9.985242529640e-03,4.443762036292e-02,6.665643054438e-02,-6.665643054438e-02,4.443762036292e-02,4.443762036292e-02,4.443762036292e-02,1.180146191825e-01,1.770219287737e-01,-1.770219287737e-01,1.180146191825e-01,1.180146191825e-01,1.180146191825e-01
6.180000000000e-01,1.007435389463e-02,-1.555684795953e+00,1.555684795953e+00,-1.560721972900e+00,-1.560721972900e+00,1.007435389463e-02,4.467379202293e-02,6.701068803440e-02,-6.701068803440e-02,4.467379202293e-02,4.467379202293e-02,4.467379202293e-02,1.181568145382e-01,1.772352218073e-01,-1.772352218073e-01,1.181568145382e-01,1.181568145382e-01,1.181568145382e-01
6.200000000000e-01,1.016393788642e-02,-1.555550419965e+00,1.555550419965e+00,-1.560632388908e+00,-1.560632388908e+00,1.016393788642e-02,4.491024671656e-02,6.736537007484e-02,-6.736537007484e-02,4.491024671656e-02,4.491024671656e-02,4.491024671656e-02,1.182976531186e-01,1.774464796779e-01,-1.774464796779e-01,1.182976531186e-01,1.182976531186e-01,1.182976531186e-01
6.220000000000e-01,1.025399506837e-02,-1.555415334192e+00,1.555415334192e+00,-1.560542331727e+00,-1.560542331727e+00,1.025399506837e-02,4.514698173220e-02,6.772047259830e-02,-6.772047259830e-02,4.514698173220e-02,4.514698173220e-02,4.514698173220e-02,1.184371368872e-01,1.776557053308e-01,-1.776557053308e-01,1.184371368872e-01,1.184371368872e-01,1.184371368872e-01
6.240000000000e-01,1.034452599843e-02,-1.555279537797e+00,1.555279537797e+00,-1.560451800796e+00,-1.560451800796e+00,1.034452599843e-02,4.538399436221e-02,6.807599154331e-02,-6.807599154331e-02,4.538399436221e-02,4.538399436221e-02,4.538399436221e-02,1.185752678074e-01,1.778629017112e-01,-1.778629017112e-01,1.185752678074e-01,1.185752678074e-01,1.185752678074e-01
6.260000000000e-01,1.043553122910e-02,-1.555143029951e+00,1.555143029951e+00,-1.560360795566e+00,-1.560360795566e+00,1.043553122910e-02,4.562128190284e-02,6.843192285426e-02,-6.843192285426e-02,4.562128190284e-02,4.562128190284e-02,4.562128190284e-02,1.187120478428e-01,1.780680717643e-01,-1.780680717643e-01,1.187120478428e-01,1.187120478428e-01,1.187120478428e-01
6.280000000000e-01,1.052701130751e-02,-1.555005809834e+00,1.555005809834e+00,-1.560269315487e+00,-1.560269315487e+00,1.052701130751e-02,4.585884165430e-02,6.878826248145e-02,-6.878826248145e-02,4.585884165430e-02,4.585884165430e-02,4.585884165430e-02,1.188474789569e-01,1.782712184353e-01,-1.782712184353e-01,1.188474789569e-01,1.188474789569e-01,1.188474789569e-01
6.300000000000e-01,1.061896677539e-02,-1.554867876632e+00,1.554867876632e+00,-1.560177360020e+00,-1.560177360020e+00,1.061896677539e-02,4.609667092070e-02,6.914500638105e-02,-6.914500638105e-02,4.609667092070e-02,4.609667092070e-02,4.609667092070e-02,1.189815631131e-01,1.784723446696e-01,-1.784723446696e-01,1.189815631131e-01,1.189815631131e-01,1.189815631131e-01
6.320000000000e-01,1.071139816908e-02,-1.554729229541e+00,1.554729229541e+00,-1.560084928626e+00,-1.560084928626e+00,1.071139816908e-02,4.633476701009e-02,6.950215051513e-02,-6.950215051513e-02,4.633476701009e-02,4.633476701009e-02,4.633476701009e-02,1.191143022749e-01,1.786714534124e-01,-1.786714534124e-01,1.191143022749e-01,1.191143022749e-01,1.191143022749e-01
6.340000000000e-01,1.080430601952e-02,-1.554589867766e+00,1.554589867766e+00,-1.559992020775e+00,-1.559992020775e+00,1.080430601952e-02,4.657312723444e-02,6.985969085166e-02,-6.985969085166e-02,4.657312723444e-02,4.657312723444e-02,4.657312723444e-02,1.192456984059e-01,1.788685476089e-01,-1.788685476089e-01,1.192456984059e-01,1.192456984059e-01,1.192456984059e-01
6.360000000000e-01,1.089769085231e-02,-1.554449790516e+00,1.554449790516e+00,-1.559898635943e+00,-1.559898635943e+00,1.089769085231e-02,4.681174890967e-02,7.021762336450e-02,-7.021762336450e-02,4.681174890967e-02,4.681174890967e-02,4.681174890967e-02,1.193757534696e-01,1.790636302043e-01,-1.790636302043e-01,1.193757534696e-01,1.193757534696e-01,1.193757534696e-01
6.380000000000e-01,1.099155318767e-02,-1.554308997013e+00,1.554308997013e+00,-1.559804773607e+00,-1.559804773607e+00,1.099155318767e-02,4.705062935559e-02,7.057594403338e-02,-7.057594403338e-02,4.705062935559e-02,4.705062935559e-02,4.705062935559e-02,1.195044694293e-01,1.792567041440e-01,-1.792567041440e-01,1.195044694293e-01,1.195044694293e-01,1.195044694293e-01
6.400000000000e-01,1.108589354047e-02,-1.554167486484e+00,1.554167486484e+00,-1.559710433254e+00,-1.559710433254e+00,1.108589354047e-02,4.728976589596e-02,7.093464884393e-02,-7.093464884393e-02,4.728976589596e-02,4.728976589596e-02,4.728976589596e-02,1.196318482487e-01,1.794477723730e-01,-1.794477723730e-01,1.196318482487e-01,1.196318482487e-01,1.196318482487e-01
6.420000000000e-01,1.118071242021e-02,-1.554025258165e+00,1.554025258165e+00,-1.559615614375e+00,-1.559615614375e+00,1.118071242021e-02,4.752915585846e-02,7.129373378769e-02,-7.129373378769e-02,4.752915585846e-02,4.752915585846e-02,4.752915585846e-02,1.197578918912e-01,1.796368378368e-01,-1.796368378368e-01,1.197578918912e-01,1.197578918912e-01,1.197578918912e-01
6.440000000000e-01,1.127601033107e-02,-1.553882311298e+00,1.553882311298e+00,-1.559520316464e+00,-1.559520316464e+00,1.127601033107e-02,4.776879657471e-02,7.165319486207e-02,-7.165319486207e-02,4.776879657471e-02,4.776879657471e-02,4.776879657471e-02,1.198826023203e-01,1.798239034805e-01,-1.798239034805e-01,1.198826023203e-01,1.198826023203e-01,1.198826023203e-01
6.460000000000e-01,1.137178777190e-02,-1.553738645137e+00,1.553738645137e+00,-1.559424539023e+00,-1.559424539023e+00,1.137178777190e-02,4.800868538024e-02,7.201302807037e-02,-7.201302807037e-02,4.800868538024e-02,4.800868538024e-02,4.800868538024e-02,1.200059814996e-01,1.800089722493e-01,-1.800089722493e-01,1.200059814996e-01,1.200059814996e-01,1.200059814996e-01
6.480000000000e-01,1.146804523621e-02,-1.553594258941e+00,1.553594258941e+00,-1.559328281559e+00,-1.559328281559e+00,1.146804523621e-02,4.824881961452e-02,7.237322942178e-02,-7.237322942178e-02,4.824881961452e-02,4.824881961452e-02,4.824881961452e-02,1.201280313924e-01,1.801920470886e-01,-1.801920470886e-01,1.201280313924e-01,1.201280313924e-01,1.201280313924e-01
6.500000000000e-01,1.156478321220e-02,-1.553449151977e+00,1.553449151977e+00,-1.559231543583e+00,-1.559231543583e+00,1.156478321220e-02,4.848919662093e-02,7.273379493140e-02,-7.273379493140e-02,4.848919662093e-02,4.848919662093e-02,4.848919662093e-02,1.202487539624e-01,1.803731309435e-01,-1.803731309435e-01,1.202487539624e-01,1.202487539624e-01,1.202487539624e-01
6.520000000000e-01,1.166200218277e-02,-1.553303323521e+00,1.553303323521e+00,-1.559134324612e+00,-1.559134324612e+00,1.166200218277e-02,4.872981374680e-02,7.309472062019e-02,-7.309472062019e-02,4.872981374680e-02,4.872981374680e-02,4.872981374680e-02,1.203681511729e-01,1.805522267594e-01,-1.805522267594e-01,1.203681511729e-01,1.203681511729e-01,1.203681511729e-01
6.540000000000e-01,1.175970262550e-02,-1.553156772857e+00,1.553156772857e+00,-1.559036624169e+00,-1.559036624169e+00,1.175970262550e-02,4.897066834336e-02,7.345600251504e-02,-7.345600251504e-02,4.897066834336e-02,4.897066834336e-02,4.897066834336e-02,1.204862249875e-01,1.807293374813e-01,-1.807293374813e-01,1.204862249875e-01,1.204862249875e-01,1.204862249875e-01
6.560000000000e-01,1.185788501270e-02,-1.553009499276e+00,1.553009499276e+00,-1.558938441782e+00,-1.558938441782e+00,1.185788501270e-02,4.921175776579e-02,7.381763664869e-02,-7.381763664869e-02,4.921175776579e-02,4.921175776579e-02,4.921175776579e-02,1.206029773698e-01,1.809044660547e-01,-1.809044660547e-01,1.206029773698e-01,1.206029773698e-01,1.206029773698e-01
6.580000000000e-01,1.195654981136e-02,-1.552861502078e+00,1.552861502078e+00,-1.558839776984e+00,-1.558839776984e+00,1.195654981136e-02,4.945307937319e-02,7.417961905979e-02,-7.417961905979e-02,4.945307937319e-02,4.945307937319e-02,4.945307937319e-02,1.207184102831e-01,1.810776154246e-01,-1.810776154246e-01,1.207184102831e-01,1.207184102831e-01,1.207184102831e-01
6.600000000000e-01,1.205569748322e-02,-1.552712780570e+00,1.552712780570e+00,-1.558740629312e+00,-1.558740629312e+00,1.205569748322e-02,4.969463052859e-02,7.454194579288e-02,-7.454194579288e-02,4.969463052859e-02,4.969463052859e-02,4.969463052859e-02,1.208325256910e-01,1.812487885365e-01,-1.812487885365e-01,1.208325256910e-01,1.208325256910e-01,1.208325256910e-01
6.620000000000e-01,1.215532848475e-02,-1.552563334068e+00,1.552563334068e+00,-1.558640998310e+00,-1.558640998310e+00,1.215532848475e-02,4.993640859893e-02,7.490461289839e-02,-7.490461289839e-02,4.993640859893e-02,4.993640859893e-02,4.993640859893e-02,1.209453255570e-01,1.814179883355e-01,-1.814179883355e-01,1.209453255570e-01,1.209453255570e-01,1.209453255570e-01
6.640000000000e-01,1.225544326714e-02,-1.552413161894e+00,1.552413161894e+00,-1.558540883528e+00,-1.558540883528e+00,1.225544326714e-02,5.017841095510e-02,7.526761643264e-02,-7.526761643264e-02,5.017841095510e-02,5.017841095510e-02,5.017841095510e-02,1.210568118445e-01,1.815852177668e-01,-1.815852177668e-01,1.210568118445e-01,1.210568118445e-01,1.210568118445e-01
6.660000000000e-01,1.235604227634e-02,-1.552262263380e+00,1.552262263380e+00,-1.558440284519e+00,-1.558440284519e+00,1.235604227634e-02,5.042063497190e-02,7.563095245784e-02,-7.563095245784e-02,5.042063497190e-02,5.042063497190e-02,5.042063497190e-02,1.211669865171e-01,1.817504797757e-01,-1.817504797757e-01,1.211669865171e-01,1.211669865171e-01,1.211669865171e-01
6.680000000000e-01,1.245712595305e-02,-1.552110637865e+00,1.552110637865e+00,-1.558339200842e+00,-1.558339200842e+00,1.245712595305e-02,5.066307802806e-02,7.599461704209e-02,-7.599461704209e-02,5.066307802806e-02,5.066307802806e-02,5.066307802806e-02,1.212758515383e-01,1.819137773075e-01,-1.819137773075e-01,1.212758515383e-01,1.212758515383e-01,1.212758515383e-01
6.700000000000e-01,1.255869473274e-02,-1.551958284696e+00,1.551958284696e+00,-1.558237632062e+00,-1.558237632062e+00,1.255869473274e-02,5.090573750626e-02,7.635860625939e-02,-7.635860625939e-02,5.090573750626e-02,5.090573750626e-02,5.090573750626e-02,1.213834088715e-01,1.820751133073e-01,-1.820751133073e-01,1.213834088715e-01,1.213834088715e-01,1.213834088715e-01
6.720000000000e-01,1.266074904562e-02,-1.551805203226e+00,1.551805203226e+00,-1.558135577749e+00,-1.558135577749e+00,1.266074904562e-02,5.114861079307e-02,7.672291618960e-02,-7.672291618960e-02,5.114861079307e-02,5.114861079307e-02,5.114861079307e-02,1.214896604803e-01,1.822344907205e-01,-1.822344907205e-01,1.214896604803e-01,1.214896604803e-01,1.214896604803e-01
6.740000000000e-01,1.276328931671e-02,-1.551651392820e+00,1.551651392820e+00,-1.558033037478e+00,-1.558033037478e+00,1.276328931671e-02,5.139169527900e-02,7.708754291851e-02,-7.708754291851e-02,5.139169527900e-02,5.139169527900e-02,5.139169527900e-02,1.215946083282e-01,1.823919124922e-01,-1.823919124922e-01,1.215946083282e-01,1.215946083282e-01,1.215946083282e-01
6.760000000000e-01,1.286631596580e-02,-1.551496852846e+00,1.551496852846e+00,-1.557930010829e+00,-1.557930010829e+00,1.286631596580e-02,5.163498835851e-02,7.745248253777e-02,-7.745248253777e-02,5.163498835851e-02,5.163498835851e-02,5.163498835851e-02,1.216982543785e-01,1.825473815678e-01,-1.825473815678e-01,1.216982543785e-01,1.216982543785e-01,1.216982543785e-01
6.780000000000e-01,1.296982940747e-02,-1.551341582684e+00,1.551341582684e+00,-1.557826497387e+00,-1.557826497387e+00,1.296982940747e-02,5.187848742996e-02,7.781773114494e-02,-7.781773114494e-02,5.187848742996e-02,5.187848742996e-02,5.187848742996e-02,1.218006005950e-01,1.827009008924e-01,-1.827009008924e-01,1.218006005950e-01,1.218006005950e-01,1.218006005950e-01
6.800000000000e-01,1.307383005111e-02,-1.551185581718e+00,1.551185581718e+00,-1.557722496744e+00,-1.557722496744e+00,1.307383005111e-02,5.212218989565e-02,7.818328484347e-02,-7.818328484347e-02,5.212218989565e-02,5.212218989565e-02,5.212218989565e-02,1.219016489409e-01,1.828524734114e-01,-1.828524734114e-01,1.219016489409e-01,1.219016489409e-01,1.219016489409e-01
6.820000000000e-01,1.317831830092e-02,-1.551028849344e+00,1.551028849344e+00,-1.557618008494e+00,-1.557618008494e+00,1.317831830092e-02,5.236609316179e-02,7.854913974268e-02,-7.854913974268e-02,5.236609316179e-02,5.236609316179e-02,5.236609316179e-02,1.220014013799e-01,1.830021020699e-01,-1.830021020699e-01,1.220014013799e-01,1.220014013799e-01,1.220014013799e-01
6.840000000000e-01,1.328329455590e-02,-1.550871384961e+00,1.550871384961e+00,-1.557513032239e+00,-1.557513032239e+00,1.328329455590e-02,5.261019463854e-02,7.891529195781e-02,-7.891529195781e-02,5.261019463854e-02,5.261019463854e-02,5.261019463854e-02,1.220998598754e-01,1.831497898131e-01,-1.831497898131e-01,1.220998598754e-01,1.220998598754e-01,1.220998598754e-01
6.860000000000e-01,1.338875920989e-02,-1.550713187980e+00,1.550713187980e+00,-1.557407567585e+00,-1.557407567585e+00,1.338875920989e-02,5.285449173997e-02,7.928173760996e-02,-7.928173760996e-02,5.285449173997e-02,5.285449173997e-02,5.285449173997e-02,1.221970263909e-01,1.832955395864e-01,-1.832955395864e-01,1.221970263909e-01,1.221970263909e-01,1.221970263909e-01
6.880000000000e-01,1.349471265155e-02,-1.550554257818e+00,1.550554257818e+00,-1.557301614143e+00,-1.557301614143e+00,1.349471265155e-02,5.309898188409e-02,7.964847282614e-02,-7.964847282614e-02,5.309898188409e-02,5.309898188409e-02,5.309898188409e-02,1.222929028900e-01,1.834393543350e-01,-1.834393543350e-01,1.222929028900e-01,1.222929028900e-01,1.222929028900e-01
6.900000000000e-01,1.360115526440e-02,-1.550394593898e+00,1.550394593898e+00,-1.557195171530e+00,-1.557195171530e+00,1.360115526440e-02,5.334366249283e-02,8.001549373924e-02,-8.001549373924e-02,5.334366249283e-02,5.334366249283e-02,5.334366249283e-02,1.223874913361e-01,1.835812370041e-01,-1.835812370041e-01,1.223874913361e-01,1.223874913361e-01,1.223874913361e-01
6.920000000000e-01,1.370808742679e-02,-1.550234195655e+00,1.550234195655e+00,-1.557088239368e+00,-1.557088239368e+00,1.370808742679e-02,5.358853099204e-02,8.038279648806e-02,-8.038279648806e-02,5.358853099204e-02,5.358853099204e-02,5.358853099204e-02,1.224807936926e-01,1.837211905389e-01,-1.837211905389e-01,1.224807936926e-01,1.224807936926e-01,1.224807936926e-01
6.940000000000e-01,1.381550951192e-02,-1.550073062527e+00,1.550073062527e+00,-1.556980817283e+00,-1.556980817283e+00,1.381550951192e-02,5.383358481151e-02,8.075037721727e-02,-8.075037721727e-02,5.383358481151e-02,5.383358481151e-02,5.383358481151e-02,1.225728119232e-01,1.838592178848e-01,-1.838592178848e-01,1.225728119232e-01,1.225728119232e-01,1.225728119232e-01
6.960000000000e-01,1.392342188787e-02,-1.549911193963e+00,1.549911193963e+00,-1.556872904907e+00,-1.556872904907e+00,1.392342188787e-02,5.407882138496e-02,8.111823207744e-02,-8.111823207744e-02,5.407882138496e-02,5.407882138496e-02,5.407882138496e-02,1.226635479913e-01,1.839953219869e-01,-1.839953219869e-01,1.226635479913e-01,1.226635479913e-01,1.226635479913e-01
6.980000000000e-01,1.403182491758e-02,-1.549748589419e+00,1.549748589419e+00,-1.556764501877e+00,-1.556764501877e+00,1.403182491758e-02,5.432423815001e-02,8.148635722502e-02,-8.148635722502e-02,5.432423815001e-02,5.432423815001e-02,5.432423815001e-02,1.227530038603e-01,1.841295057905e-01,-1.841295057905e-01,1.227530038603e-01,1.227530038603e-01,1.227530038603e-01
7.000000000000e-01,1.414071895889e-02,-1.549585248357e+00,1.549585248357e+00,-1.556655607836e+00,-1.556655607836e+00,1.414071895889e-02,5.456983254824e-02,8.185474882237e-02,-8.185474882237e-02,5.456983254824e-02,5.456983254824e-02,5.456983254824e-02,1.228411814939e-01,1.842617722408e-01,-1.842617722408e-01,1.228411814939e-01,1.228411814939e-01,1.228411814939e-01
7.020000000000e-01,1.425010436450e-02,-1.549421170248e+00,1.549421170248e+00,-1.556546222430e+00,-1.556546222430e+00,1.425010436450e-02,5.481560202514e-02,8.222340303771e-02,-8.222340303771e-02,5.481560202514e-02,5.481560202514e-02,5.481560202514e-02,1.229280828554e-01,1.843921242831e-01,-1.843921242831e-01,1.229280828554e-01,1.229280828554e-01,1.229280828554e-01
7.040000000000e-01,1.435998148201e-02,-1.549256354572e+00,1.549256354572e+00,-1.556436345313e+00,-1.556436345313e+00,1.435998148201e-02,5.506154403013e-02,8.259231604519e-02,-8.259231604519e-02,5.506154403013e-02,5.506154403013e-02,5.506154403013e-02,1.230137099084e-01,1.845205648627e-01,-1.845205648627e-01,1.230137099084e-01,1.230137099084e-01,1.230137099084e-01
7.060000000000e-01,1.447035065394e-02,-1.549090800814e+00,1.549090800814e+00,-1.556325976141e+00,-1.556325976141e+00,1.447035065394e-02,5.530765601655e-02,8.296148402482e-02,-8.296148402482e-02,5.530765601655e-02,5.530765601655e-02,5.530765601655e-02,1.230980646164e-01,1.846470969246e-01,-1.846470969246e-01,1.230980646164e-01,1.230980646164e-01,1.230980646164e-01
7.080000000000e-01,1.458121221770e-02,-1.548924508468e+00,1.548924508468e+00,-1.556215114577e+00,-1.556215114577e+00,1.458121221770e-02,5.555393544167e-02,8.333090316251e-02,-8.333090316251e-02,5.555393544167e-02,5.555393544167e-02,5.555393544167e-02,1.231811489429e-01,1.847717234143e-01,-1.847717234143e-01,1.231811489429e-01,1.231811489429e-01,1.231811489429e-01
7.100000000000e-01,1.469256650564e-02,-1.548757477036e+00,1.548757477036e+00,-1.556103760289e+00,-1.556103760289e+00,1.469256650564e-02,5.580037976670e-02,8.370056965006e-02,-8.370056965006e-02,5.580037976670e-02,5.580037976670e-02,5.580037976670e-02,1.232629648513e-01,1.848944472770e-01,-1.848944472770e-01,1.232629648513e-01,1.232629648513e-01,1.232629648513e-01
7.120000000000e-01,1.480441384501e-02,-1.548589706027e+00,1.548589706027e+00,-1.555991912950e+00,-1.555991912950e+00,1.480441384501e-02,5.604698645677e-02,8.407047968516e-02,-8.407047968516e-02,5.604698645677e-02,5.604698645677e-02,5.604698645677e-02,1.233435143052e-01,1.850152714578e-01,-1.850152714578e-01,1.233435143052e-01,1.233435143052e-01,1.233435143052e-01
7.140000000000e-01,1.491675455802e-02,-1.548421194958e+00,1.548421194958e+00,-1.555879572237e+00,-1.555879572237e+00,1.491675455802e-02,5.629375298093e-02,8.444062947140e-02,-8.444062947140e-02,5.629375298093e-02,5.629375298093e-02,5.629375298093e-02,1.234227992681e-01,1.851341989021e-01,-1.851341989021e-01,1.234227992681e-01,1.234227992681e-01,1.234227992681e-01
7.160000000000e-01,1.502958896181e-02,-1.548251943352e+00,1.548251943352e+00,-1.555766737833e+00,-1.555766737833e+00,1.502958896181e-02,5.654067681216e-02,8.481101521824e-02,-8.481101521824e-02,5.654067681216e-02,5.654067681216e-02,5.654067681216e-02,1.235008217034e-01,1.852512325550e-01,-1.852512325550e-01,1.235008217034e-01,1.235008217034e-01,1.235008217034e-01
7.180000000000e-01,1.514291736846e-02,-1.548081950742e+00,1.548081950742e+00,-1.555653409426e+00,-1.555653409426e+00,1.514291736846e-02,5.678775542737e-02,8.518163314105e-02,-8.518163314105e-02,5.678775542737e-02,5.678775542737e-02,5.678775542737e-02,1.235775835746e-01,1.853663753619e-01,-1.853663753619e-01,1.235775835746e-01,1.235775835746e-01,1.235775835746e-01
7.200000000000e-01,1.525674008503e-02,-1.547911216667e+00,1.547911216667e+00,-1.555539586710e+00,-1.555539586710e+00,1.525674008503e-02,5.703498630739e-02,8.555247946109e-02,-8.555247946109e-02,5.703498630739e-02,5.703498630739e-02,5.703498630739e-02,1.236530868453e-01,1.854796302679e-01,-1.854796302679e-01,1.236530868453e-01,1.236530868453e-01,1.236530868453e-01
7.220000000000e-01,1.537105741352e-02,-1.547739740675e+00,1.547739740675e+00,-1.555425269381e+00,-1.555425269381e+00,1.537105741352e-02,5.728236693699e-02,8.592355040549e-02,-8.592355040549e-02,5.728236693699e-02,5.728236693699e-02,5.728236693699e-02,1.237273334789e-01,1.855910002184e-01,-1.855910002184e-01,1.237273334789e-01,1.237273334789e-01,1.237273334789e-01
7.240000000000e-01,1.548586965093e-02,-1.547567522318e+00,1.547567522318e+00,-1.555310457144e+00,-1.555310457144e+00,1.548586965093e-02,5.752989480486e-02,8.629484220729e-02,-8.629484220729e-02,5.752989480486e-02,5.752989480486e-02,5.752989480486e-02,1.238003254390e-01,1.857004881585e-01,-1.857004881585e-01,1.238003254390e-01,1.238003254390e-01,1.238003254390e-01
7.260000000000e-01,1.560117708923e-02,-1.547394561161e+00,1.547394561161e+00,-1.555195149706e+00,-1.555195149706e+00,1.560117708923e-02,5.777756740361e-02,8.666635110541e-02,-8.666635110541e-02,5.777756740361e-02,5.777756740361e-02,5.777756740361e-02,1.238720646890e-01,1.858080970335e-01,-1.858080970335e-01,1.238720646890e-01,1.238720646890e-01,1.238720646890e-01
7.280000000000e-01,1.571698001536e-02,-1.547220856772e+00,1.547220856772e+00,-1.555079346780e+00,-1.555079346780e+00,1.571698001536e-02,5.802538222978e-02,8.703807334468e-02,-8.703807334468e-02,5.802538222978e-02,5.802538222978e-02,5.802538222978e-02,1.239425531924e-01,1.859138297886e-01,-1.859138297886e-01,1.239425531924e-01,1.239425531924e-01,1.239425531924e-01
7.300000000000e-01,1.583327871130e-02,-1.547046408728e+00,1.547046408728e+00,-1.554963048084e+00,-1.554963048084e+00,1.583327871130e-02,5.827333678386e-02,8.741000517578e-02,-8.741000517578e-02,5.827333678386e-02,5.827333678386e-02,5.827333678386e-02,1.240117929127e-01,1.860176893691e-01,-1.860176893691e-01,1.240117929127e-01,1.240117929127e-01,1.240117929127e-01
7.320000000000e-01,1.595007345399e-02,-1.546871216614e+00,1.546871216614e+00,-1.554846253341e+00,-1.554846253341e+00,1.595007345399e-02,5.852142857022e-02,8.778214285533e-02,-8.778214285533e-02,5.852142857022e-02,5.852142857022e-02,5.852142857022e-02,1.240797858135e-01,1.861196787202e-01,-1.861196787202e-01,1.240797858135e-01,1.240797858135e-01,1.240797858135e-01
7.340000000000e-01,1.606736451541e-02,-1.546695280022e+00,1.546695280022e+00,-1.554728962279e+00,-1.554728962279e+00,1.606736451541e-02,5.876965509721e-02,8.815448264581e-02,-8.815448264581e-02,5.876965509721e-02,5.876965509721e-02,5.876965509721e-02,1.241465338582e-01,1.862198007872e-01,-1.862198007872e-01,1.241465338582e-01,1.241465338582e-01,1.241465338582e-01
7.360000000000e-01,1.618515216255e-02,-1.546518598551e+00,1.546518598551e+00,-1.554611174632e+00,-1.554611174632e+00,1.618515216255e-02,5.901801387706e-02,8.852702081559e-02,-8.852702081559e-02,5.901801387706e-02,5.901801387706e-02,5.901801387706e-02,1.242120390102e-01,1.863180585153e-01,-1.863180585153e-01,1.242120390102e-01,1.242120390102e-01,1.242120390102e-01
7.380000000000e-01,1.630343665743e-02,-1.546341171809e+00,1.546341171809e+00,-1.554492890137e+00,-1.554492890137e+00,1.630343665743e-02,5.926650242596e-02,8.889975363894e-02,-8.889975363894e-02,5.926650242596e-02,5.926650242596e-02,5.926650242596e-02,1.242763032332e-01,1.864144548498e-01,-1.864144548498e-01,1.242763032332e-01,1.242763032332e-01,1.242763032332e-01
7.400000000000e-01,1.642221825711e-02,-1.546162999409e+00,1.546162999409e+00,-1.554374108538e+00,-1.554374108538e+00,1.642221825711e-02,5.951511826401e-02,8.927267739602e-02,-8.927267739602e-02,5.951511826401e-02,5.951511826401e-02,5.951511826401e-02,1.243393284906e-01,1.865089927358e-01,-1.865089927358e-01,1.243393284906e-01,1.243393284906e-01,1.243393284906e-01
7.420000000000e-01,1.654149721369e-02,-1.545984080974e+00,1.545984080974e+00,-1.554254829581e+00,-1.554254829581e+00,1.654149721369e-02,5.976385891525e-02,8.964578837288e-02,-8.964578837288e-02,5.976385891525e-02,5.976385891525e-02,5.976385891525e-02,1.244011167458e-01,1.866016751187e-01,-1.866016751187e-01,1.244011167458e-01,1.244011167458e-01,1.244011167458e-01
7.440000000000e-01,1.666127377433e-02,-1.545804416133e+00,1.545804416133e+00,-1.554135053021e+00,-1.554135053021e+00,1.666127377433e-02,6.001272190764e-02,9.001908286146e-02,-9.001908286146e-02,6.001272190764e-02,6.001272190764e-02,6.001272190764e-02,1.244616699625e-01,1.866925049437e-01,-1.866925049437e-01,1.244616699625e-01,1.244616699625e-01,1.244616699625e-01
7.460000000000e-01,1.678154818124e-02,-1.545624004523e+00,1.545624004523e+00,-1.554014778614e+00,-1.554014778614e+00,1.678154818124e-02,6.026170477305e-02,9.039255715958e-02,-9.039255715958e-02,6.026170477305e-02,6.026170477305e-02,6.026170477305e-02,1.245209901040e-01,1.867814851560e-01,-1.867814851560e-01,1.245209901040e-01,1.245209901040e-01,1.245209901040e-01
7.480000000000e-01,1.690232067169e-02,-1.545442845787e+00,1.545442845787e+00,-1.553894006123e+00,-1.553894006123e+00,1.690232067169e-02,6.051080504731e-02,9.076620757097e-02,-9.076620757097e-02,6.051080504731e-02,6.051080504731e-02,6.051080504731e-02,1.245790791339e-01,1.868686187009e-01,-1.868686187009e-01,1.245790791339e-01,1.245790791339e-01,1.245790791339e-01
7.500000000000e-01,1.702359147806e-02,-1.545260939578e+00,1.545260939578e+00,-1.553772735317e+00,-1.553772735317e+00,1.702359147806e-02,6.076002027016e-02,9.114003040524e-02,-9.114003040524e-02,6.076002027016e-02,6.076002027016e-02,6.076002027016e-02,1.246359390157e-01,1.869539085236e-01,-1.869539085236e-01,1.246359390157e-01,1.246359390157e-01,1.246359390157e-01
7.520000000000e-01,1.714536082777e-02,-1.545078285553e+00,1.545078285553e+00,-1.553650965967e+00,-1.553650965967e+00,1.714536082777e-02,6.100934798525e-02,9.151402197788e-02,-9.151402197788e-02,6.100934798525e-02,6.100934798525e-02,6.100934798525e-02,1.246915717129e-01,1.870373575693e-01,-1.870373575693e-01,1.246915717129e-01,1.246915717129e-01,1.246915717129e-01
7.540000000000e-01,1.726762894336e-02,-1.544894883380e+00,1.544894883380e+00,-1.553528697852e+00,-1.553528697852e+00,1.726762894336e-02,6.125878574020e-02,9.188817861029e-02,-9.188817861029e-02,6.125878574020e-02,6.125878574020e-02,6.125878574020e-02,1.247459791889e-01,1.871189687833e-01,-1.871189687833e-01,1.247459791889e-01,1.247459791889e-01,1.247459791889e-01
7.560000000000e-01,1.739039604246e-02,-1.544710732731e+00,1.544710732731e+00,-1.553405930752e+00,-1.553405930752e+00,1.739039604246e-02,6.150833108650e-02,9.226249662976e-02,-9.226249662976e-02,6.150833108650e-02,6.150833108650e-02,6.150833108650e-02,1.247991634073e-01,1.871987451109e-01,-1.871987451109e-01,1.247991634073e-01,1.247991634073e-01,1.247991634073e-01
7.580000000000e-01,1.751366233780e-02,-1.544525833288e+00,1.544525833288e+00,-1.553282664457e+00,-1.553282664457e+00,1.751366233780e-02,6.175798157963e-02,9.263697236944e-02,-9.263697236944e-02,6.175798157963e-02,6.175798157963e-02,6.175798157963e-02,1.248511263315e-01,1.872766894973e-01,-1.872766894973e-01,1.248511263315e-01,1.248511263315e-01,1.248511263315e-01
7.600000000000e-01,1.763742803725e-02,-1.544340184739e+00,1.544340184739e+00,-1.553158898758e+00,-1.553158898758e+00,1.763742803725e-02,6.200773477894e-02,9.301160216841e-02,-9.301160216841e-02,6.200773477894e-02,6.200773477894e-02,6.200773477894e-02,1.249018699251e-01,1.873528048876e-01,-1.873528048876e-01,1.249018699251e-01,1.249018699251e-01,1.249018699251e-01
7.620000000000e-01,1.776169334377e-02,-1.544153786779e+00,1.544153786779e+00,-1.553034633451e+00,-1.553034633451e+00,1.776169334377e-02,6.225758824775e-02,9.338638237163e-02,-9.338638237163e-02,6.225758824775e-02,6.225758824775e-02,6.225758824775e-02,1.249513961515e-01,1.874270942273e-01,-1.874270942273e-01,1.249513961515e-01,1.249513961515e-01,1.249513961515e-01
7.640000000000e-01,1.788645845546e-02,-1.543966639112e+00,1.543966639112e+00,-1.552909868339e+00,-1.552909868339e+00,1.788645845546e-02,6.250753955328e-02,9.376130932992e-02,-9.376130932992e-02,6.250753955328e-02,6.250753955328e-02,6.250753955328e-02,1.249997069743e-01,1.874995604615e-01,-1.874995604615e-01,1.249997069743e-01,1.249997069743e-01,1.249997069743e-01
7.660000000000e-01,1.801172356558e-02,-1.543778741447e+00,1.543778741447e+00,-1.552784603229e+00,-1.552784603229e+00,1.801172356558e-02,6.275758626669e-02,9.413637940003e-02,-9.413637940003e-02,6.275758626669e-02,6.275758626669e-02,6.275758626669e-02,1.250468043569e-01,1.875702065354e-01,-1.875702065354e-01,1.250468043569e-01,1.250468043569e-01,1.250468043569e-01
7.680000000000e-01,1.813748886252e-02,-1.543590093501e+00,1.543590093501e+00,-1.552658837932e+00,-1.552658837932e+00,1.813748886252e-02,6.300772596306e-02,9.451158894458e-02,-9.451158894458e-02,6.300772596306e-02,6.300772596306e-02,6.300772596306e-02,1.250926902629e-01,1.876390353943e-01,-1.876390353943e-01,1.250926902629e-01,1.250926902629e-01,1.250926902629e-01
7.700000000000e-01,1.826375452981e-02,-1.543400695000e+00,1.543400695000e+00,-1.552532572265e+00,-1.552532572265e+00,1.826375452981e-02,6.325795622140e-02,9.488693433210e-02,-9.488693433210e-02,6.325795622140e-02,6.325795622140e-02,6.325795622140e-02,1.251373666557e-01,1.877060499835e-01,-1.877060499835e-01,1.251373666557e-01,1.251373666557e-01,1.251373666557e-01
7.720000000000e-01,1.839052074617e-02,-1.543210545676e+00,1.543210545676e+00,-1.552405806049e+00,-1.552405806049e+00,1.839052074617e-02,6.350827462465e-02,9.526241193697e-02,-9.526241193697e-02,6.350827462465e-02,6.350827462465e-02,6.350827462465e-02,1.251808354988e-01,1.877712532481e-01,-1.877712532481e-01,1.251808354988e-01,1.251808354988e-01,1.251808354988e-01
7.740000000000e-01,1.851778768546e-02,-1.543019645267e+00,1.543019645267e+00,-1.552278539109e+00,-1.552278539109e+00,1.851778768546e-02,6.375867875967e-02,9.563801813950e-02,-9.563801813950e-02,6.375867875967e-02,6.375867875967e-02,6.375867875967e-02,1.252230987557e-01,1.878346481335e-01,-1.878346481335e-01,1.252230987557e-01,1.252230987557e-01,1.252230987557e-01
7.760000000000e-01,1.864555551675e-02,-1.542827993520e+00,1.542827993520e+00,-1.552150771278e+00,-1.552150771278e+00,1.864555551675e-02,6.400916621725e-02,9.601374932588e-02,-9.601374932588e-02,6.400916621725e-02,6.400916621725e-02,6.400916621725e-02,1.252641583899e-01,1.878962375849e-01,-1.878962375849e-01,1.252641583899e-01,1.252641583899e-01,1.252641583899e-01
7.780000000000e-01,1.877382440428e-02,-1.542635590188e+00,1.542635590188e+00,-1.552022502391e+00,-1.552022502391e+00,1.877382440428e-02,6.425973459212e-02,9.638960188818e-02,-9.638960188818e-02,6.425973459212e-02,6.425973459212e-02,6.425973459212e-02,1.253040163650e-01,1.879560245474e-01,-1.879560245474e-01,1.253040163650e-01,1.253040163650e-01,1.253040163650e-01
7.800000000000e-01,1.890259450747e-02,-1.542442435034e+00,1.542442435034e+00,-1.551893732287e+00,-1.551893732287e+00,1.890259450747e-02,6.451038148292e-02,9.676557222437e-02,-9.676557222437e-02,6.451038148292e-02,6.451038148292e-02,6.451038148292e-02,1.253426746443e-01,1.880140119665e-01,-1.880140119665e-01,1.253426746443e-01,1.253426746443e-01,1.253426746443e-01
7.820000000000e-01,1.903186598095e-02,-1.542248527823e+00,1.542248527823e+00,-1.551764460814e+00,-1.551764460814e+00,1.903186598095e-02,6.476110449221e-02,9.714165673832e-02,-9.714165673832e-02,6.476110449221e-02,6.476110449221e-02,6.476110449221e-02,1.253801351915e-01,1.880702027872e-01,-1.880702027872e-01,1.253801351915e-01,1.253801351915e-01,1.253801351915e-01
7.840000000000e-01,1.916163897459e-02,-1.542053868333e+00,1.542053868333e+00,-1.551634687820e+00,-1.551634687820e+00,1.916163897459e-02,6.501190122650e-02,9.751785183975e-02,-9.751785183975e-02,6.501190122650e-02,6.501190122650e-02,6.501190122650e-02,1.254163999699e-01,1.881245999549e-01,-1.881245999549e-01,1.254163999699e-01,1.254163999699e-01,1.254163999699e-01
7.860000000000e-01,1.929191363342e-02,-1.541858456345e+00,1.541858456345e+00,-1.551504413161e+00,-1.551504413161e+00,1.929191363342e-02,6.526276929622e-02,9.789415394433e-02,-9.789415394433e-02,6.526276929622e-02,6.526276929622e-02,6.526276929622e-02,1.254514709431e-01,1.881772064147e-01,-1.881772064147e-01,1.254514709431e-01,1.254514709431e-01,1.254514709431e-01
7.880000000000e-01,1.942269009774e-02,-1.541662291648e+00,1.541662291648e+00,-1.551373636697e+00,-1.551373636697e+00,1.942269009774e-02,6.551370631571e-02,9.827055947357e-02,-9.827055947357e-02,6.551370631571e-02,6.551370631571e-02,6.551370631571e-02,1.254853500747e-01,1.882280251120e-01,-1.882280251120e-01,1.254853500747e-01,1.254853500747e-01,1.254853500747e-01
7.900000000000e-01,1.955396850306e-02,-1.541465374040e+00,1.541465374040e+00,-1.551242358292e+00,-1.551242358292e+00,1.955396850306e-02,6.576470990327e-02,9.864706485490e-02,-9.864706485490e-02,6.576470990327e-02,6.576470990327e-02,6.576470990327e-02,1.255180393280e-01,1.882770589920e-01,-1.882770589920e-01,1.255180393280e-01,1.255180393280e-01,1.255180393280e-01
7.920000000000e-01,1.968574898014e-02,-1.541267703325e+00,1.541267703325e+00,-1.551110577815e+00,-1.551110577815e+00,1.968574898014e-02,6.601577768108e-02,9.902366652162e-02,-9.902366652162e-02,6.601577768108e-02,6.601577768108e-02,6.601577768108e-02,1.255495406666e-01,1.883243109998e-01,-1.883243109998e-01,1.255495406666e-01,1.255495406666e-01,1.255495406666e-01
7.940000000000e-01,1.981803165499e-02,-1.541069279312e+00,1.541069279312e+00,-1.550978295140e+00,-1.550978295140e+00,1.981803165499e-02,6.626690727530e-02,9.940036091295e-02,-9.940036091295e-02,6.626690727530e-02,6.626690727530e-02,6.626690727530e-02,1.255798560539e-01,1.883697840809e-01,-1.883697840809e-01,1.255798560539e-01,1.255798560539e-01,1.255798560539e-01
7.960000000000e-01,1.995081664888e-02,-1.540870101822e+00,1.540870101822e+00,-1.550845510146e+00,-1.550845510146e+00,1.995081664888e-02,6.651809631597e-02,9.977714447396e-02,-9.977714447396e-02,6.651809631597e-02,6.651809631597e-02,6.651809631597e-02,1.256089874535e-01,1.884134811803e-01,-1.884134811803e-01,1.256089874535e-01,1.256089874535e-01,1.256089874535e-01
7.980000000000e-01,2.008410407831e-02,-1.540670170677e+00,1.540670170677e+00,-1.550712222717e+00,-1.550712222717e+00,2.008410407831e-02,6.676934243710e-02,1.001540136556e-01,-1.001540136556e-01,6.676934243710e-02,6.676934243710e-02,6.676934243710e-02,1.256369368289e-01,1.884554052434e-01,-1.884554052434e-01,1.256369368289e-01,1.256369368289e-01,1.256369368289e-01
8.000000000000e-01,2.021789405510e-02,-1.540469485712e+00,1.540469485712e+00,-1.550578432740e+00,-1.550578432740e+00,2.021789405510e-02,6.702064327658e-02,1.005309649149e-01,-1.005309649149e-01,6.702064327658e-02,6.702064327658e-02,6.702064327658e-02,1.256637061436e-01,1.884955592154e-01,-1.884955592154e-01,1.256637061436e-01,1.256637061436e-01,1.256637061436e-01
8.020000000000e-01,2.035218668632e-02,-1.540268046765e+00,1.540268046765e+00,-1.550444140109e+00,-1.550444140109e+00,2.035218668632e-02,6.727199647627e-02,1.009079947144e-01,-1.009079947144e-01,6.727199647627e-02,6.727199647627e-02,6.727199647627e-02,1.256892973610e-01,1.885339460415e-01,-1.885339460415e-01,1.256892973610e-01,1.256892973610e-01,1.256892973610e-01
8.040000000000e-01,2.048698207434e-02,-1.540065853683e+00,1.540065853683e+00,-1.550309344721e+00,-1.550309344721e+00,2.048698207434e-02,6.752339968194e-02,1.012850995229e-01,-1.012850995229e-01,6.752339968194e-02,6.752339968194e-02,6.752339968194e-02,1.257137124447e-01,1.885705686670e-01,-1.885705686670e-01,1.257137124447e-01,1.257137124447e-01,1.257137124447e-01
8.060000000000e-01,2.062228031682e-02,-1.539862906320e+00,1.539862906320e+00,-1.550174046478e+00,-1.550174046478e+00,2.062228031682e-02,6.777485054327e-02,1.016622758149e-01,-1.016622758149e-01,6.777485054327e-02,6.777485054327e-02,6.777485054327e-02,1.257369533581e-01,1.886054300371e-01,-1.886054300371e-01,1.257369533581e-01,1.257369533581e-01,1.257369533581e-01
8.080000000000e-01,2.075808150672e-02,-1.539659204535e+00,1.539659204535e+00,-1.550038245288e+00,-1.550038245288e+00,2.075808150672e-02,6.802634671390e-02,1.020395200708e-01,-1.020395200708e-01,6.802634671390e-02,6.802634671390e-02,6.802634671390e-02,1.257590220647e-01,1.886385330971e-01,-1.886385330971e-01,1.257590220647e-01,1.257590220647e-01,1.257590220647e-01
8.100000000000e-01,2.089438573232e-02,-1.539454748196e+00,1.539454748196e+00,-1.549901941063e+00,-1.549901941063e+00,2.089438573232e-02,6.827788585137e-02,1.024168287771e-01,-1.024168287771e-01,6.827788585137e-02,6.827788585137e-02,6.827788585137e-02,1.257799205281e-01,1.886698807921e-01,-1.886698807921e-01,1.257799205281e-01,1.257799205281e-01,1.257799205281e-01
8.120000000000e-01,2.103119307721e-02,-1.539249537179e+00,1.539249537179e+00,-1.549765133718e+00,-1.549765133718e+00,2.103119307721e-02,6.852946561716e-02,1.027941984257e-01,-1.027941984257e-01,6.852946561716e-02,6.852946561716e-02,6.852946561716e-02,1.257996507117e-01,1.886994760675e-01,-1.886994760675e-01,1.257996507117e-01,1.257996507117e-01,1.257996507117e-01
8.140000000000e-01,2.116850362032e-02,-1.539043571364e+00,1.539043571364e+00,-1.549627823175e+00,-1.549627823175e+00,2.116850362032e-02,6.878108367667e-02,1.031716255150e-01,-1.031716255150e-01,6.878108367667e-02,6.878108367667e-02,6.878108367667e-02,1.258182145790e-01,1.887273218686e-01,-1.887273218686e-01,1.258182145790e-01,1.258182145790e-01,1.258182145790e-01
8.160000000000e-01,2.130631743590e-02,-1.538836850641e+00,1.538836850641e+00,-1.549490009359e+00,-1.549490009359e+00,2.130631743590e-02,6.903273769924e-02,1.035491065489e-01,-1.035491065489e-01,6.903273769924e-02,6.903273769924e-02,6.903273769924e-02,1.258356140936e-01,1.887534211404e-01,-1.887534211404e-01,1.258356140936e-01,1.258356140936e-01,1.258356140936e-01
8.180000000000e-01,2.144463459354e-02,-1.538629374905e+00,1.538629374905e+00,-1.549351692201e+00,-1.549351692201e+00,2.144463459354e-02,6.928442535812e-02,1.039266380372e-01,-1.039266380372e-01,6.928442535812e-02,6.928442535812e-02,6.928442535812e-02,1.258518512189e-01,1.887777768283e-01,-1.887777768283e-01,1.258518512189e-01,1.258518512189e-01,1.258518512189e-01
8.200000000000e-01,2.158345515820e-02,-1.538421144058e+00,1.538421144058e+00,-1.549212871637e+00,-1.549212871637e+00,2.158345515820e-02,6.953614433050e-02,1.043042164957e-01,-1.043042164957e-01,6.953614433050e-02,6.953614433050e-02,6.953614433050e-02,1.258669279184e-01,1.888003918776e-01,-1.888003918776e-01,1.258669279184e-01,1.258669279184e-01,1.258669279184e-01
8.220000000000e-01,2.172277919019e-02,-1.538212158010e+00,1.538212158010e+00,-1.549073547605e+00,-1.549073547605e+00,2.172277919019e-02,6.978789229748e-02,1.046818384462e-01,-1.046818384462e-01,6.978789229748e-02,6.978789229748e-02,6.978789229748e-02,1.258808461556e-01,1.888212692334e-01,-1.888212692334e-01,1.258808461556e-01,1.258808461556e-01,1.258808461556e-01
8.240000000000e-01,2.186260674518e-02,-1.538002416677e+00,1.538002416677e+00,-1.548933720050e+00,-1.548933720050e+00,2.186260674518e-02,7.003966694412e-02,1.050595004162e-01,-1.050595004162e-01,7.003966694412e-02,7.003966694412e-02,7.003966694412e-02,1.258936078940e-01,1.888404118410e-01,-1.888404118410e-01,1.258936078940e-01,1.258936078940e-01,1.258936078940e-01
8.260000000000e-01,2.200293787422e-02,-1.537791919984e+00,1.537791919984e+00,-1.548793388921e+00,-1.548793388921e+00,2.200293787422e-02,7.029146595937e-02,1.054371989391e-01,-1.054371989391e-01,7.029146595937e-02,7.029146595937e-02,7.029146595937e-02,1.259052150971e-01,1.888578226456e-01,-1.888578226456e-01,1.259052150971e-01,1.259052150971e-01,1.259052150971e-01
8.280000000000e-01,2.214377262373e-02,-1.537580667859e+00,1.537580667859e+00,-1.548652554171e+00,-1.548652554171e+00,2.214377262373e-02,7.054328703613e-02,1.058149305542e-01,-1.058149305542e-01,7.054328703613e-02,7.054328703613e-02,7.054328703613e-02,1.259156697284e-01,1.888735045926e-01,-1.888735045926e-01,1.259156697284e-01,1.259156697284e-01,1.259156697284e-01
8.300000000000e-01,2.228511103553e-02,-1.537368660242e+00,1.537368660242e+00,-1.548511215759e+00,-1.548511215759e+00,2.228511103553e-02,7.079512787121e-02,1.061926918068e-01,-1.061926918068e-01,7.079512787121e-02,7.079512787121e-02,7.079512787121e-02,1.259249737514e-01,1.888874606271e-01,-1.888874606271e-01,1.259249737514e-01,1.259249737514e-01,1.259249737514e-01
8.320000000000e-01,2.242695314685e-02,-1.537155897075e+00,1.537155897075e+00,-1.548369373648e+00,-1.548369373648e+00,2.242695314685e-02,7.104698616537e-02,1.065704792481e-01,-1.065704792481e-01,7.104698616537e-02,7.104698616537e-02,7.104698616537e-02,1.259331291296e-01,1.888996936943e-01,-1.888996936943e-01,1.259331291296e-01,1.259331291296e-01,1.259331291296e-01
8.340000000000e-01,2.256929899030e-02,-1.536942378309e+00,1.536942378309e+00,-1.548227027805e+00,-1.548227027805e+00,2.256929899030e-02,7.129885962328e-02,1.069482894349e-01,-1.069482894349e-01,7.129885962328e-02,7.129885962328e-02,7.129885962328e-02,1.259401378264e-01,1.889102067396e-01,-1.889102067396e-01,1.259401378264e-01,1.259401378264e-01,1.259401378264e-01
8.360000000000e-01,2.271214859392e-02,-1.536728103904e+00,1.536728103904e+00,-1.548084178201e+00,-1.548084178201e+00,2.271214859392e-02,7.155074595353e-02,1.073261189303e-01,-1.073261189303e-01,7.155074595353e-02,7.155074595353e-02,7.155074595353e-02,1.259460018055e-01,1.889190027082e-01,-1.889190027082e-01,1.259460018055e-01,1.259460018055e-01,1.259460018055e-01
8.380000000000e-01,2.285550198117e-02,-1.536513073823e+00,1.536513073823e+00,-1.547940824814e+00,-1.547940824814e+00,2.285550198117e-02,7.180264286866e-02,1.077039643030e-01,-1.077039643030e-01,7.180264286866e-02,7.180264286866e-02,7.180264286866e-02,1.259507230302e-01,1.889260845453e-01,-1.889260845453e-01,1.259507230302e-01,1.259507230302e-01,1.259507230302e-01
8.400000000000e-01,2.299935917093e-02,-1.536297288038e+00,1.536297288038e+00,-1.547796967624e+00,-1.547796967624e+00,2.299935917093e-02,7.205454808512e-02,1.080818221277e-01,-1.080818221277e-01,7.205454808512e-02,7.205454808512e-02,7.205454808512e-02,1.259543034640e-01,1.889314551961e-01,-1.889314551961e-01,1.259543034640e-01,1.259543034640e-01,1.259543034640e-01
8.420000000000e-01,2.314372017753e-02,-1.536080746529e+00,1.536080746529e+00,-1.547652606617e+00,-1.547652606617e+00,2.314372017753e-02,7.230645932330e-02,1.084596889849e-01,-1.084596889849e-01,7.230645932330e-02,7.230645932330e-02,7.230645932330e-02,1.259567450706e-01,1.889351176059e-01,-1.889351176059e-01,1.259567450706e-01,1.259567450706e-01,1.259567450706e-01
8.440000000000e-01,2.328858501072e-02,-1.535863449279e+00,1.535863449279e+00,-1.547507741784e+00,-1.547507741784e+00,2.328858501072e-02,7.255837430750e-02,1.088375614612e-01,-1.088375614612e-01,7.255837430750e-02,7.255837430750e-02,7.255837430750e-02,1.259580498133e-01,1.889370747199e-01,-1.889370747199e-01,1.259580498133e-01,1.259580498133e-01,1.259580498133e-01
8.460000000000e-01,2.343395367574e-02,-1.535645396281e+00,1.535645396281e+00,-1.547362373119e+00,-1.547362373119e+00,2.343395367574e-02,7.281029076595e-02,1.092154361489e-01,-1.092154361489e-01,7.281029076595e-02,7.281029076595e-02,7.281029076595e-02,1.259582196556e-01,1.889373294835e-01,-1.889373294835e-01,1.259582196556e-01,1.259582196556e-01,1.259582196556e-01
8.480000000000e-01,2.357982617326e-02,-1.535426587535e+00,1.535426587535e+00,-1.547216500622e+00,-1.547216500622e+00,2.357982617326e-02,7.306220643083e-02,1.095933096462e-01,-1.095933096462e-01,7.306220643083e-02,7.306220643083e-02,7.306220643083e-02,1.259572565611e-01,1.889358848417e-01,-1.889358848417e-01,1.259572565611e-01,1.259572565611e-01,1.259572565611e-01
8.500000000000e-01,2.372620249943e-02,-1.535207023046e+00,1.535207023046e+00,-1.547070124295e+00,-1.547070124295e+00,2.372620249943e-02,7.331411903821e-02,1.099711785573e-01,-1.099711785573e-01,7.331411903821e-02,7.331411903821e-02,7.331411903821e-02,1.259551624933e-01,1.889327437399e-01,-1.889327437399e-01,1.259551624933e-01,1.259551624933e-01,1.259551624933e-01
8.520000000000e-01,2.387308264587e-02,-1.534986702826e+00,1.534986702826e+00,-1.546923244149e+00,-1.546923244149e+00,2.387308264587e-02,7.356602632813e-02,1.103490394922e-01,-1.103490394922e-01,7.356602632813e-02,7.356602632813e-02,7.356602632813e-02,1.259519394156e-01,1.889279091234e-01,-1.889279091234e-01,1.259519394156e-01,1.259519394156e-01,1.259519394156e-01
8.540000000000e-01,2.402046659969e-02,-1.534765626895e+00,1.534765626895e+00,-1.546775860195e+00,-1.546775860195e+00,2.402046659969e-02,7.381792604451e-02,1.107268890668e-01,-1.107268890668e-01,7.381792604451e-02,7.381792604451e-02,7.381792604451e-02,1.259475892915e-01,1.889213839372e-01,-1.889213839372e-01,1.259475892915e-01,1.259475892915e-01,1.259475892915e-01
8.560000000000e-01,2.416835434349e-02,-1.534543795280e+00,1.534543795280e+00,-1.546627972451e+00,-1.546627972451e+00,2.416835434349e-02,7.406981593524e-02,1.111047239029e-01,-1.111047239029e-01,7.406981593524e-02,7.406981593524e-02,7.406981593524e-02,1.259421140846e-01,1.889131711268e-01,-1.889131711268e-01,1.259421140846e-01,1.259421140846e-01,1.259421140846e-01
8.580000000000e-01,2.431674585538e-02,-1.534321208012e+00,1.534321208012e+00,-1.546479580940e+00,-1.546479580940e+00,2.431674585538e-02,7.432169375210e-02,1.114825406282e-01,-1.114825406282e-01,7.432169375210e-02,7.432169375210e-02,7.432169375210e-02,1.259355157582e-01,1.889032736373e-01,-1.889032736373e-01,1.259355157582e-01,1.259355157582e-01,1.259355157582e-01
8.600000000000e-01,2.446564110896e-02,-1.534097865131e+00,1.534097865131e+00,-1.546330685686e+00,-1.546330685686e+00,2.446564110896e-02,7.457355725083e-02,1.118603358763e-01,-1.118603358763e-01,7.457355725083e-02,7.457355725083e-02,7.457355725083e-02,1.259277962760e-01,1.888916944141e-01,-1.888916944141e-01,1.259277962760e-01,1.259277962760e-01,1.259277962760e-01
8.620000000000e-01,2.461504007335e-02,-1.533873766685e+00,1.533873766685e+00,-1.546181286722e+00,-1.546181286722e+00,2.461504007335e-02,7.482540419108e-02,1.122381062866e-01,-1.122381062866e-01,7.482540419108e-02,7.482540419108e-02,7.482540419108e-02,1.259189576015e-01,1.888784364022e-01,-1.888784364022e-01,1.259189576015e-01,1.259189576015e-01,1.259189576015e-01
8.640000000000e-01,2.476494271319e-02,-1.533648912725e+00,1.533648912725e+00,-1.546031384082e+00,-1.546031384082e+00,2.476494271319e-02,7.507723233642e-02,1.126158485046e-01,-1.126158485046e-01,7.507723233642e-02,7.507723233642e-02,7.507723233642e-02,1.259090016980e-01,1.888635025470e-01,-1.888635025470e-01,1.259090016980e-01,1.259090016980e-01,1.259090016980e-01
8.660000000000e-01,2.491534898867e-02,-1.533423303312e+00,1.533423303312e+00,-1.545880977806e+00,-1.545880977806e+00,2.491534898867e-02,7.532903945436e-02,1.129935591815e-01,-1.129935591815e-01,7.532903945436e-02,7.532903945436e-02,7.532903945436e-02,1.258979305291e-01,1.888468957937e-01,-1.888468957937e-01,1.258979305291e-01,1.258979305291e-01,1.258979305291e-01
8.680000000000e-01,2.506625885550e-02,-1.533196938512e+00,1.533196938512e+00,-1.545730067939e+00,-1.545730067939e+00,2.506625885550e-02,7.558082331634e-02,1.133712349745e-01,-1.133712349745e-01,7.558082331634e-02,7.558082331634e-02,7.558082331634e-02,1.258857460584e-01,1.888286190875e-01,-1.888286190875e-01,1.258857460584e-01,1.258857460584e-01,1.258857460584e-01
8.700000000000e-01,2.521767226495e-02,-1.532969818397e+00,1.532969818397e+00,-1.545578654530e+00,-1.545578654530e+00,2.521767226495e-02,7.583258169770e-02,1.137488725466e-01,-1.137488725466e-01,7.583258169770e-02,7.583258169770e-02,7.583258169770e-02,1.258724502492e-01,1.888086753738e-01,-1.888086753738e-01,1.258724502492e-01,1.258724502492e-01,1.258724502492e-01
8.720000000000e-01,2.536958916383e-02,-1.532741943049e+00,1.532741943049e+00,-1.545426737631e+00,-1.545426737631e+00,2.536958916383e-02,7.608431237775e-02,1.141264685666e-01,-1.141264685666e-01,7.608431237775e-02,7.608431237775e-02,7.608431237775e-02,1.258580450651e-01,1.887870675977e-01,-1.887870675977e-01,1.258580450651e-01,1.258580450651e-01,1.258580450651e-01
8.740000000000e-01,2.552200949452e-02,-1.532513312553e+00,1.532513312553e+00,-1.545274317300e+00,-1.545274317300e+00,2.552200949452e-02,7.633601313969e-02,1.145040197095e-01,-1.145040197095e-01,7.633601313969e-02,7.633601313969e-02,7.633601313969e-02,1.258425324697e-01,1.887637987045e-01,-1.887637987045e-01,1.258425324697e-01,1.258425324697e-01,1.258425324697e-01
8.760000000000e-01,2.567493319497e-02,-1.532283927002e+00,1.532283927002e+00,-1.545121393600e+00,-1.545121393600e+00,2.567493319497e-02,7.658768177066e-02,1.148815226560e-01,-1.148815226560e-01,7.658768177066e-02,7.658768177066e-02,7.658768177066e-02,1.258259144263e-01,1.887388716394e-01,-1.887388716394e-01,1.258259144263e-01,1.258259144263e-01,1.258259144263e-01
8.780000000000e-01,2.582836019871e-02,-1.532053786497e+00,1.532053786497e+00,-1.544967966596e+00,-1.544967966596e+00,2.582836019871e-02,7.683931606174e-02,1.152589740926e-01,-1.152589740926e-01,7.683931606174e-02,7.683931606174e-02,7.683931606174e-02,1.258081928985e-01,1.887122893477e-01,-1.887122893477e-01,1.258081928985e-01,1.258081928985e-01,1.258081928985e-01
8.800000000000e-01,2.598229043485e-02,-1.531822891143e+00,1.531822891143e+00,-1.544814036360e+00,-1.544814036360e+00,2.598229043485e-02,7.709091380791e-02,1.156363707119e-01,-1.156363707119e-01,7.709091380791e-02,7.709091380791e-02,7.709091380791e-02,1.257893698497e-01,1.886840547746e-01,-1.886840547746e-01,1.257893698497e-01,1.257893698497e-01,1.257893698497e-01
8.820000000000e-01,2.613672382811e-02,-1.531591241053e+00,1.531591241053e+00,-1.544659602967e+00,-1.544659602967e+00,2.613672382811e-02,7.734247280810e-02,1.160137092121e-01,-1.160137092121e-01,7.734247280810e-02,7.734247280810e-02,7.734247280810e-02,1.257694472436e-01,1.886541708654e-01,-1.886541708654e-01,1.257694472436e-01,1.257694472436e-01,1.257694472436e-01
8.840000000000e-01,2.629166029879e-02,-1.531358836347e+00,1.531358836347e+00,-1.544504666496e+00,-1.544504666496e+00,2.629166029879e-02,7.759399086515e-02,1.163909862977e-01,-1.163909862977e-01,7.759399086515e-02,7.759399086515e-02,7.759399086515e-02,1.257484270435e-01,1.886226405652e-01,-1.886226405652e-01,1.257484270435e-01,1.257484270435e-01,1.257484270435e-01
8.860000000000e-01,2.644709976281e-02,-1.531125677151e+00,1.531125677151e+00,-1.544349227032e+00,-1.544349227032e+00,2.644709976281e-02,7.784546578585e-02,1.167681986788e-01,-1.167681986788e-01,7.784546578585e-02,7.784546578585e-02,7.784546578585e-02,1.257263112129e-01,1.885894668194e-01,-1.885894668194e-01,1.257263112129e-01,1.257263112129e-01,1.257263112129e-01
8.880000000000e-01,2.660304213171e-02,-1.530891763597e+00,1.530891763597e+00,-1.544193284663e+00,-1.544193284663e+00,2.660304213171e-02,7.809689538089e-02,1.171453430713e-01,-1.171453430713e-01,7.809689538089e-02,7.809689538089e-02,7.809689538089e-02,1.257031017155e-01,1.885546525732e-01,-1.885546525732e-01,1.257031017155e-01,1.257031017155e-01,1.257031017155e-01
8.900000000000e-01,2.675948731266e-02,-1.530657095826e+00,1.530657095826e+00,-1.544036839482e+00,-1.544036839482e+00,2.675948731266e-02,7.834827746491e-02,1.175224161974e-01,-1.175224161974e-01,7.834827746491e-02,7.834827746491e-02,7.834827746491e-02,1.256788005145e-01,1.885182007718e-01,-1.885182007718e-01,1.256788005145e-01,1.256788005145e-01,1.256788005145e-01
8.920000000000e-01,2.691643520844e-02,-1.530421673982e+00,1.530421673982e+00,-1.543879891586e+00,-1.543879891586e+00,2.691643520844e-02,7.859960985646e-02,1.178994147847e-01,-1.178994147847e-01,7.859960985646e-02,7.859960985646e-02,7.859960985646e-02,1.256534095737e-01,1.884801143605e-01,-1.884801143605e-01,1.256534095737e-01,1.256534095737e-01,1.256534095737e-01
8.940000000000e-01,2.707388571750e-02,-1.530185498219e+00,1.530185498219e+00,-1.543722441077e+00,-1.543722441077e+00,2.707388571750e-02,7.885089037802e-02,1.182763355670e-01,-1.182763355670e-01,7.885089037802e-02,7.885089037802e-02,7.885089037802e-02,1.256269308563e-01,1.884403962845e-01,-1.884403962845e-01,1.256269308563e-01,1.256269308563e-01,1.256269308563e-01
8.960000000000e-01,2.723183873393e-02,-1.529948568694e+00,1.529948568694e+00,-1.543564488061e+00,-1.543564488061e+00,2.723183873393e-02,7.910211685601e-02,1.186531752840e-01,-1.186531752840e-01,7.910211685601e-02,7.910211685601e-02,7.910211685601e-02,1.255993663260e-01,1.883990494891e-01,-1.883990494891e-01,1.255993663260e-01,1.255993663260e-01,1.255993663260e-01
8.980000000000e-01,2.739029414745e-02,-1.529710885574e+00,1.529710885574e+00,-1.543406032647e+00,-1.543406032647e+00,2.739029414745e-02,7.935328712076e-02,1.190299306811e-01,-1.190299306811e-01,7.935328712076e-02,7.935328712076e-02,7.935328712076e-02,1.255707179463e-01,1.883560769194e-01,-1.883560769194e-01,1.255707179463e-01,1.255707179463e-01,1.255707179463e-01
9.000000000000e-01,2.754925184349e-02,-1.529472449030e+00,1.529472449030e+00,-1.543247074951e+00,-1.543247074951e+00,2.754925184349e-02,7.960439900654e-02,1.194065985098e-01,-1.194065985098e-01,7.960439900654e-02,7.960439900654e-02,7.960439900654e-02,1.255409876806e-01,1.883114815208e-01,-1.883114815208e-01,1.255409876806e-01,1.255409876806e-01,1.255409876806e-01
9.020000000000e-01,2.770871170312e-02,-1.529233259240e+00,1.529233259240e+00,-1.543087615092e+00,-1.543087615092e+00,2.770871170312e-02,7.985545035153e-02,1.197831755273e-01,-1.197831755273e-01,7.985545035153e-02,7.985545035153e-02,7.985545035153e-02,1.255101774924e-01,1.882652662385e-01,-1.882652662385e-01,1.255101774924e-01,1.255101774924e-01,1.255101774924e-01
9.040000000000e-01,2.786867360310e-02,-1.528993316390e+00,1.528993316390e+00,-1.542927653192e+00,-1.542927653192e+00,2.786867360310e-02,8.010643899787e-02,1.201596584968e-01,-1.201596584968e-01,8.010643899787e-02,8.010643899787e-02,8.010643899787e-02,1.254782893452e-01,1.882174340178e-01,-1.882174340178e-01,1.254782893452e-01,1.254782893452e-01,1.254782893452e-01
9.060000000000e-01,2.802913741587e-02,-1.528752620671e+00,1.528752620671e+00,-1.542767189379e+00,-1.542767189379e+00,2.802913741587e-02,8.035736279158e-02,1.205360441874e-01,-1.205360441874e-01,8.035736279158e-02,8.035736279158e-02,8.035736279158e-02,1.254453252025e-01,1.881679878038e-01,-1.881679878038e-01,1.254453252025e-01,1.254453252025e-01,1.254453252025e-01
9.080000000000e-01,2.819010300960e-02,-1.528511172281e+00,1.528511172281e+00,-1.542606223785e+00,-1.542606223785e+00,2.819010300960e-02,8.060821958266e-02,1.209123293740e-01,-1.209123293740e-01,8.060821958266e-02,8.060821958266e-02,8.060821958266e-02,1.254112870279e-01,1.881169305418e-01,-1.881169305418e-01,1.254112870279e-01,1.254112870279e-01,1.254112870279e-01
9.100000000000e-01,2.835157024811e-02,-1.528268971423e+00,1.528268971423e+00,-1.542444756547e+00,-1.542444756547e+00,2.835157024811e-02,8.085900722498e-02,1.212885108375e-01,-1.212885108375e-01,8.085900722498e-02,8.085900722498e-02,8.085900722498e-02,1.253761767847e-01,1.880642651771e-01,-1.880642651771e-01,1.253761767847e-01,1.253761767847e-01,1.253761767847e-01
9.120000000000e-01,2.851353899097e-02,-1.528026018308e+00,1.528026018308e+00,-1.542282787804e+00,-1.542282787804e+00,2.851353899097e-02,8.110972357639e-02,1.216645853646e-01,-1.216645853646e-01,8.110972357639e-02,8.110972357639e-02,8.110972357639e-02,1.253399964366e-01,1.880099946548e-01,-1.880099946548e-01,1.253399964366e-01,1.253399964366e-01,1.253399964366e-01
9.140000000000e-01,2.867600909346e-02,-1.527782313155e+00,1.527782313155e+00,-1.542120317701e+00,-1.542120317701e+00,2.867600909346e-02,8.136036649864e-02,1.220405497480e-01,-1.220405497480e-01,8.136036649864e-02,8.136036649864e-02,8.136036649864e-02,1.253027479469e-01,1.879541219204e-01,-1.879541219204e-01,1.253027479469e-01,1.253027479469e-01,1.253027479469e-01
9.160000000000e-01,2.883898040659e-02,-1.527537856185e+00,1.527537856185e+00,-1.541957346388e+00,-1.541957346388e+00,2.883898040659e-02,8.161093385739e-02,1.224164007861e-01,-1.224164007861e-01,8.161093385739e-02,8.161093385739e-02,8.161093385739e-02,1.252644332793e-01,1.878966499189e-01,-1.878966499189e-01,1.252644332793e-01,1.252644332793e-01,1.252644332793e-01
9.180000000000e-01,2.900245277709e-02,-1.527292647629e+00,1.527292647629e+00,-1.541793874018e+00,-1.541793874018e+00,2.900245277709e-02,8.186142352228e-02,1.227921352834e-01,-1.227921352834e-01,8.186142352228e-02,8.186142352228e-02,8.186142352228e-02,1.252250543971e-01,1.878375815957e-01,-1.878375815957e-01,1.252250543971e-01,1.252250543971e-01,1.252250543971e-01
9.200000000000e-01,2.916642604746e-02,-1.527046687724e+00,1.527046687724e+00,-1.541629900747e+00,-1.541629900747e+00,2.916642604746e-02,8.211183336682e-02,1.231677500502e-01,-1.231677500502e-01,8.211183336682e-02,8.211183336682e-02,8.211183336682e-02,1.251846132639e-01,1.877769198959e-01,-1.877769198959e-01,1.251846132639e-01,1.251846132639e-01,1.251846132639e-01
9.220000000000e-01,2.933090005593e-02,-1.526799976711e+00,1.526799976711e+00,-1.541465426739e+00,-1.541465426739e+00,2.933090005593e-02,8.236216126847e-02,1.235432419027e-01,-1.235432419027e-01,8.236216126847e-02,8.236216126847e-02,8.236216126847e-02,1.251431118432e-01,1.877146677648e-01,-1.877146677648e-01,1.251431118432e-01,1.251431118432e-01,1.251431118432e-01
9.240000000000e-01,2.949587463649e-02,-1.526552514840e+00,1.526552514840e+00,-1.541300452158e+00,-1.541300452158e+00,2.949587463649e-02,8.261240510864e-02,1.239186076630e-01,-1.239186076630e-01,8.261240510864e-02,8.261240510864e-02,8.261240510864e-02,1.251005520985e-01,1.876508281477e-01,-1.876508281477e-01,1.251005520985e-01,1.251005520985e-01,1.251005520985e-01
9.260000000000e-01,2.966134961891e-02,-1.526304302367e+00,1.526304302367e+00,-1.541134977176e+00,-1.541134977176e+00,2.966134961891e-02,8.286256277263e-02,1.242938441589e-01,-1.242938441589e-01,8.286256277263e-02,8.286256277263e-02,8.286256277263e-02,1.250569359932e-01,1.875854039899e-01,-1.875854039899e-01,1.250569359932e-01,1.250569359932e-01,1.250569359932e-01
9.280000000000e-01,2.982732482873e-02,-1.526055339552e+00,1.526055339552e+00,-1.540969001966e+00,-1.540969001966e+00,2.982732482873e-02,8.311263214968e-02,1.246689482245e-01,-1.246689482245e-01,8.311263214968e-02,8.311263214968e-02,8.311263214968e-02,1.250122654909e-01,1.875183982364e-01,-1.875183982364e-01,1.250122654909e-01,1.250122654909e-01,1.250122654909e-01
9.300000000000e-01,2.999380008725e-02,-1.525805626664e+00,1.525805626664e+00,-1.540802526708e+00,-1.540802526708e+00,2.999380008725e-02,8.336261113297e-02,1.250439166995e-01,-1.250439166995e-01,8.336261113297e-02,8.336261113297e-02,8.336261113297e-02,1.249665425551e-01,1.874498138327e-01,-1.874498138327e-01,1.249665425551e-01,1.249665425551e-01,1.249665425551e-01
9.320000000000e-01,3.016077521159e-02,-1.525555163978e+00,1.525555163978e+00,-1.540635551583e+00,-1.540635551583e+00,3.016077521159e-02,8.361249761959e-02,1.254187464294e-01,-1.254187464294e-01,8.361249761959e-02,8.361249761959e-02,8.361249761959e-02,1.249197691492e-01,1.873796537239e-01,-1.873796537239e-01,1.249197691492e-01,1.249197691492e-01,1.249197691492e-01
9.340000000000e-01,3.032825001467e-02,-1.525303951773e+00,1.525303951773e+00,-1.540468076780e+00,-1.540468076780e+00,3.032825001467e-02,8.386228951056e-02,1.257934342658e-01,-1.257934342658e-01,8.386228951056e-02,8.386228951056e-02,8.386228951056e-02,1.248719472368e-01,1.873079208552e-01,-1.873079208552e-01,1.248719472368e-01,1.248719472368e-01,1.248719472368e-01
9.360000000000e-01,3.049622430518e-02,-1.525051990337e+00,1.525051990337e+00,-1.540300102490e+00,-1.540300102490e+00,3.049622430518e-02,8.411198471084e-02,1.261679770663e-01,-1.261679770663e-01,8.411198471084e-02,8.411198471084e-02,8.411198471084e-02,1.248230787813e-01,1.872346181720e-01,-1.872346181720e-01,1.248230787813e-01,1.248230787813e-01,1.248230787813e-01
9.380000000000e-01,3.066469788765e-02,-1.524799279963e+00,1.524799279963e+00,-1.540131628907e+00,-1.540131628907e+00,3.066469788765e-02,8.436158112930e-02,1.265423716939e-01,-1.265423716939e-01,8.436158112930e-02,8.436158112930e-02,8.436158112930e-02,1.247731657463e-01,1.871597486195e-01,-1.871597486195e-01,1.247731657463e-01,1.247731657463e-01,1.247731657463e-01
9.400000000000e-01,3.083367056245e-02,-1.524545820951e+00,1.524545820951e+00,-1.539962656232e+00,-1.539962656232e+00,3.083367056245e-02,8.461107667875e-02,1.269166150181e-01,-1.269166150181e-01,8.461107667875e-02,8.461107667875e-02,8.461107667875e-02,1.247222100952e-01,1.870833151428e-01,-1.870833151428e-01,1.247222100952e-01,1.247222100952e-01,1.247222100952e-01
9.420000000000e-01,3.100314212573e-02,-1.524291613606e+00,1.524291613606e+00,-1.539793184669e+00,-1.539793184669e+00,3.100314212573e-02,8.486046927591e-02,1.272907039139e-01,-1.272907039139e-01,8.486046927591e-02,8.486046927591e-02,8.486046927591e-02,1.246702137916e-01,1.870053206873e-01,-1.870053206873e-01,1.246702137916e-01,1.246702137916e-01,1.246702137916e-01
9.440000000000e-01,3.117311236953e-02,-1.524036658241e+00,1.524036658241e+00,-1.539623214425e+00,-1.539623214425e+00,3.117311236953e-02,8.510975684145e-02,1.276646352622e-01,-1.276646352622e-01,8.510975684145e-02,8.510975684145e-02,8.510975684145e-02,1.246171787988e-01,1.869257681982e-01,-1.869257681982e-01,1.246171787988e-01,1.246171787988e-01,1.246171787988e-01
9.460000000000e-01,3.134358108170e-02,-1.523780955172e+00,1.523780955172e+00,-1.539452745713e+00,-1.539452745713e+00,3.134358108170e-02,8.535893729996e-02,1.280384059499e-01,-1.280384059499e-01,8.535893729996e-02,8.535893729996e-02,8.535893729996e-02,1.245631070805e-01,1.868446606208e-01,-1.868446606208e-01,1.245631070805e-01,1.245631070805e-01,1.245631070805e-01
9.480000000000e-01,3.151454804594e-02,-1.523524504726e+00,1.523524504726e+00,-1.539281778749e+00,-1.539281778749e+00,3.151454804594e-02,8.560800857993e-02,1.284120128699e-01,-1.284120128699e-01,8.560800857993e-02,8.560800857993e-02,8.560800857993e-02,1.245080006001e-01,1.867620009002e-01,-1.867620009002e-01,1.245080006001e-01,1.245080006001e-01,1.245080006001e-01
9.500000000000e-01,3.168601304185e-02,-1.523267307232e+00,1.523267307232e+00,-1.539110313753e+00,-1.539110313753e+00,3.168601304185e-02,8.585696861383e-02,1.287854529207e-01,-1.287854529207e-01,8.585696861383e-02,8.585696861383e-02,8.585696861383e-02,1.244518613212e-01,1.866777919817e-01,-1.866777919817e-01,1.244518613212e-01,1.244518613212e-01,1.244518613212e-01
9.520000000000e-01,3.185797584486e-02,-1.523009363028e+00,1.523009363028e+00,-1.538938350950e+00,-1.538938350950e+00,3.185797584486e-02,8.610581533800e-02,1.291587230070e-01,-1.291587230070e-01,8.610581533800e-02,8.610581533800e-02,8.610581533800e-02,1.243946912071e-01,1.865920368107e-01,-1.865920368107e-01,1.243946912071e-01,1.243946912071e-01,1.243946912071e-01
9.540000000000e-01,3.203043622629e-02,-1.522750672455e+00,1.522750672455e+00,-1.538765890569e+00,-1.538765890569e+00,3.203043622629e-02,8.635454669274e-02,1.295318200391e-01,-1.295318200391e-01,8.635454669274e-02,8.635454669274e-02,8.635454669274e-02,1.243364922214e-01,1.865047383322e-01,-1.865047383322e-01,1.243364922214e-01,1.243364922214e-01,1.243364922214e-01
9.560000000000e-01,3.220339395335e-02,-1.522491235865e+00,1.522491235865e+00,-1.538592932842e+00,-1.538592932842e+00,3.220339395335e-02,8.660316062228e-02,1.299047409334e-01,-1.299047409334e-01,8.660316062228e-02,8.660316062228e-02,8.660316062228e-02,1.242772663277e-01,1.864158994915e-01,-1.864158994915e-01,1.242772663277e-01,1.242772663277e-01,1.242772663277e-01
9.580000000000e-01,3.237684878913e-02,-1.522231053611e+00,1.522231053611e+00,-1.538419478006e+00,-1.538419478006e+00,3.237684878913e-02,8.685165507475e-02,1.302774826121e-01,-1.302774826121e-01,8.685165507475e-02,8.685165507475e-02,8.685165507475e-02,1.242170154893e-01,1.863255232340e-01,-1.863255232340e-01,1.242170154893e-01,1.242170154893e-01,1.242170154893e-01
9.600000000000e-01,3.255080049263e-02,-1.521970126056e+00,1.521970126056e+00,-1.538245526302e+00,-1.538245526302e+00,3.255080049263e-02,8.710002800225e-02,1.306500420034e-01,-1.306500420034e-01,8.710002800225e-02,8.710002800225e-02,8.710002800225e-02,1.241557416699e-01,1.862336125048e-01,-1.862336125048e-01,1.241557416699e-01,1.241557416699e-01,1.241557416699e-01
9.620000000000e-01,3.272524881876e-02,-1.521708453567e+00,1.521708453567e+00,-1.538071077976e+00,-1.538071077976e+00,3.272524881876e-02,8.734827736075e-02,1.310224160411e-01,-1.310224160411e-01,8.734827736075e-02,8.734827736075e-02,8.734827736075e-02,1.240934468328e-01,1.861401702492e-01,-1.861401702492e-01,1.240934468328e-01,1.240934468328e-01,1.240934468328e-01
9.640000000000e-01,3.290019351833e-02,-1.521446036517e+00,1.521446036517e+00,-1.537896133277e+00,-1.537896133277e+00,3.290019351833e-02,8.759640111021e-02,1.313946016653e-01,-1.313946016653e-01,8.759640111021e-02,8.759640111021e-02,8.759640111021e-02,1.240301329416e-01,1.860451994124e-01,-1.860451994124e-01,1.240301329416e-01,1.240301329416e-01,1.240301329416e-01
9.660000000000e-01,3.307563433810e-02,-1.521182875288e+00,1.521182875288e+00,-1.537720692457e+00,-1.537720692457e+00,3.307563433810e-02,8.784439721446e-02,1.317665958217e-01,-1.317665958217e-01,8.784439721446e-02,8.784439721446e-02,8.784439721446e-02,1.239658019598e-01,1.859487029397e-01,-1.859487029397e-01,1.239658019598e-01,1.239658019598e-01,1.239658019598e-01
9.680000000000e-01,3.325157102074e-02,-1.520918970264e+00,1.520918970264e+00,-1.537544755774e+00,-1.537544755774e+00,3.325157102074e-02,8.809226364130e-02,1.321383954619e-01,-1.321383954619e-01,8.809226364130e-02,8.809226364130e-02,8.809226364130e-02,1.239004558508e-01,1.858506837763e-01,-1.858506837763e-01,1.239004558508e-01,1.239004558508e-01,1.239004558508e-01
9.700000000000e-01,3.342800330486e-02,-1.520654321838e+00,1.520654321838e+00,-1.537368323490e+00,-1.537368323490e+00,3.342800330486e-02,8.833999836242e-02,1.325099975436e-01,-1.325099975436e-01,8.833999836242e-02,8.833999836242e-02,8.833999836242e-02,1.238340965783e-01,1.857511448674e-01,-1.857511448674e-01,1.238340965783e-01,1.238340965783e-01,1.238340965783e-01
9.720000000000e-01,3.360493092503e-02,-1.520388930407e+00,1.520388930407e+00,-1.537191395870e+00,-1.537191395870e+00,3.360493092503e-02,8.858759935348e-02,1.328813990302e-01,-1.328813990302e-01,8.858759935348e-02,8.858759935348e-02,8.858759935348e-02,1.237667261056e-01,1.856500891583e-01,-1.856500891583e-01,1.237667261056e-01,1.237667261056e-01,1.237667261056e-01
9.740000000000e-01,3.378235361178e-02,-1.520122796377e+00,1.520122796377e+00,-1.537013973183e+00,-1.537013973183e+00,3.378235361178e-02,8.883506459402e-02,1.332525968910e-01,-1.332525968910e-01,8.883506459402e-02,8.883506459402e-02,8.883506459402e-02,1.236983463962e-01,1.855475195943e-01,-1.855475195943e-01,1.236983463962e-01,1.236983463962e-01,1.236983463962e-01
9.760000000000e-01,3.396027109157e-02,-1.519855920158e+00,1.519855920158e+00,-1.536836055703e+00,-1.536836055703e+00,3.396027109157e-02,8.908239206754e-02,1.336235881013e-01,-1.336235881013e-01,8.908239206754e-02,8.908239206754e-02,8.908239206754e-02,1.236289594137e-01,1.854434391206e-01,-1.854434391206e-01,1.236289594137e-01,1.236289594137e-01,1.236289594137e-01
9.780000000000e-01,3.413868308686e-02,-1.519588302165e+00,1.519588302165e+00,-1.536657643708e+00,-1.536657643708e+00,3.413868308686e-02,8.932957976147e-02,1.339943696422e-01,-1.339943696422e-01,8.932957976147e-02,8.932957976147e-02,8.932957976147e-02,1.235585671216e-01,1.853378506824e-01,-1.853378506824e-01,1.235585671216e-01,1.235585671216e-01,1.235585671216e-01
9.800000000000e-01,3.431758931609e-02,-1.519319942821e+00,1.519319942821e+00,-1.536478737479e+00,-1.536478737479e+00,3.431758931609e-02,8.957662566713e-02,1.343649385007e-01,-1.343649385007e-01,8.957662566713e-02,8.957662566713e-02,8.957662566713e-02,1.234871714833e-01,1.852307572249e-01,-1.852307572249e-01,1.234871714833e-01,1.234871714833e-01,1.234871714833e-01
9.820000000000e-01,3.449698949367e-02,-1.519050842554e+00,1.519050842554e+00,-1.536299337301e+00,-1.536299337301e+00,3.449698949367e-02,8.982352777981e-02,1.347352916697e-01,-1.347352916697e-01,8.982352777981e-02,8.982352777981e-02,8.982352777981e-02,1.234147744623e-01,1.851221616935e-01,-1.851221616935e-01,1.234147744623e-01,1.234147744623e-01,1.234147744623e-01
9.840000000000e-01,3.467688333001e-02,-1.518781001800e+00,1.518781001800e+00,-1.536119443465e+00,-1.536119443465e+00,3.467688333001e-02,9.007028409870e-02,1.351054261481e-01,-1.351054261481e-01,9.007028409870e-02,9.007028409870e-02,9.007028409870e-02,1.233413780222e-01,1.850120670333e-01,-1.850120670333e-01,1.233413780222e-01,1.233413780222e-01,1.233413780222e-01
9.860000000000e-01,3.485727053153e-02,-1.518510420998e+00,1.518510420998e+00,-1.535939056263e+00,-1.535939056263e+00,3.485727053153e-02,9.031689262693e-02,1.354753389404e-01,-1.354753389404e-01,9.031689262693e-02,9.031689262693e-02,9.031689262693e-02,1.232669841264e-01,1.849004761896e-01,-1.849004761896e-01,1.232669841264e-01,1.232669841264e-01,1.232669841264e-01
9.880000000000e-01,3.503815080066e-02,-1.518239100594e+00,1.518239100594e+00,-1.535758175994e+00,-1.535758175994e+00,3.503815080066e-02,9.056335137155e-02,1.358450270573e-01,-1.358450270573e-01,9.056335137155e-02,9.056335137155e-02,9.056335137155e-02,1.231915947385e-01,1.847873921077e-01,-1.847873921077e-01,1.231915947385e-01,1.231915947385e-01,1.231915947385e-01
9.900000000000e-01,3.521952383584e-02,-1.517967041041e+00,1.517967041041e+00,-1.535576802959e+00,-1.535576802959e+00,3.521952383584e-02,9.080965834353e-02,1.362144875153e-01,-1.362144875153e-01,9.080965834353e-02,9.080965834353e-02,9.080965834353e-02,1.231152118218e-01,1.846728177327e-01,-1.846728177327e-01,1.231152118218e-01,1.231152118218e-01,1.231152118218e-01
9.920000000000e-01,3.540138933153e-02,-1.517694242798e+00,1.517694242798e+00,-1.535394937463e+00,-1.535394937463e+00,3.540138933153e-02,9.105581155779e-02,1.365837173367e-01,-1.365837173367e-01,9.105581155779e-02,9.105581155779e-02,9.105581155779e-02,1.230378373400e-01,1.845567560100e-01,-1.845567560100e-01,1.230378373400e-01,1.230378373400e-01,1.230378373400e-01
9.940000000000e-01,3.558374697824e-02,-1.517420706328e+00,1.517420706328e+00,-1.535212579817e+00,-1.535212579817e+00,3.558374697824e-02,9.130180903316e-02,1.369527135497e-01,-1.369527135497e-01,9.130180903316e-02,9.130180903316e-02,9.130180903316e-02,1.229594732565e-01,1.844392098848e-01,-1.844392098848e-01,1.229594732565e-01,1.229594732565e-01,1.229594732565e-01
9.960000000000e-01,3.576659646252e-02,-1.517146432101e+00,1.517146432101e+00,-1.535029730332e+00,-1.535029730332e+00,3.576659646252e-02,9.154764879239e-02,1.373214731886e-01,-1.373214731886e-01,9.154764879239e-02,9.154764879239e-02,9.154764879239e-02,1.228801215348e-01,1.843201823022e-01,-1.843201823022e-01,1.228801215348e-01,1.228801215348e-01,1.228801215348e-01
9.980000000000e-01,3.594993746695e-02,-1.516871420594e+00,1.516871420594e+00,-1.534846389328e+00,-1.534846389328e+00,3.594993746695e-02,9.179332886218e-02,1.376899932933e-01,-1.376899932933e-01,9.179332886218e-02,9.179332886218e-02,9.179332886218e-02,1.227997841384e-01,1.841996762077e-01,-1.841996762077e-01,1.227997841384e-01,1.227997841384e-01,1.227997841384e-01
1.000000000000e+00,3.613376967020e-02,-1.516595672290e+00,1.516595672290e+00,-1.534662557125e+00,-1.534662557125e+00,3.613376967020e-02,9.203884727314e-02,1.380582709097e-01,-1.380582709097e-01,9.203884727314e-02,9.203884727314e-02,9.203884727314e-02,1.227184630309e-01,1.840776945463e-01,-1.840776945463e-01,1.227184630309e-01,1.227184630309e-01,1.227184630309e-01
1.002000000000e+00,3.631809274696e-02,-1.516319187674e+00,1.516319187674e+00,-1.534478234048e+00,-1.534478234048e+00,3.631809274696e-02,9.228420205981e-02,1.384263030897e-01,-1.384263030897e-01,9.228420205981e-02,9.228420205981e-02,9.228420205981e-02,1.226361601756e-01,1.839542402633e-01,-1.839542402633e-01,1.226361601756e-01,1.226361601756e-01,1.226361601756e-01
1.004000000000e+00,3.650290636804e-02,-1.516041967243e+00,1.516041967243e+00,-1.534293420427e+00,-1.534293420427e+00,3.650290636804e-02,9.252939126065e-02,1.387940868910e-01,-1.387940868910e-01,9.252939126065e-02,9.252939126065e-02,9.252939126065e-02,1.225528775361e-01,1.838293163041e-01,-1.838293163041e-01,1.225528775361e-01,1.225528775361e-01,1.225528775361e-01
1.006000000000e+00,3.668821020031e-02,-1.515764011494e+00,1.515764011494e+00,-1.534108116595e+00,-1.534108116595e+00,3.668821020031e-02,9.277441291807e-02,1.391616193771e-01,-1.391616193771e-01,9.277441291807e-02,9.277441291807e-02,9.277441291807e-02,1.224686170758e-01,1.837029256138e-01,-1.837029256138e-01,1.224686170758e-01,1.224686170758e-01,1.224686170758e-01
1.008000000000e+00,3.687400390672e-02,-1.515485320935e+00,1.515485320935e+00,-1.533922322888e+00,-1.533922322888e+00,3.687400390672e-02,9.301926507838e-02,1.395288976176e-01,-1.395288976176e-01,9.301926507838e-02,9.301926507838e-02,9.301926507838e-02,1.223833807584e-01,1.835750711376e-01,-1.835750711376e-01,1.223833807584e-01,1.223833807584e-01,1.223833807584e-01
1.010000000000e+00,3.706028714632e-02,-1.515205896075e+00,1.515205896075e+00,-1.533736039649e+00,-1.533736039649e+00,3.706028714632e-02,9.326394579184e-02,1.398959186878e-01,-1.398959186878e-01,9.326394579184e-02,9.326394579184e-02,9.326394579184e-02,1.222971705473e-01,1.834457558209e-01,-1.834457558209e-01,1.222971705473e-01,1.222971705473e-01,1.222971705473e-01
1.012000000000e+00,3.724705957429e-02,-1.514925737433e+00,1.514925737433e+00,-1.533549267221e+00,-1.533549267221e+00,3.724705957429e-02,9.350845311262e-02,1.402626796689e-01,-1.402626796689e-01,9.350845311262e-02,9.350845311262e-02,9.350845311262e-02,1.222099884059e-01,1.833149826088e-01,-1.833149826088e-01,1.222099884059e-01,1.222099884059e-01,1.222099884059e-01
1.014000000000e+00,3.743432084189e-02,-1.514644845532e+00,1.514644845532e+00,-1.533362005953e+00,-1.533362005953e+00,3.743432084189e-02,9.375278509882e-02,1.406291776482e-01,-1.406291776482e-01,9.375278509882e-02,9.375278509882e-02,9.375278509882e-02,1.221218362978e-01,1.831827544467e-01,-1.831827544467e-01,1.221218362978e-01,1.221218362978e-01,1.221218362978e-01
1.016000000000e+00,3.762207059650e-02,-1.514363220900e+00,1.514363220900e+00,-1.533174256198e+00,-1.533174256198e+00,3.762207059650e-02,9.399693981247e-02,1.409954097187e-01,-1.409954097187e-01,9.399693981247e-02,9.399693981247e-02,9.399693981247e-02,1.220327161864e-01,1.830490742796e-01,-1.830490742796e-01,1.220327161864e-01,1.220327161864e-01,1.220327161864e-01
1.018000000000e+00,3.781030848166e-02,-1.514080864072e+00,1.514080864072e+00,-1.532986018313e+00,-1.532986018313e+00,3.781030848166e-02,9.424091531954e-02,1.413613729793e-01,-1.413613729793e-01,9.424091531954e-02,9.424091531954e-02,9.424091531954e-02,1.219426300353e-01,1.829139450530e-01,-1.829139450530e-01,1.219426300353e-01,1.219426300353e-01,1.219426300353e-01
1.020000000000e+00,3.799903413702e-02,-1.513797775589e+00,1.513797775589e+00,-1.532797292658e+00,-1.532797292658e+00,3.799903413702e-02,9.448470968990e-02,1.417270645348e-01,-1.417270645348e-01,9.448470968990e-02,9.448470968990e-02,9.448470968990e-02,1.218515798080e-01,1.827773697120e-01,-1.827773697120e-01,1.218515798080e-01,1.218515798080e-01,1.218515798080e-01
1.022000000000e+00,3.818824719838e-02,-1.513513955997e+00,1.513513955997e+00,-1.532608079597e+00,-1.532608079597e+00,3.818824719838e-02,9.472832099736e-02,1.420924814960e-01,-1.420924814960e-01,9.472832099736e-02,9.472832099736e-02,9.472832099736e-02,1.217595674679e-01,1.826393512019e-01,-1.826393512019e-01,1.217595674679e-01,1.217595674679e-01,1.217595674679e-01
1.024000000000e+00,3.837794729769e-02,-1.513229405848e+00,1.513229405848e+00,-1.532418379497e+00,-1.532418379497e+00,3.837794729769e-02,9.497174731967e-02,1.424576209795e-01,-1.424576209795e-01,9.497174731967e-02,9.497174731967e-02,9.497174731967e-02,1.216665949786e-01,1.824998924679e-01,-1.824998924679e-01,1.216665949786e-01,1.216665949786e-01,1.216665949786e-01
1.026000000000e+00,3.856813406306e-02,-1.512944125700e+00,1.512944125700e+00,-1.532228192732e+00,-1.532228192732e+00,3.856813406306e-02,9.521498673849e-02,1.428224801077e-01,-1.428224801077e-01,9.521498673849e-02,9.521498673849e-02,9.521498673849e-02,1.215726643035e-01,1.823589964552e-01,-1.823589964552e-01,1.215726643035e-01,1.215726643035e-01,1.215726643035e-01
1.028000000000e+00,3.875880711876e-02,-1.512658116117e+00,1.512658116117e+00,-1.532037519676e+00,-1.532037519676e+00,3.875880711876e-02,9.545803733940e-02,1.431870560091e-01,-1.431870560091e-01,9.545803733940e-02,9.545803733940e-02,9.545803733940e-02,1.214777774061e-01,1.822166661092e-01,-1.822166661092e-01,1.214777774061e-01,1.214777774061e-01,1.214777774061e-01
1.030000000000e+00,3.894996608526e-02,-1.512371377667e+00,1.512371377667e+00,-1.531846360710e+00,-1.531846360710e+00,3.894996608526e-02,9.570089721194e-02,1.435513458179e-01,-1.435513458179e-01,9.570089721194e-02,9.570089721194e-02,9.570089721194e-02,1.213819362500e-01,1.820729043750e-01,-1.820729043750e-01,1.213819362500e-01,1.213819362500e-01,1.213819362500e-01
1.032000000000e+00,3.914161057919e-02,-1.512083910926e+00,1.512083910926e+00,-1.531654716216e+00,-1.531654716216e+00,3.914161057919e-02,9.594356444954e-02,1.439153466743e-01,-1.439153466743e-01,9.594356444954e-02,9.594356444954e-02,9.594356444954e-02,1.212851427986e-01,1.819277141979e-01,-1.819277141979e-01,1.212851427986e-01,1.212851427986e-01,1.212851427986e-01
1.034000000000e+00,3.933374021337e-02,-1.511795716475e+00,1.511795716475e+00,-1.531462586582e+00,-1.531462586582e+00,3.933374021337e-02,9.618603714958e-02,1.442790557244e-01,-1.442790557244e-01,9.618603714958e-02,9.618603714958e-02,9.618603714958e-02,1.211873990154e-01,1.817810985231e-01,-1.817810985231e-01,1.211873990154e-01,1.211873990154e-01,1.211873990154e-01
1.036000000000e+00,3.952635459683e-02,-1.511506794900e+00,1.511506794900e+00,-1.531269972198e+00,-1.531269972198e+00,3.952635459683e-02,9.642831341336e-02,1.446424701200e-01,-1.446424701200e-01,9.642831341336e-02,9.642831341336e-02,9.642831341336e-02,1.210887068639e-01,1.816330602959e-01,-1.816330602959e-01,1.210887068639e-01,1.210887068639e-01,1.210887068639e-01
1.038000000000e+00,3.971945333480e-02,-1.511217146793e+00,1.511217146793e+00,-1.531076873460e+00,-1.531076873460e+00,3.971945333480e-02,9.667039134610e-02,1.450055870191e-01,-1.450055870191e-01,9.667039134610e-02,9.667039134610e-02,9.667039134610e-02,1.209890683077e-01,1.814836024615e-01,-1.814836024615e-01,1.209890683077e-01,1.209890683077e-01,1.209890683077e-01
1.040000000000e+00,3.991303602873e-02,-1.510926772752e+00,1.510926772752e+00,-1.530883290766e+00,-1.530883290766e+00,3.991303602873e-02,9.691226905696e-02,1.453684035854e-01,-1.453684035854e-01,9.691226905696e-02,9.691226905696e-02,9.691226905696e-02,1.208884853101e-01,1.813327279652e-01,-1.813327279652e-01,1.208884853101e-01,1.208884853101e-01,1.208884853101e-01
1.042000000000e+00,4.010710227629e-02,-1.510635673380e+00,1.510635673380e+00,-1.530689224519e+00,-1.530689224519e+00,4.010710227629e-02,9.715394465902e-02,1.457309169885e-01,-1.457309169885e-01,9.715394465902e-02,9.715394465902e-02,9.715394465902e-02,1.207869598348e-01,1.811804397522e-01,-1.811804397522e-01,1.207869598348e-01,1.207869598348e-01,1.207869598348e-01
1.044000000000e+00,4.030165167137e-02,-1.510343849288e+00,1.510343849288e+00,-1.530494675124e+00,-1.530494675124e+00,4.030165167137e-02,9.739541626929e-02,1.460931244039e-01,-1.460931244039e-01,9.739541626929e-02,9.739541626929e-02,9.739541626929e-02,1.206844938452e-01,1.810267407677e-01,-1.810267407677e-01,1.206844938452e-01,1.206844938452e-01,1.206844938452e-01
1.046000000000e+00,4.049668380412e-02,-1.510051301089e+00,1.510051301089e+00,-1.530299642991e+00,-1.530299642991e+00,4.049668380412e-02,9.763668200870e-02,1.464550230130e-01,-1.464550230130e-01,9.763668200870e-02,9.763668200870e-02,9.763668200870e-02,1.205810893047e-01,1.808716339571e-01,-1.808716339571e-01,1.205810893047e-01,1.205810893047e-01,1.205810893047e-01
1.048000000000e+00,4.069219826091e-02,-1.509758029404e+00,1.509758029404e+00,-1.530104128534e+00,-1.530104128534e+00,4.069219826091e-02,9.787774000212e-02,1.468166100032e-01,-1.468166100032e-01,9.787774000212e-02,9.787774000212e-02,9.787774000212e-02,1.204767481770e-01,1.807151222654e-01,-1.807151222654e-01,1.204767481770e-01,1.204767481770e-01,1.204767481770e-01
1.050000000000e+00,4.088819462438e-02,-1.509464034858e+00,1.509464034858e+00,-1.529908132171e+00,-1.529908132171e+00,4.088819462438e-02,9.811858837832e-02,1.471778825675e-01,-1.471778825675e-01,9.811858837832e-02,9.811858837832e-02,9.811858837832e-02,1.203714724254e-01,1.805572086381e-01,-1.805572086381e-01,1.203714724254e-01,1.203714724254e-01,1.203714724254e-01
1.052000000000e+00,4.108467247344e-02,-1.509169318085e+00,1.509169318085e+00,-1.529711654321e+00,-1.529711654321e+00,4.108467247344e-02,9.835922527004e-02,1.475388379051e-01,-1.475388379051e-01,9.835922527004e-02,9.835922527004e-02,9.835922527004e-02,1.202652640135e-01,1.803978960202e-01,-1.803978960202e-01,1.202652640135e-01,1.202652640135e-01,1.202652640135e-01
1.054000000000e+00,4.128163138323e-02,-1.508873879720e+00,1.508873879720e+00,-1.529514695412e+00,-1.529514695412e+00,4.128163138323e-02,9.859964881391e-02,1.478994732209e-01,-1.478994732209e-01,9.859964881391e-02,9.859964881391e-02,9.859964881391e-02,1.201581249048e-01,1.802371873572e-01,-1.802371873572e-01,1.201581249048e-01,1.201581249048e-01,1.201581249048e-01
1.056000000000e+00,4.147907092522e-02,-1.508577720407e+00,1.508577720407e+00,-1.529317255870e+00,-1.529317255870e+00,4.147907092522e-02,9.883985715051e-02,1.482597857258e-01,-1.482597857258e-01,9.883985715051e-02,9.883985715051e-02,9.883985715051e-02,1.200500570627e-01,1.800750855941e-01,-1.800750855941e-01,1.200500570627e-01,1.200500570627e-01,1.200500570627e-01
1.058000000000e+00,4.167699066713e-02,-1.508280840794e+00,1.508280840794e+00,-1.529119336128e+00,-1.529119336128e+00,4.167699066713e-02,9.907984842432e-02,1.486197726365e-01,-1.486197726365e-01,9.907984842432e-02,9.907984842432e-02,9.907984842432e-02,1.199410624509e-01,1.799115936763e-01,-1.799115936763e-01,1.199410624509e-01,1.199410624509e-01,1.199410624509e-01
1.060000000000e+00,4.187539017297e-02,-1.507983241535e+00,1.507983241535e+00,-1.528920936622e+00,-1.528920936622e+00,4.187539017297e-02,9.931962078377e-02,1.489794311757e-01,-1.489794311757e-01,9.931962078377e-02,9.931962078377e-02,9.931962078377e-02,1.198311430327e-01,1.797467145490e-01,-1.797467145490e-01,1.198311430327e-01,1.198311430327e-01,1.198311430327e-01
1.062000000000e+00,4.207426900309e-02,-1.507684923290e+00,1.507684923290e+00,-1.528722057792e+00,-1.528722057792e+00,4.207426900309e-02,9.955917238122e-02,1.493387585718e-01,-1.493387585718e-01,9.955917238122e-02,9.955917238122e-02,9.955917238122e-02,1.197203007716e-01,1.795804511574e-01,-1.795804511574e-01,1.197203007716e-01,1.197203007716e-01,1.197203007716e-01
1.064000000000e+00,4.227362671409e-02,-1.507385886724e+00,1.507385886724e+00,-1.528522700081e+00,-1.528522700081e+00,4.227362671409e-02,9.979850137294e-02,1.496977520594e-01,-1.496977520594e-01,9.979850137294e-02,9.979850137294e-02,9.979850137294e-02,1.196085376312e-01,1.794128064468e-01,-1.794128064468e-01,1.196085376312e-01,1.196085376312e-01,1.196085376312e-01
1.066000000000e+00,4.247346285895e-02,-1.507086132506e+00,1.507086132506e+00,-1.528322863936e+00,-1.528322863936e+00,4.247346285895e-02,1.000376059191e-01,1.500564088787e-01,-1.500564088787e-01,1.000376059191e-01,1.000376059191e-01,1.000376059191e-01,1.194958555750e-01,1.792437833624e-01,-1.792437833624e-01,1.194958555750e-01,1.194958555750e-01,1.194958555750e-01
1.068000000000e+00,4.267377698692e-02,-1.506785661315e+00,1.506785661315e+00,-1.528122549808e+00,-1.528122549808e+00,4.267377698692e-02,1.002764841839e-01,1.504147262759e-01,-1.504147262759e-01,1.002764841839e-01,1.002764841839e-01,1.002764841839e-01,1.193822565664e-01,1.790733848495e-01,-1.790733848495e-01,1.193822565664e-01,1.193822565664e-01,1.193822565664e-01
1.070000000000e+00,4.287456864361e-02,-1.506484473829e+00,1.506484473829e+00,-1.527921758151e+00,-1.527921758151e+00,4.287456864361e-02,1.005151343354e-01,1.507727015031e-01,-1.507727015031e-01,1.005151343354e-01,1.005151343354e-01,1.005151343354e-01,1.192677425689e-01,1.789016138533e-01,-1.789016138533e-01,1.192677425689e-01,1.192677425689e-01,1.192677425689e-01
1.072000000000e+00,4.307583737096e-02,-1.506182570738e+00,1.506182570738e+00,-1.527720489424e+00,-1.527720489424e+00,4.307583737096e-02,1.007535545455e-01,1.511303318183e-01,-1.511303318183e-01,1.007535545455e-01,1.007535545455e-01,1.007535545455e-01,1.191523155461e-01,1.787284733191e-01,-1.787284733191e-01,1.191523155461e-01,1.191523155461e-01,1.191523155461e-01
1.074000000000e+00,4.327758270728e-02,-1.505879952734e+00,1.505879952734e+00,-1.527518744088e+00,-1.527518744088e+00,4.327758270728e-02,1.009917429902e-01,1.514876144853e-01,-1.514876144853e-01,1.009917429902e-01,1.009917429902e-01,1.009917429902e-01,1.190359774614e-01,1.785539661920e-01,-1.785539661920e-01,1.190359774614e-01,1.190359774614e-01,1.190359774614e-01
1.076000000000e+00,4.347980418720e-02,-1.505576620514e+00,1.505576620514e+00,-1.527316522608e+00,-1.527316522608e+00,4.347980418720e-02,1.012296978493e-01,1.518445467740e-01,-1.518445467740e-01,1.012296978493e-01,1.012296978493e-01,1.012296978493e-01,1.189187302783e-01,1.783780954174e-01,-1.783780954174e-01,1.189187302783e-01,1.189187302783e-01,1.189187302783e-01
1.078000000000e+00,4.368250134174e-02,-1.505272574782e+00,1.505272574782e+00,-1.527113825453e+00,-1.527113825453e+00,4.368250134174e-02,1.014674173066e-01,1.522011259599e-01,-1.522011259599e-01,1.014674173066e-01,1.014674173066e-01,1.014674173066e-01,1.188005759603e-01,1.782008639405e-01,-1.782008639405e-01,1.188005759603e-01,1.188005759603e-01,1.188005759603e-01
1.080000000000e+00,4.388567369828e-02,-1.504967816247e+00,1.504967816247e+00,-1.526910653097e+00,-1.526910653097e+00,4.388567369828e-02,1.017048995497e-01,1.525573493246e-01,-1.525573493246e-01,1.017048995497e-01,1.017048995497e-01,1.017048995497e-01,1.186815164710e-01,1.780222747065e-01,-1.780222747065e-01,1.186815164710e-01,1.186815164710e-01,1.186815164710e-01
1.082000000000e+00,4.408932078059e-02,-1.504662345624e+00,1.504662345624e+00,-1.526707006014e+00,-1.526707006014e+00,4.408932078059e-02,1.019421427703e-01,1.529132141555e-01,-1.529132141555e-01,1.019421427703e-01,1.019421427703e-01,1.019421427703e-01,1.185615537738e-01,1.778423306606e-01,-1.778423306606e-01,1.185615537738e-01,1.185615537738e-01,1.185615537738e-01
1.084000000000e+00,4.429344210881e-02,-1.504356163632e+00,1.504356163632e+00,-1.526502884686e+00,-1.526502884686e+00,4.429344210881e-02,1.021791451640e-01,1.532687177460e-01,-1.532687177460e-01,1.021791451640e-01,1.021791451640e-01,1.021791451640e-01,1.184406898321e-01,1.776610347482e-01,-1.776610347482e-01,1.184406898321e-01,1.184406898321e-01,1.184406898321e-01
1.086000000000e+00,4.449803719950e-02,-1.504049270996e+00,1.504049270996e+00,-1.526298289595e+00,-1.526298289595e+00,4.449803719950e-02,1.024159049301e-01,1.536238573952e-01,-1.536238573952e-01,1.024159049301e-01,1.024159049301e-01,1.024159049301e-01,1.183189266096e-01,1.774783899144e-01,-1.774783899144e-01,1.183189266096e-01,1.183189266096e-01,1.183189266096e-01
1.088000000000e+00,4.470310556559e-02,-1.503741668447e+00,1.503741668447e+00,-1.526093221229e+00,-1.526093221229e+00,4.470310556559e-02,1.026524202722e-01,1.539786304083e-01,-1.539786304083e-01,1.026524202722e-01,1.026524202722e-01,1.026524202722e-01,1.181962660697e-01,1.772943991046e-01,-1.772943991046e-01,1.181962660697e-01,1.181962660697e-01,1.181962660697e-01
1.090000000000e+00,4.490864671644e-02,-1.503433356720e+00,1.503433356720e+00,-1.525887680078e+00,-1.525887680078e+00,4.490864671644e-02,1.028886893975e-01,1.543330340963e-01,-1.543330340963e-01,1.028886893975e-01,1.028886893975e-01,1.028886893975e-01,1.180727101759e-01,1.771090652638e-01,-1.771090652638e-01,1.180727101759e-01,1.180727101759e-01,1.180727101759e-01
1.092000000000e+00,4.511466015784e-02,-1.503124336558e+00,1.503124336558e+00,-1.525681666637e+00,-1.525681666637e+00,4.511466015784e-02,1.031247105173e-01,1.546870657760e-01,-1.546870657760e-01,1.031247105173e-01,1.031247105173e-01,1.031247105173e-01,1.179482608917e-01,1.769223913375e-01,-1.769223913375e-01,1.179482608917e-01,1.179482608917e-01,1.179482608917e-01
1.094000000000e+00,4.532114539198e-02,-1.502814608707e+00,1.502814608707e+00,-1.525475181403e+00,-1.525475181403e+00,4.532114539198e-02,1.033604818468e-01,1.550407227702e-01,-1.550407227702e-01,1.033604818468e-01,1.033604818468e-01,1.033604818468e-01,1.178229201805e-01,1.767343802708e-01,-1.767343802708e-01,1.178229201805e-01,1.178229201805e-01,1.178229201805e-01
1.096000000000e+00,4.552810191751e-02,-1.502504173919e+00,1.502504173919e+00,-1.525268224877e+00,-1.525268224877e+00,4.552810191751e-02,1.035960016051e-01,1.553940024076e-01,-1.553940024076e-01,1.035960016051e-01,1.035960016051e-01,1.035960016051e-01,1.176966900059e-01,1.765450350089e-01,-1.765450350089e-01,1.176966900059e-01,1.176966900059e-01,1.176966900059e-01
1.098000000000e+00,4.573552922950e-02,-1.502193032951e+00,1.502193032951e+00,-1.525060797565e+00,-1.525060797565e+00,4.573552922950e-02,1.038312680151e-01,1.557469020227e-01,-1.557469020227e-01,1.038312680151e-01,1.038312680151e-01,1.038312680151e-01,1.175695723314e-01,1.763543584972e-01,-1.763543584972e-01,1.175695723314e-01,1.175695723314e-01,1.175695723314e-01
1.100000000000e+00,4.594342681949e-02,-1.501881186566e+00,1.501881186566e+00,-1.524852899975e+00,-1.524852899975e+00,4.594342681949e-02,1.040662793040e-01,1.560994189560e-01,-1.560994189560e-01,1.040662793040e-01,1.040662793040e-01,1.040662793040e-01,1.174415691205e-01,1.761623536808e-01,-1.761623536808e-01,1.174415691205e-01,1.174415691205e-01,1.174415691205e-01
1.102000000000e+00,4.615179417546e-02,-1.501568635532e+00,1.501568635532e+00,-1.524644532619e+00,-1.524644532619e+00,4.615179417546e-02,1.043010337026e-01,1.564515505539e-01,-1.564515505539e-01,1.043010337026e-01,1.043010337026e-01,1.043010337026e-01,1.173126823367e-01,1.759690235050e-01,-1.759690235050e-01,1.173126823367e-01,1.173126823367e-01,1.173126823367e-01
1.104000000000e+00,4.636063078186e-02,-1.501255380622e+00,1.501255380622e+00,-1.524435696013e+00,-1.524435696013e+00,4.636063078186e-02,1.045355294456e-01,1.568032941684e-01,-1.568032941684e-01,1.045355294456e-01,1.045355294456e-01,1.045355294456e-01,1.171829139434e-01,1.757743709151e-01,-1.757743709151e-01,1.171829139434e-01,1.171829139434e-01,1.171829139434e-01
1.106000000000e+00,4.656993611963e-02,-1.500941422615e+00,1.500941422615e+00,-1.524226390675e+00,-1.524226390675e+00,4.656993611963e-02,1.047697647719e-01,1.571546471579e-01,-1.571546471579e-01,1.047697647719e-01,1.047697647719e-01,1.047697647719e-01,1.170522659041e-01,1.755783988562e-01,-1.755783988562e-01,1.170522659041e-01,1.170522659041e-01,1.170522659041e-01
1.108000000000e+00,4.677970966617e-02,-1.500626762296e+00,1.500626762296e+00,-1.524016617129e+00,-1.524016617129e+00,4.677970966617e-02,1.050037379241e-01,1.575056068862e-01,-1.575056068862e-01,1.050037379241e-01,1.050037379241e-01,1.050037379241e-01,1.169207401824e-01,1.753811102737e-01,-1.753811102737e-01,1.169207401824e-01,1.169207401824e-01,1.169207401824e-01
1.110000000000e+00,4.698995089538e-02,-1.500311400452e+00,1.500311400452e+00,-1.523806375900e+00,-1.523806375900e+00,4.698995089538e-02,1.052374471488e-01,1.578561707233e-01,-1.578561707233e-01,1.052374471488e-01,1.052374471488e-01,1.052374471488e-01,1.167883387418e-01,1.751825081127e-01,-1.751825081127e-01,1.167883387418e-01,1.167883387418e-01,1.167883387418e-01
1.112000000000e+00,4.720065927765e-02,-1.499995337878e+00,1.499995337878e+00,-1.523595667517e+00,-1.523595667517e+00,4.720065927765e-02,1.054708906966e-01,1.582063360449e-01,-1.582063360449e-01,1.054708906966e-01,1.054708906966e-01,1.054708906966e-01,1.166550635457e-01,1.749825953186e-01,-1.749825953186e-01,1.166550635457e-01,1.166550635457e-01,1.166550635457e-01
1.114000000000e+00,4.741183427988e-02,-1.499678575375e+00,1.499678575375e+00,-1.523384492515e+00,-1.523384492515e+00,4.741183427988e-02,1.057040668218e-01,1.585561002327e-01,-1.585561002327e-01,1.057040668218e-01,1.057040668218e-01,1.057040668218e-01,1.165209165577e-01,1.747813748365e-01,-1.747813748365e-01,1.165209165577e-01,1.165209165577e-01,1.165209165577e-01
1.116000000000e+00,4.762347536549e-02,-1.499361113747e+00,1.499361113747e+00,-1.523172851429e+00,-1.523172851429e+00,4.762347536549e-02,1.059369737829e-01,1.589054606744e-01,-1.589054606744e-01,1.059369737829e-01,1.059369737829e-01,1.059369737829e-01,1.163858997411e-01,1.745788496117e-01,-1.745788496117e-01,1.163858997411e-01,1.163858997411e-01,1.163858997411e-01
1.118000000000e+00,4.783558199441e-02,-1.499042953803e+00,1.499042953803e+00,-1.522960744800e+00,-1.522960744800e+00,4.783558199441e-02,1.061696098422e-01,1.592544147633e-01,-1.592544147633e-01,1.061696098422e-01,1.061696098422e-01,1.061696098422e-01,1.162500150596e-01,1.743750225895e-01,-1.743750225895e-01,1.162500150596e-01,1.162500150596e-01,1.162500150596e-01
1.120000000000e+00,4.804815362310e-02,-1.498724096360e+00,1.498724096360e+00,-1.522748173172e+00,-1.522748173172e+00,4.804815362310e-02,1.064019732659e-01,1.596029598989e-01,-1.596029598989e-01,1.064019732659e-01,1.064019732659e-01,1.064019732659e-01,1.161132644767e-01,1.741698967150e-01,-1.741698967150e-01,1.161132644767e-01,1.161132644767e-01,1.161132644767e-01
1.122000000000e+00,4.826118970456e-02,-1.498404542238e+00,1.498404542238e+00,-1.522535137090e+00,-1.522535137090e+00,4.826118970456e-02,1.066340623242e-01,1.599510934862e-01,-1.599510934862e-01,1.066340623242e-01,1.066340623242e-01,1.066340623242e-01,1.159756499557e-01,1.739634749336e-01,-1.739634749336e-01,1.159756499557e-01,1.159756499557e-01,1.159756499557e-01
1.124000000000e+00,4.847468968834e-02,-1.498084292262e+00,1.498084292262e+00,-1.522321637107e+00,-1.522321637107e+00,4.847468968834e-02,1.068658752911e-01,1.602988129366e-01,-1.602988129366e-01,1.068658752911e-01,1.068658752911e-01,1.068658752911e-01,1.158371734603e-01,1.737557601904e-01,-1.737557601904e-01,1.158371734603e-01,1.158371734603e-01,1.158371734603e-01
1.126000000000e+00,4.868865302052e-02,-1.497763347264e+00,1.497763347264e+00,-1.522107673774e+00,-1.522107673774e+00,4.868865302052e-02,1.070974104447e-01,1.606461156670e-01,-1.606461156670e-01,1.070974104447e-01,1.070974104447e-01,1.070974104447e-01,1.156978369539e-01,1.735467554308e-01,-1.735467554308e-01,1.156978369539e-01,1.156978369539e-01,1.156978369539e-01
1.128000000000e+00,4.890307914376e-02,-1.497441708079e+00,1.497441708079e+00,-1.521893247651e+00,-1.521893247651e+00,4.890307914376e-02,1.073286660669e-01,1.609929991003e-01,-1.609929991003e-01,1.073286660669e-01,1.073286660669e-01,1.073286660669e-01,1.155576424000e-01,1.733364635999e-01,-1.733364635999e-01,1.155576424000e-01,1.155576424000e-01,1.155576424000e-01
1.130000000000e+00,4.911796749729e-02,-1.497119375549e+00,1.497119375549e+00,-1.521678359298e+00,-1.521678359298e+00,4.911796749729e-02,1.075596404435e-01,1.613394606653e-01,-1.613394606653e-01,1.075596404435e-01,1.075596404435e-01,1.075596404435e-01,1.154165917621e-01,1.731248876431e-01,-1.731248876431e-01,1.154165917621e-01,1.154165917621e-01,1.154165917621e-01
1.132000000000e+00,4.933331751690e-02,-1.496796350520e+00,1.496796350520e+00,-1.521463009278e+00,-1.521463009278e+00,4.933331751690e-02,1.077903318645e-01,1.616854977967e-01,-1.616854977967e-01,1.077903318645e-01,1.077903318645e-01,1.077903318645e-01,1.152746870036e-01,1.729120305055e-01,-1.729120305055e-01,1.152746870036e-01,1.152746870036e-01,1.152746870036e-01
1.134000000000e+00,4.954912863497e-02,-1.496472633842e+00,1.496472633842e+00,-1.521247198160e+00,-1.521247198160e+00,4.954912863497e-02,1.080207386234e-01,1.620311079352e-01,-1.620311079352e-01,1.080207386234e-01,1.080207386234e-01,1.080207386234e-01,1.151319300882e-01,1.726978951323e-01,-1.726978951323e-01,1.151319300882e-01,1.151319300882e-01,1.151319300882e-01
1.136000000000e+00,4.976540028048e-02,-1.496148226374e+00,1.496148226374e+00,-1.521030926514e+00,-1.521030926514e+00,4.976540028048e-02,1.082508590181e-01,1.623762885271e-01,-1.623762885271e-01,1.082508590181e-01,1.082508590181e-01,1.082508590181e-01,1.149883229793e-01,1.724824844689e-01,-1.724824844689e-01,1.149883229793e-01,1.149883229793e-01,1.149883229793e-01
1.138000000000e+00,4.998213187900e-02,-1.495823128976e+00,1.495823128976e+00,-1.520814194916e+00,-1.520814194916e+00,4.998213187900e-02,1.084806913499e-01,1.627210370248e-01,-1.627210370248e-01,1.084806913499e-01,1.084806913499e-01,1.084806913499e-01,1.148438676403e-01,1.722658014605e-01,-1.722658014605e-01,1.148438676403e-01,1.148438676403e-01,1.148438676403e-01
1.140000000000e+00,5.019932285271e-02,-1.495497342516e+00,1.495497342516e+00,-1.520597003942e+00,-1.520597003942e+00,5.019932285271e-02,1.087102339244e-01,1.630653508867e-01,-1.630653508867e-01,1.087102339244e-01,1.087102339244e-01,1.087102339244e-01,1.146985660349e-01,1.720478490523e-01,-1.720478490523e-01,1.146985660349e-01,1.146985660349e-01,1.146985660349e-01
1.142000000000e+00,5.041697262040e-02,-1.495170867864e+00,1.495170867864e+00,-1.520379354174e+00,-1.520379354174e+00,5.041697262040e-02,1.089394850511e-01,1.634092275767e-01,-1.634092275767e-01,1.089394850511e-01,1.089394850511e-01,1.089394850511e-01,1.145524201264e-01,1.718286301895e-01,-1.718286301895e-01,1.145524201264e-01,1.145524201264e-01,1.145524201264e-01
1.144000000000e+00,5.063508059749e-02,-1.494843705899e+00,1.494843705899e+00,-1.520161246197e+00,-1.520161246197e+00,5.063508059749e-02,1.091684430434e-01,1.637526645651e-01,-1.637526645651e-01,1.091684430434e-01,1.091684430434e-01,1.091684430434e-01,1.144054318783e-01,1.716081478175e-01,-1.716081478175e-01,1.144054318783e-01,1.144054318783e-01,1.144054318783e-01
1.146000000000e+00,5.085364619603e-02,-1.494515857501e+00,1.494515857501e+00,-1.519942680599e+00,-1.519942680599e+00,5.085364619603e-02,1.093971062184e-01,1.640956593276e-01,-1.640956593276e-01,1.093971062184e-01,1.093971062184e-01,1.093971062184e-01,1.142576032543e-01,1.713864048814e-01,-1.713864048814e-01,1.142576032543e-01,1.142576032543e-01,1.142576032543e-01
1.148000000000e+00,5.107266882470e-02,-1.494187323558e+00,1.494187323558e+00,-1.519723657970e+00,-1.519723657970e+00,5.107266882470e-02,1.096254728975e-01,1.644382093462e-01,-1.644382093462e-01,1.096254728975e-01,1.096254728975e-01,1.096254728975e-01,1.141089362177e-01,1.711634043265e-01,-1.711634043265e-01,1.141089362177e-01,1.141089362177e-01,1.141089362177e-01
1.150000000000e+00,5.129214788884e-02,-1.493858104962e+00,1.493858104962e+00,-1.519504178906e+00,-1.519504178906e+00,5.129214788884e-02,1.098535414056e-01,1.647803121085e-01,-1.647803121085e-01,1.098535414056e-01,1.098535414056e-01,1.098535414056e-01,1.139594327320e-01,1.709391490980e-01,-1.709391490980e-01,1.139594327320e-01,1.139594327320e-01,1.139594327320e-01
1.152000000000e+00,5.151208279043e-02,-1.493528202609e+00,1.493528202609e+00,-1.519284244004e+00,-1.519284244004e+00,5.151208279043e-02,1.100813100721e-01,1.651219651081e-01,-1.651219651081e-01,1.100813100721e-01,1.100813100721e-01,1.100813100721e-01,1.138090947608e-01,1.707136421412e-01,-1.707136421412e-01,1.138090947608e-01,1.138090947608e-01,1.138090947608e-01
1.154000000000e+00,5.173247292812e-02,-1.493197617403e+00,1.493197617403e+00,-1.519063853867e+00,-1.519063853867e+00,5.173247292812e-02,1.103087772297e-01,1.654631658445e-01,-1.654631658445e-01,1.103087772297e-01,1.103087772297e-01,1.103087772297e-01,1.136579242676e-01,1.704868864014e-01,-1.704868864014e-01,1.136579242676e-01,1.136579242676e-01,1.136579242676e-01
1.156000000000e+00,5.195331769723e-02,-1.492866350249e+00,1.492866350249e+00,-1.518843009098e+00,-1.518843009098e+00,5.195331769723e-02,1.105359412154e-01,1.658039118231e-01,-1.658039118231e-01,1.105359412154e-01,1.105359412154e-01,1.105359412154e-01,1.135059232158e-01,1.702588848237e-01,-1.702588848237e-01,1.135059232158e-01,1.135059232158e-01,1.135059232158e-01
1.158000000000e+00,5.217461648976e-02,-1.492534402060e+00,1.492534402060e+00,-1.518621710305e+00,-1.518621710305e+00,5.217461648976e-02,1.107628003701e-01,1.661442005552e-01,-1.661442005552e-01,1.107628003701e-01,1.107628003701e-01,1.107628003701e-01,1.133530935689e-01,1.700296403534e-01,-1.700296403534e-01,1.133530935689e-01,1.133530935689e-01,1.133530935689e-01
1.160000000000e+00,5.239636869439e-02,-1.492201773753e+00,1.492201773753e+00,-1.518399958101e+00,-1.518399958101e+00,5.239636869439e-02,1.109893530386e-01,1.664840295579e-01,-1.664840295579e-01,1.109893530386e-01,1.109893530386e-01,1.109893530386e-01,1.131994372905e-01,1.697991559357e-01,-1.697991559357e-01,1.131994372905e-01,1.131994372905e-01,1.131994372905e-01
1.162000000000e+00,5.261857369649e-02,-1.491868466250e+00,1.491868466250e+00,-1.518177753098e+00,-1.518177753098e+00,5.261857369649e-02,1.112155975695e-01,1.668233963543e-01,-1.668233963543e-01,1.112155975695e-01,1.112155975695e-01,1.112155975695e-01,1.130449563440e-01,1.695674345160e-01,-1.695674345160e-01,1.130449563440e-01,1.130449563440e-01,1.130449563440e-01
1.164000000000e+00,5.284123087815e-02,-1.491534480478e+00,1.491534480478e+00,-1.517955095917e+00,-1.517955095917e+00,5.284123087815e-02,1.114415323155e-01,1.671622984733e-01,-1.671622984733e-01,1.114415323155e-01,1.114415323155e-01,1.114415323155e-01,1.128896526929e-01,1.693344790393e-01,-1.693344790393e-01,1.128896526929e-01,1.128896526929e-01,1.128896526929e-01
1.166000000000e+00,5.306433961814e-02,-1.491199817368e+00,1.491199817368e+00,-1.517731987177e+00,-1.517731987177e+00,5.306433961814e-02,1.116671556331e-01,1.675007334497e-01,-1.675007334497e-01,1.116671556331e-01,1.116671556331e-01,1.116671556331e-01,1.127335283007e-01,1.691002924511e-01,-1.691002924511e-01,1.127335283007e-01,1.127335283007e-01,1.127335283007e-01
1.168000000000e+00,5.328789929197e-02,-1.490864477857e+00,1.490864477857e+00,-1.517508427503e+00,-1.517508427503e+00,5.328789929197e-02,1.118924658829e-01,1.678386988243e-01,-1.678386988243e-01,1.118924658829e-01,1.118924658829e-01,1.118924658829e-01,1.125765851310e-01,1.688648776965e-01,-1.688648776965e-01,1.125765851310e-01,1.125765851310e-01,1.125765851310e-01
1.170000000000e+00,5.351190927187e-02,-1.490528462887e+00,1.490528462887e+00,-1.517284417523e+00,-1.517284417523e+00,5.351190927187e-02,1.121174614291e-01,1.681761921437e-01,-1.681761921437e-01,1.121174614291e-01,1.121174614291e-01,1.121174614291e-01,1.124188251471e-01,1.686282377207e-01,-1.686282377207e-01,1.124188251471e-01,1.124188251471e-01,1.124188251471e-01
1.172000000000e+00,5.373636892679e-02,-1.490191773405e+00,1.490191773405e+00,-1.517059957868e+00,-1.517059957868e+00,5.373636892679e-02,1.123421406402e-01,1.685132109603e-01,-1.685132109603e-01,1.123421406402e-01,1.123421406402e-01,1.123421406402e-01,1.122602503127e-01,1.683903754691e-01,-1.683903754691e-01,1.122602503127e-01,1.122602503127e-01,1.122602503127e-01
1.174000000000e+00,5.396127762245e-02,-1.489854410361e+00,1.489854410361e+00,-1.516835049172e+00,-1.516835049172e+00,5.396127762245e-02,1.125665018884e-01,1.688497528327e-01,-1.688497528327e-01,1.125665018884e-01,1.125665018884e-01,1.125665018884e-01,1.121008625912e-01,1.681512938868e-01,-1.681512938868e-01,1.121008625912e-01,1.121008625912e-01,1.121008625912e-01
1.176000000000e+00,5.418663472129e-02,-1.489516374713e+00,1.489516374713e+00,-1.516609692074e+00,-1.516609692074e+00,5.418663472129e-02,1.127905435500e-01,1.691858153250e-01,-1.691858153250e-01,1.127905435500e-01,1.127905435500e-01,1.127905435500e-01,1.119406639460e-01,1.679109959191e-01,-1.679109959191e-01,1.119406639460e-01,1.119406639460e-01,1.119406639460e-01
1.178000000000e+00,5.441243958251e-02,-1.489177667421e+00,1.489177667421e+00,-1.516383887212e+00,-1.516383887212e+00,5.441243958251e-02,1.130142640049e-01,1.695213960074e-01,-1.695213960074e-01,1.130142640049e-01,1.130142640049e-01,1.130142640049e-01,1.117796563408e-01,1.676694845112e-01,-1.676694845112e-01,1.117796563408e-01,1.117796563408e-01,1.117796563408e-01
1.180000000000e+00,5.463869156209e-02,-1.488838289452e+00,1.488838289452e+00,-1.516157635233e+00,-1.516157635233e+00,5.463869156209e-02,1.132376616373e-01,1.698564924560e-01,-1.698564924560e-01,1.132376616373e-01,1.132376616373e-01,1.132376616373e-01,1.116178417389e-01,1.674267626084e-01,-1.674267626084e-01,1.116178417389e-01,1.116178417389e-01,1.116178417389e-01
1.182000000000e+00,5.486539001277e-02,-1.488498241776e+00,1.488498241776e+00,-1.515930936782e+00,-1.515930936782e+00,5.486539001277e-02,1.134607348352e-01,1.701911022528e-01,-1.701911022528e-01,1.134607348352e-01,1.134607348352e-01,1.134607348352e-01,1.114552221040e-01,1.671828331559e-01,-1.671828331559e-01,1.114552221040e-01,1.114552221040e-01,1.114552221040e-01
1.184000000000e+00,5.509253428407e-02,-1.488157525369e+00,1.488157525369e+00,-1.515703792511e+00,-1.515703792511e+00,5.509253428407e-02,1.136834819904e-01,1.705252229856e-01,-1.705252229856e-01,1.136834819904e-01,1.136834819904e-01,1.136834819904e-01,1.112917993994e-01,1.669376990990e-01,-1.669376990990e-01,1.112917993994e-01,1.112917993994e-01,1.112917993994e-01
1.186000000000e+00,5.532012372230e-02,-1.487816141211e+00,1.487816141211e+00,-1.515476203073e+00,-1.515476203073e+00,5.532012372230e-02,1.139059014987e-01,1.708588522481e-01,-1.708588522481e-01,1.139059014987e-01,1.139059014987e-01,1.139059014987e-01,1.111275755886e-01,1.666913633830e-01,-1.666913633830e-01,1.111275755886e-01,1.111275755886e-01,1.111275755886e-01
1.188000000000e+00,5.554815767057e-02,-1.487474090289e+00,1.487474090289e+00,-1.515248169124e+00,-1.515248169124e+00,5.554815767057e-02,1.141279917600e-01,1.711919876400e-01,-1.711919876400e-01,1.141279917600e-01,1.141279917600e-01,1.141279917600e-01,1.109625526353e-01,1.664438289529e-01,-1.664438289529e-01,1.109625526353e-01,1.109625526353e-01,1.109625526353e-01
1.190000000000e+00,5.577663546878e-02,-1.487131373592e+00,1.487131373592e+00,-1.515019691326e+00,-1.515019691326e+00,5.577663546878e-02,1.143497511778e-01,1.715246267667e-01,-1.715246267667e-01,1.143497511778e-01,1.143497511778e-01,1.143497511778e-01,1.107967325028e-01,1.661950987542e-01,-1.661950987542e-01,1.107967325028e-01,1.107967325028e-01,1.107967325028e-01
1.192000000000e+00,5.600555645366e-02,-1.486787992114e+00,1.486787992114e+00,-1.514790770341e+00,-1.514790770341e+00,5.600555645366e-02,1.145711781598e-01,1.718567672398e-01,-1.718567672398e-01,1.145711781598e-01,1.145711781598e-01,1.145711781598e-01,1.106301171547e-01,1.659451757320e-01,-1.659451757320e-01,1.106301171547e-01,1.106301171547e-01,1.106301171547e-01
1.194000000000e+00,5.623491995874e-02,-1.486443946857e+00,1.486443946857e+00,-1.514561406836e+00,-1.514561406836e+00,5.623491995874e-02,1.147922711176e-01,1.721884066764e-01,-1.721884066764e-01,1.147922711176e-01,1.147922711176e-01,1.147922711176e-01,1.104627085544e-01,1.656940628316e-01,-1.656940628316e-01,1.104627085544e-01,1.104627085544e-01,1.104627085544e-01
1.196000000000e+00,5.646472531439e-02,-1.486099238823e+00,1.486099238823e+00,-1.514331601481e+00,-1.514331601481e+00,5.646472531439e-02,1.150130284665e-01,1.725195426998e-01,-1.725195426998e-01,1.150130284665e-01,1.150130284665e-01,1.150130284665e-01,1.102945086655e-01,1.654417629982e-01,-1.654417629982e-01,1.102945086655e-01,1.102945086655e-01,1.102945086655e-01
1.198000000000e+00,5.669497184781e-02,-1.485753869023e+00,1.485753869023e+00,-1.514101354947e+00,-1.514101354947e+00,5.669497184781e-02,1.152334486260e-01,1.728501729391e-01,-1.728501729391e-01,1.152334486260e-01,1.152334486260e-01,1.152334486260e-01,1.101255194514e-01,1.651882791771e-01,-1.651882791771e-01,1.101255194514e-01,1.101255194514e-01,1.101255194514e-01
1.200000000000e+00,5.692565888305e-02,-1.485407838470e+00,1.485407838470e+00,-1.513870667912e+00,-1.513870667912e+00,5.692565888305e-02,1.154535300194e-01,1.731802950291e-01,-1.731802950291e-01,1.154535300194e-01,1.154535300194e-01,1.154535300194e-01,1.099557428756e-01,1.649336143135e-01,-1.649336143135e-01,1.099557428756e-01,1.099557428756e-01,1.099557428756e-01
1.202000000000e+00,5.715678574099e-02,-1.485061148183e+00,1.485061148183e+00,-1.513639541054e+00,-1.513639541054e+00,5.715678574099e-02,1.156732710739e-01,1.735099066109e-01,-1.735099066109e-01,1.156732710739e-01,1.156732710739e-01,1.156732710739e-01,1.097851809017e-01,1.646777713526e-01,-1.646777713526e-01,1.097851809017e-01,1.097851809017e-01,1.097851809017e-01
1.204000000000e+00,5.738835173940e-02,-1.484713799186e+00,1.484713799186e+00,-1.513407975055e+00,-1.513407975055e+00,5.738835173940e-02,1.158926702207e-01,1.738390053311e-01,-1.738390053311e-01,1.158926702207e-01,1.158926702207e-01,1.158926702207e-01,1.096138354932e-01,1.644207532398e-01,-1.644207532398e-01,1.096138354932e-01,1.096138354932e-01,1.096138354932e-01
1.206000000000e+00,5.762035619290e-02,-1.484365792506e+00,1.484365792506e+00,-1.513175970602e+00,-1.513175970602e+00,5.762035619290e-02,1.161117258949e-01,1.741675888424e-01,-1.741675888424e-01,1.161117258949e-01,1.161117258949e-01,1.161117258949e-01,1.094417086134e-01,1.641625629201e-01,-1.641625629201e-01,1.094417086134e-01,1.094417086134e-01,1.094417086134e-01
1.208000000000e+00,5.785279841296e-02,-1.484017129175e+00,1.484017129175e+00,-1.512943528382e+00,-1.512943528382e+00,5.785279841296e-02,1.163304365355e-01,1.744956548033e-01,-1.744956548033e-01,1.163304365355e-01,1.163304365355e-01,1.163304365355e-01,1.092688022260e-01,1.639032033390e-01,-1.639032033390e-01,1.092688022260e-01,1.092688022260e-01,1.092688022260e-01
1.210000000000e+00,5.808567770798e-02,-1.483667810233e+00,1.483667810233e+00,-1.512710649087e+00,-1.512710649087e+00,5.808567770798e-02,1.165488005855e-01,1.748232008782e-01,-1.748232008782e-01,1.165488005855e-01,1.165488005855e-01,1.165488005855e-01,1.090951182944e-01,1.636426774416e-01,-1.636426774416e-01,1.090951182944e-01,1.090951182944e-01,1.090951182944e-01
1.212000000000e+00,5.831899338321e-02,-1.483317836720e+00,1.483317836720e+00,-1.512477333412e+00,-1.512477333412e+00,5.831899338321e-02,1.167668164916e-01,1.751502247375e-01,-1.751502247375e-01,1.167668164916e-01,1.167668164916e-01,1.167668164916e-01,1.089206587821e-01,1.633809881732e-01,-1.633809881732e-01,1.089206587821e-01,1.089206587821e-01,1.089206587821e-01
1.214000000000e+00,5.855274474081e-02,-1.482967209684e+00,1.482967209684e+00,-1.512243582054e+00,-1.512243582054e+00,5.855274474081e-02,1.169844827049e-01,1.754767240573e-01,-1.754767240573e-01,1.169844827049e-01,1.169844827049e-01,1.169844827049e-01,1.087454256526e-01,1.631181384790e-01,-1.631181384790e-01,1.087454256526e-01,1.087454256526e-01,1.087454256526e-01
1.216000000000e+00,5.878693107987e-02,-1.482615930175e+00,1.482615930175e+00,-1.512009395715e+00,-1.512009395715e+00,5.878693107987e-02,1.172017976798e-01,1.758026965197e-01,-1.758026965197e-01,1.172017976798e-01,1.172017976798e-01,1.172017976798e-01,1.085694208695e-01,1.628541313042e-01,-1.628541313042e-01,1.085694208695e-01,1.085694208695e-01,1.085694208695e-01
1.218000000000e+00,5.902155169635e-02,-1.482263999250e+00,1.482263999250e+00,-1.511774775099e+00,-1.511774775099e+00,5.902155169635e-02,1.174187598752e-01,1.761281398128e-01,-1.761281398128e-01,1.174187598752e-01,1.174187598752e-01,1.174187598752e-01,1.083926463961e-01,1.625889695941e-01,-1.625889695941e-01,1.083926463961e-01,1.083926463961e-01,1.083926463961e-01
1.220000000000e+00,5.925660588316e-02,-1.481911417970e+00,1.481911417970e+00,-1.511539720912e+00,-1.511539720912e+00,5.925660588316e-02,1.176353677536e-01,1.764530516304e-01,-1.764530516304e-01,1.176353677536e-01,1.176353677536e-01,1.176353677536e-01,1.082151041960e-01,1.623226562940e-01,-1.623226562940e-01,1.082151041960e-01,1.082151041960e-01,1.082151041960e-01
1.222000000000e+00,5.949209293013e-02,-1.481558187400e+00,1.481558187400e+00,-1.511304233865e+00,-1.511304233865e+00,5.949209293013e-02,1.178516197815e-01,1.767774296722e-01,-1.767774296722e-01,1.178516197815e-01,1.178516197815e-01,1.178516197815e-01,1.080367962327e-01,1.620551943491e-01,-1.620551943491e-01,1.080367962327e-01,1.080367962327e-01,1.080367962327e-01
1.224000000000e+00,5.972801212403e-02,-1.481204308609e+00,1.481204308609e+00,-1.511068314671e+00,-1.511068314671e+00,5.972801212403e-02,1.180675144293e-01,1.771012716440e-01,-1.771012716440e-01,1.180675144293e-01,1.180675144293e-01,1.180675144293e-01,1.078577244697e-01,1.617865867046e-01,-1.617865867046e-01,1.078577244697e-01,1.078577244697e-01,1.078577244697e-01
1.226000000000e+00,5.996436274858e-02,-1.480849782672e+00,1.480849782672e+00,-1.510831964046e+00,-1.510831964046e+00,5.996436274858e-02,1.182830501715e-01,1.774245752572e-01,-1.774245752572e-01,1.182830501715e-01,1.182830501715e-01,1.182830501715e-01,1.076778908705e-01,1.615168363058e-01,-1.615168363058e-01,1.076778908705e-01,1.076778908705e-01,1.076778908705e-01
1.228000000000e+00,6.020114408443e-02,-1.480494610668e+00,1.480494610668e+00,-1.510595182710e+00,-1.510595182710e+00,6.020114408443e-02,1.184982254862e-01,1.777473382293e-01,-1.777473382293e-01,1.184982254862e-01,1.184982254862e-01,1.184982254862e-01,1.074972973986e-01,1.612459460978e-01,-1.612459460978e-01,1.074972973986e-01,1.074972973986e-01,1.074972973986e-01
1.230000000000e+00,6.043835540922e-02,-1.480138793681e+00,1.480138793681e+00,-1.510357971386e+00,-1.510357971386e+00,6.043835540922e-02,1.187130388558e-01,1.780695582837e-01,-1.780695582837e-01,1.187130388558e-01,1.187130388558e-01,1.187130388558e-01,1.073159460174e-01,1.609739190261e-01,-1.609739190261e-01,1.073159460174e-01,1.073159460174e-01,1.073159460174e-01
1.232000000000e+00,6.067599599755e-02,-1.479782332799e+00,1.479782332799e+00,-1.510120330797e+00,-1.510120330797e+00,6.067599599755e-02,1.189274887663e-01,1.783912331495e-01,-1.783912331495e-01,1.189274887663e-01,1.189274887663e-01,1.189274887663e-01,1.071338386905e-01,1.607007580357e-01,-1.607007580357e-01,1.071338386905e-01,1.071338386905e-01,1.071338386905e-01
1.234000000000e+00,6.091406512098e-02,-1.479425229113e+00,1.479425229113e+00,-1.509882261674e+00,-1.509882261674e+00,6.091406512098e-02,1.191415737079e-01,1.787123605618e-01,-1.787123605618e-01,1.191415737079e-01,1.191415737079e-01,1.191415737079e-01,1.069509773813e-01,1.604264660720e-01,-1.604264660720e-01,1.069509773813e-01,1.069509773813e-01,1.069509773813e-01
1.236000000000e+00,6.115256204806e-02,-1.479067483723e+00,1.479067483723e+00,-1.509643764747e+00,-1.509643764747e+00,6.115256204806e-02,1.193552921745e-01,1.790329382618e-01,-1.790329382618e-01,1.193552921745e-01,1.193552921745e-01,1.193552921745e-01,1.067673640535e-01,1.601510460802e-01,-1.601510460802e-01,1.067673640535e-01,1.067673640535e-01,1.067673640535e-01
1.238000000000e+00,6.139148604436e-02,-1.478709097728e+00,1.478709097728e+00,-1.509404840751e+00,-1.509404840751e+00,6.139148604436e-02,1.195686426641e-01,1.793529639961e-01,-1.793529639961e-01,1.195686426641e-01,1.195686426641e-01,1.195686426641e-01,1.065830006703e-01,1.598745010055e-01,-1.598745010055e-01,1.065830006703e-01,1.065830006703e-01,1.065830006703e-01
1.240000000000e+00,6.163083637240e-02,-1.478350072236e+00,1.478350072236e+00,-1.509165490422e+00,-1.509165490422e+00,6.163083637240e-02,1.197816236785e-01,1.796724355177e-01,-1.796724355177e-01,1.197816236785e-01,1.197816236785e-01,1.197816236785e-01,1.063978891955e-01,1.595968337932e-01,-1.595968337932e-01,1.063978891955e-01,1.063978891955e-01,1.063978891955e-01
1.242000000000e+00,6.187061229176e-02,-1.477990408357e+00,1.477990408357e+00,-1.508925714503e+00,-1.508925714503e+00,6.187061229176e-02,1.199942337234e-01,1.799913505852e-01,-1.799913505852e-01,1.199942337234e-01,1.199942337234e-01,1.199942337234e-01,1.062120315923e-01,1.593180473885e-01,-1.593180473885e-01,1.062120315923e-01,1.062120315923e-01,1.062120315923e-01
1.244000000000e+00,6.211081305899e-02,-1.477630107206e+00,1.477630107206e+00,-1.508685513736e+00,-1.508685513736e+00,6.211081305899e-02,1.202064713087e-01,1.803097069631e-01,-1.803097069631e-01,1.202064713087e-01,1.202064713087e-01,1.202064713087e-01,1.060254298244e-01,1.590381447366e-01,-1.590381447366e-01,1.060254298244e-01,1.060254298244e-01,1.060254298244e-01
1.246000000000e+00,6.235143792769e-02,-1.477269169903e+00,1.477269169903e+00,-1.508444888867e+00,-1.508444888867e+00,6.235143792769e-02,1.204183349479e-01,1.806275024219e-01,-1.806275024219e-01,1.204183349479e-01,1.204183349479e-01,1.204183349479e-01,1.058380858553e-01,1.587571287829e-01,-1.587571287829e-01,1.058380858553e-01,1.058380858553e-01,1.058380858553e-01
1.248000000000e+00,6.259248614850e-02,-1.476907597572e+00,1.476907597572e+00,-1.508203840646e+00,-1.508203840646e+00,6.259248614850e-02,1.206298231586e-01,1.809447347380e-01,-1.809447347380e-01,1.206298231586e-01,1.206298231586e-01,1.206298231586e-01,1.056500016483e-01,1.584750024725e-01,-1.584750024725e-01,1.056500016483e-01,1.056500016483e-01,1.056500016483e-01
1.250000000000e+00,6.283395696906e-02,-1.476545391341e+00,1.476545391341e+00,-1.507962369826e+00,-1.507962369826e+00,6.283395696906e-02,1.208409344623e-01,1.812614016935e-01,-1.812614016935e-01,1.208409344623e-01,1.208409344623e-01,1.208409344623e-01,1.054611791671e-01,1.581917687507e-01,-1.581917687507e-01,1.054611791671e-01,1.054611791671e-01,1.054611791671e-01
1.252000000000e+00,6.307584963409e-02,-1.476182552344e+00,1.476182552344e+00,-1.507720477161e+00,-1.507720477161e+00,6.307584963409e-02,1.210516673844e-01,1.815775010767e-01,-1.815775010767e-01,1.210516673844e-01,1.210516673844e-01,1.210516673844e-01,1.052716203752e-01,1.579074305627e-01,-1.579074305627e-01,1.052716203752e-01,1.052716203752e-01,1.052716203752e-01
1.254000000000e+00,6.331816338536e-02,-1.475819081717e+00,1.475819081717e+00,-1.507478163410e+00,-1.507478163410e+00,6.331816338536e-02,1.212620204543e-01,1.818930306814e-01,-1.818930306814e-01,1.212620204543e-01,1.212620204543e-01,1.212620204543e-01,1.050813272359e-01,1.576219908538e-01,-1.576219908538e-01,1.050813272359e-01,1.050813272359e-01,1.050813272359e-01
1.256000000000e+00,6.356089746169e-02,-1.475454980602e+00,1.475454980602e+00,-1.507235429333e+00,-1.507235429333e+00,6.356089746169e-02,1.214719922051e-01,1.822079883077e-01,-1.822079883077e-01,1.214719922051e-01,1.214719922051e-01,1.214719922051e-01,1.048903017128e-01,1.573354525693e-01,-1.573354525693e-01,1.048903017128e-01,1.048903017128e-01,1.048903017128e-01
1.258000000000e+00,6.380405109899e-02,-1.475090250146e+00,1.475090250146e+00,-1.506992275696e+00,-1.506992275696e+00,6.380405109899e-02,1.216815811742e-01,1.825223717613e-01,-1.825223717613e-01,1.216815811742e-01,1.216815811742e-01,1.216815811742e-01,1.046985457695e-01,1.570478186543e-01,-1.570478186543e-01,1.046985457695e-01,1.046985457695e-01,1.046985457695e-01
1.260000000000e+00,6.404762353023e-02,-1.474724891500e+00,1.474724891500e+00,-1.506748703265e+00,-1.506748703265e+00,6.404762353023e-02,1.218907859026e-01,1.828361788539e-01,-1.828361788539e-01,1.218907859026e-01,1.218907859026e-01,1.218907859026e-01,1.045060613694e-01,1.567590920541e-01,-1.567590920541e-01,1.045060613694e-01,1.045060613694e-01,1.045060613694e-01
1.262000000000e+00,6.429161398547e-02,-1.474358905817e+00,1.474358905817e+00,-1.506504712809e+00,-1.506504712809e+00,6.429161398547e-02,1.220996049353e-01,1.831494074030e-01,-1.831494074030e-01,1.220996049353e-01,1.220996049353e-01,1.220996049353e-01,1.043128504759e-01,1.564692757139e-01,-1.564692757139e-01,1.043128504759e-01,1.043128504759e-01,1.043128504759e-01
1.264000000000e+00,6.453602169187e-02,-1.473992294257e+00,1.473992294257e+00,-1.506260305103e+00,-1.506260305103e+00,6.453602169187e-02,1.223080368215e-01,1.834620552322e-01,-1.834620552322e-01,1.223080368215e-01,1.223080368215e-01,1.223080368215e-01,1.041189150527e-01,1.561783725790e-01,-1.561783725790e-01,1.041189150527e-01,1.041189150527e-01,1.041189150527e-01
1.266000000000e+00,6.478084587370e-02,-1.473625057984e+00,1.473625057984e+00,-1.506015480921e+00,-1.506015480921e+00,6.478084587370e-02,1.225160801138e-01,1.837741201708e-01,-1.837741201708e-01,1.225160801138e-01,1.225160801138e-01,1.225160801138e-01,1.039242570631e-01,1.558863855947e-01,-1.558863855947e-01,1.039242570631e-01,1.039242570631e-01,1.039242570631e-01
1.268000000000e+00,6.502608575230e-02,-1.473257198166e+00,1.473257198166e+00,-1.505770241043e+00,-1.505770241043e+00,6.502608575230e-02,1.227237333693e-01,1.840856000540e-01,-1.840856000540e-01,1.227237333693e-01,1.227237333693e-01,1.227237333693e-01,1.037288784708e-01,1.555933177061e-01,-1.555933177061e-01,1.037288784708e-01,1.037288784708e-01,1.037288784708e-01
1.270000000000e+00,6.527174054619e-02,-1.472888715976e+00,1.472888715976e+00,-1.505524586249e+00,-1.505524586249e+00,6.527174054619e-02,1.229309951486e-01,1.843964927229e-01,-1.843964927229e-01,1.229309951486e-01,1.229309951486e-01,1.229309951486e-01,1.035327812391e-01,1.552991718586e-01,-1.552991718586e-01,1.035327812391e-01,1.035327812391e-01,1.035327812391e-01
1.272000000000e+00,6.551780947096e-02,-1.472519612588e+00,1.472519612588e+00,-1.505278517324e+00,-1.505278517324e+00,6.551780947096e-02,1.231378640165e-01,1.847067960247e-01,-1.847067960247e-01,1.231378640165e-01,1.231378640165e-01,1.231378640165e-01,1.033359673316e-01,1.550039509973e-01,-1.550039509973e-01,1.033359673316e-01,1.033359673316e-01,1.033359673316e-01
1.274000000000e+00,6.576429173936e-02,-1.472149889186e+00,1.472149889186e+00,-1.505032035056e+00,-1.505032035056e+00,6.576429173936e-02,1.233443385415e-01,1.850165078122e-01,-1.850165078122e-01,1.233443385415e-01,1.233443385415e-01,1.233443385415e-01,1.031384387117e-01,1.547076580676e-01,-1.547076580676e-01,1.031384387117e-01,1.031384387117e-01,1.031384387117e-01
1.276000000000e+00,6.601118656128e-02,-1.471779546953e+00,1.471779546953e+00,-1.504785140234e+00,-1.504785140234e+00,6.601118656128e-02,1.235504172962e-01,1.853256259442e-01,-1.853256259442e-01,1.235504172962e-01,1.235504172962e-01,1.235504172962e-01,1.029401973430e-01,1.544102960146e-01,-1.544102960146e-01,1.029401973430e-01,1.029401973430e-01,1.029401973430e-01
1.278000000000e+00,6.625849314375e-02,-1.471408587079e+00,1.471408587079e+00,-1.504537833651e+00,-1.504537833651e+00,6.625849314375e-02,1.237560988570e-01,1.856341482855e-01,-1.856341482855e-01,1.237560988570e-01,1.237560988570e-01,1.237560988570e-01,1.027412451890e-01,1.541118677835e-01,-1.541118677835e-01,1.027412451890e-01,1.027412451890e-01,1.027412451890e-01
1.280000000000e+00,6.650621069096e-02,-1.471037010758e+00,1.471037010758e+00,-1.504290116104e+00,-1.504290116104e+00,6.650621069096e-02,1.239613818044e-01,1.859420727065e-01,-1.859420727065e-01,1.239613818044e-01,1.239613818044e-01,1.239613818044e-01,1.025415842132e-01,1.538123763198e-01,-1.538123763198e-01,1.025415842132e-01,1.025415842132e-01,1.025415842132e-01
1.282000000000e+00,6.675433840428e-02,-1.470664819188e+00,1.470664819188e+00,-1.504041988391e+00,-1.504041988391e+00,6.675433840428e-02,1.241662647226e-01,1.862493970839e-01,-1.862493970839e-01,1.241662647226e-01,1.241662647226e-01,1.241662647226e-01,1.023412163790e-01,1.535118245685e-01,-1.535118245685e-01,1.023412163790e-01,1.023412163790e-01,1.023412163790e-01
1.284000000000e+00,6.700287548223e-02,-1.470292013572e+00,1.470292013572e+00,-1.503793451313e+00,-1.503793451313e+00,6.700287548223e-02,1.243707462000e-01,1.865561192999e-01,-1.865561192999e-01,1.243707462000e-01,1.243707462000e-01,1.243707462000e-01,1.021401436499e-01,1.532102154749e-01,-1.532102154749e-01,1.021401436499e-01,1.021401436499e-01,1.021401436499e-01
1.286000000000e+00,6.725182112051e-02,-1.469918595114e+00,1.469918595114e+00,-1.503544505674e+00,-1.503544505674e+00,6.725182112051e-02,1.245748248286e-01,1.868622372429e-01,-1.868622372429e-01,1.245748248286e-01,1.245748248286e-01,1.245748248286e-01,1.019383679895e-01,1.529075519843e-01,-1.529075519843e-01,1.019383679895e-01,1.019383679895e-01,1.019383679895e-01
1.288000000000e+00,6.750117451204e-02,-1.469544565027e+00,1.469544565027e+00,-1.503295152283e+00,-1.503295152283e+00,6.750117451204e-02,1.247784992046e-01,1.871677488069e-01,-1.871677488069e-01,1.247784992046e-01,1.247784992046e-01,1.247784992046e-01,1.017358913612e-01,1.526038370418e-01,-1.526038370418e-01,1.017358913612e-01,1.017358913612e-01,1.017358913612e-01
1.290000000000e+00,6.775093484690e-02,-1.469169924525e+00,1.469169924525e+00,-1.503045391948e+00,-1.503045391948e+00,6.775093484690e-02,1.249817679280e-01,1.874726518920e-01,-1.874726518920e-01,1.249817679280e-01,1.249817679280e-01,1.249817679280e-01,1.015327157286e-01,1.522990735929e-01,-1.522990735929e-01,1.015327157286e-01,1.015327157286e-01,1.015327157286e-01
1.292000000000e+00,6.800110131238e-02,-1.468794674826e+00,1.468794674826e+00,-1.502795225483e+00,-1.502795225483e+00,6.800110131238e-02,1.251846296028e-01,1.877769444042e-01,-1.877769444042e-01,1.251846296028e-01,1.251846296028e-01,1.251846296028e-01,1.013288430551e-01,1.519932645826e-01,-1.519932645826e-01,1.013288430551e-01,1.013288430551e-01,1.013288430551e-01
1.294000000000e+00,6.825167309301e-02,-1.468418817155e+00,1.468418817155e+00,-1.502544653702e+00,-1.502544653702e+00,6.825167309301e-02,1.253870828369e-01,1.880806242553e-01,-1.880806242553e-01,1.253870828369e-01,1.253870828369e-01,1.253870828369e-01,1.011242753042e-01,1.516864129563e-01,-1.516864129563e-01,1.011242753042e-01,1.011242753042e-01,1.011242753042e-01
1.296000000000e+00,6.850264937051e-02,-1.468042352739e+00,1.468042352739e+00,-1.502293677424e+00,-1.502293677424e+00,6.850264937051e-02,1.255891262420e-01,1.883836893629e-01,-1.883836893629e-01,1.255891262420e-01,1.255891262420e-01,1.255891262420e-01,1.009190144394e-01,1.513785216592e-01,-1.513785216592e-01,1.009190144394e-01,1.009190144394e-01,1.009190144394e-01
1.298000000000e+00,6.875402932384e-02,-1.467665282809e+00,1.467665282809e+00,-1.502042297471e+00,-1.502042297471e+00,6.875402932384e-02,1.257907584339e-01,1.886861376508e-01,-1.886861376508e-01,1.257907584339e-01,1.257907584339e-01,1.257907584339e-01,1.007130624243e-01,1.510695936365e-01,-1.510695936365e-01,1.007130624243e-01,1.007130624243e-01,1.007130624243e-01
1.300000000000e+00,6.900581212919e-02,-1.467287608601e+00,1.467287608601e+00,-1.501790514666e+00,-1.501790514666e+00,6.900581212919e-02,1.259919780322e-01,1.889879670483e-01,-1.889879670483e-01,1.259919780322e-01,1.259919780322e-01,1.259919780322e-01,1.005064212223e-01,1.507596318334e-01,-1.507596318334e-01,1.005064212223e-01,1.005064212223e-01,1.005064212223e-01
1.302000000000e+00,6.925799695999e-02,-1.466909331355e+00,1.466909331355e+00,-1.501538329835e+00,-1.501538329835e+00,6.925799695999e-02,1.261927836606e-01,1.892891754909e-01,-1.892891754909e-01,1.261927836606e-01,1.261927836606e-01,1.261927836606e-01,1.002990927968e-01,1.504486391953e-01,-1.504486391953e-01,1.002990927968e-01,1.002990927968e-01,1.002990927968e-01
1.304000000000e+00,6.951058298693e-02,-1.466530452314e+00,1.466530452314e+00,-1.501285743808e+00,-1.501285743808e+00,6.951058298693e-02,1.263931739465e-01,1.895897609198e-01,-1.895897609198e-01,1.263931739465e-01,1.263931739465e-01,1.263931739465e-01,1.000910791115e-01,1.501366186673e-01,-1.501366186673e-01,1.000910791115e-01,1.000910791115e-01,1.000910791115e-01
1.306000000000e+00,6.976356937797e-02,-1.466150972728e+00,1.466150972728e+00,-1.501032757417e+00,-1.501032757417e+00,6.976356937797e-02,1.265931475215e-01,1.898897212823e-01,-1.898897212823e-01,1.265931475215e-01,1.265931475215e-01,1.265931475215e-01,9.988238212979e-02,1.498235731947e-01,-1.498235731947e-01,9.988238212979e-02,9.988238212979e-02,9.988238212979e-02
1.308000000000e+00,7.001695529830e-02,-1.465770893847e+00,1.465770893847e+00,-1.500779371497e+00,-1.500779371497e+00,7.001695529830e-02,1.267927030208e-01,1.901890545313e-01,-1.901890545313e-01,1.267927030208e-01,1.267927030208e-01,1.267927030208e-01,9.967300381516e-02,1.495095057227e-01,-1.495095057227e-01,9.967300381516e-02,9.967300381516e-02,9.967300381516e-02
1.310000000000e+00,7.027073991043e-02,-1.465390216929e+00,1.465390216929e+00,-1.500525586884e+00,-1.500525586884e+00,7.027073991043e-02,1.269918390839e-01,1.904877586258e-01,-1.904877586258e-01,1.269918390839e-01,1.269918390839e-01,1.269918390839e-01,9.946294613112e-02,1.491944191967e-01,-1.491944191967e-01,9.946294613112e-02,9.946294613112e-02,9.946294613112e-02
1.312000000000e+00,7.052492237411e-02,-1.465008943234e+00,1.465008943234e+00,-1.500271404421e+00,-1.500271404421e+00,7.052492237411e-02,1.271905543538e-01,1.907858315306e-01,-1.907858315306e-01,1.271905543538e-01,1.271905543538e-01,1.271905543538e-01,9.925221104116e-02,1.488783165617e-01,-1.488783165617e-01,9.925221104116e-02,9.925221104116e-02,9.925221104116e-02
1.314000000000e+00,7.077950184641e-02,-1.464627074025e+00,1.464627074025e+00,-1.500016824948e+00,-1.500016824948e+00,7.077950184641e-02,1.273888474777e-01,1.910832712166e-01,-1.910832712166e-01,1.273888474777e-01,1.273888474777e-01,1.273888474777e-01,9.904080050878e-02,1.485612007632e-01,-1.485612007632e-01,9.904080050878e-02,9.904080050878e-02,9.904080050878e-02
1.316000000000e+00,7.103447748169e-02,-1.464244610572e+00,1.464244610572e+00,-1.499761849313e+00,-1.499761849313e+00,7.103447748169e-02,1.275867171068e-01,1.913800756602e-01,-1.913800756602e-01,1.275867171068e-01,1.275867171068e-01,1.275867171068e-01,9.882871649747e-02,1.482430747462e-01,-1.482430747462e-01,9.882871649747e-02,9.882871649747e-02,9.882871649747e-02
1.318000000000e+00,7.128984843161e-02,-1.463861554147e+00,1.463861554147e+00,-1.499506478363e+00,-1.499506478363e+00,7.128984843161e-02,1.277841618960e-01,1.916762428441e-01,-1.916762428441e-01,1.277841618960e-01,1.277841618960e-01,1.277841618960e-01,9.861596097074e-02,1.479239414561e-01,-1.479239414561e-01,9.861596097074e-02,9.861596097074e-02,9.861596097074e-02
1.320000000000e+00,7.154561384515e-02,-1.463477906027e+00,1.463477906027e+00,-1.499250712950e+00,-1.499250712950e+00,7.154561384515e-02,1.279811805043e-01,1.919717707565e-01,-1.919717707565e-01,1.279811805043e-01,1.279811805043e-01,1.279811805043e-01,9.840253589207e-02,1.476038038381e-01,-1.476038038381e-01,9.840253589207e-02,9.840253589207e-02,9.840253589207e-02
1.322000000000e+00,7.180177286862e-02,-1.463093667492e+00,1.463093667492e+00,-1.498994553926e+00,-1.498994553926e+00,7.180177286862e-02,1.281777715945e-01,1.922666573918e-01,-1.922666573918e-01,1.281777715945e-01,1.281777715945e-01,1.281777715945e-01,9.818844322496e-02,1.472826648374e-01,-1.472826648374e-01,9.818844322496e-02,9.818844322496e-02,9.818844322496e-02
1.324000000000e+00,7.205832464563e-02,-1.462708839826e+00,1.462708839826e+00,-1.498738002149e+00,-1.498738002149e+00,7.205832464563e-02,1.283739338335e-01,1.925609007502e-01,-1.925609007502e-01,1.283739338335e-01,1.283739338335e-01,1.283739338335e-01,9.797368493291e-02,1.469605273994e-01,-1.469605273994e-01,9.797368493291e-02,9.797368493291e-02,9.797368493291e-02
1.326000000000e+00,7.231526831716e-02,-1.462323424319e+00,1.462323424319e+00,-1.498481058478e+00,-1.498481058478e+00,7.231526831716e-02,1.285696658918e-01,1.928544988378e-01,-1.928544988378e-01,1.285696658918e-01,1.285696658918e-01,1.285696658918e-01,9.775826297941e-02,1.466373944691e-01,-1.466373944691e-01,9.775826297941e-02,9.775826297941e-02,9.775826297941e-02
1.328000000000e+00,7.257260302153e-02,-1.461937422263e+00,1.461937422263e+00,-1.498223723773e+00,-1.498223723773e+00,7.257260302153e-02,1.287649664443e-01,1.931474496664e-01,-1.931474496664e-01,1.287649664443e-01,1.287649664443e-01,1.287649664443e-01,9.754217932795e-02,1.463132689919e-01,-1.463132689919e-01,9.754217932795e-02,9.754217932795e-02,9.754217932795e-02
1.330000000000e+00,7.283032789439e-02,-1.461550834953e+00,1.461550834953e+00,-1.497965998901e+00,-1.497965998901e+00,7.283032789439e-02,1.289598341693e-01,1.934397512540e-01,-1.934397512540e-01,1.289598341693e-01,1.289598341693e-01,1.289598341693e-01,9.732543594204e-02,1.459881539131e-01,-1.459881539131e-01,9.732543594204e-02,9.732543594204e-02,9.732543594204e-02
1.332000000000e+00,7.308844206877e-02,-1.461163663692e+00,1.461163663692e+00,-1.497707884726e+00,-1.497707884726e+00,7.308844206877e-02,1.291542677495e-01,1.937314016243e-01,-1.937314016243e-01,1.291542677495e-01,1.291542677495e-01,1.291542677495e-01,9.710803478517e-02,1.456620521778e-01,-1.456620521778e-01,9.710803478517e-02,9.710803478517e-02,9.710803478517e-02
1.334000000000e+00,7.334694467508e-02,-1.460775909782e+00,1.460775909782e+00,-1.497449382120e+00,-1.497449382120e+00,7.334694467508e-02,1.293482658713e-01,1.940223988069e-01,-1.940223988069e-01,1.293482658713e-01,1.293482658713e-01,1.293482658713e-01,9.688997782084e-02,1.453349667313e-01,-1.453349667313e-01,9.688997782084e-02,9.688997782084e-02,9.688997782084e-02
1.336000000000e+00,7.360583484108e-02,-1.460387574533e+00,1.460387574533e+00,-1.497190491954e+00,-1.497190491954e+00,7.360583484108e-02,1.295418272249e-01,1.943127408374e-01,-1.943127408374e-01,1.295418272249e-01,1.295418272249e-01,1.295418272249e-01,9.667126701253e-02,1.450069005188e-01,-1.450069005188e-01,9.667126701253e-02,9.667126701253e-02,9.667126701253e-02
1.338000000000e+00,7.386511169193e-02,-1.459998659257e+00,1.459998659257e+00,-1.496931215103e+00,-1.496931215103e+00,7.386511169193e-02,1.297349505047e-01,1.946024257571e-01,-1.946024257571e-01,1.297349505047e-01,1.297349505047e-01,1.297349505047e-01,9.645190432374e-02,1.446778564856e-01,-1.446778564856e-01,9.645190432374e-02,9.645190432374e-02,9.645190432374e-02
1.340000000000e+00,7.412477435018e-02,-1.459609165270e+00,1.459609165270e+00,-1.496671552445e+00,-1.496671552445e+00,7.412477435018e-02,1.299276344089e-01,1.948914516134e-01,-1.948914516134e-01,1.299276344089e-01,1.299276344089e-01,1.299276344089e-01,9.623189171798e-02,1.443478375770e-01,-1.443478375770e-01,9.623189171798e-02,9.623189171798e-02,9.623189171798e-02
1.342000000000e+00,7.438482193578e-02,-1.459219093891e+00,1.459219093891e+00,-1.496411504859e+00,-1.496411504859e+00,7.438482193578e-02,1.301198776396e-01,1.951798164594e-01,-1.951798164594e-01,1.301198776396e-01,1.301198776396e-01,1.301198776396e-01,9.601123115873e-02,1.440168467381e-01,-1.440168467381e-01,9.601123115873e-02,9.601123115873e-02,9.601123115873e-02
1.344000000000e+00,7.464525356610e-02,-1.458828446446e+00,1.458828446446e+00,-1.496151073229e+00,-1.496151073229e+00,7.464525356610e-02,1.303116789029e-01,1.954675183543e-01,-1.954675183543e-01,1.303116789029e-01,1.303116789029e-01,1.303116789029e-01,9.578992460949e-02,1.436848869142e-01,-1.436848869142e-01,9.578992460949e-02,9.578992460949e-02,9.578992460949e-02
1.346000000000e+00,7.490606835589e-02,-1.458437224261e+00,1.458437224261e+00,-1.495890258439e+00,-1.495890258439e+00,7.490606835589e-02,1.305030369087e-01,1.957545553631e-01,-1.957545553631e-01,1.305030369087e-01,1.305030369087e-01,1.305030369087e-01,9.556797403375e-02,1.433519610506e-01,-1.433519610506e-01,9.556797403375e-02,9.556797403375e-02,9.556797403375e-02
1.348000000000e+00,7.516726541737e-02,-1.458045428669e+00,1.458045428669e+00,-1.495629061378e+00,-1.495629061378e+00,7.516726541737e-02,1.306939503710e-01,1.960409255565e-01,-1.960409255565e-01,1.306939503710e-01,1.306939503710e-01,1.306939503710e-01,9.534538139502e-02,1.430180720925e-01,-1.430180720925e-01,9.534538139502e-02,9.534538139502e-02,9.534538139502e-02
1.350000000000e+00,7.542884386016e-02,-1.457653061005e+00,1.457653061005e+00,-1.495367482935e+00,-1.495367482935e+00,7.542884386016e-02,1.308844180076e-01,1.963266270113e-01,-1.963266270113e-01,1.308844180076e-01,1.308844180076e-01,1.308844180076e-01,9.512214865679e-02,1.426832229852e-01,-1.426832229852e-01,9.512214865679e-02,9.512214865679e-02,9.512214865679e-02
1.352000000000e+00,7.569080279133e-02,-1.457260122608e+00,1.457260122608e+00,-1.495105524004e+00,-1.495105524004e+00,7.569080279133e-02,1.310744385402e-01,1.966116578103e-01,-1.966116578103e-01,1.310744385402e-01,1.310744385402e-01,1.310744385402e-01,9.489827778255e-02,1.423474166738e-01,-1.423474166738e-01,9.489827778255e-02,9.489827778255e-02,9.489827778255e-02
1.354000000000e+00,7.595314131540e-02,-1.456866614822e+00,1.456866614822e+00,-1.494843185479e+00,-1.494843185479e+00,7.595314131540e-02,1.312640106946e-01,1.968960160419e-01,-1.968960160419e-01,1.312640106946e-01,1.312640106946e-01,1.312640106946e-01,9.467377073579e-02,1.420106561037e-01,-1.420106561037e-01,9.467377073579e-02,9.467377073579e-02,9.467377073579e-02
1.356000000000e+00,7.621585853434e-02,-1.456472538993e+00,1.456472538993e+00,-1.494580468261e+00,-1.494580468261e+00,7.621585853434e-02,1.314531332003e-01,1.971796998005e-01,-1.971796998005e-01,1.314531332003e-01,1.314531332003e-01,1.314531332003e-01,9.444862948002e-02,1.416729442200e-01,-1.416729442200e-01,9.444862948002e-02,9.444862948002e-02,9.444862948002e-02
1.358000000000e+00,7.647895354759e-02,-1.456077896474e+00,1.456077896474e+00,-1.494317373247e+00,-1.494317373247e+00,7.647895354759e-02,1.316418047910e-01,1.974627071865e-01,-1.974627071865e-01,1.316418047910e-01,1.316418047910e-01,1.316418047910e-01,9.422285597873e-02,1.413342839681e-01,-1.413342839681e-01,9.422285597873e-02,9.422285597873e-02,9.422285597873e-02
1.360000000000e+00,7.674242545205e-02,-1.455682688617e+00,1.455682688617e+00,-1.494053901343e+00,-1.494053901343e+00,7.674242545205e-02,1.318300242041e-01,1.977450363061e-01,-1.977450363061e-01,1.318300242041e-01,1.318300242041e-01,1.318300242041e-01,9.399645219541e-02,1.409946782931e-01,-1.409946782931e-01,9.399645219541e-02,9.399645219541e-02,9.399645219541e-02
1.362000000000e+00,7.700627334212e-02,-1.455286916782e+00,1.455286916782e+00,-1.493790053453e+00,-1.493790053453e+00,7.700627334212e-02,1.320177901809e-01,1.980266852714e-01,-1.980266852714e-01,1.320177901809e-01,1.320177901809e-01,1.320177901809e-01,9.376942009356e-02,1.406541301403e-01,-1.406541301403e-01,9.376942009356e-02,9.376942009356e-02,9.376942009356e-02
1.364000000000e+00,7.727049630965e-02,-1.454890582330e+00,1.454890582330e+00,-1.493525830485e+00,-1.493525830485e+00,7.727049630965e-02,1.322051014669e-01,1.983076522003e-01,-1.983076522003e-01,1.322051014669e-01,1.322051014669e-01,1.322051014669e-01,9.354176163667e-02,1.403126424550e-01,-1.403126424550e-01,9.354176163667e-02,9.354176163667e-02,9.354176163667e-02
1.366000000000e+00,7.753509344402e-02,-1.454493686629e+00,1.454493686629e+00,-1.493261233351e+00,-1.493261233351e+00,7.753509344402e-02,1.323919568112e-01,1.985879352168e-01,-1.985879352168e-01,1.323919568112e-01,1.323919568112e-01,1.323919568112e-01,9.331347878825e-02,1.399702181824e-01,-1.399702181824e-01,9.331347878825e-02,9.331347878825e-02,9.331347878825e-02
1.368000000000e+00,7.780006383210e-02,-1.454096231047e+00,1.454096231047e+00,-1.492996262963e+00,-1.492996262963e+00,7.780006383210e-02,1.325783549671e-01,1.988675324506e-01,-1.988675324506e-01,1.325783549671e-01,1.325783549671e-01,1.325783549671e-01,9.308457351178e-02,1.396268602677e-01,-1.396268602677e-01,9.308457351178e-02,9.308457351178e-02,9.308457351178e-02
1.370000000000e+00,7.806540655827e-02,-1.453698216957e+00,1.453698216957e+00,-1.492730920237e+00,-1.492730920237e+00,7.806540655827e-02,1.327642946916e-01,1.991464420374e-01,-1.991464420374e-01,1.327642946916e-01,1.327642946916e-01,1.327642946916e-01,9.285504777076e-02,1.392825716561e-01,-1.392825716561e-01,9.285504777076e-02,9.285504777076e-02,9.285504777076e-02
1.372000000000e+00,7.833112070442e-02,-1.453299645738e+00,1.453299645738e+00,-1.492465206090e+00,-1.492465206090e+00,7.833112070442e-02,1.329497747458e-01,1.994246621187e-01,-1.994246621187e-01,1.329497747458e-01,1.329497747458e-01,1.329497747458e-01,9.262490352868e-02,1.389373552930e-01,-1.389373552930e-01,9.262490352868e-02,9.262490352868e-02,9.262490352868e-02
1.374000000000e+00,7.859720534998e-02,-1.452900518770e+00,1.452900518770e+00,-1.492199121445e+00,-1.492199121445e+00,7.859720534998e-02,1.331347938947e-01,1.997021908420e-01,-1.997021908420e-01,1.331347938947e-01,1.331347938947e-01,1.331347938947e-01,9.239414274905e-02,1.385912141236e-01,-1.385912141236e-01,9.239414274905e-02,9.239414274905e-02,9.239414274905e-02
1.376000000000e+00,7.886365957191e-02,-1.452500837437e+00,1.452500837437e+00,-1.491932667223e+00,-1.491932667223e+00,7.886365957191e-02,1.333193509071e-01,1.999790263606e-01,-1.999790263606e-01,1.333193509071e-01,1.333193509071e-01,1.333193509071e-01,9.216276739536e-02,1.382441510930e-01,-1.382441510930e-01,9.216276739536e-02,9.216276739536e-02,9.216276739536e-02
1.378000000000e+00,7.913048244470e-02,-1.452100603128e+00,1.452100603128e+00,-1.491665844350e+00,-1.491665844350e+00,7.913048244470e-02,1.335034445559e-01,2.002551668338e-01,-2.002551668338e-01,1.335034445559e-01,1.335034445559e-01,1.335034445559e-01,9.193077943110e-02,1.378961691466e-01,-1.378961691466e-01,9.193077943110e-02,9.193077943110e-02,9.193077943110e-02
1.380000000000e+00,7.939767304041e-02,-1.451699817234e+00,1.451699817234e+00,-1.491398653754e+00,-1.491398653754e+00,7.939767304041e-02,1.336870736177e-01,2.005306104266e-01,-2.005306104266e-01,1.336870736177e-01,1.336870736177e-01,1.336870736177e-01,9.169818081976e-02,1.375472712296e-01,-1.375472712296e-01,9.169818081976e-02,9.169818081976e-02,9.169818081976e-02
1.382000000000e+00,7.966523042863e-02,-1.451298481152e+00,1.451298481152e+00,-1.491131096366e+00,-1.491131096366e+00,7.966523042863e-02,1.338702368733e-01,2.008053553100e-01,-2.008053553100e-01,1.338702368733e-01,1.338702368733e-01,1.338702368733e-01,9.146497352485e-02,1.371974602873e-01,-1.371974602873e-01,9.146497352485e-02,9.146497352485e-02,9.146497352485e-02
1.384000000000e+00,7.993315367655e-02,-1.450896596280e+00,1.450896596280e+00,-1.490863173118e+00,-1.490863173118e+00,7.993315367655e-02,1.340529331073e-01,2.010793996610e-01,-2.010793996610e-01,1.340529331073e-01,1.340529331073e-01,1.340529331073e-01,9.123115950986e-02,1.368467392648e-01,-1.368467392648e-01,9.123115950986e-02,9.123115950986e-02,9.123115950986e-02
1.386000000000e+00,8.020144184891e-02,-1.450494164022e+00,1.450494164022e+00,-1.490594884946e+00,-1.490594884946e+00,8.020144184891e-02,1.342351611082e-01,2.013527416623e-01,-2.013527416623e-01,1.342351611082e-01,1.342351611082e-01,1.342351611082e-01,9.099674073829e-02,1.364951111074e-01,-1.364951111074e-01,9.099674073829e-02,9.099674073829e-02,9.099674073829e-02
1.388000000000e+00,8.047009400803e-02,-1.450091185783e+00,1.450091185783e+00,-1.490326232787e+00,-1.490326232787e+00,8.047009400803e-02,1.344169196684e-01,2.016253795026e-01,-2.016253795026e-01,1.344169196684e-01,1.344169196684e-01,1.344169196684e-01,9.076171917362e-02,1.361425787604e-01,-1.361425787604e-01,9.076171917362e-02,9.076171917362e-02,9.076171917362e-02
1.390000000000e+00,8.073910921382e-02,-1.449687662974e+00,1.449687662974e+00,-1.490057217581e+00,-1.490057217581e+00,8.073910921382e-02,1.345982075844e-01,2.018973113765e-01,-2.018973113765e-01,1.345982075844e-01,1.345982075844e-01,1.345982075844e-01,9.052609677936e-02,1.357891451690e-01,-1.357891451690e-01,9.052609677936e-02,9.052609677936e-02,9.052609677936e-02
1.392000000000e+00,8.100848652380e-02,-1.449283597009e+00,1.449283597009e+00,-1.489787840271e+00,-1.489787840271e+00,8.100848652380e-02,1.347790236563e-01,2.021685354845e-01,-2.021685354845e-01,1.347790236563e-01,1.347790236563e-01,1.347790236563e-01,9.028987551900e-02,1.354348132785e-01,-1.354348132785e-01,9.028987551900e-02,9.028987551900e-02,9.028987551900e-02
1.394000000000e+00,8.127822499308e-02,-1.448878989305e+00,1.448878989305e+00,-1.489518101802e+00,-1.489518101802e+00,8.127822499308e-02,1.349593666885e-01,2.024390500327e-01,-2.024390500327e-01,1.349593666885e-01,1.349593666885e-01,1.349593666885e-01,9.005305735603e-02,1.350795860340e-01,-1.350795860340e-01,9.005305735603e-02,9.005305735603e-02,9.005305735603e-02
1.396000000000e+00,8.154832367440e-02,-1.448473841283e+00,1.448473841283e+00,-1.489248003120e+00,-1.489248003120e+00,8.154832367440e-02,1.351392354891e-01,2.027088532337e-01,-2.027088532337e-01,1.351392354891e-01,1.351392354891e-01,1.351392354891e-01,8.981564425395e-02,1.347234663809e-01,-1.347234663809e-01,8.981564425395e-02,8.981564425395e-02,8.981564425395e-02
1.398000000000e+00,8.181878161809e-02,-1.448068154368e+00,1.448068154368e+00,-1.488977545177e+00,-1.488977545177e+00,8.181878161809e-02,1.353186288702e-01,2.029779433053e-01,-2.029779433053e-01,1.353186288702e-01,1.353186288702e-01,1.353186288702e-01,8.957763817627e-02,1.343664572644e-01,-1.343664572644e-01,8.957763817627e-02,8.957763817627e-02,8.957763817627e-02
1.400000000000e+00,8.208959787214e-02,-1.447661929987e+00,1.447661929987e+00,-1.488706728923e+00,-1.488706728923e+00,8.208959787214e-02,1.354975456478e-01,2.032463184717e-01,-2.032463184717e-01,1.354975456478e-01,1.354975456478e-01,1.354975456478e-01,8.933904108646e-02,1.340085616297e-01,-1.340085616297e-01,8.933904108646e-02,8.933904108646e-02,8.933904108646e-02
1.402000000000e+00,8.236077148216e-02,-1.447255169572e+00,1.447255169572e+00,-1.488435555313e+00,-1.488435555313e+00,8.236077148216e-02,1.356759846418e-01,2.035139769628e-01,-2.035139769628e-01,1.356759846418e-01,1.356759846418e-01,1.356759846418e-01,8.909985494803e-02,1.336497824220e-01,-1.336497824220e-01,8.909985494803e-02,8.909985494803e-02,8.909985494803e-02
1.404000000000e+00,8.263230149141e-02,-1.446847874558e+00,1.446847874558e+00,-1.488164025303e+00,-1.488164025303e+00,8.263230149141e-02,1.358539446762e-01,2.037809170143e-01,-2.037809170143e-01,1.358539446762e-01,1.358539446762e-01,1.358539446762e-01,8.886008172448e-02,1.332901225867e-01,-1.332901225867e-01,8.886008172448e-02,8.886008172448e-02,8.886008172448e-02
1.406000000000e+00,8.290418694078e-02,-1.446440046384e+00,1.446440046384e+00,-1.487892139854e+00,-1.487892139854e+00,8.290418694078e-02,1.360314245787e-01,2.040471368680e-01,-2.040471368680e-01,1.360314245787e-01,1.360314245787e-01,1.360314245787e-01,8.861972337929e-02,1.329295850689e-01,-1.329295850689e-01,8.861972337929e-02,8.861972337929e-02,8.861972337929e-02
1.408000000000e+00,8.317642686885e-02,-1.446031686492e+00,1.446031686492e+00,-1.487619899926e+00,-1.487619899926e+00,8.317642686885e-02,1.362084231809e-01,2.043126347714e-01,-2.043126347714e-01,1.362084231809e-01,1.362084231809e-01,1.362084231809e-01,8.837878187596e-02,1.325681728139e-01,-1.325681728139e-01,8.837878187596e-02,8.837878187596e-02,8.837878187596e-02
1.410000000000e+00,8.344902031186e-02,-1.445622796327e+00,1.445622796327e+00,-1.487347306483e+00,-1.487347306483e+00,8.344902031186e-02,1.363849393187e-01,2.045774089781e-01,-2.045774089781e-01,1.363849393187e-01,1.363849393187e-01,1.363849393187e-01,8.813725917800e-02,1.322058887670e-01,-1.322058887670e-01,8.813725917800e-02,8.813725917800e-02,8.813725917800e-02
1.412000000000e+00,8.372196630371e-02,-1.445213377339e+00,1.445213377339e+00,-1.487074360491e+00,-1.487074360491e+00,8.372196630371e-02,1.365609718315e-01,2.048414577473e-01,-2.048414577473e-01,1.365609718315e-01,1.365609718315e-01,1.365609718315e-01,8.789515724889e-02,1.318427358733e-01,-1.318427358733e-01,8.789515724889e-02,8.789515724889e-02,8.789515724889e-02
1.414000000000e+00,8.399526387600e-02,-1.444803430981e+00,1.444803430981e+00,-1.486801062919e+00,-1.486801062919e+00,8.399526387600e-02,1.367365195629e-01,2.051047793443e-01,-2.051047793443e-01,1.367365195629e-01,1.367365195629e-01,1.367365195629e-01,8.765247805213e-02,1.314787170782e-01,-1.314787170782e-01,8.765247805213e-02,8.765247805213e-02,8.765247805213e-02
1.416000000000e+00,8.426891205801e-02,-1.444392958708e+00,1.444392958708e+00,-1.486527414737e+00,-1.486527414737e+00,8.426891205801e-02,1.369115813602e-01,2.053673720403e-01,-2.053673720403e-01,1.369115813602e-01,1.369115813602e-01,1.369115813602e-01,8.740922355121e-02,1.311138353268e-01,-1.311138353268e-01,8.740922355121e-02,8.740922355121e-02,8.740922355121e-02
1.418000000000e+00,8.454290987672e-02,-1.443981961980e+00,1.443981961980e+00,-1.486253416918e+00,-1.486253416918e+00,8.454290987672e-02,1.370861560748e-01,2.056292341122e-01,-2.056292341122e-01,1.370861560748e-01,1.370861560748e-01,1.370861560748e-01,8.716539570964e-02,1.307480935645e-01,-1.307480935645e-01,8.716539570964e-02,8.716539570964e-02,8.716539570964e-02
1.420000000000e+00,8.481725635682e-02,-1.443570442260e+00,1.443570442260e+00,-1.485979070438e+00,-1.485979070438e+00,8.481725635682e-02,1.372602425621e-01,2.058903638431e-01,-2.058903638431e-01,1.372602425621e-01,1.372602425621e-01,1.372602425621e-01,8.692099649090e-02,1.303814947363e-01,-1.303814947363e-01,8.692099649090e-02,8.692099649090e-02,8.692099649090e-02
1.422000000000e+00,8.509195052072e-02,-1.443158401014e+00,1.443158401014e+00,-1.485704376274e+00,-1.485704376274e+00,8.509195052072e-02,1.374338396812e-01,2.061507595218e-01,-2.061507595218e-01,1.374338396812e-01,1.374338396812e-01,1.374338396812e-01,8.667602785849e-02,1.300140417877e-01,-1.300140417877e-01,8.667602785849e-02,8.667602785849e-02,8.667602785849e-02
1.424000000000e+00,8.536699138854e-02,-1.442745839712e+00,1.442745839712e+00,-1.485429335406e+00,-1.485429335406e+00,8.536699138854e-02,1.376069462952e-01,2.064104194428e-01,-2.064104194428e-01,1.376069462952e-01,1.376069462952e-01,1.376069462952e-01,8.643049177591e-02,1.296457376639e-01,-1.296457376639e-01,8.643049177591e-02,8.643049177591e-02,8.643049177591e-02
1.426000000000e+00,8.564237797814e-02,-1.442332759828e+00,1.442332759828e+00,-1.485153948817e+00,-1.485153948817e+00,8.564237797814e-02,1.377795612713e-01,2.066693419069e-01,-2.066693419069e-01,1.377795612713e-01,1.377795612713e-01,1.377795612713e-01,8.618439020666e-02,1.292765853100e-01,-1.292765853100e-01,8.618439020666e-02,8.618439020666e-02,8.618439020666e-02
1.428000000000e+00,8.591810930512e-02,-1.441919162837e+00,1.441919162837e+00,-1.484878217490e+00,-1.484878217490e+00,8.591810930512e-02,1.379516834804e-01,2.069275252206e-01,-2.069275252206e-01,1.379516834804e-01,1.379516834804e-01,1.379516834804e-01,8.593772511422e-02,1.289065876713e-01,-1.289065876713e-01,8.593772511422e-02,8.593772511422e-02,8.593772511422e-02
1.430000000000e+00,8.619418438280e-02,-1.441505050221e+00,1.441505050221e+00,-1.484602142412e+00,-1.484602142412e+00,8.619418438280e-02,1.381233117974e-01,2.071849676961e-01,-2.071849676961e-01,1.381233117974e-01,1.381233117974e-01,1.381233117974e-01,8.569049846209e-02,1.285357476931e-01,-1.285357476931e-01,8.569049846209e-02,8.569049846209e-02,8.569049846209e-02
1.432000000000e+00,8.647060222230e-02,-1.441090423461e+00,1.441090423461e+00,-1.484325724573e+00,-1.484325724573e+00,8.647060222230e-02,1.382944451012e-01,2.074416676517e-01,-2.074416676517e-01,1.382944451012e-01,1.382944451012e-01,1.382944451012e-01,8.544271221377e-02,1.281640683207e-01,-1.281640683207e-01,8.544271221377e-02,8.544271221377e-02,8.544271221377e-02
1.434000000000e+00,8.674736183245e-02,-1.440675284046e+00,1.440675284046e+00,-1.484048964962e+00,-1.484048964962e+00,8.674736183245e-02,1.384650822745e-01,2.076976234117e-01,-2.076976234117e-01,1.384650822745e-01,1.384650822745e-01,1.384650822745e-01,8.519436833276e-02,1.277915524991e-01,-1.277915524991e-01,8.519436833276e-02,8.519436833276e-02,8.519436833276e-02
1.436000000000e+00,8.702446221990e-02,-1.440259633465e+00,1.440259633465e+00,-1.483771864575e+00,-1.483771864575e+00,8.702446221990e-02,1.386352222040e-01,2.079528333061e-01,-2.079528333061e-01,1.386352222040e-01,1.386352222040e-01,1.386352222040e-01,8.494546878254e-02,1.274182031738e-01,-1.274182031738e-01,8.494546878254e-02,8.494546878254e-02,8.494546878254e-02
1.438000000000e+00,8.730190238903e-02,-1.439843473211e+00,1.439843473211e+00,-1.483494424406e+00,-1.483494424406e+00,8.730190238903e-02,1.388048637805e-01,2.082072956707e-01,-2.082072956707e-01,1.388048637805e-01,1.388048637805e-01,1.388048637805e-01,8.469601552662e-02,1.270440232899e-01,-1.270440232899e-01,8.469601552662e-02,8.469601552662e-02,8.469601552662e-02
1.440000000000e+00,8.757968134205e-02,-1.439426804782e+00,1.439426804782e+00,-1.483216645453e+00,-1.483216645453e+00,8.757968134205e-02,1.389740058983e-01,2.084610088475e-01,-2.084610088475e-01,1.389740058983e-01,1.389740058983e-01,1.389740058983e-01,8.444601052849e-02,1.266690157927e-01,-1.266690157927e-01,8.444601052849e-02,8.444601052849e-02,8.444601052849e-02
1.442000000000e+00,8.785779807892e-02,-1.439009629677e+00,1.439009629677e+00,-1.482938528716e+00,-1.482938528716e+00,8.785779807892e-02,1.391426474561e-01,2.087139711841e-01,-2.087139711841e-01,1.391426474561e-01,1.391426474561e-01,1.391426474561e-01,8.419545575165e-02,1.262931836275e-01,-1.262931836275e-01,8.419545575165e-02,8.419545575165e-02,8.419545575165e-02
1.444000000000e+00,8.813625159743e-02,-1.438591949399e+00,1.438591949399e+00,-1.482660075197e+00,-1.482660075197e+00,8.813625159743e-02,1.393107873561e-01,2.089661810342e-01,-2.089661810342e-01,1.393107873561e-01,1.393107873561e-01,1.393107873561e-01,8.394435315959e-02,1.259165297394e-01,-1.259165297394e-01,8.394435315959e-02,8.394435315959e-02,8.394435315959e-02
1.446000000000e+00,8.841504089318e-02,-1.438173765455e+00,1.438173765455e+00,-1.482381285902e+00,-1.482381285902e+00,8.841504089318e-02,1.394784245048e-01,2.092176367572e-01,-2.092176367572e-01,1.394784245048e-01,1.394784245048e-01,1.394784245048e-01,8.369270471580e-02,1.255390570737e-01,-1.255390570737e-01,8.369270471580e-02,8.369270471580e-02,8.369270471580e-02
1.448000000000e+00,8.869416495956e-02,-1.437755079356e+00,1.437755079356e+00,-1.482102161835e+00,-1.482102161835e+00,8.869416495956e-02,1.396455578124e-01,2.094683367186e-01,-2.094683367186e-01,1.396455578124e-01,1.396455578124e-01,1.396455578124e-01,8.344051238379e-02,1.251607685757e-01,-1.251607685757e-01,8.344051238379e-02,8.344051238379e-02,8.344051238379e-02
1.450000000000e+00,8.897362278781e-02,-1.437335892613e+00,1.437335892613e+00,-1.481822704007e+00,-1.481822704007e+00,8.897362278781e-02,1.398121861931e-01,2.097182792896e-01,-2.097182792896e-01,1.398121861931e-01,1.398121861931e-01,1.398121861931e-01,8.318777812704e-02,1.247816671906e-01,-1.247816671906e-01,8.318777812704e-02,8.318777812704e-02,8.318777812704e-02
1.452000000000e+00,8.925341336699e-02,-1.436916206744e+00,1.436916206744e+00,-1.481542913428e+00,-1.481542913428e+00,8.925341336699e-02,1.399783085649e-01,2.099674628474e-01,-2.099674628474e-01,1.399783085649e-01,1.399783085649e-01,1.399783085649e-01,8.293450390905e-02,1.244017558636e-01,-1.244017558636e-01,8.293450390905e-02,8.293450390905e-02,8.293450390905e-02
1.454000000000e+00,8.953353568401e-02,-1.436496023269e+00,1.436496023269e+00,-1.481262791111e+00,-1.481262791111e+00,8.953353568401e-02,1.401439238500e-01,2.102158857750e-01,-2.102158857750e-01,1.401439238500e-01,1.401439238500e-01,1.401439238500e-01,8.268069169333e-02,1.240210375400e-01,-1.240210375400e-01,8.268069169333e-02,8.268069169333e-02,8.268069169333e-02
1.456000000000e+00,8.981398872362e-02,-1.436075343709e+00,1.436075343709e+00,-1.480982338071e+00,-1.480982338071e+00,8.981398872362e-02,1.403090309743e-01,2.104635464615e-01,-2.104635464615e-01,1.403090309743e-01,1.403090309743e-01,1.403090309743e-01,8.242634344335e-02,1.236395151650e-01,-1.236395151650e-01,8.242634344335e-02,8.242634344335e-02,8.242634344335e-02
1.458000000000e+00,9.009477146842e-02,-1.435654169592e+00,1.435654169592e+00,-1.480701555326e+00,-1.480701555326e+00,9.009477146842e-02,1.404736288678e-01,2.107104433016e-01,-2.107104433016e-01,1.404736288678e-01,1.404736288678e-01,1.404736288678e-01,8.217146112263e-02,1.232571916839e-01,-1.232571916839e-01,8.217146112263e-02,8.217146112263e-02,8.217146112263e-02
1.460000000000e+00,9.037588289889e-02,-1.435232502447e+00,1.435232502447e+00,-1.480420443896e+00,-1.480420443896e+00,9.037588289889e-02,1.406377164641e-01,2.109565746961e-01,-2.109565746961e-01,1.406377164641e-01,1.406377164641e-01,1.406377164641e-01,8.191604669465e-02,1.228740700420e-01,-1.228740700420e-01,8.191604669465e-02,8.191604669465e-02,8.191604669465e-02
1.462000000000e+00,9.065732199337e-02,-1.434810343805e+00,1.434810343805e+00,-1.480139004802e+00,-1.480139004802e+00,9.065732199337e-02,1.408012927011e-01,2.112019390517e-01,-2.112019390517e-01,1.408012927011e-01,1.408012927011e-01,1.408012927011e-01,8.166010212291e-02,1.224901531844e-01,-1.224901531844e-01,8.166010212291e-02,8.166010212291e-02,8.166010212291e-02
1.464000000000e+00,9.093908772808e-02,-1.434387695203e+00,1.434387695203e+00,-1.479857239067e+00,-1.479857239067e+00,9.093908772808e-02,1.409643565205e-01,2.114465347807e-01,-2.114465347807e-01,1.409643565205e-01,1.409643565205e-01,1.409643565205e-01,8.140362937090e-02,1.221054440564e-01,-1.221054440564e-01,8.140362937090e-02,8.140362937090e-02,8.140362937090e-02
1.466000000000e+00,9.122117907714e-02,-1.433964558179e+00,1.433964558179e+00,-1.479575147718e+00,-1.479575147718e+00,9.122117907714e-02,1.411269068678e-01,2.116903603017e-01,-2.116903603017e-01,1.411269068678e-01,1.411269068678e-01,1.411269068678e-01,8.114663040213e-02,1.217199456032e-01,-1.217199456032e-01,8.114663040213e-02,8.114663040213e-02,8.114663040213e-02
1.468000000000e+00,9.150359501254e-02,-1.433540934276e+00,1.433540934276e+00,-1.479292731782e+00,-1.479292731782e+00,9.150359501254e-02,1.412889426926e-01,2.119334140389e-01,-2.119334140389e-01,1.412889426926e-01,1.412889426926e-01,1.412889426926e-01,8.088910718008e-02,1.213336607701e-01,-1.213336607701e-01,8.088910718008e-02,8.088910718008e-02,8.088910718008e-02
1.470000000000e+00,9.178633450420e-02,-1.433116825039e+00,1.433116825039e+00,-1.479009992291e+00,-1.479009992291e+00,9.178633450420e-02,1.414504629483e-01,2.121756944225e-01,-2.121756944225e-01,1.414504629483e-01,1.414504629483e-01,1.414504629483e-01,8.063106166825e-02,1.209465925024e-01,-1.209465925024e-01,8.063106166825e-02,8.063106166825e-02,8.063106166825e-02
1.472000000000e+00,9.206939651992e-02,-1.432692232015e+00,1.432692232015e+00,-1.478726930275e+00,-1.478726930275e+00,9.206939651992e-02,1.416114665924e-01,2.124171998885e-01,-2.124171998885e-01,1.416114665924e-01,1.416114665924e-01,1.416114665924e-01,8.037249583014e-02,1.205587437452e-01,-1.205587437452e-01,8.037249583014e-02,8.037249583014e-02,8.037249583014e-02
1.474000000000e+00,9.235278002546e-02,-1.432267156757e+00,1.432267156757e+00,-1.478443546769e+00,-1.478443546769e+00,9.235278002546e-02,1.417719525860e-01,2.126579288791e-01,-2.126579288791e-01,1.417719525860e-01,1.417719525860e-01,1.417719525860e-01,8.011341162924e-02,1.201701174439e-01,-1.201701174439e-01,8.011341162924e-02,8.011341162924e-02,8.011341162924e-02
1.476000000000e+00,9.263648398448e-02,-1.431841600818e+00,1.431841600818e+00,-1.478159842810e+00,-1.478159842810e+00,9.263648398448e-02,1.419319198946e-01,2.128978798419e-01,-2.128978798419e-01,1.419319198946e-01,1.419319198946e-01,1.419319198946e-01,7.985381102905e-02,1.197807165436e-01,-1.197807165436e-01,7.985381102905e-02,7.985381102905e-02,7.985381102905e-02
1.478000000000e+00,9.292050735857e-02,-1.431415565757e+00,1.431415565757e+00,-1.477875819436e+00,-1.477875819436e+00,9.292050735857e-02,1.420913674872e-01,2.131370512308e-01,-2.131370512308e-01,1.420913674872e-01,1.420913674872e-01,1.420913674872e-01,7.959369599307e-02,1.193905439896e-01,-1.193905439896e-01,7.959369599307e-02,7.959369599307e-02,7.959369599307e-02
1.480000000000e+00,9.320484910727e-02,-1.430989053134e+00,1.430989053134e+00,-1.477591477688e+00,-1.477591477688e+00,9.320484910727e-02,1.422502943369e-01,2.133754415054e-01,-2.133754415054e-01,1.422502943369e-01,1.422502943369e-01,1.422502943369e-01,7.933306848478e-02,1.189996027272e-01,-1.189996027272e-01,7.933306848478e-02,7.933306848478e-02,7.933306848478e-02
1.482000000000e+00,9.348950818807e-02,-1.430562064513e+00,1.430562064513e+00,-1.477306818607e+00,-1.477306818607e+00,9.348950818807e-02,1.424086994208e-01,2.136130491312e-01,-2.136130491312e-01,1.424086994208e-01,1.424086994208e-01,1.424086994208e-01,7.907193046768e-02,1.186078957015e-01,-1.186078957015e-01,7.907193046768e-02,7.907193046768e-02,7.907193046768e-02
1.484000000000e+00,9.377448355643e-02,-1.430134601460e+00,1.430134601460e+00,-1.477021843238e+00,-1.477021843238e+00,9.377448355643e-02,1.425665817198e-01,2.138498725797e-01,-2.138498725797e-01,1.425665817198e-01,1.425665817198e-01,1.425665817198e-01,7.881028390527e-02,1.182154258579e-01,-1.182154258579e-01,7.881028390527e-02,7.881028390527e-02,7.881028390527e-02
1.486000000000e+00,9.405977416575e-02,-1.429706665546e+00,1.429706665546e+00,-1.476736552629e+00,-1.476736552629e+00,9.405977416575e-02,1.427239402187e-01,2.140859103281e-01,-2.140859103281e-01,1.427239402187e-01,1.427239402187e-01,1.427239402187e-01,7.854813076105e-02,1.178221961416e-01,-1.178221961416e-01,7.854813076105e-02,7.854813076105e-02,7.854813076105e-02
1.488000000000e+00,9.434537896743e-02,-1.429278258344e+00,1.429278258344e+00,-1.476450947827e+00,-1.476450947827e+00,9.434537896743e-02,1.428807739064e-01,2.143211608596e-01,-2.143211608596e-01,1.428807739064e-01,1.428807739064e-01,1.428807739064e-01,7.828547299851e-02,1.174282094978e-01,-1.174282094978e-01,7.828547299851e-02,7.828547299851e-02,7.828547299851e-02
1.490000000000e+00,9.463129691083e-02,-1.428849381429e+00,1.428849381429e+00,-1.476165029884e+00,-1.476165029884e+00,9.463129691083e-02,1.430370817756e-01,2.145556226634e-01,-2.145556226634e-01,1.430370817756e-01,1.430370817756e-01,1.430370817756e-01,7.802231258114e-02,1.170334688717e-01,-1.170334688717e-01,7.802231258114e-02,7.802231258114e-02,7.802231258114e-02
1.492000000000e+00,9.491752694331e-02,-1.428420036380e+00,1.428420036380e+00,-1.475878799852e+00,-1.475878799852e+00,9.491752694331e-02,1.431928628229e-01,2.147892942344e-01,-2.147892942344e-01,1.431928628229e-01,1.431928628229e-01,1.431928628229e-01,7.775865147245e-02,1.166379772087e-01,-1.166379772087e-01,7.775865147245e-02,7.775865147245e-02,7.775865147245e-02
1.494000000000e+00,9.520406801024e-02,-1.427990224780e+00,1.427990224780e+00,-1.475592258785e+00,-1.475592258785e+00,9.520406801024e-02,1.433481160490e-01,2.150221740735e-01,-2.150221740735e-01,1.433481160490e-01,1.433481160490e-01,1.433481160490e-01,7.749449163592e-02,1.162417374539e-01,-1.162417374539e-01,7.749449163592e-02,7.749449163592e-02,7.749449163592e-02
1.496000000000e+00,9.549091905497e-02,-1.427559948212e+00,1.427559948212e+00,-1.475305407740e+00,-1.475305407740e+00,9.549091905497e-02,1.435028404583e-01,2.152542606875e-01,-2.152542606875e-01,1.435028404583e-01,1.435028404583e-01,1.435028404583e-01,7.722983503505e-02,1.158447525526e-01,-1.158447525526e-01,7.722983503505e-02,7.722983503505e-02,7.722983503505e-02
1.498000000000e+00,9.577807901887e-02,-1.427129208267e+00,1.427129208267e+00,-1.475018247776e+00,-1.475018247776e+00,9.577807901887e-02,1.436570350593e-01,2.154855525889e-01,-2.154855525889e-01,1.436570350593e-01,1.436570350593e-01,1.436570350593e-01,7.696468363334e-02,1.154470254500e-01,-1.154470254500e-01,7.696468363334e-02,7.696468363334e-02,7.696468363334e-02
1.500000000000e+00,9.606554684134e-02,-1.426698006533e+00,1.426698006533e+00,-1.474730779954e+00,-1.474730779954e+00,9.606554684134e-02,1.438106988643e-01,2.157160482964e-01,-2.157160482964e-01,1.438106988643e-01,1.438106988643e-01,1.438106988643e-01,7.669903939428e-02,1.150485590914e-01,-1.150485590914e-01,7.669903939428e-02,7.669903939428e-02,7.669903939428e-02
1.502000000000e+00,9.635332145980e-02,-1.426266344605e+00,1.426266344605e+00,-1.474443005335e+00,-1.474443005335e+00,9.635332145980e-02,1.439638308896e-01,2.159457463344e-01,-2.159457463344e-01,1.439638308896e-01,1.439638308896e-01,1.439638308896e-01,7.643290428137e-02,1.146493564221e-01,-1.146493564221e-01,7.643290428137e-02,7.643290428137e-02,7.643290428137e-02
1.504000000000e+00,9.664140180972e-02,-1.425834224080e+00,1.425834224080e+00,-1.474154924985e+00,-1.474154924985e+00,9.664140180972e-02,1.441164301555e-01,2.161746452332e-01,-2.161746452332e-01,1.441164301555e-01,1.441164301555e-01,1.441164301555e-01,7.616628025810e-02,1.142494203872e-01,-1.142494203872e-01,7.616628025810e-02,7.616628025810e-02,7.616628025810e-02
1.506000000000e+00,9.692978682460e-02,-1.425401646558e+00,1.425401646558e+00,-1.473866539970e+00,-1.473866539970e+00,9.692978682460e-02,1.442684956860e-01,2.164027435290e-01,-2.164027435290e-01,1.442684956860e-01,1.442684956860e-01,1.442684956860e-01,7.589916928798e-02,1.138487539320e-01,-1.138487539320e-01,7.589916928798e-02,7.589916928798e-02,7.589916928798e-02
1.508000000000e+00,9.721847543600e-02,-1.424968613641e+00,1.424968613641e+00,-1.473577851359e+00,-1.473577851359e+00,9.721847543600e-02,1.444200265093e-01,2.166300397639e-01,-2.166300397639e-01,1.444200265093e-01,1.444200265093e-01,1.444200265093e-01,7.563157333448e-02,1.134473600017e-01,-1.134473600017e-01,7.563157333448e-02,7.563157333448e-02,7.563157333448e-02
1.510000000000e+00,9.750746657352e-02,-1.424535126935e+00,1.424535126935e+00,-1.473288860221e+00,-1.473288860221e+00,9.750746657352e-02,1.445710216573e-01,2.168565324860e-01,-2.168565324860e-01,1.445710216573e-01,1.445710216573e-01,1.445710216573e-01,7.536349436112e-02,1.130452415417e-01,-1.130452415417e-01,7.536349436112e-02,7.536349436112e-02,7.536349436112e-02
1.512000000000e+00,9.779675916487e-02,-1.424101188048e+00,1.424101188048e+00,-1.472999567630e+00,-1.472999567630e+00,9.779675916487e-02,1.447214801660e-01,2.170822202491e-01,-2.170822202491e-01,1.447214801660e-01,1.447214801660e-01,1.447214801660e-01,7.509493433138e-02,1.126424014971e-01,-1.126424014971e-01,7.509493433138e-02,7.509493433138e-02,7.509493433138e-02
1.514000000000e+00,9.808635213579e-02,-1.423666798591e+00,1.423666798591e+00,-1.472709974659e+00,-1.472709974659e+00,9.808635213579e-02,1.448714010753e-01,2.173071016129e-01,-2.173071016129e-01,1.448714010753e-01,1.448714010753e-01,1.448714010753e-01,7.482589520876e-02,1.122388428131e-01,-1.122388428131e-01,7.482589520876e-02,7.482589520876e-02,7.482589520876e-02
1.516000000000e+00,9.837624441013e-02,-1.423231960180e+00,1.423231960180e+00,-1.472420082385e+00,-1.472420082385e+00,9.837624441013e-02,1.450207834288e-01,2.175311751432e-01,-2.175311751432e-01,1.450207834288e-01,1.450207834288e-01,1.450207834288e-01,7.455637895675e-02,1.118345684351e-01,-1.118345684351e-01,7.455637895675e-02,7.455637895675e-02,7.455637895675e-02
1.518000000000e+00,9.866643490983e-02,-1.422796674430e+00,1.422796674430e+00,-1.472129891885e+00,-1.472129891885e+00,9.866643490983e-02,1.451696262743e-01,2.177544394115e-01,-2.177544394115e-01,1.451696262743e-01,1.451696262743e-01,1.451696262743e-01,7.428638753886e-02,1.114295813083e-01,-1.114295813083e-01,7.428638753886e-02,7.428638753886e-02,7.428638753886e-02
1.520000000000e+00,9.895692255492e-02,-1.422360942963e+00,1.422360942963e+00,-1.471839404240e+00,-1.471839404240e+00,9.895692255492e-02,1.453179286635e-01,2.179768929952e-01,-2.179768929952e-01,1.453179286635e-01,1.453179286635e-01,1.453179286635e-01,7.401592291858e-02,1.110238843779e-01,-1.110238843779e-01,7.401592291858e-02,7.401592291858e-02,7.401592291858e-02
1.522000000000e+00,9.924770626355e-02,-1.421924767400e+00,1.421924767400e+00,-1.471548620531e+00,-1.471548620531e+00,9.924770626355e-02,1.454656896518e-01,2.181985344777e-01,-2.181985344777e-01,1.454656896518e-01,1.454656896518e-01,1.454656896518e-01,7.374498705939e-02,1.106174805891e-01,-1.106174805891e-01,7.374498705939e-02,7.374498705939e-02,7.374498705939e-02
1.524000000000e+00,9.953878495197e-02,-1.421488149367e+00,1.421488149367e+00,-1.471257541843e+00,-1.471257541843e+00,9.953878495197e-02,1.456129082989e-01,2.184193624483e-01,-2.184193624483e-01,1.456129082989e-01,1.456129082989e-01,1.456129082989e-01,7.347358192480e-02,1.102103728872e-01,-1.102103728872e-01,7.347358192480e-02,7.347358192480e-02,7.347358192480e-02
1.526000000000e+00,9.983015753456e-02,-1.421051090493e+00,1.421051090493e+00,-1.470966169260e+00,-1.470966169260e+00,9.983015753456e-02,1.457595836680e-01,2.186393755020e-01,-2.186393755020e-01,1.457595836680e-01,1.457595836680e-01,1.457595836680e-01,7.320170947831e-02,1.098025642175e-01,-1.098025642175e-01,7.320170947831e-02,7.320170947831e-02,7.320170947831e-02
1.528000000000e+00,1.001218229238e-01,-1.420613592409e+00,1.420613592409e+00,-1.470674503871e+00,-1.470674503871e+00,1.001218229238e-01,1.459057148265e-01,2.188585722398e-01,-2.188585722398e-01,1.459057148265e-01,1.459057148265e-01,1.459057148265e-01,7.292937168340e-02,1.093940575251e-01,-1.093940575251e-01,7.292937168341e-02,7.292937168341e-02,7.292937168340e-02
1.530000000000e+00,1.004137800304e-01,-1.420175656749e+00,1.420175656749e+00,-1.470382546764e+00,-1.470382546764e+00,1.004137800304e-01,1.460513008458e-01,2.190769512687e-01,-2.190769512687e-01,1.460513008458e-01,1.460513008458e-01,1.460513008458e-01,7.265657050358e-02,1.089848557554e-01,-1.089848557554e-01,7.265657050358e-02,7.265657050358e-02,7.265657050358e-02
1.532000000000e+00,1.007060277632e-01,-1.419737285150e+00,1.419737285150e+00,-1.470090299032e+00,-1.470090299032e+00,1.007060277632e-01,1.461963408009e-01,2.192945112014e-01,-2.192945112014e-01,1.461963408009e-01,1.461963408009e-01,1.461963408009e-01,7.238330790234e-02,1.085749618535e-01,-1.085749618535e-01,7.238330790234e-02,7.238330790234e-02,7.238330790234e-02
1.534000000000e+00,1.009985650290e-01,-1.419298479251e+00,1.419298479251e+00,-1.469797761766e+00,-1.469797761766e+00,1.009985650290e-01,1.463408337711e-01,2.195112506566e-01,-2.195112506566e-01,1.463408337711e-01,1.463408337711e-01,1.463408337711e-01,7.210958584317e-02,1.081643787648e-01,-1.081643787648e-01,7.210958584317e-02,7.210958584317e-02,7.210958584317e-02
1.536000000000e+00,1.012913907330e-01,-1.418859240695e+00,1.418859240695e+00,-1.469504936062e+00,-1.469504936062e+00,1.012913907330e-01,1.464847788393e-01,2.197271682590e-01,-2.197271682590e-01,1.464847788393e-01,1.464847788393e-01,1.464847788393e-01,7.183540628957e-02,1.077531094344e-01,-1.077531094344e-01,7.183540628957e-02,7.183540628957e-02,7.183540628957e-02
1.538000000000e+00,1.015845037785e-01,-1.418419571127e+00,1.418419571127e+00,-1.469211823016e+00,-1.469211823016e+00,1.015845037785e-01,1.466281750926e-01,2.199422626389e-01,-2.199422626389e-01,1.466281750926e-01,1.466281750926e-01,1.466281750926e-01,7.156077120504e-02,1.073411568076e-01,-1.073411568076e-01,7.156077120504e-02,7.156077120504e-02,7.156077120504e-02
1.540000000000e+00,1.018779030669e-01,-1.417979472195e+00,1.417979472195e+00,-1.468918423728e+00,-1.468918423728e+00,1.018779030669e-01,1.467710216218e-01,2.201565324326e-01,-2.201565324326e-01,1.467710216218e-01,1.467710216218e-01,1.467710216218e-01,7.128568255307e-02,1.069285238296e-01,-1.069285238296e-01,7.128568255307e-02,7.128568255307e-02,7.128568255307e-02
1.542000000000e+00,1.021715874979e-01,-1.417538945548e+00,1.417538945548e+00,-1.468624739297e+00,-1.468624739297e+00,1.021715874979e-01,1.469133175217e-01,2.203699762826e-01,-2.203699762826e-01,1.469133175217e-01,1.469133175217e-01,1.469133175217e-01,7.101014229715e-02,1.065152134457e-01,-1.065152134457e-01,7.101014229715e-02,7.101014229715e-02,7.101014229715e-02
1.544000000000e+00,1.024655559693e-01,-1.417097992841e+00,1.417097992841e+00,-1.468330770826e+00,-1.468330770826e+00,1.024655559693e-01,1.470550618912e-01,2.205825928368e-01,-2.205825928368e-01,1.470550618912e-01,1.470550618912e-01,1.470550618912e-01,7.073415240078e-02,1.061012286012e-01,-1.061012286012e-01,7.073415240078e-02,7.073415240078e-02,7.073415240078e-02
1.546000000000e+00,1.027598073771e-01,-1.416656615729e+00,1.416656615729e+00,-1.468036519418e+00,-1.468036519418e+00,1.027598073771e-01,1.471962538329e-01,2.207943807493e-01,-2.207943807493e-01,1.471962538329e-01,1.471962538329e-01,1.471962538329e-01,7.045771482746e-02,1.056865722412e-01,-1.056865722412e-01,7.045771482746e-02,7.045771482746e-02,7.045771482746e-02
1.548000000000e+00,1.030543406157e-01,-1.416214815871e+00,1.416214815871e+00,-1.467741986179e+00,-1.467741986179e+00,1.030543406157e-01,1.473368924534e-01,2.210053386800e-01,-2.210053386800e-01,1.473368924534e-01,1.473368924534e-01,1.473368924534e-01,7.018083154069e-02,1.052712473110e-01,-1.052712473110e-01,7.018083154069e-02,7.018083154069e-02,7.018083154069e-02
1.550000000000e+00,1.033491545775e-01,-1.415772594929e+00,1.415772594929e+00,-1.467447172217e+00,-1.467447172217e+00,1.033491545775e-01,1.474769768632e-01,2.212154652948e-01,-2.212154652948e-01,1.474769768632e-01,1.474769768632e-01,1.474769768632e-01,6.990350450395e-02,1.048552567559e-01,-1.048552567559e-01,6.990350450395e-02,6.990350450395e-02,6.990350450395e-02
1.552000000000e+00,1.036442481531e-01,-1.415329954565e+00,1.415329954565e+00,-1.467152078642e+00,-1.467152078642e+00,1.036442481531e-01,1.476165061768e-01,2.214247592653e-01,-2.214247592653e-01,1.476165061768e-01,1.476165061768e-01,1.476165061768e-01,6.962573568074e-02,1.044386035211e-01,-1.044386035211e-01,6.962573568074e-02,6.962573568074e-02,6.962573568074e-02
1.554000000000e+00,1.039396202315e-01,-1.414886896448e+00,1.414886896448e+00,-1.466856706563e+00,-1.466856706563e+00,1.039396202315e-01,1.477554795127e-01,2.216332192690e-01,-2.216332192690e-01,1.477554795127e-01,1.477554795127e-01,1.477554795127e-01,6.934752703457e-02,1.040212905518e-01,-1.040212905518e-01,6.934752703457e-02,6.934752703457e-02,6.934752703457e-02
1.556000000000e+00,1.042352696999e-01,-1.414443422245e+00,1.414443422245e+00,-1.466561057095e+00,-1.466561057095e+00,1.042352696999e-01,1.478938959931e-01,2.218408439896e-01,-2.218408439896e-01,1.478938959931e-01,1.478938959931e-01,1.478938959931e-01,6.906888052891e-02,1.036033207934e-01,-1.036033207934e-01,6.906888052891e-02,6.906888052891e-02,6.906888052891e-02
1.558000000000e+00,1.045311954437e-01,-1.413999533629e+00,1.413999533629e+00,-1.466265131351e+00,-1.466265131351e+00,1.045311954437e-01,1.480317547442e-01,2.220476321163e-01,-2.220476321163e-01,1.480317547442e-01,1.480317547442e-01,1.480317547442e-01,6.878979812728e-02,1.031846971909e-01,-1.031846971909e-01,6.878979812728e-02,6.878979812728e-02,6.878979812728e-02
1.560000000000e+00,1.048273963465e-01,-1.413555232275e+00,1.413555232275e+00,-1.465968930448e+00,-1.465968930448e+00,1.048273963465e-01,1.481690548963e-01,2.222535823444e-01,-2.222535823444e-01,1.481690548963e-01,1.481690548963e-01,1.481690548963e-01,6.851028179316e-02,1.027654226897e-01,-1.027654226897e-01,6.851028179316e-02,6.851028179316e-02,6.851028179316e-02
1.562000000000e+00,1.051238712903e-01,-1.413110519859e+00,1.413110519859e+00,-1.465672455505e+00,-1.465672455505e+00,1.051238712903e-01,1.483057955834e-01,2.224586933751e-01,-2.224586933751e-01,1.483057955834e-01,1.483057955834e-01,1.483057955834e-01,6.823033349005e-02,1.023455002351e-01,-1.023455002351e-01,6.823033349005e-02,6.823033349005e-02,6.823033349005e-02
1.564000000000e+00,1.054206191553e-01,-1.412665398062e+00,1.412665398062e+00,-1.465375707640e+00,-1.465375707640e+00,1.054206191553e-01,1.484419759436e-01,2.226629639154e-01,-2.226629639154e-01,1.484419759436e-01,1.484419759436e-01,1.484419759436e-01,6.794995518145e-02,1.019249327722e-01,-1.019249327722e-01,6.794995518145e-02,6.794995518145e-02,6.794995518145e-02
1.566000000000e+00,1.057176388200e-01,-1.412219868565e+00,1.412219868565e+00,-1.465078687975e+00,-1.465078687975e+00,1.057176388200e-01,1.485775951188e-01,2.228663926782e-01,-2.228663926782e-01,1.485775951188e-01,1.485775951188e-01,1.485775951188e-01,6.766914883084e-02,1.015037232463e-01,-1.015037232463e-01,6.766914883084e-02,6.766914883084e-02,6.766914883084e-02
1.568000000000e+00,1.060149291611e-01,-1.411773933053e+00,1.411773933053e+00,-1.464781397634e+00,-1.464781397634e+00,1.060149291611e-01,1.487126522549e-01,2.230689783823e-01,-2.230689783823e-01,1.487126522549e-01,1.487126522549e-01,1.487126522549e-01,6.738791640174e-02,1.010818746026e-01,-1.010818746026e-01,6.738791640174e-02,6.738791640174e-02,6.738791640174e-02
1.570000000000e+00,1.063124890537e-01,-1.411327593214e+00,1.411327593214e+00,-1.464483837741e+00,-1.464483837741e+00,1.063124890537e-01,1.488471465016e-01,2.232707197525e-01,-2.232707197525e-01,1.488471465016e-01,1.488471465016e-01,1.488471465016e-01,6.710625985762e-02,1.006593897864e-01,-1.006593897864e-01,6.710625985762e-02,6.710625985762e-02,6.710625985762e-02
1.572000000000e+00,1.066103173713e-01,-1.410880850738e+00,1.410880850738e+00,-1.464186009424e+00,-1.464186009424e+00,1.066103173713e-01,1.489810770129e-01,2.234716155193e-01,-2.234716155193e-01,1.489810770129e-01,1.489810770129e-01,1.489810770129e-01,6.682418116200e-02,1.002362717430e-01,-1.002362717430e-01,6.682418116200e-02,6.682418116200e-02,6.682418116200e-02
1.574000000000e+00,1.069084129854e-01,-1.410433707317e+00,1.410433707317e+00,-1.463887913810e+00,-1.463887913810e+00,1.069084129854e-01,1.491144429462e-01,2.236716644192e-01,-2.236716644192e-01,1.491144429462e-01,1.491144429462e-01,1.491144429462e-01,6.654168227835e-02,9.981252341753e-02,-9.981252341753e-02,6.654168227835e-02,6.654168227835e-02,6.654168227835e-02
1.576000000000e+00,1.072067747661e-01,-1.409986164646e+00,1.409986164646e+00,-1.463589552029e+00,-1.463589552029e+00,1.072067747661e-01,1.492472434632e-01,2.238708651947e-01,-2.238708651947e-01,1.492472434632e-01,1.492472434632e-01,1.492472434632e-01,6.625876517018e-02,9.938814775528e-02,-9.938814775528e-02,6.625876517018e-02,6.625876517018e-02,6.625876517018e-02
1.578000000000e+00,1.075054015817e-01,-1.409538224422e+00,1.409538224422e+00,-1.463290925213e+00,-1.463290925213e+00,1.075054015817e-01,1.493794777293e-01,2.240692165940e-01,-2.240692165940e-01,1.493794777293e-01,1.493794777293e-01,1.493794777293e-01,6.597543180099e-02,9.896314770149e-02,-9.896314770149e-02,6.597543180099e-02,6.597543180099e-02,6.597543180099e-02
1.580000000000e+00,1.078042922990e-01,-1.409089888346e+00,1.409089888346e+00,-1.462992034496e+00,-1.462992034496e+00,1.078042922990e-01,1.495111449142e-01,2.242667173712e-01,-2.242667173712e-01,1.495111449142e-01,1.495111449142e-01,1.495111449142e-01,6.569168413427e-02,9.853752620140e-02,-9.853752620140e-02,6.569168413427e-02,6.569168413427e-02,6.569168413427e-02
1.582000000000e+00,1.081034457828e-01,-1.408641158121e+00,1.408641158121e+00,-1.462692881012e+00,-1.462692881012e+00,1.081034457828e-01,1.496422441910e-01,2.244633662865e-01,-2.244633662865e-01,1.496422441910e-01,1.496422441910e-01,1.496422441910e-01,6.540752413351e-02,9.811128620026e-02,-9.811128620026e-02,6.540752413351e-02,6.540752413351e-02,6.540752413351e-02
1.584000000000e+00,1.084028608966e-01,-1.408192035450e+00,1.408192035450e+00,-1.462393465898e+00,-1.462393465898e+00,1.084028608966e-01,1.497727747371e-01,2.246591621057e-01,-2.246591621057e-01,1.497727747371e-01,1.497727747371e-01,1.497727747371e-01,6.512295376221e-02,9.768443064331e-02,-9.768443064331e-02,6.512295376221e-02,6.512295376221e-02,6.512295376221e-02
1.586000000000e+00,1.087025365020e-01,-1.407742522042e+00,1.407742522042e+00,-1.462093790293e+00,-1.462093790293e+00,1.087025365020e-01,1.499027357338e-01,2.248541036006e-01,-2.248541036006e-01,1.499027357338e-01,1.499027357338e-01,1.499027357338e-01,6.483797498386e-02,9.725696247579e-02,-9.725696247579e-02,6.483797498386e-02,6.483797498386e-02,6.483797498386e-02
1.588000000000e+00,1.090024714593e-01,-1.407292619606e+00,1.407292619606e+00,-1.461793855336e+00,-1.461793855336e+00,1.090024714593e-01,1.500321263661e-01,2.250481895491e-01,-2.250481895491e-01,1.500321263661e-01,1.500321263661e-01,1.500321263661e-01,6.455258976196e-02,9.682888464295e-02,-9.682888464295e-02,6.455258976196e-02,6.455258976196e-02,6.455258976196e-02
1.590000000000e+00,1.093026646267e-01,-1.406842329855e+00,1.406842329855e+00,-1.461493662168e+00,-1.461493662168e+00,1.093026646267e-01,1.501609458232e-01,2.252414187347e-01,-2.252414187347e-01,1.501609458232e-01,1.501609458232e-01,1.501609458232e-01,6.426680006002e-02,9.640020009002e-02,-9.640020009002e-02,6.426680006002e-02,6.426680006002e-02,6.426680006002e-02
1.592000000000e+00,1.096031148612e-01,-1.406391654503e+00,1.406391654503e+00,-1.461193211934e+00,-1.461193211934e+00,1.096031148612e-01,1.502891932980e-01,2.254337899470e-01,-2.254337899470e-01,1.502891932980e-01,1.502891932980e-01,1.502891932980e-01,6.398060784151e-02,9.597091176226e-02,-9.597091176226e-02,6.398060784151e-02,6.398060784151e-02,6.398060784151e-02
1.594000000000e+00,1.099038210180e-01,-1.405940595268e+00,1.405940595268e+00,-1.460892505777e+00,-1.460892505777e+00,1.099038210180e-01,1.504168679875e-01,2.256253019812e-01,-2.256253019812e-01,1.504168679875e-01,1.504168679875e-01,1.504168679875e-01,6.369401506994e-02,9.554102260490e-02,-9.554102260490e-02,6.369401506994e-02,6.369401506994e-02,6.369401506994e-02
1.596000000000e+00,1.102047819508e-01,-1.405489153869e+00,1.405489153869e+00,-1.460591544844e+00,-1.460591544844e+00,1.102047819508e-01,1.505439690925e-01,2.258159536388e-01,-2.258159536388e-01,1.505439690925e-01,1.505439690925e-01,1.505439690925e-01,6.340702370880e-02,9.511053556320e-02,-9.511053556320e-02,6.340702370880e-02,6.340702370880e-02,6.340702370880e-02
1.598000000000e+00,1.105059965115e-01,-1.405037332028e+00,1.405037332028e+00,-1.460290330283e+00,-1.460290330283e+00,1.105059965115e-01,1.506704958179e-01,2.260057437269e-01,-2.260057437269e-01,1.506704958179e-01,1.506704958179e-01,1.506704958179e-01,6.311963572158e-02,9.467945358238e-02,-9.467945358238e-02,6.311963572158e-02,6.311963572158e-02,6.311963572158e-02
1.600000000000e+00,1.108074635506e-01,-1.404585131469e+00,1.404585131469e+00,-1.459988863244e+00,-1.459988863244e+00,1.108074635506e-01,1.507964473723e-01,2.261946710585e-01,-2.261946710585e-01,1.507964473723e-01,1.507964473723e-01,1.507964473723e-01,6.283185307180e-02,9.424777960769e-02,-9.424777960769e-02,6.283185307180e-02,6.283185307180e-02,6.283185307180e-02
1.602000000000e+00,1.111091819170e-01,-1.404132553919e+00,1.404132553919e+00,-1.459687144878e+00,-1.459687144878e+00,1.111091819170e-01,1.509218229684e-01,2.263827344526e-01,-2.263827344526e-01,1.509218229684e-01,1.509218229684e-01,1.509218229684e-01,6.254367772293e-02,9.381551658439e-02,-9.381551658439e-02,6.254367772293e-02,6.254367772293e-02,6.254367772293e-02
1.604000000000e+00,1.114111504580e-01,-1.403679601108e+00,1.403679601108e+00,-1.459385176337e+00,-1.459385176337e+00,1.114111504580e-01,1.510466218227e-01,2.265699327341e-01,-2.265699327341e-01,1.510466218227e-01,1.510466218227e-01,1.510466218227e-01,6.225511163847e-02,9.338266745770e-02,-9.338266745770e-02,6.225511163847e-02,6.225511163847e-02,6.225511163847e-02
1.606000000000e+00,1.117133680193e-01,-1.403226274766e+00,1.403226274766e+00,-1.459082958776e+00,-1.459082958776e+00,1.117133680193e-01,1.511708431558e-01,2.267562647336e-01,-2.267562647336e-01,1.511708431558e-01,1.511708431558e-01,1.511708431558e-01,6.196615678192e-02,9.294923517288e-02,-9.294923517288e-02,6.196615678192e-02,6.196615678192e-02,6.196615678192e-02
1.608000000000e+00,1.120158334451e-01,-1.402772576627e+00,1.402772576627e+00,-1.458780493350e+00,-1.458780493350e+00,1.120158334451e-01,1.512944861920e-01,2.269417292880e-01,-2.269417292880e-01,1.512944861920e-01,1.512944861920e-01,1.512944861920e-01,6.167681511678e-02,9.251522267517e-02,-9.251522267517e-02,6.167681511678e-02,6.167681511678e-02,6.167681511678e-02
1.610000000000e+00,1.123185455780e-01,-1.402318508428e+00,1.402318508428e+00,-1.458477781217e+00,-1.458477781217e+00,1.123185455780e-01,1.514175501597e-01,2.271263252395e-01,-2.271263252395e-01,1.514175501597e-01,1.514175501597e-01,1.514175501597e-01,6.138708860653e-02,9.208063290980e-02,-9.208063290980e-02,6.138708860653e-02,6.138708860653e-02,6.138708860653e-02
1.612000000000e+00,1.126215032592e-01,-1.401864071906e+00,1.401864071906e+00,-1.458174823536e+00,-1.458174823536e+00,1.126215032592e-01,1.515400342911e-01,2.273100514367e-01,-2.273100514367e-01,1.515400342911e-01,1.515400342911e-01,1.515400342911e-01,6.109697921469e-02,9.164546882203e-02,-9.164546882203e-02,6.109697921469e-02,6.109697921469e-02,6.109697921469e-02
1.614000000000e+00,1.129247053281e-01,-1.401409268803e+00,1.401409268803e+00,-1.457871621467e+00,-1.457871621467e+00,1.129247053281e-01,1.516619378226e-01,2.274929067339e-01,-2.274929067339e-01,1.516619378226e-01,1.516619378226e-01,1.516619378226e-01,6.080648890473e-02,9.120973335709e-02,-9.120973335709e-02,6.080648890473e-02,6.080648890473e-02,6.080648890473e-02
1.616000000000e+00,1.132281506229e-01,-1.400954100861e+00,1.400954100861e+00,-1.457568176172e+00,-1.457568176172e+00,1.132281506229e-01,1.517832599941e-01,2.276748899912e-01,-2.276748899912e-01,1.517832599941e-01,1.517832599941e-01,1.517832599941e-01,6.051561964016e-02,9.077342946024e-02,-9.077342946024e-02,6.051561964016e-02,6.051561964016e-02,6.051561964016e-02
1.618000000000e+00,1.135318379800e-01,-1.400498569825e+00,1.400498569825e+00,-1.457264488815e+00,-1.457264488815e+00,1.135318379800e-01,1.519040000498e-01,2.278560000747e-01,-2.278560000747e-01,1.519040000498e-01,1.519040000498e-01,1.519040000498e-01,6.022437338447e-02,9.033656007670e-02,-9.033656007670e-02,6.022437338447e-02,6.022437338447e-02,6.022437338447e-02
1.620000000000e+00,1.138357662345e-01,-1.400042677443e+00,1.400042677443e+00,-1.456960560560e+00,-1.456960560560e+00,1.138357662345e-01,1.520241572376e-01,2.280362358565e-01,-2.280362358565e-01,1.520241572376e-01,1.520241572376e-01,1.520241572376e-01,5.993275210115e-02,8.989912815173e-02,-8.989912815173e-02,5.993275210115e-02,5.993275210115e-02,5.993275210115e-02
1.622000000000e+00,1.141399342199e-01,-1.399586425465e+00,1.399586425465e+00,-1.456656392575e+00,-1.456656392575e+00,1.141399342199e-01,1.521437308095e-01,2.282155962143e-01,-2.282155962143e-01,1.521437308095e-01,1.521437308095e-01,1.521437308095e-01,5.964075775371e-02,8.946113663057e-02,-8.946113663057e-02,5.964075775371e-02,5.964075775371e-02,5.964075775371e-02
1.624000000000e+00,1.144443407682e-01,-1.399129815643e+00,1.399129815643e+00,-1.456351986027e+00,-1.456351986027e+00,1.144443407682e-01,1.522627200213e-01,2.283940800319e-01,-2.283940800319e-01,1.522627200213e-01,1.522627200213e-01,1.522627200213e-01,5.934839230564e-02,8.902258845846e-02,-8.902258845846e-02,5.934839230564e-02,5.934839230564e-02,5.934839230564e-02
1.626000000000e+00,1.147489847099e-01,-1.398672849730e+00,1.398672849730e+00,-1.456047342085e+00,-1.456047342085e+00,1.147489847099e-01,1.523811241326e-01,2.285716861990e-01,-2.285716861990e-01,1.523811241326e-01,1.523811241326e-01,1.523811241326e-01,5.905565772043e-02,8.858348658065e-02,-8.858348658065e-02,5.905565772043e-02,5.905565772043e-02,5.905565772043e-02
1.628000000000e+00,1.150538648741e-01,-1.398215529484e+00,1.398215529484e+00,-1.455742461921e+00,-1.455742461921e+00,1.150538648741e-01,1.524989424074e-01,2.287484136110e-01,-2.287484136110e-01,1.524989424074e-01,1.524989424074e-01,1.524989424074e-01,5.876255596158e-02,8.814383394237e-02,-8.814383394237e-02,5.876255596158e-02,5.876255596158e-02,5.876255596158e-02
1.630000000000e+00,1.153589800885e-01,-1.397757856662e+00,1.397757856662e+00,-1.455437346706e+00,-1.455437346706e+00,1.153589800885e-01,1.526161741130e-01,2.289242611695e-01,-2.289242611695e-01,1.526161741130e-01,1.526161741130e-01,1.526161741130e-01,5.846908899259e-02,8.770363348888e-02,-8.770363348888e-02,5.846908899259e-02,5.846908899259e-02,5.846908899259e-02
1.632000000000e+00,1.156643291791e-01,-1.397299833026e+00,1.397299833026e+00,-1.455131997616e+00,-1.455131997616e+00,1.156643291791e-01,1.527328185212e-01,2.290992277817e-01,-2.290992277817e-01,1.527328185212e-01,1.527328185212e-01,1.527328185212e-01,5.817525877694e-02,8.726288816541e-02,-8.726288816541e-02,5.817525877694e-02,5.817525877694e-02,5.817525877694e-02
1.634000000000e+00,1.159699109706e-01,-1.396841460339e+00,1.396841460339e+00,-1.454826415824e+00,-1.454826415824e+00,1.159699109706e-01,1.528488749073e-01,2.292733123609e-01,-2.292733123609e-01,1.528488749073e-01,1.528488749073e-01,1.528488749073e-01,5.788106727814e-02,8.682160091720e-02,-8.682160091720e-02,5.788106727814e-02,5.788106727814e-02,5.788106727814e-02
1.636000000000e+00,1.162757242862e-01,-1.396382740366e+00,1.396382740366e+00,-1.454520602509e+00,-1.454520602509e+00,1.162757242862e-01,1.529643425507e-01,2.294465138261e-01,-2.294465138261e-01,1.529643425507e-01,1.529643425507e-01,1.529643425507e-01,5.758651645967e-02,8.637977468951e-02,-8.637977468951e-02,5.758651645967e-02,5.758651645967e-02,5.758651645967e-02
1.638000000000e+00,1.165817679478e-01,-1.395923674873e+00,1.395923674873e+00,-1.454214558847e+00,-1.454214558847e+00,1.165817679478e-01,1.530792207349e-01,2.296188311023e-01,-2.296188311023e-01,1.530792207349e-01,1.530792207349e-01,1.530792207349e-01,5.729160828505e-02,8.593741242757e-02,-8.593741242757e-02,5.729160828505e-02,5.729160828505e-02,5.729160828505e-02
1.640000000000e+00,1.168880407757e-01,-1.395464265631e+00,1.395464265631e+00,-1.453908286019e+00,-1.453908286019e+00,1.168880407757e-01,1.531935087469e-01,2.297902631204e-01,-2.297902631204e-01,1.531935087469e-01,1.531935087469e-01,1.531935087469e-01,5.699634471775e-02,8.549451707663e-02,-8.549451707663e-02,5.699634471775e-02,5.699634471775e-02,5.699634471775e-02
1.642000000000e+00,1.171945415889e-01,-1.395004514412e+00,1.395004514412e+00,-1.453601785206e+00,-1.453601785206e+00,1.171945415889e-01,1.533072058781e-01,2.299608088172e-01,-2.299608088172e-01,1.533072058781e-01,1.533072058781e-01,1.533072058781e-01,5.670072772128e-02,8.505109158193e-02,-8.505109158193e-02,5.670072772128e-02,5.670072772128e-02,5.670072772128e-02
1.644000000000e+00,1.175012692048e-01,-1.394544422988e+00,1.394544422988e+00,-1.453295057590e+00,-1.453295057590e+00,1.175012692048e-01,1.534203114235e-01,2.301304671353e-01,-2.301304671353e-01,1.534203114235e-01,1.534203114235e-01,1.534203114235e-01,5.640475925914e-02,8.460713888871e-02,-8.460713888871e-02,5.640475925914e-02,5.640475925914e-02,5.640475925914e-02
1.646000000000e+00,1.178082224397e-01,-1.394083993135e+00,1.394083993135e+00,-1.452988104355e+00,-1.452988104355e+00,1.178082224397e-01,1.535328246822e-01,2.302992370232e-01,-2.302992370232e-01,1.535328246822e-01,1.535328246822e-01,1.535328246822e-01,5.610844129481e-02,8.416266194221e-02,-8.416266194221e-02,5.610844129481e-02,5.610844129481e-02,5.610844129481e-02
1.648000000000e+00,1.181154001082e-01,-1.393623226633e+00,1.393623226633e+00,-1.452680926687e+00,-1.452680926687e+00,1.181154001082e-01,1.536447449570e-01,2.304671174355e-01,-2.304671174355e-01,1.536447449570e-01,1.536447449570e-01,1.536447449570e-01,5.581177579179e-02,8.371766368769e-02,-8.371766368769e-02,5.581177579179e-02,5.581177579179e-02,5.581177579179e-02
1.650000000000e+00,1.184228010237e-01,-1.393162125259e+00,1.393162125259e+00,-1.452373525771e+00,-1.452373525771e+00,1.184228010237e-01,1.537560715549e-01,2.306341073324e-01,-2.306341073324e-01,1.537560715549e-01,1.537560715549e-01,1.537560715549e-01,5.551476471358e-02,8.327214707037e-02,-8.327214707037e-02,5.551476471358e-02,5.551476471358e-02,5.551476471358e-02
1.652000000000e+00,1.187304239982e-01,-1.392700690798e+00,1.392700690798e+00,-1.452065902797e+00,-1.452065902797e+00,1.187304239982e-01,1.538668037868e-01,2.308002056802e-01,-2.308002056802e-01,1.538668037868e-01,1.538668037868e-01,1.538668037868e-01,5.521741002368e-02,8.282611503551e-02,-8.282611503551e-02,5.521741002368e-02,5.521741002368e-02,5.521741002368e-02
1.654000000000e+00,1.190382678422e-01,-1.392238925032e+00,1.392238925032e+00,-1.451758058953e+00,-1.451758058953e+00,1.190382678422e-01,1.539769409673e-01,2.309654114509e-01,-2.309654114509e-01,1.539769409673e-01,1.539769409673e-01,1.539769409673e-01,5.491971368557e-02,8.237957052835e-02,-8.237957052835e-02,5.491971368557e-02,5.491971368557e-02,5.491971368557e-02
1.656000000000e+00,1.193463313649e-01,-1.391776829748e+00,1.391776829748e+00,-1.451449995430e+00,-1.451449995430e+00,1.193463313649e-01,1.540864824151e-01,2.311297236226e-01,-2.311297236226e-01,1.540864824151e-01,1.540864824151e-01,1.540864824151e-01,5.462167766276e-02,8.193251649414e-02,-8.193251649414e-02,5.462167766276e-02,5.462167766276e-02,5.462167766276e-02
1.658000000000e+00,1.196546133742e-01,-1.391314406734e+00,1.391314406734e+00,-1.451141713421e+00,-1.451141713421e+00,1.196546133742e-01,1.541954274528e-01,2.312931411792e-01,-2.312931411792e-01,1.541954274528e-01,1.541954274528e-01,1.541954274528e-01,5.432330391873e-02,8.148495587810e-02,-8.148495587810e-02,5.432330391873e-02,5.432330391873e-02,5.432330391873e-02
1.660000000000e+00,1.199631126767e-01,-1.390851657780e+00,1.390851657780e+00,-1.450833214118e+00,-1.450833214118e+00,1.199631126767e-01,1.543037754069e-01,2.314556631104e-01,-2.314556631104e-01,1.543037754069e-01,1.543037754069e-01,1.543037754069e-01,5.402459441700e-02,8.103689162550e-02,-8.103689162550e-02,5.402459441700e-02,5.402459441700e-02,5.402459441700e-02
1.662000000000e+00,1.202718280774e-01,-1.390388584679e+00,1.390388584679e+00,-1.450524498718e+00,-1.450524498718e+00,1.202718280774e-01,1.544115256079e-01,2.316172884119e-01,-2.316172884119e-01,1.544115256079e-01,1.544115256079e-01,1.544115256079e-01,5.372555112104e-02,8.058832668156e-02,-8.058832668156e-02,5.372555112104e-02,5.372555112104e-02,5.372555112104e-02
1.664000000000e+00,1.205807583801e-01,-1.389925189225e+00,1.389925189225e+00,-1.450215568415e+00,-1.450215568415e+00,1.205807583801e-01,1.545186773902e-01,2.317780160852e-01,-2.317780160852e-01,1.545186773902e-01,1.545186773902e-01,1.545186773902e-01,5.342617599436e-02,8.013926399154e-02,-8.013926399154e-02,5.342617599436e-02,5.342617599436e-02,5.342617599436e-02
1.666000000000e+00,1.208899023875e-01,-1.389461473214e+00,1.389461473214e+00,-1.449906424407e+00,-1.449906424407e+00,1.208899023875e-01,1.546252300920e-01,2.319378451380e-01,-2.319378451380e-01,1.546252300920e-01,1.546252300920e-01,1.546252300920e-01,5.312647100045e-02,7.968970650068e-02,-7.968970650068e-02,5.312647100045e-02,5.312647100045e-02,5.312647100045e-02
1.668000000000e+00,1.211992589007e-01,-1.388997438444e+00,1.388997438444e+00,-1.449597067894e+00,-1.449597067894e+00,1.211992589007e-01,1.547311830556e-01,2.320967745833e-01,-2.320967745833e-01,1.547311830556e-01,1.547311830556e-01,1.547311830556e-01,5.282643810281e-02,7.923965715421e-02,-7.923965715421e-02,5.282643810281e-02,5.282643810281e-02,5.282643810281e-02
1.670000000000e+00,1.215088267195e-01,-1.388533086716e+00,1.388533086716e+00,-1.449287500075e+00,-1.449287500075e+00,1.215088267195e-01,1.548365356271e-01,2.322548034406e-01,-2.322548034406e-01,1.548365356271e-01,1.548365356271e-01,1.548365356271e-01,5.252607926493e-02,7.878911889739e-02,-7.878911889739e-02,5.252607926493e-02,5.252607926493e-02,5.252607926493e-02
1.672000000000e+00,1.218186046425e-01,-1.388068419831e+00,1.388068419831e+00,-1.448977722152e+00,-1.448977722152e+00,1.218186046425e-01,1.549412871566e-01,2.324119307350e-01,-2.324119307350e-01,1.549412871566e-01,1.549412871566e-01,1.549412871566e-01,5.222539645031e-02,7.833809467546e-02,-7.833809467546e-02,5.222539645031e-02,5.222539645031e-02,5.222539645031e-02
1.674000000000e+00,1.221285914670e-01,-1.387603439594e+00,1.387603439594e+00,-1.448667735328e+00,-1.448667735328e+00,1.221285914670e-01,1.550454369982e-01,2.325681554973e-01,-2.325681554973e-01,1.550454369982e-01,1.550454369982e-01,1.550454369982e-01,5.192439162244e-02,7.788658743365e-02,-7.788658743365e-02,5.192439162244e-02,5.192439162244e-02,5.192439162244e-02
1.676000000000e+00,1.224387859889e-01,-1.387138147811e+00,1.387138147811e+00,-1.448357540806e+00,-1.448357540806e+00,1.224387859889e-01,1.551489845098e-01,2.327234767646e-01,-2.327234767646e-01,1.551489845098e-01,1.551489845098e-01,1.551489845098e-01,5.162306674481e-02,7.743460011722e-02,-7.743460011722e-02,5.162306674481e-02,5.162306674481e-02,5.162306674481e-02
1.678000000000e+00,1.227491870031e-01,-1.386672546290e+00,1.386672546290e+00,-1.448047139792e+00,-1.448047139792e+00,1.227491870031e-01,1.552519290531e-01,2.328778935797e-01,-2.328778935797e-01,1.552519290531e-01,1.552519290531e-01,1.552519290531e-01,5.132142378094e-02,7.698213567140e-02,-7.698213567140e-02,5.132142378094e-02,5.132142378094e-02,5.132142378094e-02
1.680000000000e+00,1.230597933028e-01,-1.386206636841e+00,1.386206636841e+00,-1.447736533492e+00,-1.447736533492e+00,1.230597933028e-01,1.553542699941e-01,2.330314049912e-01,-2.330314049912e-01,1.553542699941e-01,1.553542699941e-01,1.553542699941e-01,5.101946469430e-02,7.652919704145e-02,-7.652919704145e-02,5.101946469430e-02,5.101946469430e-02,5.101946469430e-02
1.682000000000e+00,1.233706036802e-01,-1.385740421275e+00,1.385740421275e+00,-1.447425723115e+00,-1.447425723115e+00,1.233706036802e-01,1.554560067025e-01,2.331840100537e-01,-2.331840100537e-01,1.554560067025e-01,1.554560067025e-01,1.554560067025e-01,5.071719144839e-02,7.607578717259e-02,-7.607578717259e-02,5.071719144839e-02,5.071719144839e-02,5.071719144839e-02
1.684000000000e+00,1.236816169263e-01,-1.385273901405e+00,1.385273901405e+00,-1.447114709869e+00,-1.447114709869e+00,1.236816169263e-01,1.555571385518e-01,2.333357078277e-01,-2.333357078277e-01,1.555571385518e-01,1.555571385518e-01,1.555571385518e-01,5.041460600672e-02,7.562190901008e-02,-7.562190901008e-02,5.041460600672e-02,5.041460600672e-02,5.041460600672e-02
1.686000000000e+00,1.239928318308e-01,-1.384807079049e+00,1.384807079049e+00,-1.446803494964e+00,-1.446803494964e+00,1.239928318308e-01,1.556576649197e-01,2.334864973795e-01,-2.334864973795e-01,1.556576649197e-01,1.556576649197e-01,1.556576649197e-01,5.011171033277e-02,7.516756549916e-02,-7.516756549916e-02,5.011171033277e-02,5.011171033277e-02,5.011171033277e-02
1.688000000000e+00,1.243042471819e-01,-1.384339956022e+00,1.384339956022e+00,-1.446492079613e+00,-1.446492079613e+00,1.243042471819e-01,1.557575851876e-01,2.336363777814e-01,-2.336363777814e-01,1.557575851876e-01,1.557575851876e-01,1.557575851876e-01,4.980850639005e-02,7.471275958507e-02,-7.471275958507e-02,4.980850639005e-02,4.980850639005e-02,4.980850639005e-02
1.690000000000e+00,1.246158617670e-01,-1.383872534144e+00,1.383872534144e+00,-1.446180465028e+00,-1.446180465028e+00,1.246158617670e-01,1.558568987410e-01,2.337853481116e-01,-2.337853481116e-01,1.558568987410e-01,1.558568987410e-01,1.558568987410e-01,4.950499614203e-02,7.425749421305e-02,-7.425749421305e-02,4.950499614203e-02,4.950499614203e-02,4.950499614203e-02
1.692000000000e+00,1.249276743720e-01,-1.383404815237e+00,1.383404815237e+00,-1.445868652423e+00,-1.445868652423e+00,1.249276743720e-01,1.559556049693e-01,2.339334074539e-01,-2.339334074539e-01,1.559556049693e-01,1.559556049693e-01,1.559556049693e-01,4.920118155224e-02,7.380177232835e-02,-7.380177232835e-02,4.920118155224e-02,4.920118155224e-02,4.920118155224e-02
1.694000000000e+00,1.252396837816e-01,-1.382936801122e+00,1.382936801122e+00,-1.445556643013e+00,-1.445556643013e+00,1.252396837816e-01,1.560537032657e-01,2.340805548985e-01,-2.340805548985e-01,1.560537032657e-01,1.560537032657e-01,1.560537032657e-01,4.889706458414e-02,7.334559687621e-02,-7.334559687621e-02,4.889706458414e-02,4.889706458414e-02,4.889706458414e-02
1.696000000000e+00,1.255518887794e-01,-1.382468493626e+00,1.382468493626e+00,-1.445244438016e+00,-1.445244438016e+00,1.255518887794e-01,1.561511930274e-01,2.342267895410e-01,-2.342267895410e-01,1.561511930274e-01,1.561511930274e-01,1.561511930274e-01,4.859264720125e-02,7.288897080188e-02,-7.288897080188e-02,4.859264720125e-02,4.859264720125e-02,4.859264720125e-02
1.698000000000e+00,1.258642881476e-01,-1.381999894573e+00,1.381999894573e+00,-1.444932038647e+00,-1.444932038647e+00,1.258642881476e-01,1.562480736555e-01,2.343721104833e-01,-2.343721104833e-01,1.562480736555e-01,1.562480736555e-01,1.562480736555e-01,4.828793136706e-02,7.243189705059e-02,-7.243189705059e-02,4.828793136706e-02,4.828793136706e-02,4.828793136706e-02
1.700000000000e+00,1.261768806675e-01,-1.381531005794e+00,1.381531005794e+00,-1.444619446127e+00,-1.444619446127e+00,1.261768806675e-01,1.563443445552e-01,2.345165168327e-01,-2.345165168327e-01,1.563443445552e-01,1.563443445552e-01,1.563443445552e-01,4.798291904506e-02,7.197437856759e-02,-7.197437856759e-02,4.798291904506e-02,4.798291904506e-02,4.798291904506e-02
1.702000000000e+00,1.264896651190e-01,-1.381061829116e+00,1.381061829116e+00,-1.444306661676e+00,-1.444306661676e+00,1.264896651190e-01,1.564400051353e-01,2.346600077030e-01,-2.346600077030e-01,1.564400051353e-01,1.564400051353e-01,1.564400051353e-01,4.767761219875e-02,7.151641829813e-02,-7.151641829813e-02,4.767761219875e-02,4.767761219875e-02,4.767761219875e-02
1.704000000000e+00,1.268026402808e-01,-1.380592366374e+00,1.380592366374e+00,-1.443993686514e+00,-1.443993686514e+00,1.268026402808e-01,1.565350548089e-01,2.348025822134e-01,-2.348025822134e-01,1.565350548089e-01,1.565350548089e-01,1.565350548089e-01,4.737201279163e-02,7.105801918744e-02,-7.105801918744e-02,4.737201279163e-02,4.737201279163e-02,4.737201279163e-02
1.706000000000e+00,1.271158049306e-01,-1.380122619399e+00,1.380122619399e+00,-1.443680521864e+00,-1.443680521864e+00,1.271158049306e-01,1.566294929928e-01,2.349442394891e-01,-2.349442394891e-01,1.566294929928e-01,1.566294929928e-01,1.566294929928e-01,4.706612278718e-02,7.059918418077e-02,-7.059918418077e-02,4.706612278718e-02,4.706612278718e-02,4.706612278718e-02
1.708000000000e+00,1.274291578447e-01,-1.379652590028e+00,1.379652590028e+00,-1.443367168950e+00,-1.443367168950e+00,1.274291578447e-01,1.567233191076e-01,2.350849786615e-01,-2.350849786615e-01,1.567233191076e-01,1.567233191076e-01,1.567233191076e-01,4.675994414891e-02,7.013991622337e-02,-7.013991622337e-02,4.675994414891e-02,4.675994414891e-02,4.675994414891e-02
1.710000000000e+00,1.277426977986e-01,-1.379182280097e+00,1.379182280097e+00,-1.443053628996e+00,-1.443053628996e+00,1.277426977986e-01,1.568165325782e-01,2.352247988674e-01,-2.352247988674e-01,1.568165325782e-01,1.568165325782e-01,1.568165325782e-01,4.645347884031e-02,6.968021826046e-02,-6.968021826046e-02,4.645347884031e-02,4.645347884031e-02,4.645347884031e-02
1.712000000000e+00,1.280564235662e-01,-1.378711691446e+00,1.378711691446e+00,-1.442739903229e+00,-1.442739903229e+00,1.280564235662e-01,1.569091328332e-01,2.353636992498e-01,-2.353636992498e-01,1.569091328332e-01,1.569091328332e-01,1.569091328332e-01,4.614672882487e-02,6.922009323731e-02,-6.922009323731e-02,4.614672882487e-02,4.614672882487e-02,4.614672882487e-02
1.714000000000e+00,1.283703339207e-01,-1.378240825914e+00,1.378240825914e+00,-1.442425992874e+00,-1.442425992874e+00,1.283703339207e-01,1.570011193051e-01,2.355016789576e-01,-2.355016789576e-01,1.570011193051e-01,1.570011193051e-01,1.570011193051e-01,4.583969606610e-02,6.875954409915e-02,-6.875954409915e-02,4.583969606610e-02,4.583969606610e-02,4.583969606610e-02
1.716000000000e+00,1.286844276339e-01,-1.377769685344e+00,1.377769685344e+00,-1.442111899161e+00,-1.442111899161e+00,1.286844276339e-01,1.570924914303e-01,2.356387371454e-01,-2.356387371454e-01,1.570924914303e-01,1.570924914303e-01,1.570924914303e-01,4.553238252748e-02,6.829857379122e-02,-6.829857379122e-02,4.553238252748e-02,4.553238252748e-02,4.553238252748e-02
1.718000000000e+00,1.289987034765e-01,-1.377298271580e+00,1.377298271580e+00,-1.441797623318e+00,-1.441797623318e+00,1.289987034765e-01,1.571832486493e-01,2.357748729739e-01,-2.357748729739e-01,1.571832486493e-01,1.571832486493e-01,1.571832486493e-01,4.522479017252e-02,6.783718525878e-02,-6.783718525878e-02,4.522479017252e-02,4.522479017252e-02,4.522479017252e-02
1.720000000000e+00,1.293131602182e-01,-1.376826586468e+00,1.376826586468e+00,-1.441483166577e+00,-1.441483166577e+00,1.293131602182e-01,1.572733904064e-01,2.359100856096e-01,-2.359100856096e-01,1.572733904064e-01,1.572733904064e-01,1.572733904064e-01,4.491692096470e-02,6.737538144705e-02,-6.737538144705e-02,4.491692096470e-02,4.491692096470e-02,4.491692096470e-02
1.722000000000e+00,1.296277966274e-01,-1.376354631854e+00,1.376354631854e+00,-1.441168530167e+00,-1.441168530167e+00,1.296277966274e-01,1.573629161499e-01,2.360443742248e-01,-2.360443742248e-01,1.573629161499e-01,1.573629161499e-01,1.573629161499e-01,4.460877686752e-02,6.691316530129e-02,-6.691316530129e-02,4.460877686752e-02,4.460877686752e-02,4.460877686752e-02
1.724000000000e+00,1.299426114717e-01,-1.375882409587e+00,1.375882409587e+00,-1.440853715323e+00,-1.440853715323e+00,1.299426114717e-01,1.574518253319e-01,2.361777379979e-01,-2.361777379979e-01,1.574518253319e-01,1.574518253319e-01,1.574518253319e-01,4.430035984449e-02,6.645053976673e-02,-6.645053976673e-02,4.430035984449e-02,4.430035984449e-02,4.430035984449e-02
1.726000000000e+00,1.302576035174e-01,-1.375409921519e+00,1.375409921519e+00,-1.440538723278e+00,-1.440538723278e+00,1.302576035174e-01,1.575401174086e-01,2.363101761129e-01,-2.363101761129e-01,1.575401174086e-01,1.575401174086e-01,1.575401174086e-01,4.399167185908e-02,6.598750778863e-02,-6.598750778863e-02,4.399167185908e-02,4.399167185908e-02,4.399167185908e-02
1.728000000000e+00,1.305727715296e-01,-1.374937169501e+00,1.374937169501e+00,-1.440223555265e+00,-1.440223555265e+00,1.305727715296e-01,1.576277918400e-01,2.364416877600e-01,-2.364416877600e-01,1.576277918400e-01,1.576277918400e-01,1.576277918400e-01,4.368271487481e-02,6.552407231222e-02,-6.552407231222e-02,4.368271487481e-02,4.368271487481e-02,4.368271487481e-02
1.730000000000e+00,1.308881142726e-01,-1.374464155386e+00,1.374464155386e+00,-1.439908212522e+00,-1.439908212522e+00,1.308881142726e-01,1.577148480901e-01,2.365722721351e-01,-2.365722721351e-01,1.577148480901e-01,1.577148480901e-01,1.577148480901e-01,4.337349085516e-02,6.506023628274e-02,-6.506023628274e-02,4.337349085516e-02,4.337349085516e-02,4.337349085516e-02
1.732000000000e+00,1.312036305095e-01,-1.373990881031e+00,1.373990881031e+00,-1.439592696285e+00,-1.439592696285e+00,1.312036305095e-01,1.578012856267e-01,2.367019284401e-01,-2.367019284401e-01,1.578012856267e-01,1.578012856267e-01,1.578012856267e-01,4.306400176363e-02,6.459600264545e-02,-6.459600264545e-02,4.306400176363e-02,4.306400176363e-02,4.306400176363e-02
1.734000000000e+00,1.315193190023e-01,-1.373517348291e+00,1.373517348291e+00,-1.439277007793e+00,-1.439277007793e+00,1.315193190023e-01,1.578871039217e-01,2.368306558826e-01,-2.368306558826e-01,1.578871039217e-01,1.578871039217e-01,1.578871039217e-01,4.275424956372e-02,6.413137434557e-02,-6.413137434557e-02,4.275424956372e-02,4.275424956372e-02,4.275424956372e-02
1.736000000000e+00,1.318351785120e-01,-1.373043559027e+00,1.373043559027e+00,-1.438961148283e+00,-1.438961148283e+00,1.318351785120e-01,1.579723024509e-01,2.369584536763e-01,-2.369584536763e-01,1.579723024509e-01,1.579723024509e-01,1.579723024509e-01,4.244423621891e-02,6.366635432837e-02,-6.366635432837e-02,4.244423621891e-02,4.244423621891e-02,4.244423621891e-02
1.738000000000e+00,1.321512077986e-01,-1.372569515097e+00,1.372569515097e+00,-1.438645118996e+00,-1.438645118996e+00,1.321512077986e-01,1.580568806938e-01,2.370853210407e-01,-2.370853210407e-01,1.580568806938e-01,1.580568806938e-01,1.580568806938e-01,4.213396369271e-02,6.320094553907e-02,-6.320094553907e-02,4.213396369271e-02,4.213396369271e-02,4.213396369271e-02
1.740000000000e+00,1.324674056209e-01,-1.372095218364e+00,1.372095218364e+00,-1.438328921174e+00,-1.438328921174e+00,1.324674056209e-01,1.581408381342e-01,2.372112572013e-01,-2.372112572013e-01,1.581408381342e-01,1.581408381342e-01,1.581408381342e-01,4.182343394862e-02,6.273515092293e-02,-6.273515092293e-02,4.182343394862e-02,4.182343394862e-02,4.182343394862e-02
1.742000000000e+00,1.327837707369e-01,-1.371620670690e+00,1.371620670690e+00,-1.438012556058e+00,-1.438012556058e+00,1.327837707369e-01,1.582241742595e-01,2.373362613892e-01,-2.373362613892e-01,1.582241742595e-01,1.582241742595e-01,1.582241742595e-01,4.151264895012e-02,6.226897342518e-02,-6.226897342518e-02,4.151264895012e-02,4.151264895012e-02,4.151264895012e-02
1.744000000000e+00,1.331003019034e-01,-1.371145873940e+00,1.371145873940e+00,-1.437696024892e+00,-1.437696024892e+00,1.331003019034e-01,1.583068885611e-01,2.374603328417e-01,-2.374603328417e-01,1.583068885611e-01,1.583068885611e-01,1.583068885611e-01,4.120161066071e-02,6.180241599107e-02,-6.180241599107e-02,4.120161066071e-02,4.120161066071e-02,4.120161066071e-02
1.746000000000e+00,1.334169978762e-01,-1.370670829981e+00,1.370670829981e+00,-1.437379328919e+00,-1.437379328919e+00,1.334169978762e-01,1.583889805345e-01,2.375834708018e-01,-2.375834708018e-01,1.583889805345e-01,1.583889805345e-01,1.583889805345e-01,4.089032104389e-02,6.133548156584e-02,-6.133548156584e-02,4.089032104389e-02,4.089032104389e-02,4.089032104389e-02
1.748000000000e+00,1.337338574103e-01,-1.370195540679e+00,1.370195540679e+00,-1.437062469385e+00,-1.437062469385e+00,1.337338574103e-01,1.584704496791e-01,2.377056745186e-01,-2.377056745186e-01,1.584704496791e-01,1.584704496791e-01,1.584704496791e-01,4.057878206316e-02,6.086817309473e-02,-6.086817309473e-02,4.057878206316e-02,4.057878206316e-02,4.057878206316e-02
1.750000000000e+00,1.340508792594e-01,-1.369720007906e+00,1.369720007906e+00,-1.436745447535e+00,-1.436745447535e+00,1.340508792594e-01,1.585512954979e-01,2.378269432468e-01,-2.378269432468e-01,1.585512954979e-01,1.585512954979e-01,1.585512954979e-01,4.026699568200e-02,6.040049352300e-02,-6.040049352300e-02,4.026699568200e-02,4.026699568200e-02,4.026699568200e-02
1.752000000000e+00,1.343680621764e-01,-1.369244233530e+00,1.369244233530e+00,-1.436428264618e+00,-1.436428264618e+00,1.343680621764e-01,1.586315174982e-01,2.379472762472e-01,-2.379472762472e-01,1.586315174982e-01,1.586315174982e-01,1.586315174982e-01,3.995496386391e-02,5.993244579587e-02,-5.993244579587e-02,3.995496386391e-02,3.995496386391e-02,3.995496386391e-02
1.754000000000e+00,1.346854049132e-01,-1.368768219425e+00,1.368768219425e+00,-1.436110921882e+00,-1.436110921882e+00,1.346854049132e-01,1.587111151910e-01,2.380666727865e-01,-2.380666727865e-01,1.587111151910e-01,1.587111151910e-01,1.587111151910e-01,3.964268857240e-02,5.946403285860e-02,-5.946403285860e-02,3.964268857240e-02,3.964268857240e-02,3.964268857240e-02
1.756000000000e+00,1.350029062207e-01,-1.368291967464e+00,1.368291967464e+00,-1.435793420574e+00,-1.435793420574e+00,1.350029062207e-01,1.587900880914e-01,2.381851321372e-01,-2.381851321372e-01,1.587900880914e-01,1.587900880914e-01,1.587900880914e-01,3.933017177095e-02,5.899525765642e-02,-5.899525765642e-02,3.933017177095e-02,3.933017177095e-02,3.933017177095e-02
1.758000000000e+00,1.353205648487e-01,-1.367815479522e+00,1.367815479522e+00,-1.435475761946e+00,-1.435475761946e+00,1.353205648487e-01,1.588684357184e-01,2.383026535776e-01,-2.383026535776e-01,1.588684357184e-01,1.588684357184e-01,1.588684357184e-01,3.901741542306e-02,5.852612313459e-02,-5.852612313459e-02,3.901741542306e-02,3.901741542306e-02,3.901741542306e-02
1.760000000000e+00,1.356383795464e-01,-1.367338757475e+00,1.367338757475e+00,-1.435157947249e+00,-1.435157947249e+00,1.356383795464e-01,1.589461575947e-01,2.384192363921e-01,-2.384192363921e-01,1.589461575947e-01,1.589461575947e-01,1.589461575947e-01,3.870442149223e-02,5.805663223834e-02,-5.805663223834e-02,3.870442149223e-02,3.870442149223e-02,3.870442149223e-02
1.762000000000e+00,1.359563490616e-01,-1.366861803202e+00,1.366861803202e+00,-1.434839977733e+00,-1.434839977733e+00,1.359563490616e-01,1.590232532473e-01,2.385348798709e-01,-2.385348798709e-01,1.590232532473e-01,1.590232532473e-01,1.590232532473e-01,3.839119194194e-02,5.758678791291e-02,-5.758678791291e-02,3.839119194194e-02,3.839119194194e-02,3.839119194194e-02
1.764000000000e+00,1.362744721416e-01,-1.366384618583e+00,1.366384618583e+00,-1.434521854653e+00,-1.434521854653e+00,1.362744721416e-01,1.590997222067e-01,2.386495833101e-01,-2.386495833101e-01,1.590997222067e-01,1.590997222067e-01,1.590997222067e-01,3.807772873571e-02,5.711659310356e-02,-5.711659310356e-02,3.807772873571e-02,3.807772873571e-02,3.807772873571e-02
1.766000000000e+00,1.365927475323e-01,-1.365907205496e+00,1.365907205496e+00,-1.434203579263e+00,-1.434203579263e+00,1.365927475323e-01,1.591755640078e-01,2.387633460116e-01,-2.387633460116e-01,1.591755640078e-01,1.591755640078e-01,1.591755640078e-01,3.776403383701e-02,5.664605075552e-02,-5.664605075552e-02,3.776403383701e-02,3.776403383701e-02,3.776403383701e-02
1.768000000000e+00,1.369111739792e-01,-1.365429565826e+00,1.365429565826e+00,-1.433885152816e+00,-1.433885152816e+00,1.369111739792e-01,1.592507781889e-01,2.388761672834e-01,-2.388761672834e-01,1.592507781889e-01,1.592507781889e-01,1.592507781889e-01,3.745010920935e-02,5.617516381403e-02,-5.617516381403e-02,3.745010920935e-02,3.745010920935e-02,3.745010920935e-02
1.770000000000e+00,1.372297502264e-01,-1.364951701455e+00,1.364951701455e+00,-1.433566576569e+00,-1.433566576569e+00,1.372297502264e-01,1.593253642928e-01,2.389880464391e-01,-2.389880464391e-01,1.593253642928e-01,1.593253642928e-01,1.593253642928e-01,3.713595681623e-02,5.570393522434e-02,-5.570393522434e-02,3.713595681623e-02,3.713595681623e-02,3.713595681623e-02
1.772000000000e+00,1.375484750173e-01,-1.364473614269e+00,1.364473614269e+00,-1.433247851778e+00,-1.433247851778e+00,1.375484750173e-01,1.593993218657e-01,2.390989827985e-01,-2.390989827985e-01,1.593993218657e-01,1.593993218657e-01,1.593993218657e-01,3.682157862113e-02,5.523236793170e-02,-5.523236793170e-02,3.682157862113e-02,3.682157862113e-02,3.682157862113e-02
1.774000000000e+00,1.378673470945e-01,-1.363995306153e+00,1.363995306153e+00,-1.432928979700e+00,-1.432928979700e+00,1.378673470945e-01,1.594726504580e-01,2.392089756870e-01,-2.392089756870e-01,1.594726504580e-01,1.594726504580e-01,1.594726504580e-01,3.650697658756e-02,5.476046488134e-02,-5.476046488134e-02,3.650697658756e-02,3.650697658756e-02,3.650697658756e-02
1.776000000000e+00,1.381863651995e-01,-1.363516778996e+00,1.363516778996e+00,-1.432609961595e+00,-1.432609961595e+00,1.381863651995e-01,1.595453496241e-01,2.393180244361e-01,-2.393180244361e-01,1.595453496241e-01,1.595453496241e-01,1.595453496241e-01,3.619215267900e-02,5.428822901851e-02,-5.428822901851e-02,3.619215267900e-02,3.619215267900e-02,3.619215267900e-02
1.778000000000e+00,1.385055280731e-01,-1.363038034685e+00,1.363038034685e+00,-1.432290798722e+00,-1.432290798722e+00,1.385055280731e-01,1.596174189221e-01,2.394261283832e-01,-2.394261283832e-01,1.596174189221e-01,1.596174189221e-01,1.596174189221e-01,3.587710885896e-02,5.381566328844e-02,-5.381566328844e-02,3.587710885896e-02,3.587710885896e-02,3.587710885896e-02
1.780000000000e+00,1.388248344550e-01,-1.362559075112e+00,1.362559075112e+00,-1.431971492340e+00,-1.431971492340e+00,1.388248344550e-01,1.596888579142e-01,2.395332868714e-01,-2.395332868714e-01,1.596888579142e-01,1.596888579142e-01,1.596888579142e-01,3.556184709093e-02,5.334277063640e-02,-5.334277063640e-02,3.556184709093e-02,3.556184709093e-02,3.556184709093e-02
1.782000000000e+00,1.391442830843e-01,-1.362079902169e+00,1.362079902169e+00,-1.431652043711e+00,-1.431652043711e+00,1.391442830843e-01,1.597596661665e-01,2.396394992497e-01,-2.396394992497e-01,1.597596661665e-01,1.597596661665e-01,1.597596661665e-01,3.524636933841e-02,5.286955400761e-02,-5.286955400761e-02,3.524636933841e-02,3.524636933841e-02,3.524636933841e-02
1.784000000000e+00,1.394638726989e-01,-1.361600517747e+00,1.361600517747e+00,-1.431332454096e+00,-1.431332454096e+00,1.394638726989e-01,1.598298432489e-01,2.397447648734e-01,-2.397447648734e-01,1.598298432489e-01,1.598298432489e-01,1.598298432489e-01,3.493067756488e-02,5.239601634732e-02,-5.239601634732e-02,3.493067756488e-02,3.493067756488e-02,3.493067756488e-02
1.786000000000e+00,1.397836020362e-01,-1.361120923741e+00,1.361120923741e+00,-1.431012724759e+00,-1.431012724759e+00,1.397836020362e-01,1.598993887354e-01,2.398490831031e-01,-2.398490831031e-01,1.598993887354e-01,1.598993887354e-01,1.598993887354e-01,3.461477373385e-02,5.192216060078e-02,-5.192216060078e-02,3.461477373385e-02,3.461477373385e-02,3.461477373385e-02
1.788000000000e+00,1.401034698325e-01,-1.360641122046e+00,1.360641122046e+00,-1.430692856962e+00,-1.430692856962e+00,1.401034698325e-01,1.599683022038e-01,2.399524533057e-01,-2.399524533057e-01,1.599683022038e-01,1.599683022038e-01,1.599683022038e-01,3.429865980881e-02,5.144798971322e-02,-5.144798971322e-02,3.429865980881e-02,3.429865980881e-02,3.429865980881e-02
1.790000000000e+00,1.404234748234e-01,-1.360161114560e+00,1.360161114560e+00,-1.430372851972e+00,-1.430372851972e+00,1.404234748234e-01,1.600365832359e-01,2.400548748538e-01,-2.400548748538e-01,1.600365832359e-01,1.600365832359e-01,1.600365832359e-01,3.398233775326e-02,5.097350662989e-02,-5.097350662989e-02,3.398233775326e-02,3.398233775326e-02,3.398233775326e-02
1.792000000000e+00,1.407436157435e-01,-1.359680903180e+00,1.359680903180e+00,-1.430052711051e+00,-1.430052711051e+00,1.407436157435e-01,1.601042314174e-01,2.401563471260e-01,-2.401563471260e-01,1.601042314174e-01,1.601042314174e-01,1.601042314174e-01,3.366580953069e-02,5.049871429604e-02,-5.049871429604e-02,3.366580953069e-02,3.366580953069e-02,3.366580953069e-02
1.794000000000e+00,1.410638913269e-01,-1.359200489805e+00,1.359200489805e+00,-1.429732435468e+00,-1.429732435468e+00,1.410638913269e-01,1.601712463379e-01,2.402568695068e-01,-2.402568695068e-01,1.601712463379e-01,1.601712463379e-01,1.601712463379e-01,3.334907710460e-02,5.002361565690e-02,-5.002361565690e-02,3.334907710460e-02,3.334907710460e-02,3.334907710460e-02
1.796000000000e+00,1.413843003065e-01,-1.358719876335e+00,1.358719876335e+00,-1.429412026488e+00,-1.429412026488e+00,1.413843003065e-01,1.602376275909e-01,2.403564413864e-01,-2.403564413864e-01,1.602376275909e-01,1.602376275909e-01,1.602376275909e-01,3.303214243848e-02,4.954821365772e-02,-4.954821365772e-02,3.303214243848e-02,3.303214243848e-02,3.303214243848e-02
1.798000000000e+00,1.417048414145e-01,-1.358239064673e+00,1.358239064673e+00,-1.429091485380e+00,-1.429091485380e+00,1.417048414145e-01,1.603033747741e-01,2.404550621611e-01,-2.404550621611e-01,1.603033747741e-01,1.603033747741e-01,1.603033747741e-01,3.271500749583e-02,4.907251124375e-02,-4.907251124375e-02,3.271500749583e-02,3.271500749583e-02,3.271500749583e-02
1.800000000000e+00,1.420255133826e-01,-1.357758056721e+00,1.357758056721e+00,-1.428770813412e+00,-1.428770813412e+00,1.420255133826e-01,1.603684874887e-01,2.405527312331e-01,-2.405527312331e-01,1.603684874887e-01,1.603684874887e-01,1.603684874887e-01,3.239767424014e-02,4.859651136022e-02,-4.859651136022e-02,3.239767424014e-02,3.239767424014e-02,3.239767424014e-02
1.802000000000e+00,1.423463149412e-01,-1.357276854383e+00,1.357276854383e+00,-1.428450011854e+00,-1.428450011854e+00,1.423463149412e-01,1.604329653402e-01,2.406494480102e-01,-2.406494480102e-01,1.604329653402e-01,1.604329653402e-01,1.604329653402e-01,3.208014463492e-02,4.812021695238e-02,-4.812021695238e-02,3.208014463492e-02,3.208014463492e-02,3.208014463492e-02
1.804000000000e+00,1.426672448204e-01,-1.356795459564e+00,1.356795459564e+00,-1.428129081974e+00,-1.428129081974e+00,1.426672448204e-01,1.604968079377e-01,2.407452119065e-01,-2.407452119065e-01,1.604968079377e-01,1.604968079377e-01,1.604968079377e-01,3.176242064364e-02,4.764363096547e-02,-4.764363096547e-02,3.176242064364e-02,3.176242064364e-02,3.176242064364e-02
1.806000000000e+00,1.429883017492e-01,-1.356313874171e+00,1.356313874171e+00,-1.427808025046e+00,-1.427808025046e+00,1.429883017492e-01,1.605600148944e-01,2.408400223417e-01,-2.408400223417e-01,1.605600148944e-01,1.605600148944e-01,1.605600148944e-01,3.144450422982e-02,4.716675634473e-02,-4.716675634473e-02,3.144450422982e-02,3.144450422982e-02,3.144450422982e-02
1.808000000000e+00,1.433094844560e-01,-1.355832100111e+00,1.355832100111e+00,-1.427486842339e+00,-1.427486842339e+00,1.433094844560e-01,1.606225858276e-01,2.409338787414e-01,-2.409338787414e-01,1.606225858276e-01,1.606225858276e-01,1.606225858276e-01,3.112639735694e-02,4.668959603541e-02,-4.668959603541e-02,3.112639735694e-02,3.112639735694e-02,3.112639735694e-02
1.810000000000e+00,1.436307916683e-01,-1.355350139292e+00,1.355350139292e+00,-1.427165535127e+00,-1.427165535127e+00,1.436307916683e-01,1.606845203582e-01,2.410267805373e-01,-2.410267805373e-01,1.606845203582e-01,1.606845203582e-01,1.606845203582e-01,3.080810198851e-02,4.621215298276e-02,-4.621215298276e-02,3.080810198851e-02,3.080810198851e-02,3.080810198851e-02
1.812000000000e+00,1.439522221129e-01,-1.354867993626e+00,1.354867993626e+00,-1.426844104682e+00,-1.426844104682e+00,1.439522221129e-01,1.607458181112e-01,2.411187271668e-01,-2.411187271668e-01,1.607458181112e-01,1.607458181112e-01,1.607458181112e-01,3.048962008801e-02,4.573443013201e-02,-4.573443013201e-02,3.048962008801e-02,3.048962008801e-02,3.048962008801e-02
1.814000000000e+00,1.442737745160e-01,-1.354385665021e+00,1.354385665021e+00,-1.426522552279e+00,-1.426522552279e+00,1.442737745160e-01,1.608064787155e-01,2.412097180733e-01,-2.412097180733e-01,1.608064787155e-01,1.608064787155e-01,1.608064787155e-01,3.017095361894e-02,4.525643042840e-02,-4.525643042840e-02,3.017095361894e-02,3.017095361894e-02,3.017095361894e-02
1.816000000000e+00,1.445954476028e-01,-1.353903155391e+00,1.353903155391e+00,-1.426200879192e+00,-1.426200879192e+00,1.445954476028e-01,1.608665018040e-01,2.412997527059e-01,-2.412997527059e-01,1.608665018040e-01,1.608665018040e-01,1.608665018040e-01,2.985210454479e-02,4.477815681719e-02,-4.477815681719e-02,2.985210454479e-02,2.985210454479e-02,2.985210454479e-02
1.818000000000e+00,1.449172400979e-01,-1.353420466648e+00,1.353420466648e+00,-1.425879086697e+00,-1.425879086697e+00,1.449172400979e-01,1.609258870133e-01,2.413888305199e-01,-2.413888305199e-01,1.609258870133e-01,1.609258870133e-01,1.609258870133e-01,2.953307482907e-02,4.429961224361e-02,-4.429961224361e-02,2.953307482907e-02,2.953307482907e-02,2.953307482907e-02
1.820000000000e+00,1.452391507253e-01,-1.352937600707e+00,1.352937600707e+00,-1.425557176070e+00,-1.425557176070e+00,1.452391507253e-01,1.609846339841e-01,2.414769509762e-01,-2.414769509762e-01,1.609846339841e-01,1.609846339841e-01,1.609846339841e-01,2.921386643527e-02,4.382079965291e-02,-4.382079965291e-02,2.921386643527e-02,2.921386643527e-02,2.921386643527e-02
1.822000000000e+00,1.455611782081e-01,-1.352454559483e+00,1.352454559483e+00,-1.425235148587e+00,-1.425235148587e+00,1.455611782081e-01,1.610427423612e-01,2.415641135418e-01,-2.415641135418e-01,1.610427423612e-01,1.610427423612e-01,1.610427423612e-01,2.889448132688e-02,4.334172199033e-02,-4.334172199033e-02,2.889448132688e-02,2.889448132688e-02,2.889448132688e-02
1.824000000000e+00,1.458833212688e-01,-1.351971344892e+00,1.351971344892e+00,-1.424913005526e+00,-1.424913005526e+00,1.458833212688e-01,1.611002117930e-01,2.416503176894e-01,-2.416503176894e-01,1.611002117930e-01,1.611002117930e-01,1.611002117930e-01,2.857492146740e-02,4.286238220111e-02,-4.286238220111e-02,2.857492146740e-02,2.857492146740e-02,2.857492146740e-02
1.826000000000e+00,1.462055786291e-01,-1.351487958851e+00,1.351487958851e+00,-1.424590748166e+00,-1.424590748166e+00,1.462055786291e-01,1.611570419319e-01,2.417355628978e-01,-2.417355628978e-01,1.611570419319e-01,1.611570419319e-01,1.611570419319e-01,2.825518882033e-02,4.238278323049e-02,-4.238278323049e-02,2.825518882033e-02,2.825518882033e-02,2.825518882033e-02
1.828000000000e+00,1.465279490101e-01,-1.351004403280e+00,1.351004403280e+00,-1.424268377785e+00,-1.424268377785e+00,1.465279490101e-01,1.612132324344e-01,2.418198486515e-01,-2.418198486515e-01,1.612132324344e-01,1.612132324344e-01,1.612132324344e-01,2.793528534915e-02,4.190292802373e-02,-4.190292802373e-02,2.793528534915e-02,2.793528534915e-02,2.793528534915e-02
1.830000000000e+00,1.468504311322e-01,-1.350520680097e+00,1.350520680097e+00,-1.423945895663e+00,-1.423945895663e+00,1.468504311322e-01,1.612687829607e-01,2.419031744410e-01,-2.419031744410e-01,1.612687829607e-01,1.612687829607e-01,1.612687829607e-01,2.761521301737e-02,4.142281952605e-02,-4.142281952605e-02,2.761521301737e-02,2.761521301737e-02,2.761521301737e-02
1.832000000000e+00,1.471730237151e-01,-1.350036791222e+00,1.350036791222e+00,-1.423623303080e+00,-1.423623303080e+00,1.471730237151e-01,1.613236931752e-01,2.419855397627e-01,-2.419855397627e-01,1.613236931752e-01,1.613236931752e-01,1.613236931752e-01,2.729497378848e-02,4.094246068272e-02,-4.094246068272e-02,2.729497378848e-02,2.729497378848e-02,2.729497378848e-02
1.834000000000e+00,1.474957254778e-01,-1.349552738578e+00,1.349552738578e+00,-1.423300601317e+00,-1.423300601317e+00,1.474957254778e-01,1.613779627459e-01,2.420669441188e-01,-2.420669441188e-01,1.613779627459e-01,1.613779627459e-01,1.613779627459e-01,2.697456962597e-02,4.046185443896e-02,-4.046185443896e-02,2.697456962597e-02,2.697456962597e-02,2.697456962597e-02
1.836000000000e+00,1.478185351387e-01,-1.349068524087e+00,1.349068524087e+00,-1.422977791656e+00,-1.422977791656e+00,1.478185351387e-01,1.614315913450e-01,2.421473870175e-01,-2.421473870175e-01,1.614315913450e-01,1.614315913450e-01,1.614315913450e-01,2.665400249335e-02,3.998100374002e-02,-3.998100374002e-02,2.665400249335e-02,2.665400249335e-02,2.665400249335e-02
1.838000000000e+00,1.481414514156e-01,-1.348584149671e+00,1.348584149671e+00,-1.422654875379e+00,-1.422654875379e+00,1.481414514156e-01,1.614845786485e-01,2.422268679728e-01,-2.422268679728e-01,1.614845786485e-01,1.614845786485e-01,1.614845786485e-01,2.633327435410e-02,3.949991153115e-02,-3.949991153115e-02,2.633327435410e-02,2.633327435410e-02,2.633327435410e-02
1.840000000000e+00,1.484644730256e-01,-1.348099617257e+00,1.348099617257e+00,-1.422331853769e+00,-1.422331853769e+00,1.484644730256e-01,1.615369243364e-01,2.423053865046e-01,-2.423053865046e-01,1.615369243364e-01,1.615369243364e-01,1.615369243364e-01,2.601238717172e-02,3.901858075759e-02,-3.901858075759e-02,2.601238717172e-02,2.601238717172e-02,2.601238717172e-02
1.842000000000e+00,1.487875986850e-01,-1.347614928767e+00,1.347614928767e+00,-1.422008728110e+00,-1.422008728110e+00,1.487875986850e-01,1.615886280925e-01,2.423829421388e-01,-2.423829421388e-01,1.615886280925e-01,1.615886280925e-01,1.615886280925e-01,2.569134290971e-02,3.853701436457e-02,-3.853701436457e-02,2.569134290971e-02,2.569134290971e-02,2.569134290971e-02
1.844000000000e+00,1.491108271098e-01,-1.347130086130e+00,1.347130086130e+00,-1.421685499685e+00,-1.421685499685e+00,1.491108271098e-01,1.616396896046e-01,2.424595344069e-01,-2.424595344069e-01,1.616396896046e-01,1.616396896046e-01,1.616396896046e-01,2.537014353157e-02,3.805521529735e-02,-3.805521529735e-02,2.537014353157e-02,2.537014353157e-02,2.537014353157e-02
1.846000000000e+00,1.494341570151e-01,-1.346645091272e+00,1.346645091272e+00,-1.421362169780e+00,-1.421362169780e+00,1.494341570151e-01,1.616901085645e-01,2.425351628468e-01,-2.425351628468e-01,1.616901085645e-01,1.616901085645e-01,1.616901085645e-01,2.504879100078e-02,3.757318650117e-02,-3.757318650117e-02,2.504879100078e-02,2.504879100078e-02,2.504879100078e-02
1.848000000000e+00,1.497575871155e-01,-1.346159946122e+00,1.346159946122e+00,-1.421038739679e+00,-1.421038739679e+00,1.497575871155e-01,1.617398846678e-01,2.426098270018e-01,-2.426098270018e-01,1.617398846678e-01,1.617398846678e-01,1.617398846678e-01,2.472728728085e-02,3.709093092127e-02,-3.709093092127e-02,2.472728728085e-02,2.472728728085e-02,2.472728728085e-02
1.850000000000e+00,1.500811161250e-01,-1.345674652607e+00,1.345674652607e+00,-1.420715210670e+00,-1.420715210670e+00,1.500811161250e-01,1.617890176142e-01,2.426835264212e-01,-2.426835264212e-01,1.617890176142e-01,1.617890176142e-01,1.617890176142e-01,2.440563433526e-02,3.660845150289e-02,-3.660845150289e-02,2.440563433526e-02,2.440563433526e-02,2.440563433526e-02
1.852000000000e+00,1.504047427570e-01,-1.345189212659e+00,1.345189212659e+00,-1.420391584038e+00,-1.420391584038e+00,1.504047427570e-01,1.618375071070e-01,2.427562606605e-01,-2.427562606605e-01,1.618375071070e-01,1.618375071070e-01,1.618375071070e-01,2.408383412752e-02,3.612575119128e-02,-3.612575119128e-02,2.408383412752e-02,2.408383412752e-02,2.408383412752e-02
1.854000000000e+00,1.507284657242e-01,-1.344703628209e+00,1.344703628209e+00,-1.420067861071e+00,-1.420067861071e+00,1.507284657242e-01,1.618853528538e-01,2.428280292807e-01,-2.428280292807e-01,1.618853528538e-01,1.618853528538e-01,1.618853528538e-01,2.376188862112e-02,3.564283293168e-02,-3.564283293168e-02,2.376188862112e-02,2.376188862112e-02,2.376188862112e-02
1.856000000000e+00,1.510522837390e-01,-1.344217901186e+00,1.344217901186e+00,-1.419744043056e+00,-1.419744043056e+00,1.510522837390e-01,1.619325545659e-01,2.428988318489e-01,-2.428988318489e-01,1.619325545659e-01,1.619325545659e-01,1.619325545659e-01,2.343979977955e-02,3.515969966933e-02,-3.515969966933e-02,2.343979977955e-02,2.343979977955e-02,2.343979977955e-02
1.858000000000e+00,1.513761955130e-01,-1.343732033525e+00,1.343732033525e+00,-1.419420131282e+00,-1.419420131282e+00,1.513761955130e-01,1.619791119587e-01,2.429686679380e-01,-2.429686679380e-01,1.619791119587e-01,1.619791119587e-01,1.619791119587e-01,2.311756956632e-02,3.467635434947e-02,-3.467635434947e-02,2.311756956632e-02,2.311756956632e-02,2.311756956632e-02
1.860000000000e+00,1.517001997571e-01,-1.343246027159e+00,1.343246027159e+00,-1.419096127038e+00,-1.419096127038e+00,1.517001997571e-01,1.620250247513e-01,2.430375371269e-01,-2.430375371269e-01,1.620250247513e-01,1.620250247513e-01,1.620250247513e-01,2.279519994491e-02,3.419279991736e-02,-3.419279991736e-02,2.279519994491e-02,2.279519994491e-02,2.279519994491e-02
1.862000000000e+00,1.520242951820e-01,-1.342759884022e+00,1.342759884022e+00,-1.418772031613e+00,-1.418772031613e+00,1.520242951820e-01,1.620702926668e-01,2.431054390002e-01,-2.431054390002e-01,1.620702926668e-01,1.620702926668e-01,1.620702926668e-01,2.247269287882e-02,3.370903931823e-02,-3.370903931823e-02,2.247269287882e-02,2.247269287882e-02,2.247269287882e-02
1.864000000000e+00,1.523484804977e-01,-1.342273606048e+00,1.342273606048e+00,-1.418447846297e+00,-1.418447846297e+00,1.523484804977e-01,1.621149154325e-01,2.431723731487e-01,-2.431723731487e-01,1.621149154325e-01,1.621149154325e-01,1.621149154325e-01,2.215005033155e-02,3.322507549732e-02,-3.322507549732e-02,2.215005033155e-02,2.215005033155e-02,2.215005033155e-02
1.866000000000e+00,1.526727544135e-01,-1.341787195175e+00,1.341787195175e+00,-1.418123572381e+00,-1.418123572381e+00,1.526727544135e-01,1.621588927791e-01,2.432383391687e-01,-2.432383391687e-01,1.621588927791e-01,1.621588927791e-01,1.621588927791e-01,2.182727426659e-02,3.274091139988e-02,-3.274091139988e-02,2.182727426659e-02,2.182727426659e-02,2.182727426659e-02
1.868000000000e+00,1.529971156384e-01,-1.341300653337e+00,1.341300653337e+00,-1.417799211157e+00,-1.417799211157e+00,1.529971156384e-01,1.622022244418e-01,2.433033366627e-01,-2.433033366627e-01,1.622022244418e-01,1.622022244418e-01,1.622022244418e-01,2.150436664744e-02,3.225654997115e-02,-3.225654997115e-02,2.150436664744e-02,2.150436664744e-02,2.150436664744e-02
1.870000000000e+00,1.533215628806e-01,-1.340813982474e+00,1.340813982474e+00,-1.417474763914e+00,-1.417474763914e+00,1.533215628806e-01,1.622449101593e-01,2.433673652390e-01,-2.433673652390e-01,1.622449101593e-01,1.622449101593e-01,1.622449101593e-01,2.118132943759e-02,3.177199415638e-02,-3.177199415638e-02,2.118132943759e-02,2.118132943759e-02,2.118132943759e-02
1.872000000000e+00,1.536460948482e-01,-1.340327184523e+00,1.340327184523e+00,-1.417150231947e+00,-1.417150231947e+00,1.536460948482e-01,1.622869496745e-01,2.434304245117e-01,-2.434304245117e-01,1.622869496745e-01,1.622869496745e-01,1.622869496745e-01,2.085816460054e-02,3.128724690081e-02,-3.128724690081e-02,2.085816460054e-02,2.085816460054e-02,2.085816460054e-02
1.874000000000e+00,1.539707102484e-01,-1.339840261422e+00,1.339840261422e+00,-1.416825616547e+00,-1.416825616547e+00,1.539707102484e-01,1.623283427340e-01,2.434925141009e-01,-2.434925141009e-01,1.623283427340e-01,1.623283427340e-01,1.623283427340e-01,2.053487409978e-02,3.080231114967e-02,-3.080231114967e-02,2.053487409978e-02,2.053487409978e-02,2.053487409978e-02
1.876000000000e+00,1.542954077880e-01,-1.339353215113e+00,1.339353215113e+00,-1.416500919007e+00,-1.416500919007e+00,1.542954077880e-01,1.623690890884e-01,2.435536336326e-01,-2.435536336326e-01,1.623690890884e-01,1.623690890884e-01,1.623690890884e-01,2.021145989881e-02,3.031718984822e-02,-3.031718984822e-02,2.021145989881e-02,2.021145989881e-02,2.021145989881e-02
1.878000000000e+00,1.546201861734e-01,-1.338866047535e+00,1.338866047535e+00,-1.416176140621e+00,-1.416176140621e+00,1.546201861734e-01,1.624091884924e-01,2.436137827386e-01,-2.436137827386e-01,1.624091884924e-01,1.624091884924e-01,1.624091884924e-01,1.988792396113e-02,2.983188594170e-02,-2.983188594170e-02,1.988792396113e-02,1.988792396113e-02,1.988792396113e-02
1.880000000000e+00,1.549450441105e-01,-1.338378760629e+00,1.338378760629e+00,-1.415851282684e+00,-1.415851282684e+00,1.549450441105e-01,1.624486407044e-01,2.436729610566e-01,-2.436729610566e-01,1.624486407044e-01,1.624486407044e-01,1.624486407044e-01,1.956426825023e-02,2.934640237535e-02,-2.934640237535e-02,1.956426825023e-02,1.956426825023e-02,1.956426825023e-02
1.882000000000e+00,1.552699803046e-01,-1.337891356338e+00,1.337891356338e+00,-1.415526346490e+00,-1.415526346490e+00,1.552699803046e-01,1.624874454869e-01,2.437311682303e-01,-2.437311682303e-01,1.624874454869e-01,1.624874454869e-01,1.624874454869e-01,1.924049472960e-02,2.886074209441e-02,-2.886074209441e-02,1.924049472960e-02,1.924049472960e-02,1.924049472960e-02
1.884000000000e+00,1.555949934607e-01,-1.337403836604e+00,1.337403836604e+00,-1.415201333334e+00,-1.415201333334e+00,1.555949934607e-01,1.625256026061e-01,2.437884039092e-01,-2.437884039092e-01,1.625256026061e-01,1.625256026061e-01,1.625256026061e-01,1.891660536275e-02,2.837490804412e-02,-2.837490804412e-02,1.891660536275e-02,1.891660536275e-02,1.891660536275e-02
1.886000000000e+00,1.559200822831e-01,-1.336916203370e+00,1.336916203370e+00,-1.414876244512e+00,-1.414876244512e+00,1.559200822831e-01,1.625631118324e-01,2.438446677486e-01,-2.438446677486e-01,1.625631118324e-01,1.625631118324e-01,1.625631118324e-01,1.859260211316e-02,2.788890316974e-02,-2.788890316974e-02,1.859260211316e-02,1.859260211316e-02,1.859260211316e-02
1.888000000000e+00,1.562452454759e-01,-1.336428458581e+00,1.336428458581e+00,-1.414551081319e+00,-1.414551081319e+00,1.562452454759e-01,1.625999729399e-01,2.438999594099e-01,-2.438999594099e-01,1.625999729399e-01,1.625999729399e-01,1.625999729399e-01,1.826848694433e-02,2.740273041650e-02,-2.740273041650e-02,1.826848694433e-02,1.826848694433e-02,1.826848694433e-02
1.890000000000e+00,1.565704817426e-01,-1.335940604181e+00,1.335940604181e+00,-1.414225845052e+00,-1.414225845052e+00,1.565704817426e-01,1.626361857069e-01,2.439542785603e-01,-2.439542785603e-01,1.626361857069e-01,1.626361857069e-01,1.626361857069e-01,1.794426181976e-02,2.691639272964e-02,-2.691639272964e-02,1.794426181976e-02,1.794426181976e-02,1.794426181976e-02
1.892000000000e+00,1.568957897864e-01,-1.335452642115e+00,1.335452642115e+00,-1.413900537009e+00,-1.413900537009e+00,1.568957897864e-01,1.626717499152e-01,2.440076248728e-01,-2.440076248728e-01,1.626717499152e-01,1.626717499152e-01,1.626717499152e-01,1.761992870294e-02,2.642989305441e-02,-2.642989305441e-02,1.761992870294e-02,1.761992870294e-02,1.761992870294e-02
1.894000000000e+00,1.572211683098e-01,-1.334964574330e+00,1.334964574330e+00,-1.413575158485e+00,-1.413575158485e+00,1.572211683098e-01,1.627066653510e-01,2.440599980265e-01,-2.440599980265e-01,1.627066653510e-01,1.627066653510e-01,1.627066653510e-01,1.729548955737e-02,2.594323433606e-02,-2.594323433606e-02,1.729548955737e-02,1.729548955737e-02,1.729548955737e-02
1.896000000000e+00,1.575466160151e-01,-1.334476402772e+00,1.334476402772e+00,-1.413249710780e+00,-1.413249710780e+00,1.575466160151e-01,1.627409318041e-01,2.441113977061e-01,-2.441113977061e-01,1.627409318041e-01,1.627409318041e-01,1.627409318041e-01,1.697094634655e-02,2.545641951982e-02,-2.545641951982e-02,1.697094634655e-02,1.697094634655e-02,1.697094634655e-02
1.898000000000e+00,1.578721316042e-01,-1.333988129389e+00,1.333988129389e+00,-1.412924195191e+00,-1.412924195191e+00,1.578721316042e-01,1.627745490683e-01,2.441618236025e-01,-2.441618236025e-01,1.627745490683e-01,1.627745490683e-01,1.627745490683e-01,1.664630103396e-02,2.496945155094e-02,-2.496945155094e-02,1.664630103396e-02,1.664630103396e-02,1.664630103396e-02
1.900000000000e+00,1.581977137785e-01,-1.333499756127e+00,1.333499756127e+00,-1.412598613016e+00,-1.412598613016e+00,1.581977137785e-01,1.628075169415e-01,2.442112754122e-01,-2.442112754122e-01,1.628075169415e-01,1.628075169415e-01,1.628075169415e-01,1.632155558310e-02,2.448233337465e-02,-2.448233337465e-02,1.632155558310e-02,1.632155558310e-02,1.632155558310e-02
1.902000000000e+00,1.585233612389e-01,-1.333011284937e+00,1.333011284937e+00,-1.412272965556e+00,-1.412272965556e+00,1.585233612389e-01,1.628398352252e-01,2.442597528378e-01,-2.442597528378e-01,1.628398352252e-01,1.628398352252e-01,1.628398352252e-01,1.599671195748e-02,2.399506793622e-02,-2.399506793622e-02,1.599671195748e-02,1.599671195748e-02,1.599671195748e-02
1.904000000000e+00,1.588490726862e-01,-1.332522717766e+00,1.332522717766e+00,-1.411947254109e+00,-1.411947254109e+00,1.588490726862e-01,1.628715037251e-01,2.443072555877e-01,-2.443072555877e-01,1.628715037251e-01,1.628715037251e-01,1.628715037251e-01,1.567177212058e-02,2.350765818087e-02,-2.350765818087e-02,1.567177212058e-02,1.567177212058e-02,1.567177212058e-02
1.906000000000e+00,1.591748468205e-01,-1.332034056564e+00,1.332034056564e+00,-1.411621479974e+00,-1.411621479974e+00,1.591748468205e-01,1.629025222508e-01,2.443537833763e-01,-2.443537833763e-01,1.629025222508e-01,1.629025222508e-01,1.629025222508e-01,1.534673803590e-02,2.302010705385e-02,-2.302010705385e-02,1.534673803590e-02,1.534673803590e-02,1.534673803590e-02
1.908000000000e+00,1.595006823417e-01,-1.331545303282e+00,1.331545303282e+00,-1.411295644453e+00,-1.411295644453e+00,1.595006823417e-01,1.629328906158e-01,2.443993359236e-01,-2.443993359236e-01,1.629328906158e-01,1.629328906158e-01,1.629328906158e-01,1.502161166694e-02,2.253241750041e-02,-2.253241750041e-02,1.502161166694e-02,1.502161166694e-02,1.502161166694e-02
1.910000000000e+00,1.598265779494e-01,-1.331056459871e+00,1.331056459871e+00,-1.410969748845e+00,-1.410969748845e+00,1.598265779494e-01,1.629626086373e-01,2.444439129559e-01,-2.444439129559e-01,1.629626086373e-01,1.629626086373e-01,1.629626086373e-01,1.469639497719e-02,2.204459246578e-02,-2.204459246578e-02,1.469639497719e-02,1.469639497719e-02,1.469639497719e-02
1.912000000000e+00,1.601525323426e-01,-1.330567528281e+00,1.330567528281e+00,-1.410643794452e+00,-1.410643794452e+00,1.601525323426e-01,1.629916761368e-01,2.444875142052e-01,-2.444875142052e-01,1.629916761368e-01,1.629916761368e-01,1.629916761368e-01,1.437108993014e-02,2.155663489521e-02,-2.155663489521e-02,1.437108993014e-02,1.437108993014e-02,1.437108993014e-02
1.914000000000e+00,1.604785442202e-01,-1.330078510465e+00,1.330078510465e+00,-1.410317782575e+00,-1.410317782575e+00,1.604785442202e-01,1.630200929394e-01,2.445301394091e-01,-2.445301394091e-01,1.630200929394e-01,1.630200929394e-01,1.630200929394e-01,1.404569848930e-02,2.106854773395e-02,-2.106854773395e-02,1.404569848930e-02,1.404569848930e-02,1.404569848930e-02
1.916000000000e+00,1.608046122805e-01,-1.329589408374e+00,1.329589408374e+00,-1.409991714514e+00,-1.409991714514e+00,1.608046122805e-01,1.630478588744e-01,2.445717883117e-01,-2.445717883117e-01,1.630478588744e-01,1.630478588744e-01,1.630478588744e-01,1.372022261815e-02,2.058033392723e-02,-2.058033392723e-02,1.372022261815e-02,1.372022261815e-02,1.372022261815e-02
1.918000000000e+00,1.611307352216e-01,-1.329100223962e+00,1.329100223962e+00,-1.409665591573e+00,-1.409665591573e+00,1.611307352216e-01,1.630749737749e-01,2.446124606624e-01,-2.446124606624e-01,1.630749737749e-01,1.630749737749e-01,1.630749737749e-01,1.339466428020e-02,2.009199642030e-02,-2.009199642030e-02,1.339466428020e-02,1.339466428020e-02,1.339466428020e-02
1.920000000000e+00,1.614569117414e-01,-1.328610959183e+00,1.328610959183e+00,-1.409339415053e+00,-1.409339415053e+00,1.614569117414e-01,1.631014374779e-01,2.446521562168e-01,-2.446521562168e-01,1.631014374779e-01,1.631014374779e-01,1.631014374779e-01,1.306902543893e-02,1.960353815840e-02,-1.960353815840e-02,1.306902543893e-02,1.306902543893e-02,1.306902543893e-02
1.922000000000e+00,1.617831405373e-01,-1.328121615989e+00,1.328121615989e+00,-1.409013186258e+00,-1.409013186258e+00,1.617831405373e-01,1.631272498243e-01,2.446908747365e-01,-2.446908747365e-01,1.631272498243e-01,1.631272498243e-01,1.631272498243e-01,1.274330805785e-02,1.911496208678e-02,-1.911496208678e-02,1.274330805785e-02,1.274330805785e-02,1.274330805785e-02
1.924000000000e+00,1.621094203064e-01,-1.327632196335e+00,1.327632196335e+00,-1.408686906489e+00,-1.408686906489e+00,1.621094203064e-01,1.631524106591e-01,2.447286159886e-01,-2.447286159886e-01,1.631524106591e-01,1.631524106591e-01,1.631524106591e-01,1.241751410045e-02,1.862627115068e-02,-1.862627115068e-02,1.241751410045e-02,1.241751410045e-02,1.241751410045e-02
1.926000000000e+00,1.624357497455e-01,-1.327142702177e+00,1.327142702177e+00,-1.408360577049e+00,-1.408360577049e+00,1.624357497455e-01,1.631769198310e-01,2.447653797465e-01,-2.447653797465e-01,1.631769198310e-01,1.631769198310e-01,1.631769198310e-01,1.209164553022e-02,1.813746829533e-02,-1.813746829533e-02,1.209164553022e-02,1.209164553022e-02,1.209164553022e-02
1.928000000000e+00,1.627621275512e-01,-1.326653135468e+00,1.326653135468e+00,-1.408034199244e+00,-1.408034199244e+00,1.627621275512e-01,1.632007771928e-01,2.448011657891e-01,-2.448011657891e-01,1.632007771928e-01,1.632007771928e-01,1.632007771928e-01,1.176570431067e-02,1.764855646600e-02,-1.764855646600e-02,1.176570431067e-02,1.176570431067e-02,1.176570431067e-02
1.930000000000e+00,1.630885524196e-01,-1.326163498165e+00,1.326163498165e+00,-1.407707774375e+00,-1.407707774375e+00,1.630885524196e-01,1.632239826011e-01,2.448359739016e-01,-2.448359739016e-01,1.632239826011e-01,1.632239826011e-01,1.632239826011e-01,1.143969240527e-02,1.715953860791e-02,-1.715953860791e-02,1.143969240527e-02,1.143969240527e-02,1.143969240527e-02
1.932000000000e+00,1.634150230468e-01,-1.325673792225e+00,1.325673792225e+00,-1.407381303748e+00,-1.407381303748e+00,1.634150230468e-01,1.632465359166e-01,2.448698038748e-01,-2.448698038748e-01,1.632465359166e-01,1.632465359166e-01,1.632465359166e-01,1.111361177754e-02,1.667041766631e-02,-1.667041766631e-02,1.111361177754e-02,1.111361177754e-02,1.111361177754e-02
1.934000000000e+00,1.637415381285e-01,-1.325184019602e+00,1.325184019602e+00,-1.407054788666e+00,-1.407054788666e+00,1.637415381285e-01,1.632684370037e-01,2.449026555055e-01,-2.449026555055e-01,1.632684370037e-01,1.632684370037e-01,1.632684370037e-01,1.078746439097e-02,1.618119658645e-02,-1.618119658645e-02,1.078746439097e-02,1.078746439097e-02,1.078746439097e-02
1.936000000000e+00,1.640680963600e-01,-1.324694182255e+00,1.324694182255e+00,-1.406728230435e+00,-1.406728230435e+00,1.640680963600e-01,1.632896857309e-01,2.449345285964e-01,-2.449345285964e-01,1.632896857309e-01,1.632896857309e-01,1.632896857309e-01,1.046125220904e-02,1.569187831356e-02,-1.569187831356e-02,1.046125220904e-02,1.046125220904e-02,1.046125220904e-02
1.938000000000e+00,1.643946964364e-01,-1.324204282140e+00,1.324204282140e+00,-1.406401630358e+00,-1.406401630358e+00,1.643946964364e-01,1.633102819706e-01,2.449654229560e-01,-2.449654229560e-01,1.633102819706e-01,1.633102819706e-01,1.633102819706e-01,1.013497719526e-02,1.520246579290e-02,-1.520246579290e-02,1.013497719526e-02,1.013497719526e-02,1.013497719526e-02
1.940000000000e+00,1.647213370528e-01,-1.323714321216e+00,1.323714321216e+00,-1.406074989742e+00,-1.406074989742e+00,1.647213370528e-01,1.633302255991e-01,2.449953383987e-01,-2.449953383987e-01,1.633302255991e-01,1.633302255991e-01,1.633302255991e-01,9.808641313130e-03,1.471296196969e-02,-1.471296196969e-02,9.808641313130e-03,9.808641313130e-03,9.808641313130e-03
1.942000000000e+00,1.650480169037e-01,-1.323224301439e+00,1.323224301439e+00,-1.405748309891e+00,-1.405748309891e+00,1.650480169037e-01,1.633495164966e-01,2.450242747449e-01,-2.450242747449e-01,1.633495164966e-01,1.633495164966e-01,1.633495164966e-01,9.482246526133e-03,1.422336978920e-02,-1.422336978920e-02,9.482246526133e-03,9.482246526133e-03,9.482246526133e-03
1.944000000000e+00,1.653747346835e-01,-1.322734224770e+00,1.322734224770e+00,-1.405421592111e+00,-1.405421592111e+00,1.653747346835e-01,1.633681545473e-01,2.450522318209e-01,-2.450522318209e-01,1.633681545473e-01,1.633681545473e-01,1.633681545473e-01,9.155794797769e-03,1.373369219665e-02,-1.373369219665e-02,9.155794797769e-03,9.155794797769e-03,9.155794797769e-03
1.946000000000e+00,1.657014890865e-01,-1.322244093165e+00,1.322244093165e+00,-1.405094837708e+00,-1.405094837708e+00,1.657014890865e-01,1.633861396392e-01,2.450792094588e-01,-2.450792094588e-01,1.633861396392e-01,1.633861396392e-01,1.633861396392e-01,8.829288091534e-03,1.324393213730e-02,-1.324393213730e-02,8.829288091534e-03,8.829288091534e-03,8.829288091534e-03
1.948000000000e+00,1.660282788067e-01,-1.321753908585e+00,1.321753908585e+00,-1.404768047988e+00,-1.404768047988e+00,1.660282788067e-01,1.634034716643e-01,2.451052074965e-01,-2.451052074965e-01,1.634034716643e-01,1.634034716643e-01,1.634034716643e-01,8.502728370922e-03,1.275409255638e-02,-1.275409255638e-02,8.502728370922e-03,8.502728370922e-03,8.502728370922e-03
1.950000000000e+00,1.663551025377e-01,-1.321263672988e+00,1.321263672988e+00,-1.404441224257e+00,-1.404441224257e+00,1.663551025377e-01,1.634201505186e-01,2.451302257779e-01,-2.451302257779e-01,1.634201505186e-01,1.634201505186e-01,1.634201505186e-01,8.176117599431e-03,1.226417639915e-02,-1.226417639915e-02,8.176117599431e-03,8.176117599431e-03,8.176117599431e-03
1.952000000000e+00,1.666819589733e-01,-1.320773388335e+00,1.320773388335e+00,-1.404114367822e+00,-1.404114367822e+00,1.666819589733e-01,1.634361761020e-01,2.451542641530e-01,-2.451542641530e-01,1.634361761020e-01,1.634361761020e-01,1.634361761020e-01,7.849457740553e-03,1.177418661083e-02,-1.177418661083e-02,7.849457740553e-03,7.849457740553e-03,7.849457740553e-03
1.954000000000e+00,1.670088468066e-01,-1.320283056585e+00,1.320283056585e+00,-1.403787479988e+00,-1.403787479988e+00,1.670088468066e-01,1.634515483182e-01,2.451773224772e-01,-2.451773224772e-01,1.634515483182e-01,1.634515483182e-01,1.634515483182e-01,7.522750757786e-03,1.128412613668e-02,-1.128412613668e-02,7.522750757786e-03,7.522750757786e-03,7.522750757786e-03
1.956000000000e+00,1.673357647309e-01,-1.319792679699e+00,1.319792679699e+00,-1.403460562064e+00,-1.403460562064e+00,1.673357647309e-01,1.634662670749e-01,2.451994006123e-01,-2.451994006123e-01,1.634662670749e-01,1.634662670749e-01,1.634662670749e-01,7.195998614625e-03,1.079399792194e-02,-1.079399792194e-02,7.195998614625e-03,7.195998614625e-03,7.195998614625e-03
1.958000000000e+00,1.676627114392e-01,-1.319302259636e+00,1.319302259636e+00,-1.403133615356e+00,-1.403133615356e+00,1.676627114392e-01,1.634803322838e-01,2.452204984257e-01,-2.452204984257e-01,1.634803322838e-01,1.634803322838e-01,1.634803322838e-01,6.869203274565e-03,1.030380491185e-02,-1.030380491185e-02,6.869203274565e-03,6.869203274565e-03,6.869203274565e-03
1.960000000000e+00,1.679896856243e-01,-1.318811798358e+00,1.318811798358e+00,-1.402806641171e+00,-1.402806641171e+00,1.679896856243e-01,1.634937438605e-01,2.452406157908e-01,-2.452406157908e-01,1.634937438605e-01,1.634937438605e-01,1.634937438605e-01,6.542366701101e-03,9.813550051651e-03,-9.813550051651e-03,6.542366701101e-03,6.542366701101e-03,6.542366701101e-03
1.962000000000e+00,1.683166859788e-01,-1.318321297827e+00,1.318321297827e+00,-1.402479640816e+00,-1.402479640816e+00,1.683166859788e-01,1.635065017244e-01,2.452597525867e-01,-2.452597525867e-01,1.635065017244e-01,1.635065017244e-01,1.635065017244e-01,6.215490857729e-03,9.323236286593e-03,-9.323236286593e-03,6.215490857729e-03,6.215490857729e-03,6.215490857729e-03
1.964000000000e+00,1.686437111953e-01,-1.317830760002e+00,1.317830760002e+00,-1.402152615600e+00,-1.402152615600e+00,1.686437111953e-01,1.635186057991e-01,2.452779086986e-01,-2.452779086986e-01,1.635186057991e-01,1.635186057991e-01,1.635186057991e-01,5.888577707944e-03,8.832866561916e-03,-8.832866561916e-03,5.888577707944e-03,5.888577707944e-03,5.888577707944e-03
1.966000000000e+00,1.689707599661e-01,-1.317340186846e+00,1.317340186846e+00,-1.401825566829e+00,-1.401825566829e+00,1.689707599661e-01,1.635300560117e-01,2.452950840176e-01,-2.452950840176e-01,1.635300560117e-01,1.635300560117e-01,1.635300560117e-01,5.561629215242e-03,8.342443822862e-03,-8.342443822862e-03,5.561629215242e-03,5.561629215242e-03,5.561629215242e-03
1.968000000000e+00,1.692978309834e-01,-1.316849580320e+00,1.316849580320e+00,-1.401498495811e+00,-1.401498495811e+00,1.692978309834e-01,1.635408522937e-01,2.453112784405e-01,-2.453112784405e-01,1.635408522937e-01,1.635408522937e-01,1.635408522937e-01,5.234647343117e-03,7.851971014676e-03,-7.851971014676e-03,5.234647343117e-03,5.234647343117e-03,5.234647343117e-03
1.970000000000e+00,1.696249229393e-01,-1.316358942386e+00,1.316358942386e+00,-1.401171403856e+00,-1.401171403856e+00,1.696249229393e-01,1.635509945801e-01,2.453264918702e-01,-2.453264918702e-01,1.635509945801e-01,1.635509945801e-01,1.635509945801e-01,4.907634055067e-03,7.361451082600e-03,-7.361451082600e-03,4.907634055067e-03,4.907634055067e-03,4.907634055067e-03
1.972000000000e+00,1.699520345257e-01,-1.315868275006e+00,1.315868275006e+00,-1.400844292269e+00,-1.400844292269e+00,1.699520345257e-01,1.635604828103e-01,2.453407242154e-01,-2.453407242154e-01,1.635604828103e-01,1.635604828103e-01,1.635604828103e-01,4.580591314585e-03,6.870886971878e-03,-6.870886971878e-03,4.580591314585e-03,4.580591314585e-03,4.580591314585e-03
1.974000000000e+00,1.702791644344e-01,-1.315377580143e+00,1.315377580143e+00,-1.400517162360e+00,-1.400517162360e+00,1.702791644344e-01,1.635693169271e-01,2.453539753906e-01,-2.453539753906e-01,1.635693169271e-01,1.635693169271e-01,1.635693169271e-01,4.253521085167e-03,6.380281627751e-03,-6.380281627751e-03,4.253521085167e-03,4.253521085167e-03,4.253521085167e-03
1.976000000000e+00,1.706063113573e-01,-1.314886859759e+00,1.314886859759e+00,-1.400190015438e+00,-1.400190015438e+00,1.706063113573e-01,1.635774968776e-01,2.453662453164e-01,-2.453662453164e-01,1.635774968776e-01,1.635774968776e-01,1.635774968776e-01,3.926425330310e-03,5.889637995464e-03,-5.889637995464e-03,3.926425330310e-03,3.926425330310e-03,3.926425330310e-03
1.978000000000e+00,1.709334739858e-01,-1.314396115816e+00,1.314396115816e+00,-1.399862852809e+00,-1.399862852809e+00,1.709334739858e-01,1.635850226127e-01,2.453775339190e-01,-2.453775339190e-01,1.635850226127e-01,1.635850226127e-01,1.635850226127e-01,3.599306013507e-03,5.398959020260e-03,-5.398959020260e-03,3.599306013507e-03,3.599306013507e-03,3.599306013507e-03
1.980000000000e+00,1.712606510116e-01,-1.313905350278e+00,1.313905350278e+00,-1.399535675783e+00,-1.399535675783e+00,1.712606510116e-01,1.635918940872e-01,2.453878411309e-01,-2.453878411309e-01,1.635918940872e-01,1.635918940872e-01,1.635918940872e-01,3.272165098255e-03,4.908247647382e-03,-4.908247647382e-03,3.272165098255e-03,3.272165098255e-03,3.272165098255e-03
1.982000000000e+00,1.715878411260e-01,-1.313414565106e+00,1.313414565106e+00,-1.399208485669e+00,-1.399208485669e+00,1.715878411260e-01,1.635981112600e-01,2.453971668900e-01,-2.453971668900e-01,1.635981112600e-01,1.635981112600e-01,1.635981112600e-01,2.945004548048e-03,4.417506822073e-03,-4.417506822073e-03,2.945004548048e-03,2.945004548048e-03,2.945004548048e-03
1.984000000000e+00,1.719150430204e-01,-1.312923762264e+00,1.312923762264e+00,-1.398881283775e+00,-1.398881283775e+00,1.719150430204e-01,1.636036740937e-01,2.454055111405e-01,-2.454055111405e-01,1.636036740937e-01,1.636036740937e-01,1.636036740937e-01,2.617826326383e-03,3.926739489575e-03,-3.926739489575e-03,2.617826326383e-03,2.617826326383e-03,2.617826326383e-03
1.986000000000e+00,1.722422553861e-01,-1.312432943716e+00,1.312432943716e+00,-1.398554071409e+00,-1.398554071409e+00,1.722422553861e-01,1.636085825548e-01,2.454128738322e-01,-2.454128738322e-01,1.636085825548e-01,1.636085825548e-01,1.636085825548e-01,2.290632396755e-03,3.435948595133e-03,-3.435948595133e-03,2.290632396755e-03,2.290632396755e-03,2.290632396755e-03
1.988000000000e+00,1.725694769143e-01,-1.311942111423e+00,1.311942111423e+00,-1.398226849881e+00,-1.398226849881e+00,1.725694769143e-01,1.636128366141e-01,2.454192549211e-01,-2.454192549211e-01,1.636128366141e-01,1.636128366141e-01,1.636128366141e-01,1.963424722659e-03,2.945137083988e-03,-2.945137083988e-03,1.963424722659e-03,1.963424722659e-03,1.963424722659e-03
1.990000000000e+00,1.728967062963e-01,-1.311451267351e+00,1.311451267351e+00,-1.397899620499e+00,-1.397899620499e+00,1.728967062963e-01,1.636164362459e-01,2.454246543688e-01,-2.454246543688e-01,1.636164362459e-01,1.636164362459e-01,1.636164362459e-01,1.636205267590e-03,2.454307901386e-03,-2.454307901386e-03,1.636205267590e-03,1.636205267590e-03,1.636205267590e-03
1.992000000000e+00,1.732239422230e-01,-1.310960413460e+00,1.310960413460e+00,-1.397572384572e+00,-1.397572384572e+00,1.732239422230e-01,1.636193814286e-01,2.454290721429e-01,-2.454290721429e-01,1.636193814286e-01,1.636193814286e-01,1.636193814286e-01,1.308975995045e-03,1.963463992567e-03,-1.963463992567e-03,1.308975995045e-03,1.308975995045e-03,1.308975995045e-03
1.994000000000e+00,1.735511833857e-01,-1.310469551716e+00,1.310469551716e+00,-1.397245143409e+00,-1.397245143409e+00,1.735511833857e-01,1.636216721446e-01,2.454325082169e-01,-2.454325082169e-01,1.636216721446e-01,1.636216721446e-01,1.636216721446e-01,9.817388685174e-04,1.472608302776e-03,-1.472608302776e-03,9.817388685174e-04,9.817388685174e-04,9.817388685174e-04
1.996000000000e+00,1.738784284753e-01,-1.309978684082e+00,1.309978684082e+00,-1.396917898320e+00,-1.396917898320e+00,1.738784284753e-01,1.636233083801e-01,2.454349625702e-01,-2.454349625702e-01,1.636233083801e-01,1.636233083801e-01,1.636233083801e-01,6.544958515040e-04,9.817437772560e-04,-9.817437772560e-04,6.544958515040e-04,6.544958515040e-04,6.544958515040e-04
1.998000000000e+00,1.742056761829e-01,-1.309487812521e+00,1.309487812521e+00,-1.396590650612e+00,-1.396590650612e+00,1.742056761829e-01,1.636242901254e-01,2.454364351881e-01,-2.454364351881e-01,1.636242901254e-01,1.636242901254e-01,1.636242901254e-01,3.272489074996e-04,4.908733612494e-04,-4.908733612494e-04,3.272489074996e-04,3.272489074996e-04,3.272489074996e-04
2.000000000000e+00,1.745329251994e-01,-1.308996938996e+00,1.308996938996e+00,-1.396263401595e+00,-1.396263401595e+00,1.745329251994e-01,1.636246173745e-01,2.454369260617e-01,-2.454369260617e-01,1.636246173745e-01,1.636246173745e-01,1.636246173745e-01,0.000000000000e+00,0.000000000000e+00,-0.000000000000e+00,0.000000000000e+00,0.000000000000e+00,0.000000000000e+00
2.002000000000e+00,1.748601742160e-01,-1.308506065471e+00,1.308506065471e+00,-1.395936152579e+00,-1.395936152579e+00,1.748601742160e-01,1.636242901254e-01,2.454364351881e-01,-2.454364351881e-01,1.636242901254e-01,1.636242901254e-01,1.636242901254e-01,-3.272489074995e-04,-4.908733612493e-04,4.908733612493e-04,-3.272489074995e-04,-3.272489074995e-04,-3.272489074995e-04
2.004000000000e+00,1.751874219236e-01,-1.308015193909e+00,1.308015193909e+00,-1.395608904871e+00,-1.395608904871e+00,1.751874219236e-01,1.636233083801e-01,2.454349625702e-01,-2.454349625702e-01,1.636233083801e-01,1.636233083801e-01,1.636233083801e-01,-6.544958515039e-04,-9.817437772558e-04,9.817437772558e-04,-6.544958515039e-04,-6.544958515039e-04,-6.544958515039e-04
2.006000000000e+00,1.755146670132e-01,-1.307524326275e+00,1.307524326275e+00,-1.395281659782e+00,-1.395281659782e+00,1.755146670132e-01,1.636216721446e-01,2.454325082169e-01,-2.454325082169e-01,1.636216721446e-01,1.636216721446e-01,1.636216721446e-01,-9.817388685174e-04,-1.472608302776e-03,1.472608302776e-03,-9.817388685174e-04,-9.817388685174e-04,-9.817388685174e-04
2.008000000000e+00,1.758419081759e-01,-1.307033464531e+00,1.307033464531e+00,-1.394954418619e+00,-1.394954418619e+00,1.758419081759e-01,1.636193814286e-01,2.454290721429e-01,-2.454290721429e-01,1.636193814286e-01,1.636193814286e-01,1.636193814286e-01,-1.308975995045e-03,-1.963463992567e-03,1.963463992567e-03,-1.308975995045e-03,-1.308975995045e-03,-1.308975995045e-03
2.010000000000e+00,1.761691441026e-01,-1.306542610641e+00,1.306542610641e+00,-1.394627182692e+00,-1.394627182692e+00,1.761691441026e-01,1.636164362459e-01,2.454246543688e-01,-2.454246543688e-01,1.636164362459e-01,1.636164362459e-01,1.636164362459e-01,-1.636205267590e-03,-2.454307901385e-03,2.454307901385e-03,-1.636205267590e-03,-1.636205267590e-03,-1.636205267590e-03
2.012000000000e+00,1.764963734845e-01,-1.306051766568e+00,1.306051766568e+00,-1.394299953310e+00,-1.394299953310e+00,1.764963734845e-01,1.636128366141e-01,2.454192549211e-01,-2.454192549211e-01,1.636128366141e-01,1.636128366141e-01,1.636128366141e-01,-1.963424722659e-03,-2.945137083988e-03,2.945137083988e-03,-1.963424722659e-03,-1.963424722659e-03,-1.963424722659e-03
2.014000000000e+00,1.768235950128e-01,-1.305560934276e+00,1.305560934276e+00,-1.393972731782e+00,-1.393972731782e+00,1.768235950128e-01,1.636085825548e-01,2.454128738322e-01,-2.454128738322e-01,1.636085825548e-01,1.636085825548e-01,1.636085825548e-01,-2.290632396755e-03,-3.435948595132e-03,3.435948595132e-03,-2.290632396755e-03,-2.290632396755e-03,-2.290632396755e-03
2.016000000000e+00,1.771508073785e-01,-1.305070115727e+00,1.305070115727e+00,-1.393645519416e+00,-1.393645519416e+00,1.771508073785e-01,1.636036740937e-01,2.454055111405e-01,-2.454055111405e-01,1.636036740937e-01,1.636036740937e-01,1.636036740937e-01,-2.617826326383e-03,-3.926739489575e-03,3.926739489575e-03,-2.617826326383e-03,-2.617826326383e-03,-2.617826326383e-03
2.018000000000e+00,1.774780092729e-01,-1.304579312886e+00,1.304579312886e+00,-1.393318317522e+00,-1.393318317522e+00,1.774780092729e-01,1.635981112600e-01,2.453971668900e-01,-2.453971668900e-01,1.635981112600e-01,1.635981112600e-01,1.635981112600e-01,-2.945004548048e-03,-4.417506822072e-03,4.417506822072e-03,-2.945004548048e-03,-2.945004548048e-03,-2.945004548048e-03
2.020000000000e+00,1.778051993873e-01,-1.304088527714e+00,1.304088527714e+00,-1.392991127408e+00,-1.392991127408e+00,1.778051993873e-01,1.635918940872e-01,2.453878411309e-01,-2.453878411309e-01,1.635918940872e-01,1.635918940872e-01,1.635918940872e-01,-3.272165098255e-03,-4.908247647382e-03,4.908247647382e-03,-3.272165098255e-03,-3.272165098255e-03,-3.272165098255e-03
2.022000000000e+00,1.781323764131e-01,-1.303597762175e+00,1.303597762175e+00,-1.392663950382e+00,-1.392663950382e+00,1.781323764131e-01,1.635850226127e-01,2.453775339190e-01,-2.453775339190e-01,1.635850226127e-01,1.635850226127e-01,1.635850226127e-01,-3.599306013507e-03,-5.398959020260e-03,5.398959020260e-03,-3.599306013507e-03,-3.599306013507e-03,-3.599306013507e-03
2.024000000000e+00,1.784595390416e-01,-1.303107018233e+00,1.303107018233e+00,-1.392336787753e+00,-1.392336787753e+00,1.784595390416e-01,1.635774968776e-01,2.453662453164e-01,-2.453662453164e-01,1.635774968776e-01,1.635774968776e-01,1.635774968776e-01,-3.926425330309e-03,-5.889637995464e-03,5.889637995464e-03,-3.926425330310e-03,-3.926425330310e-03,-3.926425330309e-03
2.026000000000e+00,1.787866859644e-01,-1.302616297848e+00,1.302616297848e+00,-1.392009640830e+00,-1.392009640830e+00,1.787866859644e-01,1.635693169271e-01,2.453539753906e-01,-2.453539753906e-01,1.635693169271e-01,1.635693169271e-01,1.635693169271e-01,-4.253521085168e-03,-6.380281627751e-03,6.380281627751e-03,-4.253521085168e-03,-4.253521085168e-03,-4.253521085168e-03
2.028000000000e+00,1.791138158732e-01,-1.302125602985e+00,1.302125602985e+00,-1.391682510922e+00,-1.391682510922e+00,1.791138158732e-01,1.635604828103e-01,2.453407242154e-01,-2.453407242154e-01,1.635604828103e-01,1.635604828103e-01,1.635604828103e-01,-4.580591314585e-03,-6.870886971878e-03,6.870886971878e-03,-4.580591314585e-03,-4.580591314585e-03,-4.580591314585e-03
2.030000000000e+00,1.794409274596e-01,-1.301634935606e+00,1.301634935606e+00,-1.391355399335e+00,-1.391355399335e+00,1.794409274596e-01,1.635509945801e-01,2.453264918702e-01,-2.453264918702e-01,1.635509945801e-01,1.635509945801e-01,1.635509945801e-01,-4.907634055067e-03,-7.361451082600e-03,7.361451082600e-03,-4.907634055067e-03,-4.907634055067e-03,-4.907634055067e-03
2.032000000000e+00,1.797680194155e-01,-1.301144297672e+00,1.301144297672e+00,-1.391028307379e+00,-1.391028307379e+00,1.797680194155e-01,1.635408522937e-01,2.453112784405e-01,-2.453112784405e-01,1.635408522937e-01,1.635408522937e-01,1.635408522937e-01,-5.234647343118e-03,-7.851971014676e-03,7.851971014676e-03,-5.234647343118e-03,-5.234647343118e-03,-5.234647343118e-03
2.034000000000e+00,1.800950904328e-01,-1.300653691146e+00,1.300653691146e+00,-1.390701236362e+00,-1.390701236362e+00,1.800950904328e-01,1.635300560117e-01,2.452950840176e-01,-2.452950840176e-01,1.635300560117e-01,1.635300560117e-01,1.635300560117e-01,-5.561629215242e-03,-8.342443822862e-03,8.342443822862e-03,-5.561629215242e-03,-5.561629215242e-03,-5.561629215242e-03
2.036000000000e+00,1.804221392036e-01,-1.300163117990e+00,1.300163117990e+00,-1.390374187591e+00,-1.390374187591e+00,1.804221392036e-01,1.635186057991e-01,2.452779086986e-01,-2.452779086986e-01,1.635186057991e-01,1.635186057991e-01,1.635186057991e-01,-5.888577707944e-03,-8.832866561916e-03,8.832866561916e-03,-5.888577707944e-03,-5.888577707944e-03,-5.888577707944e-03
2.038000000000e+00,1.807491644201e-01,-1.299672580165e+00,1.299672580165e+00,-1.390047162375e+00,-1.390047162375e+00,1.807491644201e-01,1.635065017244e-01,2.452597525867e-01,-2.452597525867e-01,1.635065017244e-01,1.635065017244e-01,1.635065017244e-01,-6.215490857729e-03,-9.323236286593e-03,9.323236286593e-03,-6.215490857729e-03,-6.215490857729e-03,-6.215490857729e-03
2.040000000000e+00,1.810761647746e-01,-1.299182079633e+00,1.299182079633e+00,-1.389720162020e+00,-1.389720162020e+00,1.810761647746e-01,1.634937438605e-01,2.452406157908e-01,-2.452406157908e-01,1.634937438605e-01,1.634937438605e-01,1.634937438605e-01,-6.542366701101e-03,-9.813550051651e-03,9.813550051651e-03,-6.542366701101e-03,-6.542366701101e-03,-6.542366701101e-03
2.042000000000e+00,1.814031389597e-01,-1.298691618355e+00,1.298691618355e+00,-1.389393187835e+00,-1.389393187835e+00,1.814031389597e-01,1.634803322838e-01,2.452204984257e-01,-2.452204984257e-01,1.634803322838e-01,1.634803322838e-01,1.634803322838e-01,-6.869203274565e-03,-1.030380491185e-02,1.030380491185e-02,-6.869203274565e-03,-6.869203274565e-03,-6.869203274565e-03
2.044000000000e+00,1.817300856680e-01,-1.298201198293e+00,1.298201198293e+00,-1.389066241127e+00,-1.389066241127e+00,1.817300856680e-01,1.634662670749e-01,2.451994006123e-01,-2.451994006123e-01,1.634662670749e-01,1.634662670749e-01,1.634662670749e-01,-7.195998614625e-03,-1.079399792194e-02,1.079399792194e-02,-7.195998614625e-03,-7.195998614625e-03,-7.195998614625e-03
2.046000000000e+00,1.820570035923e-01,-1.297710821406e+00,1.297710821406e+00,-1.388739323203e+00,-1.388739323203e+00,1.820570035923e-01,1.634515483182e-01,2.451773224772e-01,-2.451773224772e-01,1.634515483182e-01,1.634515483182e-01,1.634515483182e-01,-7.522750757786e-03,-1.128412613668e-02,1.128412613668e-02,-7.522750757786e-03,-7.522750757786e-03,-7.522750757786e-03
2.048000000000e+00,1.823838914256e-01,-1.297220489656e+00,1.297220489656e+00,-1.388412435369e+00,-1.388412435369e+00,1.823838914256e-01,1.634361761020e-01,2.451542641530e-01,-2.451542641530e-01,1.634361761020e-01,1.634361761020e-01,1.634361761020e-01,-7.849457740553e-03,-1.177418661083e-02,1.177418661083e-02,-7.849457740553e-03,-7.849457740553e-03,-7.849457740553e-03
2.050000000000e+00,1.827107478611e-01,-1.296730205003e+00,1.296730205003e+00,-1.388085578934e+00,-1.388085578934e+00,1.827107478611e-01,1.634201505186e-01,2.451302257779e-01,-2.451302257779e-01,1.634201505186e-01,1.634201505186e-01,1.634201505186e-01,-8.176117599431e-03,-1.226417639915e-02,1.226417639915e-02,-8.176117599431e-03,-8.176117599431e-03,-8.176117599431e-03
2.052000000000e+00,1.830375715922e-01,-1.296239969407e+00,1.296239969407e+00,-1.387758755203e+00,-1.387758755203e+00,1.830375715922e-01,1.634034716643e-01,2.451052074965e-01,-2.451052074965e-01,1.634034716643e-01,1.634034716643e-01,1.634034716643e-01,-8.502728370922e-03,-1.275409255638e-02,1.275409255638e-02,-8.502728370922e-03,-8.502728370922e-03,-8.502728370922e-03
2.054000000000e+00,1.833643613123e-01,-1.295749784826e+00,1.295749784826e+00,-1.387431965483e+00,-1.387431965483e+00,1.833643613123e-01,1.633861396392e-01,2.450792094588e-01,-2.450792094588e-01,1.633861396392e-01,1.633861396392e-01,1.633861396392e-01,-8.829288091534e-03,-1.324393213730e-02,1.324393213730e-02,-8.829288091534e-03,-8.829288091534e-03,-8.829288091534e-03
2.056000000000e+00,1.836911157154e-01,-1.295259653222e+00,1.295259653222e+00,-1.387105211080e+00,-1.387105211080e+00,1.836911157154e-01,1.633681545473e-01,2.450522318209e-01,-2.450522318209e-01,1.633681545473e-01,1.633681545473e-01,1.633681545473e-01,-9.155794797769e-03,-1.373369219665e-02,1.373369219665e-02,-9.155794797769e-03,-9.155794797769e-03,-9.155794797769e-03
2.058000000000e+00,1.840178334952e-01,-1.294769576552e+00,1.294769576552e+00,-1.386778493300e+00,-1.386778493300e+00,1.840178334952e-01,1.633495164966e-01,2.450242747449e-01,-2.450242747449e-01,1.633495164966e-01,1.633495164966e-01,1.633495164966e-01,-9.482246526133e-03,-1.422336978920e-02,1.422336978920e-02,-9.482246526133e-03,-9.482246526133e-03,-9.482246526133e-03
2.060000000000e+00,1.843445133461e-01,-1.294279556776e+00,1.294279556776e+00,-1.386451813449e+00,-1.386451813449e+00,1.843445133461e-01,1.633302255991e-01,2.449953383987e-01,-2.449953383987e-01,1.633302255991e-01,1.633302255991e-01,1.633302255991e-01,-9.808641313130e-03,-1.471296196969e-02,1.471296196969e-02,-9.808641313130e-03,-9.808641313130e-03,-9.808641313130e-03
2.062000000000e+00,1.846711539625e-01,-1.293789595851e+00,1.293789595851e+00,-1.386125172832e+00,-1.386125172832e+00,1.846711539625e-01,1.633102819706e-01,2.449654229560e-01,-2.449654229560e-01,1.633102819706e-01,1.633102819706e-01,1.633102819706e-01,-1.013497719526e-02,-1.520246579290e-02,1.520246579290e-02,-1.013497719526e-02,-1.013497719526e-02,-1.013497719526e-02
2.064000000000e+00,1.849977540389e-01,-1.293299695737e+00,1.293299695737e+00,-1.385798572756e+00,-1.385798572756e+00,1.849977540389e-01,1.632896857309e-01,2.449345285964e-01,-2.449345285964e-01,1.632896857309e-01,1.632896857309e-01,1.632896857309e-01,-1.046125220904e-02,-1.569187831356e-02,1.569187831356e-02,-1.046125220904e-02,-1.046125220904e-02,-1.046125220904e-02
2.066000000000e+00,1.853243122704e-01,-1.292809858389e+00,1.292809858389e+00,-1.385472014525e+00,-1.385472014525e+00,1.853243122704e-01,1.632684370037e-01,2.449026555055e-01,-2.449026555055e-01,1.632684370037e-01,1.632684370037e-01,1.632684370037e-01,-1.078746439097e-02,-1.618119658645e-02,1.618119658645e-02,-1.078746439097e-02,-1.078746439097e-02,-1.078746439097e-02
2.068000000000e+00,1.856508273520e-01,-1.292320085767e+00,1.292320085767e+00,-1.385145499443e+00,-1.385145499443e+00,1.856508273520e-01,1.632465359166e-01,2.448698038748e-01,-2.448698038748e-01,1.632465359166e-01,1.632465359166e-01,1.632465359166e-01,-1.111361177754e-02,-1.667041766631e-02,1.667041766631e-02,-1.111361177754e-02,-1.111361177754e-02,-1.111361177754e-02
2.070000000000e+00,1.859772979792e-01,-1.291830379826e+00,1.291830379826e+00,-1.384819028816e+00,-1.384819028816e+00,1.859772979792e-01,1.632239826011e-01,2.448359739016e-01,-2.448359739016e-01,1.632239826011e-01,1.632239826011e-01,1.632239826011e-01,-1.143969240527e-02,-1.715953860791e-02,1.715953860791e-02,-1.143969240527e-02,-1.143969240527e-02,-1.143969240527e-02
2.072000000000e+00,1.863037228477e-01,-1.291340742523e+00,1.291340742523e+00,-1.384492603947e+00,-1.384492603947e+00,1.863037228477e-01,1.632007771928e-01,2.448011657891e-01,-2.448011657891e-01,1.632007771928e-01,1.632007771928e-01,1.632007771928e-01,-1.176570431067e-02,-1.764855646600e-02,1.764855646600e-02,-1.176570431067e-02,-1.176570431067e-02,-1.176570431067e-02
2.074000000000e+00,1.866301006534e-01,-1.290851175815e+00,1.290851175815e+00,-1.384166226142e+00,-1.384166226142e+00,1.866301006534e-01,1.631769198310e-01,2.447653797465e-01,-2.447653797465e-01,1.631769198310e-01,1.631769198310e-01,1.631769198310e-01,-1.209164553022e-02,-1.813746829533e-02,1.813746829533e-02,-1.209164553022e-02,-1.209164553022e-02,-1.209164553022e-02
2.076000000000e+00,1.869564300925e-01,-1.290361681656e+00,1.290361681656e+00,-1.383839896702e+00,-1.383839896702e+00,1.869564300925e-01,1.631524106591e-01,2.447286159886e-01,-2.447286159886e-01,1.631524106591e-01,1.631524106591e-01,1.631524106591e-01,-1.241751410045e-02,-1.862627115068e-02,1.862627115068e-02,-1.241751410045e-02,-1.241751410045e-02,-1.241751410045e-02
2.078000000000e+00,1.872827098616e-01,-1.289872262003e+00,1.289872262003e+00,-1.383513616933e+00,-1.383513616933e+00,1.872827098616e-01,1.631272498243e-01,2.446908747365e-01,-2.446908747365e-01,1.631272498243e-01,1.631272498243e-01,1.631272498243e-01,-1.274330805785e-02,-1.911496208678e-02,1.911496208678e-02,-1.274330805785e-02,-1.274330805785e-02,-1.274330805785e-02
2.080000000000e+00,1.876089386574e-01,-1.289382918809e+00,1.289382918809e+00,-1.383187388137e+00,-1.383187388137e+00,1.876089386574e-01,1.631014374779e-01,2.446521562168e-01,-2.446521562168e-01,1.631014374779e-01,1.631014374779e-01,1.631014374779e-01,-1.306902543893e-02,-1.960353815840e-02,1.960353815840e-02,-1.306902543893e-02,-1.306902543893e-02,-1.306902543893e-02
2.082000000000e+00,1.879351151772e-01,-1.288893654029e+00,1.288893654029e+00,-1.382861211618e+00,-1.382861211618e+00,1.879351151772e-01,1.630749737749e-01,2.446124606624e-01,-2.446124606624e-01,1.630749737749e-01,1.630749737749e-01,1.630749737749e-01,-1.339466428020e-02,-2.009199642030e-02,2.009199642030e-02,-1.339466428020e-02,-1.339466428020e-02,-1.339466428020e-02
2.084000000000e+00,1.882612381184e-01,-1.288404469617e+00,1.288404469617e+00,-1.382535088676e+00,-1.382535088676e+00,1.882612381184e-01,1.630478588744e-01,2.445717883117e-01,-2.445717883117e-01,1.630478588744e-01,1.630478588744e-01,1.630478588744e-01,-1.372022261815e-02,-2.058033392723e-02,2.058033392723e-02,-1.372022261815e-02,-1.372022261815e-02,-1.372022261815e-02
2.086000000000e+00,1.885873061787e-01,-1.287915367527e+00,1.287915367527e+00,-1.382209020616e+00,-1.382209020616e+00,1.885873061787e-01,1.630200929394e-01,2.445301394091e-01,-2.445301394091e-01,1.630200929394e-01,1.630200929394e-01,1.630200929394e-01,-1.404569848930e-02,-2.106854773395e-02,2.106854773395e-02,-1.404569848930e-02,-1.404569848930e-02,-1.404569848930e-02
2.088000000000e+00,1.889133180563e-01,-1.287426349711e+00,1.287426349711e+00,-1.381883008739e+00,-1.381883008739e+00,1.889133180563e-01,1.629916761368e-01,2.444875142052e-01,-2.444875142052e-01,1.629916761368e-01,1.629916761368e-01,1.629916761368e-01,-1.437108993014e-02,-2.155663489521e-02,2.155663489521e-02,-1.437108993014e-02,-1.437108993014e-02,-1.437108993014e-02
2.090000000000e+00,1.892392724495e-01,-1.286937418121e+00,1.286937418121e+00,-1.381557054345e+00,-1.381557054345e+00,1.892392724495e-01,1.629626086373e-01,2.444439129559e-01,-2.444439129559e-01,1.629626086373e-01,1.629626086373e-01,1.629626086373e-01,-1.469639497719e-02,-2.204459246578e-02,2.204459246578e-02,-1.469639497719e-02,-1.469639497719e-02,-1.469639497719e-02
2.092000000000e+00,1.895651680571e-01,-1.286448574709e+00,1.286448574709e+00,-1.381231158738e+00,-1.381231158738e+00,1.895651680571e-01,1.629328906158e-01,2.443993359236e-01,-2.443993359236e-01,1.629328906158e-01,1.629328906158e-01,1.629328906158e-01,-1.502161166694e-02,-2.253241750041e-02,2.253241750041e-02,-1.502161166694e-02,-1.502161166694e-02,-1.502161166694e-02
2.094000000000e+00,1.898910035784e-01,-1.285959821427e+00,1.285959821427e+00,-1.380905323217e+00,-1.380905323217e+00,1.898910035784e-01,1.629025222508e-01,2.443537833763e-01,-2.443537833763e-01,1.629025222508e-01,1.629025222508e-01,1.629025222508e-01,-1.534673803590e-02,-2.302010705385e-02,2.302010705385e-02,-1.534673803590e-02,-1.534673803590e-02,-1.534673803590e-02
2.096000000000e+00,1.902167777127e-01,-1.285471160226e+00,1.285471160226e+00,-1.380579549082e+00,-1.380579549082e+00,1.902167777127e-01,1.628715037251e-01,2.443072555877e-01,-2.443072555877e-01,1.628715037251e-01,1.628715037251e-01,1.628715037251e-01,-1.567177212058e-02,-2.350765818087e-02,2.350765818087e-02,-1.567177212058e-02,-1.567177212058e-02,-1.567177212058e-02
2.098000000000e+00,1.905424891599e-01,-1.284982593055e+00,1.284982593055e+00,-1.380253837635e+00,-1.380253837635e+00,1.905424891599e-01,1.628398352252e-01,2.442597528378e-01,-2.442597528378e-01,1.628398352252e-01,1.628398352252e-01,1.628398352252e-01,-1.599671195748e-02,-2.399506793622e-02,2.399506793622e-02,-1.599671195748e-02,-1.599671195748e-02,-1.599671195748e-02
2.100000000000e+00,1.908681366204e-01,-1.284494121864e+00,1.284494121864e+00,-1.379928190175e+00,-1.379928190175e+00,1.908681366204e-01,1.628075169415e-01,2.442112754122e-01,-2.442112754122e-01,1.628075169415e-01,1.628075169415e-01,1.628075169415e-01,-1.632155558310e-02,-2.448233337465e-02,2.448233337465e-02,-1.632155558310e-02,-1.632155558310e-02,-1.632155558310e-02
2.102000000000e+00,1.911937187947e-01,-1.284005748603e+00,1.284005748603e+00,-1.379602608000e+00,-1.379602608000e+00,1.911937187947e-01,1.627745490683e-01,2.441618236025e-01,-2.441618236025e-01,1.627745490683e-01,1.627745490683e-01,1.627745490683e-01,-1.664630103396e-02,-2.496945155094e-02,2.496945155094e-02,-1.664630103396e-02,-1.664630103396e-02,-1.664630103396e-02
2.104000000000e+00,1.915192343837e-01,-1.283517475219e+00,1.283517475219e+00,-1.379277092411e+00,-1.379277092411e+00,1.915192343837e-01,1.627409318041e-01,2.441113977061e-01,-2.441113977061e-01,1.627409318041e-01,1.627409318041e-01,1.627409318041e-01,-1.697094634655e-02,-2.545641951982e-02,2.545641951982e-02,-1.697094634655e-02,-1.697094634655e-02,-1.697094634655e-02
2.106000000000e+00,1.918446820891e-01,-1.283029303661e+00,1.283029303661e+00,-1.378951644706e+00,-1.378951644706e+00,1.918446820891e-01,1.627066653510e-01,2.440599980265e-01,-2.440599980265e-01,1.627066653510e-01,1.627066653510e-01,1.627066653510e-01,-1.729548955737e-02,-2.594323433606e-02,2.594323433606e-02,-1.729548955737e-02,-1.729548955737e-02,-1.729548955737e-02
2.108000000000e+00,1.921700606125e-01,-1.282541235876e+00,1.282541235876e+00,-1.378626266182e+00,-1.378626266182e+00,1.921700606125e-01,1.626717499152e-01,2.440076248728e-01,-2.440076248728e-01,1.626717499152e-01,1.626717499152e-01,1.626717499152e-01,-1.761992870294e-02,-2.642989305441e-02,2.642989305441e-02,-1.761992870294e-02,-1.761992870294e-02,-1.761992870294e-02
2.110000000000e+00,1.924953686562e-01,-1.282053273811e+00,1.282053273811e+00,-1.378300958139e+00,-1.378300958139e+00,1.924953686562e-01,1.626361857069e-01,2.439542785603e-01,-2.439542785603e-01,1.626361857069e-01,1.626361857069e-01,1.626361857069e-01,-1.794426181976e-02,-2.691639272964e-02,2.691639272964e-02,-1.794426181976e-02,-1.794426181976e-02,-1.794426181976e-02
2.112000000000e+00,1.928206049229e-01,-1.281565419410e+00,1.281565419410e+00,-1.377975721872e+00,-1.377975721872e+00,1.928206049229e-01,1.625999729399e-01,2.438999594099e-01,-2.438999594099e-01,1.625999729399e-01,1.625999729399e-01,1.625999729399e-01,-1.826848694433e-02,-2.740273041650e-02,2.740273041650e-02,-1.826848694433e-02,-1.826848694433e-02,-1.826848694433e-02
2.114000000000e+00,1.931457681158e-01,-1.281077674621e+00,1.281077674621e+00,-1.377650558679e+00,-1.377650558679e+00,1.931457681158e-01,1.625631118324e-01,2.438446677486e-01,-2.438446677486e-01,1.625631118324e-01,1.625631118324e-01,1.625631118324e-01,-1.859260211316e-02,-2.788890316974e-02,2.788890316974e-02,-1.859260211316e-02,-1.859260211316e-02,-1.859260211316e-02
2.116000000000e+00,1.934708569382e-01,-1.280590041388e+00,1.280590041388e+00,-1.377325469857e+00,-1.377325469857e+00,1.934708569382e-01,1.625256026061e-01,2.437884039092e-01,-2.437884039092e-01,1.625256026061e-01,1.625256026061e-01,1.625256026061e-01,-1.891660536275e-02,-2.837490804412e-02,2.837490804412e-02,-1.891660536275e-02,-1.891660536275e-02,-1.891660536275e-02
2.118000000000e+00,1.937958700943e-01,-1.280102521654e+00,1.280102521654e+00,-1.377000456701e+00,-1.377000456701e+00,1.937958700943e-01,1.624874454869e-01,2.437311682303e-01,-2.437311682303e-01,1.624874454869e-01,1.624874454869e-01,1.624874454869e-01,-1.924049472960e-02,-2.886074209441e-02,2.886074209441e-02,-1.924049472960e-02,-1.924049472960e-02,-1.924049472960e-02
2.120000000000e+00,1.941208062884e-01,-1.279615117362e+00,1.279615117362e+00,-1.376675520507e+00,-1.376675520507e+00,1.941208062884e-01,1.624486407044e-01,2.436729610566e-01,-2.436729610566e-01,1.624486407044e-01,1.624486407044e-01,1.624486407044e-01,-1.956426825023e-02,-2.934640237535e-02,2.934640237535e-02,-1.956426825023e-02,-1.956426825023e-02,-1.956426825023e-02
2.122000000000e+00,1.944456642254e-01,-1.279127830457e+00,1.279127830457e+00,-1.376350662569e+00,-1.376350662569e+00,1.944456642254e-01,1.624091884924e-01,2.436137827386e-01,-2.436137827386e-01,1.624091884924e-01,1.624091884924e-01,1.624091884924e-01,-1.988792396113e-02,-2.983188594170e-02,2.983188594170e-02,-1.988792396113e-02,-1.988792396113e-02,-1.988792396113e-02
2.124000000000e+00,1.947704426109e-01,-1.278640662879e+00,1.278640662879e+00,-1.376025884184e+00,-1.376025884184e+00,1.947704426109e-01,1.623690890884e-01,2.435536336326e-01,-2.435536336326e-01,1.623690890884e-01,1.623690890884e-01,1.623690890884e-01,-2.021145989881e-02,-3.031718984822e-02,3.031718984822e-02,-2.021145989881e-02,-2.021145989881e-02,-2.021145989881e-02
2.126000000000e+00,1.950951401505e-01,-1.278153616569e+00,1.278153616569e+00,-1.375701186644e+00,-1.375701186644e+00,1.950951401505e-01,1.623283427340e-01,2.434925141009e-01,-2.434925141009e-01,1.623283427340e-01,1.623283427340e-01,1.623283427340e-01,-2.053487409978e-02,-3.080231114967e-02,3.080231114967e-02,-2.053487409978e-02,-2.053487409978e-02,-2.053487409978e-02
2.128000000000e+00,1.954197555507e-01,-1.277666693469e+00,1.277666693469e+00,-1.375376571244e+00,-1.375376571244e+00,1.954197555507e-01,1.622869496745e-01,2.434304245117e-01,-2.434304245117e-01,1.622869496745e-01,1.622869496745e-01,1.622869496745e-01,-2.085816460054e-02,-3.128724690081e-02,3.128724690081e-02,-2.085816460054e-02,-2.085816460054e-02,-2.085816460054e-02
2.130000000000e+00,1.957442875182e-01,-1.277179895518e+00,1.277179895518e+00,-1.375052039277e+00,-1.375052039277e+00,1.957442875182e-01,1.622449101593e-01,2.433673652390e-01,-2.433673652390e-01,1.622449101593e-01,1.622449101593e-01,1.622449101593e-01,-2.118132943759e-02,-3.177199415638e-02,3.177199415638e-02,-2.118132943759e-02,-2.118132943759e-02,-2.118132943759e-02
2.132000000000e+00,1.960687347605e-01,-1.276693224654e+00,1.276693224654e+00,-1.374727592034e+00,-1.374727592034e+00,1.960687347605e-01,1.622022244418e-01,2.433033366627e-01,-2.433033366627e-01,1.622022244418e-01,1.622022244418e-01,1.622022244418e-01,-2.150436664744e-02,-3.225654997115e-02,3.225654997115e-02,-2.150436664744e-02,-2.150436664744e-02,-2.150436664744e-02
2.134000000000e+00,1.963930959854e-01,-1.276206682817e+00,1.276206682817e+00,-1.374403230810e+00,-1.374403230810e+00,1.963930959854e-01,1.621588927791e-01,2.432383391687e-01,-2.432383391687e-01,1.621588927791e-01,1.621588927791e-01,1.621588927791e-01,-2.182727426659e-02,-3.274091139988e-02,3.274091139988e-02,-2.182727426659e-02,-2.182727426659e-02,-2.182727426659e-02
2.136000000000e+00,1.967173699012e-01,-1.275720271943e+00,1.275720271943e+00,-1.374078956894e+00,-1.374078956894e+00,1.967173699012e-01,1.621149154325e-01,2.431723731487e-01,-2.431723731487e-01,1.621149154325e-01,1.621149154325e-01,1.621149154325e-01,-2.215005033155e-02,-3.322507549732e-02,3.322507549732e-02,-2.215005033155e-02,-2.215005033155e-02,-2.215005033155e-02
2.138000000000e+00,1.970415552168e-01,-1.275233993970e+00,1.275233993970e+00,-1.373754771578e+00,-1.373754771578e+00,1.970415552168e-01,1.620702926668e-01,2.431054390002e-01,-2.431054390002e-01,1.620702926668e-01,1.620702926668e-01,1.620702926668e-01,-2.247269287882e-02,-3.370903931823e-02,3.370903931823e-02,-2.247269287882e-02,-2.247269287882e-02,-2.247269287882e-02
2.140000000000e+00,1.973656506417e-01,-1.274747850832e+00,1.274747850832e+00,-1.373430676153e+00,-1.373430676153e+00,1.973656506417e-01,1.620250247513e-01,2.430375371269e-01,-2.430375371269e-01,1.620250247513e-01,1.620250247513e-01,1.620250247513e-01,-2.279519994491e-02,-3.419279991736e-02,3.419279991736e-02,-2.279519994491e-02,-2.279519994491e-02,-2.279519994491e-02
2.142000000000e+00,1.976896548859e-01,-1.274261844466e+00,1.274261844466e+00,-1.373106671909e+00,-1.373106671909e+00,1.976896548859e-01,1.619791119587e-01,2.429686679380e-01,-2.429686679380e-01,1.619791119587e-01,1.619791119587e-01,1.619791119587e-01,-2.311756956632e-02,-3.467635434947e-02,3.467635434947e-02,-2.311756956632e-02,-2.311756956632e-02,-2.311756956632e-02
2.144000000000e+00,1.980135666598e-01,-1.273775976805e+00,1.273775976805e+00,-1.372782760135e+00,-1.372782760135e+00,1.980135666598e-01,1.619325545659e-01,2.428988318489e-01,-2.428988318489e-01,1.619325545659e-01,1.619325545659e-01,1.619325545659e-01,-2.343979977955e-02,-3.515969966933e-02,3.515969966933e-02,-2.343979977955e-02,-2.343979977955e-02,-2.343979977955e-02
2.146000000000e+00,1.983373846746e-01,-1.273290249783e+00,1.273290249783e+00,-1.372458942120e+00,-1.372458942120e+00,1.983373846746e-01,1.618853528538e-01,2.428280292807e-01,-2.428280292807e-01,1.618853528538e-01,1.618853528538e-01,1.618853528538e-01,-2.376188862112e-02,-3.564283293168e-02,3.564283293168e-02,-2.376188862112e-02,-2.376188862112e-02,-2.376188862112e-02
2.148000000000e+00,1.986611076419e-01,-1.272804665332e+00,1.272804665332e+00,-1.372135219153e+00,-1.372135219153e+00,1.986611076419e-01,1.618375071070e-01,2.427562606605e-01,-2.427562606605e-01,1.618375071070e-01,1.618375071070e-01,1.618375071070e-01,-2.408383412752e-02,-3.612575119128e-02,3.612575119128e-02,-2.408383412752e-02,-2.408383412752e-02,-2.408383412752e-02
2.150000000000e+00,1.989847342739e-01,-1.272319225384e+00,1.272319225384e+00,-1.371811592521e+00,-1.371811592521e+00,1.989847342739e-01,1.617890176142e-01,2.426835264212e-01,-2.426835264212e-01,1.617890176142e-01,1.617890176142e-01,1.617890176142e-01,-2.440563433526e-02,-3.660845150289e-02,3.660845150289e-02,-2.440563433526e-02,-2.440563433526e-02,-2.440563433526e-02
2.152000000000e+00,1.993082632834e-01,-1.271833931870e+00,1.271833931870e+00,-1.371488063512e+00,-1.371488063512e+00,1.993082632834e-01,1.617398846678e-01,2.426098270018e-01,-2.426098270018e-01,1.617398846678e-01,1.617398846678e-01,1.617398846678e-01,-2.472728728085e-02,-3.709093092127e-02,3.709093092127e-02,-2.472728728085e-02,-2.472728728085e-02,-2.472728728085e-02
2.154000000000e+00,1.996316933838e-01,-1.271348786719e+00,1.271348786719e+00,-1.371164633411e+00,-1.371164633411e+00,1.996316933838e-01,1.616901085645e-01,2.425351628468e-01,-2.425351628468e-01,1.616901085645e-01,1.616901085645e-01,1.616901085645e-01,-2.504879100078e-02,-3.757318650117e-02,3.757318650117e-02,-2.504879100078e-02,-2.504879100078e-02,-2.504879100078e-02
2.156000000000e+00,1.999550232891e-01,-1.270863791861e+00,1.270863791861e+00,-1.370841303506e+00,-1.370841303506e+00,1.999550232891e-01,1.616396896046e-01,2.424595344069e-01,-2.424595344069e-01,1.616396896046e-01,1.616396896046e-01,1.616396896046e-01,-2.537014353157e-02,-3.805521529735e-02,3.805521529735e-02,-2.537014353157e-02,-2.537014353157e-02,-2.537014353157e-02
2.158000000000e+00,2.002782517138e-01,-1.270378949224e+00,1.270378949224e+00,-1.370518075081e+00,-1.370518075081e+00,2.002782517138e-01,1.615886280925e-01,2.423829421388e-01,-2.423829421388e-01,1.615886280925e-01,1.615886280925e-01,1.615886280925e-01,-2.569134290971e-02,-3.853701436457e-02,3.853701436457e-02,-2.569134290971e-02,-2.569134290971e-02,-2.569134290971e-02
2.160000000000e+00,2.006013773733e-01,-1.269894260735e+00,1.269894260735e+00,-1.370194949422e+00,-1.370194949422e+00,2.006013773733e-01,1.615369243364e-01,2.423053865046e-01,-2.423053865046e-01,1.615369243364e-01,1.615369243364e-01,1.615369243364e-01,-2.601238717172e-02,-3.901858075759e-02,3.901858075759e-02,-2.601238717172e-02,-2.601238717172e-02,-2.601238717172e-02
2.162000000000e+00,2.009243989832e-01,-1.269409728320e+00,1.269409728320e+00,-1.369871927812e+00,-1.369871927812e+00,2.009243989832e-01,1.614845786485e-01,2.422268679728e-01,-2.422268679728e-01,1.614845786485e-01,1.614845786485e-01,1.614845786485e-01,-2.633327435410e-02,-3.949991153115e-02,3.949991153115e-02,-2.633327435410e-02,-2.633327435410e-02,-2.633327435410e-02
2.164000000000e+00,2.012473152601e-01,-1.268925353905e+00,1.268925353905e+00,-1.369549011535e+00,-1.369549011535e+00,2.012473152601e-01,1.614315913450e-01,2.421473870175e-01,-2.421473870175e-01,1.614315913450e-01,1.614315913450e-01,1.614315913450e-01,-2.665400249335e-02,-3.998100374002e-02,3.998100374002e-02,-2.665400249335e-02,-2.665400249335e-02,-2.665400249335e-02
2.166000000000e+00,2.015701249211e-01,-1.268441139413e+00,1.268441139413e+00,-1.369226201874e+00,-1.369226201874e+00,2.015701249211e-01,1.613779627459e-01,2.420669441188e-01,-2.420669441188e-01,1.613779627459e-01,1.613779627459e-01,1.613779627459e-01,-2.697456962597e-02,-4.046185443896e-02,4.046185443896e-02,-2.697456962597e-02,-2.697456962597e-02,-2.697456962597e-02
2.168000000000e+00,2.018928266838e-01,-1.267957086769e+00,1.267957086769e+00,-1.368903500111e+00,-1.368903500111e+00,2.018928266838e-01,1.613236931752e-01,2.419855397627e-01,-2.419855397627e-01,1.613236931752e-01,1.613236931752e-01,1.613236931752e-01,-2.729497378848e-02,-4.094246068272e-02,4.094246068272e-02,-2.729497378848e-02,-2.729497378848e-02,-2.729497378848e-02
2.170000000000e+00,2.022154192667e-01,-1.267473197895e+00,1.267473197895e+00,-1.368580907528e+00,-1.368580907528e+00,2.022154192667e-01,1.612687829607e-01,2.419031744410e-01,-2.419031744410e-01,1.612687829607e-01,1.612687829607e-01,1.612687829607e-01,-2.761521301737e-02,-4.142281952605e-02,4.142281952605e-02,-2.761521301737e-02,-2.761521301737e-02,-2.761521301737e-02
2.172000000000e+00,2.025379013888e-01,-1.266989474712e+00,1.266989474712e+00,-1.368258425406e+00,-1.368258425406e+00,2.025379013888e-01,1.612132324344e-01,2.418198486515e-01,-2.418198486515e-01,1.612132324344e-01,1.612132324344e-01,1.612132324344e-01,-2.793528534915e-02,-4.190292802373e-02,4.190292802373e-02,-2.793528534915e-02,-2.793528534915e-02,-2.793528534915e-02
2.174000000000e+00,2.028602717698e-01,-1.266505919140e+00,1.266505919140e+00,-1.367936055025e+00,-1.367936055025e+00,2.028602717698e-01,1.611570419319e-01,2.417355628978e-01,-2.417355628978e-01,1.611570419319e-01,1.611570419319e-01,1.611570419319e-01,-2.825518882033e-02,-4.238278323049e-02,4.238278323049e-02,-2.825518882033e-02,-2.825518882033e-02,-2.825518882033e-02
2.176000000000e+00,2.031825291301e-01,-1.266022533100e+00,1.266022533100e+00,-1.367613797665e+00,-1.367613797665e+00,2.031825291301e-01,1.611002117930e-01,2.416503176894e-01,-2.416503176894e-01,1.611002117930e-01,1.611002117930e-01,1.611002117930e-01,-2.857492146740e-02,-4.286238220111e-02,4.286238220111e-02,-2.857492146740e-02,-2.857492146740e-02,-2.857492146740e-02
2.178000000000e+00,2.035046721907e-01,-1.265539318509e+00,1.265539318509e+00,-1.367291654604e+00,-1.367291654604e+00,2.035046721907e-01,1.610427423612e-01,2.415641135418e-01,-2.415641135418e-01,1.610427423612e-01,1.610427423612e-01,1.610427423612e-01,-2.889448132688e-02,-4.334172199033e-02,4.334172199033e-02,-2.889448132688e-02,-2.889448132688e-02,-2.889448132688e-02
2.180000000000e+00,2.038266996736e-01,-1.265056277285e+00,1.265056277285e+00,-1.366969627121e+00,-1.366969627121e+00,2.038266996736e-01,1.609846339841e-01,2.414769509762e-01,-2.414769509762e-01,1.609846339841e-01,1.609846339841e-01,1.609846339841e-01,-2.921386643527e-02,-4.382079965291e-02,4.382079965291e-02,-2.921386643527e-02,-2.921386643527e-02,-2.921386643527e-02
2.182000000000e+00,2.041486103010e-01,-1.264573411343e+00,1.264573411343e+00,-1.366647716494e+00,-1.366647716494e+00,2.041486103010e-01,1.609258870133e-01,2.413888305199e-01,-2.413888305199e-01,1.609258870133e-01,1.609258870133e-01,1.609258870133e-01,-2.953307482907e-02,-4.429961224361e-02,4.429961224361e-02,-2.953307482907e-02,-2.953307482907e-02,-2.953307482907e-02
2.184000000000e+00,2.044704027961e-01,-1.264090722601e+00,1.264090722601e+00,-1.366325923999e+00,-1.366325923999e+00,2.044704027961e-01,1.608665018040e-01,2.412997527059e-01,-2.412997527059e-01,1.608665018040e-01,1.608665018040e-01,1.608665018040e-01,-2.985210454479e-02,-4.477815681719e-02,4.477815681719e-02,-2.985210454479e-02,-2.985210454479e-02,-2.985210454479e-02
2.186000000000e+00,2.047920758829e-01,-1.263608212971e+00,1.263608212971e+00,-1.366004250912e+00,-1.366004250912e+00,2.047920758829e-01,1.608064787155e-01,2.412097180733e-01,-2.412097180733e-01,1.608064787155e-01,1.608064787155e-01,1.608064787155e-01,-3.017095361894e-02,-4.525643042840e-02,4.525643042840e-02,-3.017095361894e-02,-3.017095361894e-02,-3.017095361894e-02
2.188000000000e+00,2.051136282860e-01,-1.263125884366e+00,1.263125884366e+00,-1.365682698509e+00,-1.365682698509e+00,2.051136282860e-01,1.607458181112e-01,2.411187271668e-01,-2.411187271668e-01,1.607458181112e-01,1.607458181112e-01,1.607458181112e-01,-3.048962008801e-02,-4.573443013201e-02,4.573443013201e-02,-3.048962008801e-02,-3.048962008801e-02,-3.048962008801e-02
2.190000000000e+00,2.054350587306e-01,-1.262643738699e+00,1.262643738699e+00,-1.365361268064e+00,-1.365361268064e+00,2.054350587306e-01,1.606845203582e-01,2.410267805373e-01,-2.410267805373e-01,1.606845203582e-01,1.606845203582e-01,1.606845203582e-01,-3.080810198851e-02,-4.621215298276e-02,4.621215298276e-02,-3.080810198851e-02,-3.080810198851e-02,-3.080810198851e-02
2.192000000000e+00,2.057563659429e-01,-1.262161777881e+00,1.262161777881e+00,-1.365039960852e+00,-1.365039960852e+00,2.057563659429e-01,1.606225858276e-01,2.409338787414e-01,-2.409338787414e-01,1.606225858276e-01,1.606225858276e-01,1.606225858276e-01,-3.112639735694e-02,-4.668959603541e-02,4.668959603541e-02,-3.112639735694e-02,-3.112639735694e-02,-3.112639735694e-02
2.194000000000e+00,2.060775486496e-01,-1.261680003820e+00,1.261680003820e+00,-1.364718778145e+00,-1.364718778145e+00,2.060775486496e-01,1.605600148944e-01,2.408400223417e-01,-2.408400223417e-01,1.605600148944e-01,1.605600148944e-01,1.605600148944e-01,-3.144450422982e-02,-4.716675634473e-02,4.716675634473e-02,-3.144450422982e-02,-3.144450422982e-02,-3.144450422982e-02
2.196000000000e+00,2.063986055784e-01,-1.261198418427e+00,1.261198418427e+00,-1.364397721216e+00,-1.364397721216e+00,2.063986055784e-01,1.604968079377e-01,2.407452119065e-01,-2.407452119065e-01,1.604968079377e-01,1.604968079377e-01,1.604968079377e-01,-3.176242064364e-02,-4.764363096547e-02,4.764363096547e-02,-3.176242064364e-02,-3.176242064364e-02,-3.176242064364e-02
2.198000000000e+00,2.067195354576e-01,-1.260717023608e+00,1.260717023608e+00,-1.364076791337e+00,-1.364076791337e+00,2.067195354576e-01,1.604329653402e-01,2.406494480102e-01,-2.406494480102e-01,1.604329653402e-01,1.604329653402e-01,1.604329653402e-01,-3.208014463492e-02,-4.812021695238e-02,4.812021695238e-02,-3.208014463492e-02,-3.208014463492e-02,-3.208014463492e-02
2.200000000000e+00,2.070403370163e-01,-1.260235821270e+00,1.260235821270e+00,-1.363755989779e+00,-1.363755989779e+00,2.070403370163e-01,1.603684874887e-01,2.405527312331e-01,-2.405527312331e-01,1.603684874887e-01,1.603684874887e-01,1.603684874887e-01,-3.239767424014e-02,-4.859651136022e-02,4.859651136022e-02,-3.239767424014e-02,-3.239767424014e-02,-3.239767424014e-02
2.202000000000e+00,2.073610089843e-01,-1.259754813318e+00,1.259754813318e+00,-1.363435317811e+00,-1.363435317811e+00,2.073610089843e-01,1.603033747741e-01,2.404550621611e-01,-2.404550621611e-01,1.603033747741e-01,1.603033747741e-01,1.603033747741e-01,-3.271500749583e-02,-4.907251124375e-02,4.907251124375e-02,-3.271500749583e-02,-3.271500749583e-02,-3.271500749583e-02
2.204000000000e+00,2.076815500924e-01,-1.259274001656e+00,1.259274001656e+00,-1.363114776702e+00,-1.363114776702e+00,2.076815500924e-01,1.602376275909e-01,2.403564413864e-01,-2.403564413864e-01,1.602376275909e-01,1.602376275909e-01,1.602376275909e-01,-3.303214243848e-02,-4.954821365772e-02,4.954821365772e-02,-3.303214243848e-02,-3.303214243848e-02,-3.303214243848e-02
2.206000000000e+00,2.080019590720e-01,-1.258793388187e+00,1.258793388187e+00,-1.362794367723e+00,-1.362794367723e+00,2.080019590720e-01,1.601712463379e-01,2.402568695068e-01,-2.402568695068e-01,1.601712463379e-01,1.601712463379e-01,1.601712463379e-01,-3.334907710460e-02,-5.002361565690e-02,5.002361565690e-02,-3.334907710460e-02,-3.334907710460e-02,-3.334907710460e-02
2.208000000000e+00,2.083222346553e-01,-1.258312974812e+00,1.258312974812e+00,-1.362474092140e+00,-1.362474092140e+00,2.083222346553e-01,1.601042314174e-01,2.401563471260e-01,-2.401563471260e-01,1.601042314174e-01,1.601042314174e-01,1.601042314174e-01,-3.366580953069e-02,-5.049871429604e-02,5.049871429604e-02,-3.366580953069e-02,-3.366580953069e-02,-3.366580953069e-02
2.210000000000e+00,2.086423755755e-01,-1.257832763432e+00,1.257832763432e+00,-1.362153951219e+00,-1.362153951219e+00,2.086423755755e-01,1.600365832359e-01,2.400548748538e-01,-2.400548748538e-01,1.600365832359e-01,1.600365832359e-01,1.600365832359e-01,-3.398233775326e-02,-5.097350662989e-02,5.097350662989e-02,-3.398233775326e-02,-3.398233775326e-02,-3.398233775326e-02
2.212000000000e+00,2.089623805664e-01,-1.257352755945e+00,1.257352755945e+00,-1.361833946229e+00,-1.361833946229e+00,2.089623805664e-01,1.599683022038e-01,2.399524533057e-01,-2.399524533057e-01,1.599683022038e-01,1.599683022038e-01,1.599683022038e-01,-3.429865980881e-02,-5.144798971322e-02,5.144798971322e-02,-3.429865980881e-02,-3.429865980881e-02,-3.429865980881e-02
2.214000000000e+00,2.092822483627e-01,-1.256872954251e+00,1.256872954251e+00,-1.361514078432e+00,-1.361514078432e+00,2.092822483627e-01,1.598993887354e-01,2.398490831031e-01,-2.398490831031e-01,1.598993887354e-01,1.598993887354e-01,1.598993887354e-01,-3.461477373385e-02,-5.192216060078e-02,5.192216060078e-02,-3.461477373385e-02,-3.461477373385e-02,-3.461477373385e-02
2.216000000000e+00,2.096019777000e-01,-1.256393360245e+00,1.256393360245e+00,-1.361194349095e+00,-1.361194349095e+00,2.096019777000e-01,1.598298432489e-01,2.397447648734e-01,-2.397447648734e-01,1.598298432489e-01,1.598298432489e-01,1.598298432489e-01,-3.493067756488e-02,-5.239601634732e-02,5.239601634732e-02,-3.493067756488e-02,-3.493067756488e-02,-3.493067756488e-02
2.218000000000e+00,2.099215673146e-01,-1.255913975823e+00,1.255913975823e+00,-1.360874759480e+00,-1.360874759480e+00,2.099215673146e-01,1.597596661665e-01,2.396394992497e-01,-2.396394992497e-01,1.597596661665e-01,1.597596661665e-01,1.597596661665e-01,-3.524636933841e-02,-5.286955400761e-02,5.286955400761e-02,-3.524636933841e-02,-3.524636933841e-02,-3.524636933841e-02
2.220000000000e+00,2.102410159438e-01,-1.255434802879e+00,1.255434802879e+00,-1.360555310851e+00,-1.360555310851e+00,2.102410159438e-01,1.596888579142e-01,2.395332868714e-01,-2.395332868714e-01,1.596888579142e-01,1.596888579142e-01,1.596888579142e-01,-3.556184709093e-02,-5.334277063640e-02,5.334277063640e-02,-3.556184709093e-02,-3.556184709093e-02,-3.556184709093e-02
2.222000000000e+00,2.105603223258e-01,-1.254955843306e+00,1.254955843306e+00,-1.360236004469e+00,-1.360236004469e+00,2.105603223258e-01,1.596174189221e-01,2.394261283832e-01,-2.394261283832e-01,1.596174189221e-01,1.596174189221e-01,1.596174189221e-01,-3.587710885896e-02,-5.381566328844e-02,5.381566328844e-02,-3.587710885896e-02,-3.587710885896e-02,-3.587710885896e-02
2.224000000000e+00,2.108794851993e-01,-1.254477098996e+00,1.254477098996e+00,-1.359916841596e+00,-1.359916841596e+00,2.108794851993e-01,1.595453496241e-01,2.393180244361e-01,-2.393180244361e-01,1.595453496241e-01,1.595453496241e-01,1.595453496241e-01,-3.619215267900e-02,-5.428822901851e-02,5.428822901851e-02,-3.619215267900e-02,-3.619215267900e-02,-3.619215267900e-02
2.226000000000e+00,2.111985033044e-01,-1.253998571838e+00,1.253998571838e+00,-1.359597823491e+00,-1.359597823491e+00,2.111985033044e-01,1.594726504580e-01,2.392089756870e-01,-2.392089756870e-01,1.594726504580e-01,1.594726504580e-01,1.594726504580e-01,-3.650697658756e-02,-5.476046488134e-02,5.476046488134e-02,-3.650697658756e-02,-3.650697658756e-02,-3.650697658756e-02
2.228000000000e+00,2.115173753815e-01,-1.253520263723e+00,1.253520263723e+00,-1.359278951413e+00,-1.359278951413e+00,2.115173753815e-01,1.593993218657e-01,2.390989827985e-01,-2.390989827985e-01,1.593993218657e-01,1.593993218657e-01,1.593993218657e-01,-3.682157862113e-02,-5.523236793170e-02,5.523236793170e-02,-3.682157862113e-02,-3.682157862113e-02,-3.682157862113e-02
2.230000000000e+00,2.118361001725e-01,-1.253042176536e+00,1.253042176536e+00,-1.358960226622e+00,-1.358960226622e+00,2.118361001725e-01,1.593253642928e-01,2.389880464391e-01,-2.389880464391e-01,1.593253642928e-01,1.593253642928e-01,1.593253642928e-01,-3.713595681623e-02,-5.570393522434e-02,5.570393522434e-02,-3.713595681623e-02,-3.713595681623e-02,-3.713595681623e-02
2.232000000000e+00,2.121546764197e-01,-1.252564312165e+00,1.252564312165e+00,-1.358641650375e+00,-1.358641650375e+00,2.121546764197e-01,1.592507781889e-01,2.388761672834e-01,-2.388761672834e-01,1.592507781889e-01,1.592507781889e-01,1.592507781889e-01,-3.745010920935e-02,-5.617516381403e-02,5.617516381403e-02,-3.745010920935e-02,-3.745010920935e-02,-3.745010920935e-02
2.234000000000e+00,2.124731028665e-01,-1.252086672495e+00,1.252086672495e+00,-1.358323223928e+00,-1.358323223928e+00,2.124731028665e-01,1.591755640078e-01,2.387633460116e-01,-2.387633460116e-01,1.591755640078e-01,1.591755640078e-01,1.591755640078e-01,-3.776403383701e-02,-5.664605075552e-02,5.664605075552e-02,-3.776403383701e-02,-3.776403383701e-02,-3.776403383701e-02
2.236000000000e+00,2.127913782573e-01,-1.251609259409e+00,1.251609259409e+00,-1.358004948538e+00,-1.358004948538e+00,2.127913782573e-01,1.590997222067e-01,2.386495833101e-01,-2.386495833101e-01,1.590997222067e-01,1.590997222067e-01,1.590997222067e-01,-3.807772873571e-02,-5.711659310356e-02,5.711659310356e-02,-3.807772873571e-02,-3.807772873571e-02,-3.807772873571e-02
2.238000000000e+00,2.131095013373e-01,-1.251132074789e+00,1.251132074789e+00,-1.357686825458e+00,-1.357686825458e+00,2.131095013373e-01,1.590232532473e-01,2.385348798709e-01,-2.385348798709e-01,1.590232532473e-01,1.590232532473e-01,1.590232532473e-01,-3.839119194194e-02,-5.758678791291e-02,5.758678791291e-02,-3.839119194194e-02,-3.839119194194e-02,-3.839119194194e-02
2.240000000000e+00,2.134274708525e-01,-1.250655120516e+00,1.250655120516e+00,-1.357368855942e+00,-1.357368855942e+00,2.134274708525e-01,1.589461575947e-01,2.384192363921e-01,-2.384192363921e-01,1.589461575947e-01,1.589461575947e-01,1.589461575947e-01,-3.870442149223e-02,-5.805663223834e-02,5.805663223834e-02,-3.870442149223e-02,-3.870442149223e-02,-3.870442149223e-02
2.242000000000e+00,2.137452855502e-01,-1.250178398470e+00,1.250178398470e+00,-1.357051041245e+00,-1.357051041245e+00,2.137452855502e-01,1.588684357184e-01,2.383026535776e-01,-2.383026535776e-01,1.588684357184e-01,1.588684357184e-01,1.588684357184e-01,-3.901741542306e-02,-5.852612313459e-02,5.852612313459e-02,-3.901741542306e-02,-3.901741542306e-02,-3.901741542306e-02
2.244000000000e+00,2.140629441782e-01,-1.249701910528e+00,1.249701910528e+00,-1.356733382617e+00,-1.356733382617e+00,2.140629441782e-01,1.587900880914e-01,2.381851321372e-01,-2.381851321372e-01,1.587900880914e-01,1.587900880914e-01,1.587900880914e-01,-3.933017177095e-02,-5.899525765642e-02,5.899525765642e-02,-3.933017177095e-02,-3.933017177095e-02,-3.933017177095e-02
2.246000000000e+00,2.143804454857e-01,-1.249225658566e+00,1.249225658566e+00,-1.356415881309e+00,-1.356415881309e+00,2.143804454857e-01,1.587111151910e-01,2.380666727865e-01,-2.380666727865e-01,1.587111151910e-01,1.587111151910e-01,1.587111151910e-01,-3.964268857240e-02,-5.946403285860e-02,5.946403285860e-02,-3.964268857240e-02,-3.964268857240e-02,-3.964268857240e-02
2.248000000000e+00,2.146977882224e-01,-1.248749644461e+00,1.248749644461e+00,-1.356098538572e+00,-1.356098538572e+00,2.146977882224e-01,1.586315174982e-01,2.379472762472e-01,-2.379472762472e-01,1.586315174982e-01,1.586315174982e-01,1.586315174982e-01,-3.995496386391e-02,-5.993244579587e-02,5.993244579587e-02,-3.995496386391e-02,-3.995496386391e-02,-3.995496386391e-02
2.250000000000e+00,2.150149711395e-01,-1.248273870086e+00,1.248273870086e+00,-1.355781355655e+00,-1.355781355655e+00,2.150149711395e-01,1.585512954979e-01,2.378269432468e-01,-2.378269432468e-01,1.585512954979e-01,1.585512954979e-01,1.585512954979e-01,-4.026699568200e-02,-6.040049352300e-02,6.040049352300e-02,-4.026699568200e-02,-4.026699568200e-02,-4.026699568200e-02
2.252000000000e+00,2.153319929886e-01,-1.247798337312e+00,1.247798337312e+00,-1.355464333806e+00,-1.355464333806e+00,2.153319929886e-01,1.584704496791e-01,2.377056745186e-01,-2.377056745186e-01,1.584704496791e-01,1.584704496791e-01,1.584704496791e-01,-4.057878206316e-02,-6.086817309473e-02,6.086817309473e-02,-4.057878206316e-02,-4.057878206316e-02,-4.057878206316e-02
2.254000000000e+00,2.156488525226e-01,-1.247323048011e+00,1.247323048011e+00,-1.355147474272e+00,-1.355147474272e+00,2.156488525226e-01,1.583889805345e-01,2.375834708018e-01,-2.375834708018e-01,1.583889805345e-01,1.583889805345e-01,1.583889805345e-01,-4.089032104389e-02,-6.133548156584e-02,6.133548156584e-02,-4.089032104389e-02,-4.089032104389e-02,-4.089032104389e-02
2.256000000000e+00,2.159655484955e-01,-1.246848004052e+00,1.246848004052e+00,-1.354830778299e+00,-1.354830778299e+00,2.159655484955e-01,1.583068885611e-01,2.374603328417e-01,-2.374603328417e-01,1.583068885611e-01,1.583068885611e-01,1.583068885611e-01,-4.120161066071e-02,-6.180241599107e-02,6.180241599107e-02,-4.120161066071e-02,-4.120161066071e-02,-4.120161066071e-02
2.258000000000e+00,2.162820796620e-01,-1.246373207302e+00,1.246373207302e+00,-1.354514247133e+00,-1.354514247133e+00,2.162820796620e-01,1.582241742595e-01,2.373362613892e-01,-2.373362613892e-01,1.582241742595e-01,1.582241742595e-01,1.582241742595e-01,-4.151264895012e-02,-6.226897342518e-02,6.226897342518e-02,-4.151264895012e-02,-4.151264895012e-02,-4.151264895012e-02
2.260000000000e+00,2.165984447780e-01,-1.245898659628e+00,1.245898659628e+00,-1.354197882017e+00,-1.354197882017e+00,2.165984447780e-01,1.581408381342e-01,2.372112572013e-01,-2.372112572013e-01,1.581408381342e-01,1.581408381342e-01,1.581408381342e-01,-4.182343394862e-02,-6.273515092293e-02,6.273515092293e-02,-4.182343394862e-02,-4.182343394862e-02,-4.182343394862e-02
2.262000000000e+00,2.169146426003e-01,-1.245424362894e+00,1.245424362894e+00,-1.353881684195e+00,-1.353881684195e+00,2.169146426003e-01,1.580568806938e-01,2.370853210407e-01,-2.370853210407e-01,1.580568806938e-01,1.580568806938e-01,1.580568806938e-01,-4.213396369271e-02,-6.320094553907e-02,6.320094553907e-02,-4.213396369271e-02,-4.213396369271e-02,-4.213396369271e-02
2.264000000000e+00,2.172306718869e-01,-1.244950318965e+00,1.244950318965e+00,-1.353565654908e+00,-1.353565654908e+00,2.172306718869e-01,1.579723024509e-01,2.369584536763e-01,-2.369584536763e-01,1.579723024509e-01,1.579723024509e-01,1.579723024509e-01,-4.244423621891e-02,-6.366635432837e-02,6.366635432837e-02,-4.244423621891e-02,-4.244423621891e-02,-4.244423621891e-02
2.266000000000e+00,2.175465313966e-01,-1.244476529700e+00,1.244476529700e+00,-1.353249795398e+00,-1.353249795398e+00,2.175465313966e-01,1.578871039217e-01,2.368306558826e-01,-2.368306558826e-01,1.578871039217e-01,1.578871039217e-01,1.578871039217e-01,-4.275424956372e-02,-6.413137434558e-02,6.413137434558e-02,-4.275424956372e-02,-4.275424956372e-02,-4.275424956372e-02
2.268000000000e+00,2.178622198894e-01,-1.244002996961e+00,1.244002996961e+00,-1.352934106906e+00,-1.352934106906e+00,2.178622198894e-01,1.578012856267e-01,2.367019284401e-01,-2.367019284401e-01,1.578012856267e-01,1.578012856267e-01,1.578012856267e-01,-4.306400176363e-02,-6.459600264545e-02,6.459600264545e-02,-4.306400176363e-02,-4.306400176363e-02,-4.306400176363e-02
2.270000000000e+00,2.181777361263e-01,-1.243529722605e+00,1.243529722605e+00,-1.352618590669e+00,-1.352618590669e+00,2.181777361263e-01,1.577148480901e-01,2.365722721351e-01,-2.365722721351e-01,1.577148480901e-01,1.577148480901e-01,1.577148480901e-01,-4.337349085516e-02,-6.506023628274e-02,6.506023628274e-02,-4.337349085516e-02,-4.337349085516e-02,-4.337349085516e-02
2.272000000000e+00,2.184930788693e-01,-1.243056708491e+00,1.243056708491e+00,-1.352303247926e+00,-1.352303247926e+00,2.184930788693e-01,1.576277918400e-01,2.364416877600e-01,-2.364416877600e-01,1.576277918400e-01,1.576277918400e-01,1.576277918400e-01,-4.368271487481e-02,-6.552407231222e-02,6.552407231222e-02,-4.368271487481e-02,-4.368271487481e-02,-4.368271487481e-02
2.274000000000e+00,2.188082468815e-01,-1.242583956473e+00,1.242583956473e+00,-1.351988079913e+00,-1.351988079913e+00,2.188082468815e-01,1.575401174086e-01,2.363101761129e-01,-2.363101761129e-01,1.575401174086e-01,1.575401174086e-01,1.575401174086e-01,-4.399167185908e-02,-6.598750778863e-02,6.598750778863e-02,-4.399167185908e-02,-4.399167185908e-02,-4.399167185908e-02
2.276000000000e+00,2.191232389271e-01,-1.242111468404e+00,1.242111468404e+00,-1.351673087868e+00,-1.351673087868e+00,2.191232389271e-01,1.574518253319e-01,2.361777379979e-01,-2.361777379979e-01,1.574518253319e-01,1.574518253319e-01,1.574518253319e-01,-4.430035984449e-02,-6.645053976673e-02,6.645053976673e-02,-4.430035984449e-02,-4.430035984449e-02,-4.430035984449e-02
2.278000000000e+00,2.194380537714e-01,-1.241639246138e+00,1.241639246138e+00,-1.351358273023e+00,-1.351358273023e+00,2.194380537714e-01,1.573629161499e-01,2.360443742248e-01,-2.360443742248e-01,1.573629161499e-01,1.573629161499e-01,1.573629161499e-01,-4.460877686752e-02,-6.691316530129e-02,6.691316530129e-02,-4.460877686752e-02,-4.460877686752e-02,-4.460877686752e-02
2.280000000000e+00,2.197526901807e-01,-1.241167291524e+00,1.241167291524e+00,-1.351043636614e+00,-1.351043636614e+00,2.197526901807e-01,1.572733904064e-01,2.359100856096e-01,-2.359100856096e-01,1.572733904064e-01,1.572733904064e-01,1.572733904064e-01,-4.491692096470e-02,-6.737538144705e-02,6.737538144705e-02,-4.491692096470e-02,-4.491692096470e-02,-4.491692096470e-02
2.282000000000e+00,2.200671469224e-01,-1.240695606411e+00,1.240695606411e+00,-1.350729179873e+00,-1.350729179873e+00,2.200671469224e-01,1.571832486493e-01,2.357748729739e-01,-2.357748729739e-01,1.571832486493e-01,1.571832486493e-01,1.571832486493e-01,-4.522479017252e-02,-6.783718525878e-02,6.783718525878e-02,-4.522479017252e-02,-4.522479017252e-02,-4.522479017252e-02
2.284000000000e+00,2.203814227650e-01,-1.240224192647e+00,1.240224192647e+00,-1.350414904030e+00,-1.350414904030e+00,2.203814227650e-01,1.570924914303e-01,2.356387371454e-01,-2.356387371454e-01,1.570924914303e-01,1.570924914303e-01,1.570924914303e-01,-4.553238252748e-02,-6.829857379122e-02,6.829857379122e-02,-4.553238252748e-02,-4.553238252748e-02,-4.553238252748e-02
2.286000000000e+00,2.206955164782e-01,-1.239753052078e+00,1.239753052078e+00,-1.350100810317e+00,-1.350100810317e+00,2.206955164782e-01,1.570011193051e-01,2.355016789576e-01,-2.355016789576e-01,1.570011193051e-01,1.570011193051e-01,1.570011193051e-01,-4.583969606610e-02,-6.875954409915e-02,6.875954409915e-02,-4.583969606610e-02,-4.583969606610e-02,-4.583969606610e-02
2.288000000000e+00,2.210094268326e-01,-1.239282186546e+00,1.239282186546e+00,-1.349786899962e+00,-1.349786899962e+00,2.210094268326e-01,1.569091328332e-01,2.353636992498e-01,-2.353636992498e-01,1.569091328332e-01,1.569091328332e-01,1.569091328332e-01,-4.614672882487e-02,-6.922009323731e-02,6.922009323731e-02,-4.614672882487e-02,-4.614672882487e-02,-4.614672882487e-02
2.290000000000e+00,2.213231526003e-01,-1.238811597894e+00,1.238811597894e+00,-1.349473174195e+00,-1.349473174195e+00,2.213231526003e-01,1.568165325782e-01,2.352247988674e-01,-2.352247988674e-01,1.568165325782e-01,1.568165325782e-01,1.568165325782e-01,-4.645347884031e-02,-6.968021826046e-02,6.968021826046e-02,-4.645347884031e-02,-4.645347884031e-02,-4.645347884031e-02
2.292000000000e+00,2.216366925541e-01,-1.238341287964e+00,1.238341287964e+00,-1.349159634241e+00,-1.349159634241e+00,2.216366925541e-01,1.567233191076e-01,2.350849786615e-01,-2.350849786615e-01,1.567233191076e-01,1.567233191076e-01,1.567233191076e-01,-4.675994414891e-02,-7.013991622337e-02,7.013991622337e-02,-4.675994414891e-02,-4.675994414891e-02,-4.675994414891e-02
2.294000000000e+00,2.219500454683e-01,-1.237871258592e+00,1.237871258592e+00,-1.348846281327e+00,-1.348846281327e+00,2.219500454683e-01,1.566294929928e-01,2.349442394891e-01,-2.349442394891e-01,1.566294929928e-01,1.566294929928e-01,1.566294929928e-01,-4.706612278718e-02,-7.059918418077e-02,7.059918418077e-02,-4.706612278718e-02,-4.706612278718e-02,-4.706612278718e-02
2.296000000000e+00,2.222632101181e-01,-1.237401511618e+00,1.237401511618e+00,-1.348533116677e+00,-1.348533116677e+00,2.222632101181e-01,1.565350548089e-01,2.348025822134e-01,-2.348025822134e-01,1.565350548089e-01,1.565350548089e-01,1.565350548089e-01,-4.737201279163e-02,-7.105801918744e-02,7.105801918744e-02,-4.737201279163e-02,-4.737201279163e-02,-4.737201279163e-02
2.298000000000e+00,2.225761852799e-01,-1.236932048875e+00,1.236932048875e+00,-1.348220141515e+00,-1.348220141515e+00,2.225761852799e-01,1.564400051353e-01,2.346600077030e-01,-2.346600077030e-01,1.564400051353e-01,1.564400051353e-01,1.564400051353e-01,-4.767761219875e-02,-7.151641829813e-02,7.151641829813e-02,-4.767761219875e-02,-4.767761219875e-02,-4.767761219875e-02
2.300000000000e+00,2.228889697313e-01,-1.236462872198e+00,1.236462872198e+00,-1.347907357064e+00,-1.347907357064e+00,2.228889697313e-01,1.563443445552e-01,2.345165168327e-01,-2.345165168327e-01,1.563443445552e-01,1.563443445552e-01,1.563443445552e-01,-4.798291904506e-02,-7.197437856759e-02,7.197437856759e-02,-4.798291904506e-02,-4.798291904506e-02,-4.798291904506e-02
2.302000000000e+00,2.232015622512e-01,-1.235993983418e+00,1.235993983418e+00,-1.347594764544e+00,-1.347594764544e+00,2.232015622512e-01,1.562480736555e-01,2.343721104833e-01,-2.343721104833e-01,1.562480736555e-01,1.562480736555e-01,1.562480736555e-01,-4.828793136706e-02,-7.243189705059e-02,7.243189705059e-02,-4.828793136706e-02,-4.828793136706e-02,-4.828793136706e-02
2.304000000000e+00,2.235139616195e-01,-1.235525384366e+00,1.235525384366e+00,-1.347282365175e+00,-1.347282365175e+00,2.235139616195e-01,1.561511930274e-01,2.342267895410e-01,-2.342267895410e-01,1.561511930274e-01,1.561511930274e-01,1.561511930274e-01,-4.859264720125e-02,-7.288897080188e-02,7.288897080188e-02,-4.859264720125e-02,-4.859264720125e-02,-4.859264720125e-02
2.306000000000e+00,2.238261666172e-01,-1.235057076869e+00,1.235057076869e+00,-1.346970160178e+00,-1.346970160178e+00,2.238261666172e-01,1.560537032657e-01,2.340805548985e-01,-2.340805548985e-01,1.560537032657e-01,1.560537032657e-01,1.560537032657e-01,-4.889706458414e-02,-7.334559687621e-02,7.334559687621e-02,-4.889706458414e-02,-4.889706458414e-02,-4.889706458414e-02
2.308000000000e+00,2.241381760269e-01,-1.234589062755e+00,1.234589062755e+00,-1.346658150768e+00,-1.346658150768e+00,2.241381760269e-01,1.559556049693e-01,2.339334074539e-01,-2.339334074539e-01,1.559556049693e-01,1.559556049693e-01,1.559556049693e-01,-4.920118155224e-02,-7.380177232835e-02,7.380177232835e-02,-4.920118155224e-02,-4.920118155224e-02,-4.920118155224e-02
2.310000000000e+00,2.244499886318e-01,-1.234121343847e+00,1.234121343847e+00,-1.346346338163e+00,-1.346346338163e+00,2.244499886318e-01,1.558568987410e-01,2.337853481116e-01,-2.337853481116e-01,1.558568987410e-01,1.558568987410e-01,1.558568987410e-01,-4.950499614203e-02,-7.425749421305e-02,7.425749421305e-02,-4.950499614203e-02,-4.950499614203e-02,-4.950499614203e-02
2.312000000000e+00,2.247616032169e-01,-1.233653921970e+00,1.233653921970e+00,-1.346034723578e+00,-1.346034723578e+00,2.247616032169e-01,1.557575851876e-01,2.336363777814e-01,-2.336363777814e-01,1.557575851876e-01,1.557575851876e-01,1.557575851876e-01,-4.980850639005e-02,-7.471275958507e-02,7.471275958507e-02,-4.980850639005e-02,-4.980850639005e-02,-4.980850639005e-02
2.314000000000e+00,2.250730185681e-01,-1.233186798943e+00,1.233186798943e+00,-1.345723308227e+00,-1.345723308227e+00,2.250730185681e-01,1.556576649197e-01,2.334864973795e-01,-2.334864973795e-01,1.556576649197e-01,1.556576649197e-01,1.556576649197e-01,-5.011171033277e-02,-7.516756549916e-02,7.516756549916e-02,-5.011171033277e-02,-5.011171033277e-02,-5.011171033277e-02
2.316000000000e+00,2.253842334725e-01,-1.232719976586e+00,1.232719976586e+00,-1.345412093322e+00,-1.345412093322e+00,2.253842334725e-01,1.555571385518e-01,2.333357078277e-01,-2.333357078277e-01,1.555571385518e-01,1.555571385518e-01,1.555571385518e-01,-5.041460600672e-02,-7.562190901008e-02,7.562190901008e-02,-5.041460600672e-02,-5.041460600672e-02,-5.041460600672e-02
2.318000000000e+00,2.256952467187e-01,-1.232253456717e+00,1.232253456717e+00,-1.345101080076e+00,-1.345101080076e+00,2.256952467187e-01,1.554560067025e-01,2.331840100537e-01,-2.331840100537e-01,1.554560067025e-01,1.554560067025e-01,1.554560067025e-01,-5.071719144839e-02,-7.607578717259e-02,7.607578717259e-02,-5.071719144839e-02,-5.071719144839e-02,-5.071719144839e-02
2.320000000000e+00,2.260060570961e-01,-1.231787241151e+00,1.231787241151e+00,-1.344790269699e+00,-1.344790269699e+00,2.260060570961e-01,1.553542699941e-01,2.330314049912e-01,-2.330314049912e-01,1.553542699941e-01,1.553542699941e-01,1.553542699941e-01,-5.101946469430e-02,-7.652919704145e-02,7.652919704145e-02,-5.101946469430e-02,-5.101946469430e-02,-5.101946469430e-02
2.322000000000e+00,2.263166633958e-01,-1.231321331701e+00,1.231321331701e+00,-1.344479663399e+00,-1.344479663399e+00,2.263166633958e-01,1.552519290531e-01,2.328778935797e-01,-2.328778935797e-01,1.552519290531e-01,1.552519290531e-01,1.552519290531e-01,-5.132142378094e-02,-7.698213567141e-02,7.698213567141e-02,-5.132142378094e-02,-5.132142378094e-02,-5.132142378094e-02
2.324000000000e+00,2.266270644099e-01,-1.230855730180e+00,1.230855730180e+00,-1.344169262385e+00,-1.344169262385e+00,2.266270644099e-01,1.551489845098e-01,2.327234767646e-01,-2.327234767646e-01,1.551489845098e-01,1.551489845098e-01,1.551489845098e-01,-5.162306674481e-02,-7.743460011722e-02,7.743460011722e-02,-5.162306674481e-02,-5.162306674481e-02,-5.162306674481e-02
2.326000000000e+00,2.269372589319e-01,-1.230390438397e+00,1.230390438397e+00,-1.343859067863e+00,-1.343859067863e+00,2.269372589319e-01,1.550454369982e-01,2.325681554973e-01,-2.325681554973e-01,1.550454369982e-01,1.550454369982e-01,1.550454369982e-01,-5.192439162244e-02,-7.788658743365e-02,7.788658743365e-02,-5.192439162244e-02,-5.192439162244e-02,-5.192439162244e-02
2.328000000000e+00,2.272472457564e-01,-1.229925458160e+00,1.229925458160e+00,-1.343549081039e+00,-1.343549081039e+00,2.272472457564e-01,1.549412871566e-01,2.324119307350e-01,-2.324119307350e-01,1.549412871566e-01,1.549412871566e-01,1.549412871566e-01,-5.222539645031e-02,-7.833809467546e-02,7.833809467546e-02,-5.222539645031e-02,-5.222539645031e-02,-5.222539645031e-02
2.330000000000e+00,2.275570236794e-01,-1.229460791276e+00,1.229460791276e+00,-1.343239303116e+00,-1.343239303116e+00,2.275570236794e-01,1.548365356271e-01,2.322548034406e-01,-2.322548034406e-01,1.548365356271e-01,1.548365356271e-01,1.548365356271e-01,-5.252607926493e-02,-7.878911889739e-02,7.878911889739e-02,-5.252607926493e-02,-5.252607926493e-02,-5.252607926493e-02
2.332000000000e+00,2.278665914982e-01,-1.228996439548e+00,1.228996439548e+00,-1.342929735297e+00,-1.342929735297e+00,2.278665914982e-01,1.547311830556e-01,2.320967745833e-01,-2.320967745833e-01,1.547311830556e-01,1.547311830556e-01,1.547311830556e-01,-5.282643810281e-02,-7.923965715421e-02,7.923965715421e-02,-5.282643810281e-02,-5.282643810281e-02,-5.282643810281e-02
2.334000000000e+00,2.281759480113e-01,-1.228532404778e+00,1.228532404778e+00,-1.342620378784e+00,-1.342620378784e+00,2.281759480113e-01,1.546252300920e-01,2.319378451380e-01,-2.319378451380e-01,1.546252300920e-01,1.546252300920e-01,1.546252300920e-01,-5.312647100045e-02,-7.968970650068e-02,7.968970650068e-02,-5.312647100045e-02,-5.312647100045e-02,-5.312647100045e-02
2.336000000000e+00,2.284850920187e-01,-1.228068688767e+00,1.228068688767e+00,-1.342311234776e+00,-1.342311234776e+00,2.284850920187e-01,1.545186773902e-01,2.317780160852e-01,-2.317780160852e-01,1.545186773902e-01,1.545186773902e-01,1.545186773902e-01,-5.342617599436e-02,-8.013926399154e-02,8.013926399154e-02,-5.342617599436e-02,-5.342617599436e-02,-5.342617599436e-02
2.338000000000e+00,2.287940223215e-01,-1.227605293313e+00,1.227605293313e+00,-1.342002304473e+00,-1.342002304473e+00,2.287940223215e-01,1.544115256079e-01,2.316172884119e-01,-2.316172884119e-01,1.544115256079e-01,1.544115256079e-01,1.544115256079e-01,-5.372555112104e-02,-8.058832668156e-02,8.058832668156e-02,-5.372555112104e-02,-5.372555112104e-02,-5.372555112104e-02
2.340000000000e+00,2.291027377222e-01,-1.227142220212e+00,1.227142220212e+00,-1.341693589073e+00,-1.341693589073e+00,2.291027377222e-01,1.543037754069e-01,2.314556631104e-01,-2.314556631104e-01,1.543037754069e-01,1.543037754069e-01,1.543037754069e-01,-5.402459441700e-02,-8.103689162550e-02,8.103689162550e-02,-5.402459441700e-02,-5.402459441700e-02,-5.402459441700e-02
2.342000000000e+00,2.294112370246e-01,-1.226679471258e+00,1.226679471258e+00,-1.341385089770e+00,-1.341385089770e+00,2.294112370246e-01,1.541954274528e-01,2.312931411792e-01,-2.312931411792e-01,1.541954274528e-01,1.541954274528e-01,1.541954274528e-01,-5.432330391873e-02,-8.148495587810e-02,8.148495587810e-02,-5.432330391873e-02,-5.432330391873e-02,-5.432330391873e-02
2.344000000000e+00,2.297195190340e-01,-1.226217048244e+00,1.226217048244e+00,-1.341076807761e+00,-1.341076807761e+00,2.297195190340e-01,1.540864824151e-01,2.311297236226e-01,-2.311297236226e-01,1.540864824151e-01,1.540864824151e-01,1.540864824151e-01,-5.462167766276e-02,-8.193251649414e-02,8.193251649414e-02,-5.462167766276e-02,-5.462167766276e-02,-5.462167766276e-02
2.346000000000e+00,2.300275825567e-01,-1.225754952960e+00,1.225754952960e+00,-1.340768744238e+00,-1.340768744238e+00,2.300275825567e-01,1.539769409673e-01,2.309654114509e-01,-2.309654114509e-01,1.539769409673e-01,1.539769409673e-01,1.539769409673e-01,-5.491971368557e-02,-8.237957052835e-02,8.237957052835e-02,-5.491971368557e-02,-5.491971368557e-02,-5.491971368557e-02
2.348000000000e+00,2.303354264007e-01,-1.225293187194e+00,1.225293187194e+00,-1.340460900394e+00,-1.340460900394e+00,2.303354264007e-01,1.538668037868e-01,2.308002056802e-01,-2.308002056802e-01,1.538668037868e-01,1.538668037868e-01,1.538668037868e-01,-5.521741002368e-02,-8.282611503551e-02,8.282611503551e-02,-5.521741002368e-02,-5.521741002368e-02,-5.521741002368e-02
2.350000000000e+00,2.306430493751e-01,-1.224831752732e+00,1.224831752732e+00,-1.340153277420e+00,-1.340153277420e+00,2.306430493751e-01,1.537560715549e-01,2.306341073324e-01,-2.306341073324e-01,1.537560715549e-01,1.537560715549e-01,1.537560715549e-01,-5.551476471358e-02,-8.327214707037e-02,8.327214707037e-02,-5.551476471358e-02,-5.551476471358e-02,-5.551476471358e-02
2.352000000000e+00,2.309504502906e-01,-1.224370651359e+00,1.224370651359e+00,-1.339845876504e+00,-1.339845876504e+00,2.309504502906e-01,1.536447449570e-01,2.304671174355e-01,-2.304671174355e-01,1.536447449570e-01,1.536447449570e-01,1.536447449570e-01,-5.581177579179e-02,-8.371766368769e-02,8.371766368769e-02,-5.581177579179e-02,-5.581177579179e-02,-5.581177579179e-02
2.354000000000e+00,2.312576279592e-01,-1.223909884856e+00,1.223909884856e+00,-1.339538698836e+00,-1.339538698836e+00,2.312576279592e-01,1.535328246822e-01,2.302992370232e-01,-2.302992370232e-01,1.535328246822e-01,1.535328246822e-01,1.535328246822e-01,-5.610844129481e-02,-8.416266194221e-02,8.416266194221e-02,-5.610844129481e-02,-5.610844129481e-02,-5.610844129481e-02
2.356000000000e+00,2.315645811941e-01,-1.223449455004e+00,1.223449455004e+00,-1.339231745601e+00,-1.339231745601e+00,2.315645811941e-01,1.534203114235e-01,2.301304671353e-01,-2.301304671353e-01,1.534203114235e-01,1.534203114235e-01,1.534203114235e-01,-5.640475925914e-02,-8.460713888871e-02,8.460713888871e-02,-5.640475925914e-02,-5.640475925914e-02,-5.640475925914e-02
2.358000000000e+00,2.318713088100e-01,-1.222989363580e+00,1.222989363580e+00,-1.338925017985e+00,-1.338925017985e+00,2.318713088100e-01,1.533072058781e-01,2.299608088172e-01,-2.299608088172e-01,1.533072058781e-01,1.533072058781e-01,1.533072058781e-01,-5.670072772128e-02,-8.505109158193e-02,8.505109158193e-02,-5.670072772128e-02,-5.670072772128e-02,-5.670072772128e-02
2.360000000000e+00,2.321778096232e-01,-1.222529612360e+00,1.222529612360e+00,-1.338618517172e+00,-1.338618517172e+00,2.321778096232e-01,1.531935087469e-01,2.297902631204e-01,-2.297902631204e-01,1.531935087469e-01,1.531935087469e-01,1.531935087469e-01,-5.699634471775e-02,-8.549451707663e-02,8.549451707663e-02,-5.699634471775e-02,-5.699634471775e-02,-5.699634471775e-02
2.362000000000e+00,2.324840824511e-01,-1.222070203118e+00,1.222070203118e+00,-1.338312244344e+00,-1.338312244344e+00,2.324840824511e-01,1.530792207349e-01,2.296188311023e-01,-2.296188311023e-01,1.530792207349e-01,1.530792207349e-01,1.530792207349e-01,-5.729160828505e-02,-8.593741242757e-02,8.593741242757e-02,-5.729160828505e-02,-5.729160828505e-02,-5.729160828505e-02
2.364000000000e+00,2.327901261127e-01,-1.221611137626e+00,1.221611137626e+00,-1.338006200682e+00,-1.338006200682e+00,2.327901261127e-01,1.529643425507e-01,2.294465138261e-01,-2.294465138261e-01,1.529643425507e-01,1.529643425507e-01,1.529643425507e-01,-5.758651645967e-02,-8.637977468951e-02,8.637977468951e-02,-5.758651645967e-02,-5.758651645967e-02,-5.758651645967e-02
2.366000000000e+00,2.330959394283e-01,-1.221152417652e+00,1.221152417652e+00,-1.337700387367e+00,-1.337700387367e+00,2.330959394283e-01,1.528488749073e-01,2.292733123609e-01,-2.292733123609e-01,1.528488749073e-01,1.528488749073e-01,1.528488749073e-01,-5.788106727814e-02,-8.682160091721e-02,8.682160091721e-02,-5.788106727814e-02,-5.788106727814e-02,-5.788106727814e-02
2.368000000000e+00,2.334015212198e-01,-1.220694044965e+00,1.220694044965e+00,-1.337394805575e+00,-1.337394805575e+00,2.334015212198e-01,1.527328185212e-01,2.290992277817e-01,-2.290992277817e-01,1.527328185212e-01,1.527328185212e-01,1.527328185212e-01,-5.817525877694e-02,-8.726288816541e-02,8.726288816541e-02,-5.817525877694e-02,-5.817525877694e-02,-5.817525877694e-02
2.370000000000e+00,2.337068703104e-01,-1.220236021329e+00,1.220236021329e+00,-1.337089456485e+00,-1.337089456485e+00,2.337068703104e-01,1.526161741130e-01,2.289242611695e-01,-2.289242611695e-01,1.526161741130e-01,1.526161741130e-01,1.526161741130e-01,-5.846908899259e-02,-8.770363348888e-02,8.770363348888e-02,-5.846908899259e-02,-5.846908899259e-02,-5.846908899259e-02
2.372000000000e+00,2.340119855247e-01,-1.219778348508e+00,1.219778348508e+00,-1.336784341270e+00,-1.336784341270e+00,2.340119855247e-01,1.524989424074e-01,2.287484136110e-01,-2.287484136110e-01,1.524989424074e-01,1.524989424074e-01,1.524989424074e-01,-5.876255596158e-02,-8.814383394237e-02,8.814383394237e-02,-5.876255596158e-02,-5.876255596158e-02,-5.876255596158e-02
2.374000000000e+00,2.343168656890e-01,-1.219321028261e+00,1.219321028261e+00,-1.336479461106e+00,-1.336479461106e+00,2.343168656890e-01,1.523811241326e-01,2.285716861990e-01,-2.285716861990e-01,1.523811241326e-01,1.523811241326e-01,1.523811241326e-01,-5.905565772043e-02,-8.858348658065e-02,8.858348658065e-02,-5.905565772043e-02,-5.905565772043e-02,-5.905565772043e-02
2.376000000000e+00,2.346215096307e-01,-1.218864062349e+00,1.218864062349e+00,-1.336174817164e+00,-1.336174817164e+00,2.346215096307e-01,1.522627200213e-01,2.283940800319e-01,-2.283940800319e-01,1.522627200213e-01,1.522627200213e-01,1.522627200213e-01,-5.934839230564e-02,-8.902258845846e-02,8.902258845846e-02,-5.934839230564e-02,-5.934839230564e-02,-5.934839230564e-02
2.378000000000e+00,2.349259161790e-01,-1.218407452526e+00,1.218407452526e+00,-1.335870410616e+00,-1.335870410616e+00,2.349259161790e-01,1.521437308095e-01,2.282155962143e-01,-2.282155962143e-01,1.521437308095e-01,1.521437308095e-01,1.521437308095e-01,-5.964075775371e-02,-8.946113663057e-02,8.946113663057e-02,-5.964075775371e-02,-5.964075775371e-02,-5.964075775371e-02
2.380000000000e+00,2.352300841644e-01,-1.217951200548e+00,1.217951200548e+00,-1.335566242631e+00,-1.335566242631e+00,2.352300841644e-01,1.520241572376e-01,2.280362358565e-01,-2.280362358565e-01,1.520241572376e-01,1.520241572376e-01,1.520241572376e-01,-5.993275210116e-02,-8.989912815173e-02,8.989912815173e-02,-5.993275210116e-02,-5.993275210116e-02,-5.993275210116e-02
2.382000000000e+00,2.355340124189e-01,-1.217495308167e+00,1.217495308167e+00,-1.335262314376e+00,-1.335262314376e+00,2.355340124189e-01,1.519040000498e-01,2.278560000747e-01,-2.278560000747e-01,1.519040000498e-01,1.519040000498e-01,1.519040000498e-01,-6.022437338447e-02,-9.033656007670e-02,9.033656007670e-02,-6.022437338447e-02,-6.022437338447e-02,-6.022437338447e-02
2.384000000000e+00,2.358376997760e-01,-1.217039777131e+00,1.217039777131e+00,-1.334958627019e+00,-1.334958627019e+00,2.358376997760e-01,1.517832599941e-01,2.276748899912e-01,-2.276748899912e-01,1.517832599941e-01,1.517832599941e-01,1.517832599941e-01,-6.051561964016e-02,-9.077342946024e-02,9.077342946024e-02,-6.051561964016e-02,-6.051561964016e-02,-6.051561964016e-02
2.386000000000e+00,2.361411450708e-01,-1.216584609189e+00,1.216584609189e+00,-1.334655181724e+00,-1.334655181724e+00,2.361411450708e-01,1.516619378226e-01,2.274929067339e-01,-2.274929067339e-01,1.516619378226e-01,1.516619378226e-01,1.516619378226e-01,-6.080648890473e-02,-9.120973335709e-02,9.120973335709e-02,-6.080648890473e-02,-6.080648890473e-02,-6.080648890473e-02
2.388000000000e+00,2.364443471397e-01,-1.216129806085e+00,1.216129806085e+00,-1.334351979655e+00,-1.334351979655e+00,2.364443471397e-01,1.515400342911e-01,2.273100514367e-01,-2.273100514367e-01,1.515400342911e-01,1.515400342911e-01,1.515400342911e-01,-6.109697921469e-02,-9.164546882203e-02,9.164546882203e-02,-6.109697921469e-02,-6.109697921469e-02,-6.109697921469e-02
2.390000000000e+00,2.367473048209e-01,-1.215675369564e+00,1.215675369564e+00,-1.334049021974e+00,-1.334049021974e+00,2.367473048209e-01,1.514175501597e-01,2.271263252395e-01,-2.271263252395e-01,1.514175501597e-01,1.514175501597e-01,1.514175501597e-01,-6.138708860653e-02,-9.208063290980e-02,9.208063290980e-02,-6.138708860653e-02,-6.138708860653e-02,-6.138708860653e-02
2.392000000000e+00,2.370500169538e-01,-1.215221301364e+00,1.215221301364e+00,-1.333746309841e+00,-1.333746309841e+00,2.370500169538e-01,1.512944861920e-01,2.269417292880e-01,-2.269417292880e-01,1.512944861920e-01,1.512944861920e-01,1.512944861920e-01,-6.167681511678e-02,-9.251522267517e-02,9.251522267517e-02,-6.167681511678e-02,-6.167681511678e-02,-6.167681511678e-02
2.394000000000e+00,2.373524823796e-01,-1.214767603226e+00,1.214767603226e+00,-1.333443844415e+00,-1.333443844415e+00,2.373524823796e-01,1.511708431558e-01,2.267562647336e-01,-2.267562647336e-01,1.511708431558e-01,1.511708431558e-01,1.511708431558e-01,-6.196615678192e-02,-9.294923517288e-02,9.294923517288e-02,-6.196615678192e-02,-6.196615678192e-02,-6.196615678192e-02
2.396000000000e+00,2.376546999409e-01,-1.214314276884e+00,1.214314276884e+00,-1.333141626854e+00,-1.333141626854e+00,2.376546999409e-01,1.510466218227e-01,2.265699327341e-01,-2.265699327341e-01,1.510466218227e-01,1.510466218227e-01,1.510466218227e-01,-6.225511163847e-02,-9.338266745770e-02,9.338266745770e-02,-6.225511163847e-02,-6.225511163847e-02,-6.225511163847e-02
2.398000000000e+00,2.379566684819e-01,-1.213861324072e+00,1.213861324072e+00,-1.332839658313e+00,-1.332839658313e+00,2.379566684819e-01,1.509218229684e-01,2.263827344526e-01,-2.263827344526e-01,1.509218229684e-01,1.509218229684e-01,1.509218229684e-01,-6.254367772293e-02,-9.381551658439e-02,9.381551658439e-02,-6.254367772293e-02,-6.254367772293e-02,-6.254367772293e-02
2.400000000000e+00,2.382583868482e-01,-1.213408746523e+00,1.213408746523e+00,-1.332537939947e+00,-1.332537939947e+00,2.382583868482e-01,1.507964473723e-01,2.261946710585e-01,-2.261946710585e-01,1.507964473723e-01,1.507964473723e-01,1.507964473723e-01,-6.283185307180e-02,-9.424777960769e-02,9.424777960769e-02,-6.283185307180e-02,-6.283185307180e-02,-6.283185307180e-02
2.402000000000e+00,2.385598538874e-01,-1.212956545964e+00,1.212956545964e+00,-1.332236472908e+00,-1.332236472908e+00,2.385598538874e-01,1.506704958179e-01,2.260057437269e-01,-2.260057437269e-01,1.506704958179e-01,1.506704958179e-01,1.506704958179e-01,-6.311963572159e-02,-9.467945358238e-02,9.467945358238e-02,-6.311963572159e-02,-6.311963572159e-02,-6.311963572159e-02
2.404000000000e+00,2.388610684481e-01,-1.212504724123e+00,1.212504724123e+00,-1.331935258347e+00,-1.331935258347e+00,2.388610684481e-01,1.505439690925e-01,2.258159536388e-01,-2.258159536388e-01,1.505439690925e-01,1.505439690925e-01,1.505439690925e-01,-6.340702370880e-02,-9.511053556320e-02,9.511053556320e-02,-6.340702370880e-02,-6.340702370880e-02,-6.340702370880e-02
2.406000000000e+00,2.391620293808e-01,-1.212053282724e+00,1.212053282724e+00,-1.331634297414e+00,-1.331634297414e+00,2.391620293808e-01,1.504168679875e-01,2.256253019812e-01,-2.256253019812e-01,1.504168679875e-01,1.504168679875e-01,1.504168679875e-01,-6.369401506994e-02,-9.554102260490e-02,9.554102260490e-02,-6.369401506994e-02,-6.369401506994e-02,-6.369401506994e-02
2.408000000000e+00,2.394627355376e-01,-1.211602223488e+00,1.211602223488e+00,-1.331333591257e+00,-1.331333591257e+00,2.394627355376e-01,1.502891932980e-01,2.254337899470e-01,-2.254337899470e-01,1.502891932980e-01,1.502891932980e-01,1.502891932980e-01,-6.398060784151e-02,-9.597091176226e-02,9.597091176226e-02,-6.398060784151e-02,-6.398060784151e-02,-6.398060784151e-02
2.410000000000e+00,2.397631857722e-01,-1.211151548137e+00,1.211151548137e+00,-1.331033141023e+00,-1.331033141023e+00,2.397631857722e-01,1.501609458232e-01,2.252414187347e-01,-2.252414187347e-01,1.501609458232e-01,1.501609458232e-01,1.501609458232e-01,-6.426680006002e-02,-9.640020009002e-02,9.640020009002e-02,-6.426680006002e-02,-6.426680006002e-02,-6.426680006002e-02
2.412000000000e+00,2.400633789396e-01,-1.210701258385e+00,1.210701258385e+00,-1.330732947855e+00,-1.330732947855e+00,2.400633789396e-01,1.500321263661e-01,2.250481895491e-01,-2.250481895491e-01,1.500321263661e-01,1.500321263661e-01,1.500321263661e-01,-6.455258976196e-02,-9.682888464295e-02,9.682888464295e-02,-6.455258976196e-02,-6.455258976196e-02,-6.455258976196e-02
2.414000000000e+00,2.403633138968e-01,-1.210251355950e+00,1.210251355950e+00,-1.330433012898e+00,-1.330433012898e+00,2.403633138968e-01,1.499027357338e-01,2.248541036006e-01,-2.248541036006e-01,1.499027357338e-01,1.499027357338e-01,1.499027357338e-01,-6.483797498386e-02,-9.725696247579e-02,9.725696247579e-02,-6.483797498386e-02,-6.483797498386e-02,-6.483797498386e-02
2.416000000000e+00,2.406629895023e-01,-1.209801842541e+00,1.209801842541e+00,-1.330133337293e+00,-1.330133337293e+00,2.406629895023e-01,1.497727747371e-01,2.246591621057e-01,-2.246591621057e-01,1.497727747371e-01,1.497727747371e-01,1.497727747371e-01,-6.512295376221e-02,-9.768443064331e-02,9.768443064331e-02,-6.512295376221e-02,-6.512295376221e-02,-6.512295376221e-02
2.418000000000e+00,2.409624046161e-01,-1.209352719871e+00,1.209352719871e+00,-1.329833922179e+00,-1.329833922179e+00,2.409624046161e-01,1.496422441910e-01,2.244633662865e-01,-2.244633662865e-01,1.496422441910e-01,1.496422441910e-01,1.496422441910e-01,-6.540752413351e-02,-9.811128620026e-02,9.811128620026e-02,-6.540752413351e-02,-6.540752413351e-02,-6.540752413351e-02
2.420000000000e+00,2.412615580999e-01,-1.208903989645e+00,1.208903989645e+00,-1.329534768695e+00,-1.329534768695e+00,2.412615580999e-01,1.495111449142e-01,2.242667173712e-01,-2.242667173712e-01,1.495111449142e-01,1.495111449142e-01,1.495111449142e-01,-6.569168413427e-02,-9.853752620140e-02,9.853752620140e-02,-6.569168413427e-02,-6.569168413427e-02,-6.569168413427e-02
2.422000000000e+00,2.415604488171e-01,-1.208455653569e+00,1.208455653569e+00,-1.329235877978e+00,-1.329235877978e+00,2.415604488171e-01,1.493794777293e-01,2.240692165940e-01,-2.240692165940e-01,1.493794777293e-01,1.493794777293e-01,1.493794777293e-01,-6.597543180099e-02,-9.896314770149e-02,9.896314770149e-02,-6.597543180099e-02,-6.597543180099e-02,-6.597543180099e-02
2.424000000000e+00,2.418590756328e-01,-1.208007713346e+00,1.208007713346e+00,-1.328937251162e+00,-1.328937251162e+00,2.418590756328e-01,1.492472434632e-01,2.238708651947e-01,-2.238708651947e-01,1.492472434632e-01,1.492472434632e-01,1.492472434632e-01,-6.625876517018e-02,-9.938814775528e-02,9.938814775528e-02,-6.625876517018e-02,-6.625876517018e-02,-6.625876517018e-02
2.426000000000e+00,2.421574374135e-01,-1.207560170675e+00,1.207560170675e+00,-1.328638889381e+00,-1.328638889381e+00,2.421574374135e-01,1.491144429462e-01,2.236716644192e-01,-2.236716644192e-01,1.491144429462e-01,1.491144429462e-01,1.491144429462e-01,-6.654168227835e-02,-9.981252341753e-02,9.981252341753e-02,-6.654168227835e-02,-6.654168227835e-02,-6.654168227835e-02
2.428000000000e+00,2.424555330276e-01,-1.207113027253e+00,1.207113027253e+00,-1.328340793767e+00,-1.328340793767e+00,2.424555330276e-01,1.489810770129e-01,2.234716155193e-01,-2.234716155193e-01,1.489810770129e-01,1.489810770129e-01,1.489810770129e-01,-6.682418116200e-02,-1.002362717430e-01,1.002362717430e-01,-6.682418116200e-02,-6.682418116200e-02,-6.682418116200e-02
2.430000000000e+00,2.427533613452e-01,-1.206666284777e+00,1.206666284777e+00,-1.328042965450e+00,-1.328042965450e+00,2.427533613452e-01,1.488471465016e-01,2.232707197525e-01,-2.232707197525e-01,1.488471465016e-01,1.488471465016e-01,1.488471465016e-01,-6.710625985762e-02,-1.006593897864e-01,1.006593897864e-01,-6.710625985762e-02,-6.710625985762e-02,-6.710625985762e-02
2.432000000000e+00,2.430509212378e-01,-1.206219944938e+00,1.206219944938e+00,-1.327745405557e+00,-1.327745405557e+00,2.430509212378e-01,1.487126522549e-01,2.230689783823e-01,-2.230689783823e-01,1.487126522549e-01,1.487126522549e-01,1.487126522549e-01,-6.738791640174e-02,-1.010818746026e-01,1.010818746026e-01,-6.738791640174e-02,-6.738791640174e-02,-6.738791640174e-02
2.434000000000e+00,2.433482115789e-01,-1.205774009427e+00,1.205774009427e+00,-1.327448115216e+00,-1.327448115216e+00,2.433482115789e-01,1.485775951188e-01,2.228663926782e-01,-2.228663926782e-01,1.485775951188e-01,1.485775951188e-01,1.485775951188e-01,-6.766914883084e-02,-1.015037232463e-01,1.015037232463e-01,-6.766914883084e-02,-6.766914883084e-02,-6.766914883084e-02
2.436000000000e+00,2.436452312436e-01,-1.205328479930e+00,1.205328479930e+00,-1.327151095551e+00,-1.327151095551e+00,2.436452312436e-01,1.484419759436e-01,2.226629639154e-01,-2.226629639154e-01,1.484419759436e-01,1.484419759436e-01,1.484419759436e-01,-6.794995518145e-02,-1.019249327722e-01,1.019249327722e-01,-6.794995518145e-02,-6.794995518145e-02,-6.794995518145e-02
2.438000000000e+00,2.439419791086e-01,-1.204883358132e+00,1.204883358132e+00,-1.326854347686e+00,-1.326854347686e+00,2.439419791086e-01,1.483057955834e-01,2.224586933751e-01,-2.224586933751e-01,1.483057955834e-01,1.483057955834e-01,1.483057955834e-01,-6.823033349005e-02,-1.023455002351e-01,1.023455002351e-01,-6.823033349005e-02,-6.823033349005e-02,-6.823033349005e-02
2.440000000000e+00,2.442384540524e-01,-1.204438645716e+00,1.204438645716e+00,-1.326557872743e+00,-1.326557872743e+00,2.442384540524e-01,1.481690548963e-01,2.222535823444e-01,-2.222535823444e-01,1.481690548963e-01,1.481690548963e-01,1.481690548963e-01,-6.851028179316e-02,-1.027654226897e-01,1.027654226897e-01,-6.851028179316e-02,-6.851028179316e-02,-6.851028179316e-02
2.442000000000e+00,2.445346549552e-01,-1.203994344362e+00,1.203994344362e+00,-1.326261671840e+00,-1.326261671840e+00,2.445346549552e-01,1.480317547442e-01,2.220476321163e-01,-2.220476321163e-01,1.480317547442e-01,1.480317547442e-01,1.480317547442e-01,-6.878979812728e-02,-1.031846971909e-01,1.031846971909e-01,-6.878979812728e-02,-6.878979812728e-02,-6.878979812728e-02
2.444000000000e+00,2.448305806989e-01,-1.203550455746e+00,1.203550455746e+00,-1.325965746096e+00,-1.325965746096e+00,2.448305806989e-01,1.478938959931e-01,2.218408439896e-01,-2.218408439896e-01,1.478938959931e-01,1.478938959931e-01,1.478938959931e-01,-6.906888052891e-02,-1.036033207934e-01,1.036033207934e-01,-6.906888052891e-02,-6.906888052891e-02,-6.906888052891e-02
2.446000000000e+00,2.451262301673e-01,-1.203106981544e+00,1.203106981544e+00,-1.325670096628e+00,-1.325670096628e+00,2.451262301673e-01,1.477554795127e-01,2.216332192690e-01,-2.216332192690e-01,1.477554795127e-01,1.477554795127e-01,1.477554795127e-01,-6.934752703457e-02,-1.040212905518e-01,1.040212905518e-01,-6.934752703457e-02,-6.934752703457e-02,-6.934752703457e-02
2.448000000000e+00,2.454216022457e-01,-1.202663923426e+00,1.202663923426e+00,-1.325374724549e+00,-1.325374724549e+00,2.454216022457e-01,1.476165061768e-01,2.214247592653e-01,-2.214247592653e-01,1.476165061768e-01,1.476165061768e-01,1.476165061768e-01,-6.962573568074e-02,-1.044386035211e-01,1.044386035211e-01,-6.962573568074e-02,-6.962573568074e-02,-6.962573568074e-02
2.450000000000e+00,2.457166958214e-01,-1.202221283063e+00,1.202221283063e+00,-1.325079630974e+00,-1.325079630974e+00,2.457166958214e-01,1.474769768632e-01,2.212154652948e-01,-2.212154652948e-01,1.474769768632e-01,1.474769768632e-01,1.474769768632e-01,-6.990350450395e-02,-1.048552567559e-01,1.048552567559e-01,-6.990350450395e-02,-6.990350450395e-02,-6.990350450395e-02
2.452000000000e+00,2.460115097831e-01,-1.201779062120e+00,1.201779062120e+00,-1.324784817012e+00,-1.324784817012e+00,2.460115097831e-01,1.473368924534e-01,2.210053386800e-01,-2.210053386800e-01,1.473368924534e-01,1.473368924534e-01,1.473368924534e-01,-7.018083154069e-02,-1.052712473110e-01,1.052712473110e-01,-7.018083154069e-02,-7.018083154069e-02,-7.018083154069e-02
2.454000000000e+00,2.463060430217e-01,-1.201337262262e+00,1.201337262262e+00,-1.324490283773e+00,-1.324490283773e+00,2.463060430217e-01,1.471962538329e-01,2.207943807493e-01,-2.207943807493e-01,1.471962538329e-01,1.471962538329e-01,1.471962538329e-01,-7.045771482746e-02,-1.056865722412e-01,1.056865722412e-01,-7.045771482746e-02,-7.045771482746e-02,-7.045771482746e-02
2.456000000000e+00,2.466002944296e-01,-1.200895885151e+00,1.200895885151e+00,-1.324196032365e+00,-1.324196032365e+00,2.466002944296e-01,1.470550618912e-01,2.205825928368e-01,-2.205825928368e-01,1.470550618912e-01,1.470550618912e-01,1.470550618912e-01,-7.073415240078e-02,-1.061012286012e-01,1.061012286012e-01,-7.073415240078e-02,-7.073415240078e-02,-7.073415240078e-02
2.458000000000e+00,2.468942629010e-01,-1.200454932443e+00,1.200454932443e+00,-1.323902063894e+00,-1.323902063894e+00,2.468942629010e-01,1.469133175217e-01,2.203699762826e-01,-2.203699762826e-01,1.469133175217e-01,1.469133175217e-01,1.469133175217e-01,-7.101014229715e-02,-1.065152134457e-01,1.065152134457e-01,-7.101014229715e-02,-7.101014229715e-02,-7.101014229715e-02
2.460000000000e+00,2.471879473320e-01,-1.200014405797e+00,1.200014405797e+00,-1.323608379463e+00,-1.323608379463e+00,2.471879473320e-01,1.467710216218e-01,2.201565324326e-01,-2.201565324326e-01,1.467710216218e-01,1.467710216218e-01,1.467710216218e-01,-7.128568255307e-02,-1.069285238296e-01,1.069285238296e-01,-7.128568255307e-02,-7.128568255307e-02,-7.128568255307e-02
2.462000000000e+00,2.474813466204e-01,-1.199574306864e+00,1.199574306864e+00,-1.323314980174e+00,-1.323314980174e+00,2.474813466204e-01,1.466281750926e-01,2.199422626389e-01,-2.199422626389e-01,1.466281750926e-01,1.466281750926e-01,1.466281750926e-01,-7.156077120504e-02,-1.073411568076e-01,1.073411568076e-01,-7.156077120504e-02,-7.156077120504e-02,-7.156077120504e-02
2.464000000000e+00,2.477744596659e-01,-1.199134637296e+00,1.199134637296e+00,-1.323021867129e+00,-1.323021867129e+00,2.477744596659e-01,1.464847788393e-01,2.197271682590e-01,-2.197271682590e-01,1.464847788393e-01,1.464847788393e-01,1.464847788393e-01,-7.183540628957e-02,-1.077531094344e-01,1.077531094344e-01,-7.183540628957e-02,-7.183540628957e-02,-7.183540628957e-02
2.466000000000e+00,2.480672853699e-01,-1.198695398740e+00,1.198695398740e+00,-1.322729041425e+00,-1.322729041425e+00,2.480672853699e-01,1.463408337711e-01,2.195112506566e-01,-2.195112506566e-01,1.463408337711e-01,1.463408337711e-01,1.463408337711e-01,-7.210958584317e-02,-1.081643787648e-01,1.081643787648e-01,-7.210958584317e-02,-7.210958584317e-02,-7.210958584317e-02
2.468000000000e+00,2.483598226357e-01,-1.198256592841e+00,1.198256592841e+00,-1.322436504159e+00,-1.322436504159e+00,2.483598226357e-01,1.461963408009e-01,2.192945112014e-01,-2.192945112014e-01,1.461963408009e-01,1.461963408009e-01,1.461963408009e-01,-7.238330790234e-02,-1.085749618535e-01,1.085749618535e-01,-7.238330790234e-02,-7.238330790234e-02,-7.238330790234e-02
2.470000000000e+00,2.486520703684e-01,-1.197818221242e+00,1.197818221242e+00,-1.322144256426e+00,-1.322144256426e+00,2.486520703684e-01,1.460513008458e-01,2.190769512687e-01,-2.190769512687e-01,1.460513008458e-01,1.460513008458e-01,1.460513008458e-01,-7.265657050358e-02,-1.089848557554e-01,1.089848557554e-01,-7.265657050358e-02,-7.265657050358e-02,-7.265657050358e-02
2.472000000000e+00,2.489440274750e-01,-1.197380285582e+00,1.197380285582e+00,-1.321852299320e+00,-1.321852299320e+00,2.489440274750e-01,1.459057148265e-01,2.188585722398e-01,-2.188585722398e-01,1.459057148265e-01,1.459057148265e-01,1.459057148265e-01,-7.292937168340e-02,-1.093940575251e-01,1.093940575251e-01,-7.292937168340e-02,-7.292937168340e-02,-7.292937168340e-02
2.474000000000e+00,2.492356928643e-01,-1.196942787498e+00,1.196942787498e+00,-1.321560633931e+00,-1.321560633931e+00,2.492356928643e-01,1.457595836680e-01,2.186393755020e-01,-2.186393755020e-01,1.457595836680e-01,1.457595836680e-01,1.457595836680e-01,-7.320170947831e-02,-1.098025642175e-01,1.098025642175e-01,-7.320170947831e-02,-7.320170947831e-02,-7.320170947831e-02
2.476000000000e+00,2.495270654469e-01,-1.196505728625e+00,1.196505728625e+00,-1.321269261348e+00,-1.321269261348e+00,2.495270654469e-01,1.456129082989e-01,2.184193624483e-01,-2.184193624483e-01,1.456129082989e-01,1.456129082989e-01,1.456129082989e-01,-7.347358192480e-02,-1.102103728872e-01,1.102103728872e-01,-7.347358192480e-02,-7.347358192480e-02,-7.347358192480e-02
2.478000000000e+00,2.498181441353e-01,-1.196069110592e+00,1.196069110592e+00,-1.320978182660e+00,-1.320978182660e+00,2.498181441353e-01,1.454656896518e-01,2.181985344777e-01,-2.181985344777e-01,1.454656896518e-01,1.454656896518e-01,1.454656896518e-01,-7.374498705939e-02,-1.106174805891e-01,1.106174805891e-01,-7.374498705939e-02,-7.374498705939e-02,-7.374498705939e-02
2.480000000000e+00,2.501089278439e-01,-1.195632935029e+00,1.195632935029e+00,-1.320687398951e+00,-1.320687398951e+00,2.501089278439e-01,1.453179286635e-01,2.179768929952e-01,-2.179768929952e-01,1.453179286635e-01,1.453179286635e-01,1.453179286635e-01,-7.401592291858e-02,-1.110238843779e-01,1.110238843779e-01,-7.401592291858e-02,-7.401592291858e-02,-7.401592291858e-02
2.482000000000e+00,2.503994154890e-01,-1.195197203561e+00,1.195197203561e+00,-1.320396911306e+00,-1.320396911306e+00,2.503994154890e-01,1.451696262743e-01,2.177544394115e-01,-2.177544394115e-01,1.451696262743e-01,1.451696262743e-01,1.451696262743e-01,-7.428638753886e-02,-1.114295813083e-01,1.114295813083e-01,-7.428638753886e-02,-7.428638753886e-02,-7.428638753886e-02
2.484000000000e+00,2.506896059887e-01,-1.194761917812e+00,1.194761917812e+00,-1.320106720806e+00,-1.320106720806e+00,2.506896059887e-01,1.450207834288e-01,2.175311751432e-01,-2.175311751432e-01,1.450207834288e-01,1.450207834288e-01,1.450207834288e-01,-7.455637895675e-02,-1.118345684351e-01,1.118345684351e-01,-7.455637895675e-02,-7.455637895675e-02,-7.455637895675e-02
2.486000000000e+00,2.509794982631e-01,-1.194327079400e+00,1.194327079400e+00,-1.319816828532e+00,-1.319816828532e+00,2.509794982631e-01,1.448714010753e-01,2.173071016129e-01,-2.173071016129e-01,1.448714010753e-01,1.448714010753e-01,1.448714010753e-01,-7.482589520876e-02,-1.122388428131e-01,1.122388428131e-01,-7.482589520876e-02,-7.482589520876e-02,-7.482589520876e-02
2.488000000000e+00,2.512690912340e-01,-1.193892689944e+00,1.193892689944e+00,-1.319527235561e+00,-1.319527235561e+00,2.512690912340e-01,1.447214801660e-01,2.170822202491e-01,-2.170822202491e-01,1.447214801660e-01,1.447214801660e-01,1.447214801660e-01,-7.509493433138e-02,-1.126424014971e-01,1.126424014971e-01,-7.509493433138e-02,-7.509493433138e-02,-7.509493433138e-02
2.490000000000e+00,2.515583838253e-01,-1.193458751057e+00,1.193458751057e+00,-1.319237942970e+00,-1.319237942970e+00,2.515583838253e-01,1.445710216573e-01,2.168565324860e-01,-2.168565324860e-01,1.445710216573e-01,1.445710216573e-01,1.445710216573e-01,-7.536349436112e-02,-1.130452415417e-01,1.130452415417e-01,-7.536349436112e-02,-7.536349436112e-02,-7.536349436112e-02
2.492000000000e+00,2.518473749629e-01,-1.193025264351e+00,1.193025264351e+00,-1.318948951832e+00,-1.318948951832e+00,2.518473749629e-01,1.444200265093e-01,2.166300397639e-01,-2.166300397639e-01,1.444200265093e-01,1.444200265093e-01,1.444200265093e-01,-7.563157333448e-02,-1.134473600017e-01,1.134473600017e-01,-7.563157333448e-02,-7.563157333448e-02,-7.563157333448e-02
2.494000000000e+00,2.521360635743e-01,-1.192592231434e+00,1.192592231434e+00,-1.318660263221e+00,-1.318660263221e+00,2.521360635743e-01,1.442684956860e-01,2.164027435290e-01,-2.164027435290e-01,1.442684956860e-01,1.442684956860e-01,1.442684956860e-01,-7.589916928798e-02,-1.138487539320e-01,1.138487539320e-01,-7.589916928798e-02,-7.589916928798e-02,-7.589916928798e-02
2.496000000000e+00,2.524244485891e-01,-1.192159653911e+00,1.192159653911e+00,-1.318371878206e+00,-1.318371878206e+00,2.524244485891e-01,1.441164301555e-01,2.161746452332e-01,-2.161746452332e-01,1.441164301555e-01,1.441164301555e-01,1.441164301555e-01,-7.616628025810e-02,-1.142494203872e-01,1.142494203872e-01,-7.616628025810e-02,-7.616628025810e-02,-7.616628025810e-02
2.498000000000e+00,2.527125289391e-01,-1.191727533386e+00,1.191727533386e+00,-1.318083797856e+00,-1.318083797856e+00,2.527125289391e-01,1.439638308896e-01,2.159457463344e-01,-2.159457463344e-01,1.439638308896e-01,1.439638308896e-01,1.439638308896e-01,-7.643290428137e-02,-1.146493564221e-01,1.146493564221e-01,-7.643290428137e-02,-7.643290428137e-02,-7.643290428137e-02
2.500000000000e+00,2.530003035575e-01,-1.191295871459e+00,1.191295871459e+00,-1.317796023237e+00,-1.317796023237e+00,2.530003035575e-01,1.438106988643e-01,2.157160482964e-01,-2.157160482964e-01,1.438106988643e-01,1.438106988643e-01,1.438106988643e-01,-7.669903939428e-02,-1.150485590914e-01,1.150485590914e-01,-7.669903939428e-02,-7.669903939428e-02,-7.669903939428e-02
2.502000000000e+00,2.532877713800e-01,-1.190864669725e+00,1.190864669725e+00,-1.317508555415e+00,-1.317508555415e+00,2.532877713800e-01,1.436570350593e-01,2.154855525889e-01,-2.154855525889e-01,1.436570350593e-01,1.436570350593e-01,1.436570350593e-01,-7.696468363334e-02,-1.154470254500e-01,1.154470254500e-01,-7.696468363334e-02,-7.696468363334e-02,-7.696468363334e-02
2.504000000000e+00,2.535749313439e-01,-1.190433929779e+00,1.190433929779e+00,-1.317221395451e+00,-1.317221395451e+00,2.535749313439e-01,1.435028404583e-01,2.152542606875e-01,-2.152542606875e-01,1.435028404583e-01,1.435028404583e-01,1.435028404583e-01,-7.722983503505e-02,-1.158447525526e-01,1.158447525526e-01,-7.722983503505e-02,-7.722983503505e-02,-7.722983503505e-02
2.506000000000e+00,2.538617823886e-01,-1.190003653212e+00,1.190003653212e+00,-1.316934544406e+00,-1.316934544406e+00,2.538617823886e-01,1.433481160490e-01,2.150221740735e-01,-2.150221740735e-01,1.433481160490e-01,1.433481160490e-01,1.433481160490e-01,-7.749449163592e-02,-1.162417374539e-01,1.162417374539e-01,-7.749449163592e-02,-7.749449163592e-02,-7.749449163592e-02
2.508000000000e+00,2.541483234556e-01,-1.189573841612e+00,1.189573841612e+00,-1.316648003339e+00,-1.316648003339e+00,2.541483234556e-01,1.431928628229e-01,2.147892942344e-01,-2.147892942344e-01,1.431928628229e-01,1.431928628229e-01,1.431928628229e-01,-7.775865147245e-02,-1.166379772087e-01,1.166379772087e-01,-7.775865147245e-02,-7.775865147245e-02,-7.775865147245e-02
2.510000000000e+00,2.544345534880e-01,-1.189144496563e+00,1.189144496563e+00,-1.316361773307e+00,-1.316361773307e+00,2.544345534880e-01,1.430370817756e-01,2.145556226634e-01,-2.145556226634e-01,1.430370817756e-01,1.430370817756e-01,1.430370817756e-01,-7.802231258114e-02,-1.170334688717e-01,1.170334688717e-01,-7.802231258114e-02,-7.802231258114e-02,-7.802231258114e-02
2.512000000000e+00,2.547204714314e-01,-1.188715619648e+00,1.188715619648e+00,-1.316075855363e+00,-1.316075855363e+00,2.547204714314e-01,1.428807739064e-01,2.143211608596e-01,-2.143211608596e-01,1.428807739064e-01,1.428807739064e-01,1.428807739064e-01,-7.828547299851e-02,-1.174282094978e-01,1.174282094978e-01,-7.828547299851e-02,-7.828547299851e-02,-7.828547299851e-02
2.514000000000e+00,2.550060762331e-01,-1.188287212445e+00,1.188287212445e+00,-1.315790250562e+00,-1.315790250562e+00,2.550060762331e-01,1.427239402187e-01,2.140859103281e-01,-2.140859103281e-01,1.427239402187e-01,1.427239402187e-01,1.427239402187e-01,-7.854813076105e-02,-1.178221961416e-01,1.178221961416e-01,-7.854813076105e-02,-7.854813076105e-02,-7.854813076105e-02
2.516000000000e+00,2.552913668424e-01,-1.187859276531e+00,1.187859276531e+00,-1.315504959952e+00,-1.315504959952e+00,2.552913668424e-01,1.425665817198e-01,2.138498725797e-01,-2.138498725797e-01,1.425665817198e-01,1.425665817198e-01,1.425665817198e-01,-7.881028390527e-02,-1.182154258579e-01,1.182154258579e-01,-7.881028390527e-02,-7.881028390527e-02,-7.881028390527e-02
2.518000000000e+00,2.555763422108e-01,-1.187431813479e+00,1.187431813479e+00,-1.315219984584e+00,-1.315219984584e+00,2.555763422108e-01,1.424086994208e-01,2.136130491312e-01,-2.136130491312e-01,1.424086994208e-01,1.424086994208e-01,1.424086994208e-01,-7.907193046768e-02,-1.186078957015e-01,1.186078957015e-01,-7.907193046768e-02,-7.907193046768e-02,-7.907193046768e-02
2.520000000000e+00,2.558610012916e-01,-1.187004824857e+00,1.187004824857e+00,-1.314935325503e+00,-1.314935325503e+00,2.558610012916e-01,1.422502943369e-01,2.133754415054e-01,-2.133754415054e-01,1.422502943369e-01,1.422502943369e-01,1.422502943369e-01,-7.933306848478e-02,-1.189996027272e-01,1.189996027272e-01,-7.933306848478e-02,-7.933306848478e-02,-7.933306848478e-02
2.522000000000e+00,2.561453430403e-01,-1.186578312234e+00,1.186578312234e+00,-1.314650983755e+00,-1.314650983755e+00,2.561453430403e-01,1.420913674872e-01,2.131370512308e-01,-2.131370512308e-01,1.420913674872e-01,1.420913674872e-01,1.420913674872e-01,-7.959369599307e-02,-1.193905439896e-01,1.193905439896e-01,-7.959369599307e-02,-7.959369599307e-02,-7.959369599307e-02
2.524000000000e+00,2.564293664144e-01,-1.186152277173e+00,1.186152277173e+00,-1.314366960381e+00,-1.314366960381e+00,2.564293664144e-01,1.419319198946e-01,2.128978798419e-01,-2.128978798419e-01,1.419319198946e-01,1.419319198946e-01,1.419319198946e-01,-7.985381102905e-02,-1.197807165436e-01,1.197807165436e-01,-7.985381102905e-02,-7.985381102905e-02,-7.985381102905e-02
2.526000000000e+00,2.567130703734e-01,-1.185726721235e+00,1.185726721235e+00,-1.314083256421e+00,-1.314083256421e+00,2.567130703734e-01,1.417719525860e-01,2.126579288791e-01,-2.126579288791e-01,1.417719525860e-01,1.417719525860e-01,1.417719525860e-01,-8.011341162924e-02,-1.201701174439e-01,1.201701174439e-01,-8.011341162924e-02,-8.011341162924e-02,-8.011341162924e-02
2.528000000000e+00,2.569964538789e-01,-1.185301645976e+00,1.185301645976e+00,-1.313799872916e+00,-1.313799872916e+00,2.569964538789e-01,1.416114665924e-01,2.124171998885e-01,-2.124171998885e-01,1.416114665924e-01,1.416114665924e-01,1.416114665924e-01,-8.037249583014e-02,-1.205587437452e-01,1.205587437452e-01,-8.037249583014e-02,-8.037249583014e-02,-8.037249583014e-02
2.530000000000e+00,2.572795158947e-01,-1.184877052953e+00,1.184877052953e+00,-1.313516810900e+00,-1.313516810900e+00,2.572795158947e-01,1.414504629483e-01,2.121756944225e-01,-2.121756944225e-01,1.414504629483e-01,1.414504629483e-01,1.414504629483e-01,-8.063106166825e-02,-1.209465925024e-01,1.209465925024e-01,-8.063106166825e-02,-8.063106166825e-02,-8.063106166825e-02
2.532000000000e+00,2.575622553863e-01,-1.184452943715e+00,1.184452943715e+00,-1.313234071409e+00,-1.313234071409e+00,2.575622553863e-01,1.412889426926e-01,2.119334140389e-01,-2.119334140389e-01,1.412889426926e-01,1.412889426926e-01,1.412889426926e-01,-8.088910718008e-02,-1.213336607701e-01,1.213336607701e-01,-8.088910718008e-02,-8.088910718008e-02,-8.088910718008e-02
2.534000000000e+00,2.578446713217e-01,-1.184029319812e+00,1.184029319812e+00,-1.312951655473e+00,-1.312951655473e+00,2.578446713217e-01,1.411269068678e-01,2.116903603017e-01,-2.116903603017e-01,1.411269068678e-01,1.411269068678e-01,1.411269068678e-01,-8.114663040213e-02,-1.217199456032e-01,1.217199456032e-01,-8.114663040213e-02,-8.114663040213e-02,-8.114663040213e-02
2.536000000000e+00,2.581267626708e-01,-1.183606182789e+00,1.183606182789e+00,-1.312669564124e+00,-1.312669564124e+00,2.581267626708e-01,1.409643565205e-01,2.114465347807e-01,-2.114465347807e-01,1.409643565205e-01,1.409643565205e-01,1.409643565205e-01,-8.140362937090e-02,-1.221054440564e-01,1.221054440564e-01,-8.140362937090e-02,-8.140362937090e-02,-8.140362937090e-02
2.538000000000e+00,2.584085284055e-01,-1.183183534187e+00,1.183183534187e+00,-1.312387798389e+00,-1.312387798389e+00,2.584085284055e-01,1.408012927011e-01,2.112019390517e-01,-2.112019390517e-01,1.408012927011e-01,1.408012927011e-01,1.408012927011e-01,-8.166010212291e-02,-1.224901531844e-01,1.224901531844e-01,-8.166010212291e-02,-8.166010212291e-02,-8.166010212291e-02
2.540000000000e+00,2.586899675000e-01,-1.182761375545e+00,1.182761375545e+00,-1.312106359295e+00,-1.312106359295e+00,2.586899675000e-01,1.406377164641e-01,2.109565746961e-01,-2.109565746961e-01,1.406377164641e-01,1.406377164641e-01,1.406377164641e-01,-8.191604669465e-02,-1.228740700420e-01,1.228740700420e-01,-8.191604669465e-02,-8.191604669465e-02,-8.191604669465e-02
2.542000000000e+00,2.589710789304e-01,-1.182339708399e+00,1.182339708399e+00,-1.311825247864e+00,-1.311825247864e+00,2.589710789304e-01,1.404736288678e-01,2.107104433016e-01,-2.107104433016e-01,1.404736288678e-01,1.404736288678e-01,1.404736288678e-01,-8.217146112263e-02,-1.232571916839e-01,1.232571916839e-01,-8.217146112263e-02,-8.217146112263e-02,-8.217146112263e-02
2.544000000000e+00,2.592518616752e-01,-1.181918534282e+00,1.181918534282e+00,-1.311544465120e+00,-1.311544465120e+00,2.592518616752e-01,1.403090309743e-01,2.104635464615e-01,-2.104635464615e-01,1.403090309743e-01,1.403090309743e-01,1.403090309743e-01,-8.242634344335e-02,-1.236395151650e-01,1.236395151650e-01,-8.242634344335e-02,-8.242634344335e-02,-8.242634344335e-02
2.546000000000e+00,2.595323147149e-01,-1.181497854723e+00,1.181497854723e+00,-1.311264012080e+00,-1.311264012080e+00,2.595323147149e-01,1.401439238500e-01,2.102158857750e-01,-2.102158857750e-01,1.401439238500e-01,1.401439238500e-01,1.401439238500e-01,-8.268069169333e-02,-1.240210375400e-01,1.240210375400e-01,-8.268069169333e-02,-8.268069169333e-02,-8.268069169333e-02
2.548000000000e+00,2.598124370319e-01,-1.181077671247e+00,1.181077671247e+00,-1.310983889763e+00,-1.310983889763e+00,2.598124370319e-01,1.399783085649e-01,2.099674628474e-01,-2.099674628474e-01,1.399783085649e-01,1.399783085649e-01,1.399783085649e-01,-8.293450390905e-02,-1.244017558636e-01,1.244017558636e-01,-8.293450390905e-02,-8.293450390905e-02,-8.293450390905e-02
2.550000000000e+00,2.600922276111e-01,-1.180657985378e+00,1.180657985378e+00,-1.310704099184e+00,-1.310704099184e+00,2.600922276111e-01,1.398121861931e-01,2.097182792896e-01,-2.097182792896e-01,1.398121861931e-01,1.398121861931e-01,1.398121861931e-01,-8.318777812704e-02,-1.247816671906e-01,1.247816671906e-01,-8.318777812704e-02,-8.318777812704e-02,-8.318777812704e-02
2.552000000000e+00,2.603716854393e-01,-1.180238798636e+00,1.180238798636e+00,-1.310424641356e+00,-1.310424641356e+00,2.603716854393e-01,1.396455578124e-01,2.094683367186e-01,-2.094683367186e-01,1.396455578124e-01,1.396455578124e-01,1.396455578124e-01,-8.344051238379e-02,-1.251607685757e-01,1.251607685757e-01,-8.344051238379e-02,-8.344051238379e-02,-8.344051238379e-02
2.554000000000e+00,2.606508095057e-01,-1.179820112536e+00,1.179820112536e+00,-1.310145517289e+00,-1.310145517289e+00,2.606508095057e-01,1.394784245048e-01,2.092176367572e-01,-2.092176367572e-01,1.394784245048e-01,1.394784245048e-01,1.394784245048e-01,-8.369270471580e-02,-1.255390570737e-01,1.255390570737e-01,-8.369270471580e-02,-8.369270471580e-02,-8.369270471580e-02
2.556000000000e+00,2.609295988014e-01,-1.179401928593e+00,1.179401928593e+00,-1.309866727993e+00,-1.309866727993e+00,2.609295988014e-01,1.393107873561e-01,2.089661810342e-01,-2.089661810342e-01,1.393107873561e-01,1.393107873561e-01,1.393107873561e-01,-8.394435315959e-02,-1.259165297394e-01,1.259165297394e-01,-8.394435315959e-02,-8.394435315959e-02,-8.394435315959e-02
2.558000000000e+00,2.612080523199e-01,-1.178984248315e+00,1.178984248315e+00,-1.309588274475e+00,-1.309588274475e+00,2.612080523199e-01,1.391426474561e-01,2.087139711841e-01,-2.087139711841e-01,1.391426474561e-01,1.391426474561e-01,1.391426474561e-01,-8.419545575165e-02,-1.262931836275e-01,1.262931836275e-01,-8.419545575165e-02,-8.419545575165e-02,-8.419545575165e-02
2.560000000000e+00,2.614861690568e-01,-1.178567073210e+00,1.178567073210e+00,-1.309310157738e+00,-1.309310157738e+00,2.614861690568e-01,1.389740058983e-01,2.084610088475e-01,-2.084610088475e-01,1.389740058983e-01,1.389740058983e-01,1.389740058983e-01,-8.444601052849e-02,-1.266690157927e-01,1.266690157927e-01,-8.444601052849e-02,-8.444601052849e-02,-8.444601052849e-02
2.562000000000e+00,2.617639480098e-01,-1.178150404780e+00,1.178150404780e+00,-1.309032378785e+00,-1.309032378785e+00,2.617639480098e-01,1.388048637805e-01,2.082072956707e-01,-2.082072956707e-01,1.388048637805e-01,1.388048637805e-01,1.388048637805e-01,-8.469601552662e-02,-1.270440232899e-01,1.270440232899e-01,-8.469601552662e-02,-8.469601552662e-02,-8.469601552662e-02
2.564000000000e+00,2.620413881790e-01,-1.177734244526e+00,1.177734244526e+00,-1.308754938616e+00,-1.308754938616e+00,2.620413881790e-01,1.386352222040e-01,2.079528333061e-01,-2.079528333061e-01,1.386352222040e-01,1.386352222040e-01,1.386352222040e-01,-8.494546878254e-02,-1.274182031738e-01,1.274182031738e-01,-8.494546878254e-02,-8.494546878254e-02,-8.494546878254e-02
2.566000000000e+00,2.623184885664e-01,-1.177318593945e+00,1.177318593945e+00,-1.308477838228e+00,-1.308477838228e+00,2.623184885664e-01,1.384650822745e-01,2.076976234117e-01,-2.076976234117e-01,1.384650822745e-01,1.384650822745e-01,1.384650822745e-01,-8.519436833276e-02,-1.277915524991e-01,1.277915524991e-01,-8.519436833276e-02,-8.519436833276e-02,-8.519436833276e-02
2.568000000000e+00,2.625952481766e-01,-1.176903454530e+00,1.176903454530e+00,-1.308201078618e+00,-1.308201078618e+00,2.625952481766e-01,1.382944451012e-01,2.074416676517e-01,-2.074416676517e-01,1.382944451012e-01,1.382944451012e-01,1.382944451012e-01,-8.544271221377e-02,-1.281640683207e-01,1.281640683207e-01,-8.544271221377e-02,-8.544271221377e-02,-8.544271221377e-02
2.570000000000e+00,2.628716660161e-01,-1.176488827771e+00,1.176488827771e+00,-1.307924660779e+00,-1.307924660779e+00,2.628716660161e-01,1.381233117974e-01,2.071849676961e-01,-2.071849676961e-01,1.381233117974e-01,1.381233117974e-01,1.381233117974e-01,-8.569049846209e-02,-1.285357476931e-01,1.285357476931e-01,-8.569049846209e-02,-8.569049846209e-02,-8.569049846209e-02
2.572000000000e+00,2.631477410937e-01,-1.176074715154e+00,1.176074715154e+00,-1.307648585701e+00,-1.307648585701e+00,2.631477410937e-01,1.379516834804e-01,2.069275252206e-01,-2.069275252206e-01,1.379516834804e-01,1.379516834804e-01,1.379516834804e-01,-8.593772511422e-02,-1.289065876713e-01,1.289065876713e-01,-8.593772511422e-02,-8.593772511422e-02,-8.593772511422e-02
2.574000000000e+00,2.634234724207e-01,-1.175661118164e+00,1.175661118164e+00,-1.307372854374e+00,-1.307372854374e+00,2.634234724207e-01,1.377795612713e-01,2.066693419069e-01,-2.066693419069e-01,1.377795612713e-01,1.377795612713e-01,1.377795612713e-01,-8.618439020666e-02,-1.292765853100e-01,1.292765853100e-01,-8.618439020666e-02,-8.618439020666e-02,-8.618439020666e-02
2.576000000000e+00,2.636988590103e-01,-1.175248038279e+00,1.175248038279e+00,-1.307097467785e+00,-1.307097467785e+00,2.636988590103e-01,1.376069462952e-01,2.064104194428e-01,-2.064104194428e-01,1.376069462952e-01,1.376069462952e-01,1.376069462952e-01,-8.643049177591e-02,-1.296457376639e-01,1.296457376639e-01,-8.643049177591e-02,-8.643049177591e-02,-8.643049177591e-02
2.578000000000e+00,2.639738998781e-01,-1.174835476978e+00,1.174835476978e+00,-1.306822426917e+00,-1.306822426917e+00,2.639738998781e-01,1.374338396812e-01,2.061507595218e-01,-2.061507595218e-01,1.374338396812e-01,1.374338396812e-01,1.374338396812e-01,-8.667602785849e-02,-1.300140417877e-01,1.300140417877e-01,-8.667602785849e-02,-8.667602785849e-02,-8.667602785849e-02
2.580000000000e+00,2.642485940420e-01,-1.174423435732e+00,1.174423435732e+00,-1.306547732753e+00,-1.306547732753e+00,2.642485940420e-01,1.372602425621e-01,2.058903638431e-01,-2.058903638431e-01,1.372602425621e-01,1.372602425621e-01,1.372602425621e-01,-8.692099649090e-02,-1.303814947363e-01,1.303814947363e-01,-8.692099649090e-02,-8.692099649090e-02,-8.692099649090e-02
2.582000000000e+00,2.645229405221e-01,-1.174011916012e+00,1.174011916012e+00,-1.306273386273e+00,-1.306273386273e+00,2.645229405221e-01,1.370861560748e-01,2.056292341122e-01,-2.056292341122e-01,1.370861560748e-01,1.370861560748e-01,1.370861560748e-01,-8.716539570964e-02,-1.307480935645e-01,1.307480935645e-01,-8.716539570964e-02,-8.716539570964e-02,-8.716539570964e-02
2.584000000000e+00,2.647969383409e-01,-1.173600919284e+00,1.173600919284e+00,-1.305999388454e+00,-1.305999388454e+00,2.647969383409e-01,1.369115813602e-01,2.053673720403e-01,-2.053673720403e-01,1.369115813602e-01,1.369115813602e-01,1.369115813602e-01,-8.740922355121e-02,-1.311138353268e-01,1.311138353268e-01,-8.740922355121e-02,-8.740922355121e-02,-8.740922355121e-02
2.586000000000e+00,2.650705865229e-01,-1.173190447011e+00,1.173190447011e+00,-1.305725740272e+00,-1.305725740272e+00,2.650705865229e-01,1.367365195629e-01,2.051047793443e-01,-2.051047793443e-01,1.367365195629e-01,1.367365195629e-01,1.367365195629e-01,-8.765247805213e-02,-1.314787170782e-01,1.314787170782e-01,-8.765247805213e-02,-8.765247805213e-02,-8.765247805213e-02
2.588000000000e+00,2.653438840952e-01,-1.172780500652e+00,1.172780500652e+00,-1.305452442700e+00,-1.305452442700e+00,2.653438840952e-01,1.365609718315e-01,2.048414577473e-01,-2.048414577473e-01,1.365609718315e-01,1.365609718315e-01,1.365609718315e-01,-8.789515724889e-02,-1.318427358733e-01,1.318427358733e-01,-8.789515724889e-02,-8.789515724889e-02,-8.789515724889e-02
2.590000000000e+00,2.656168300870e-01,-1.172371081664e+00,1.172371081664e+00,-1.305179496708e+00,-1.305179496708e+00,2.656168300870e-01,1.363849393187e-01,2.045774089781e-01,-2.045774089781e-01,1.363849393187e-01,1.363849393187e-01,1.363849393187e-01,-8.813725917800e-02,-1.322058887670e-01,1.322058887670e-01,-8.813725917800e-02,-8.813725917800e-02,-8.813725917800e-02
2.592000000000e+00,2.658894235300e-01,-1.171962191500e+00,1.171962191500e+00,-1.304906903265e+00,-1.304906903265e+00,2.658894235300e-01,1.362084231809e-01,2.043126347714e-01,-2.043126347714e-01,1.362084231809e-01,1.362084231809e-01,1.362084231809e-01,-8.837878187596e-02,-1.325681728139e-01,1.325681728139e-01,-8.837878187596e-02,-8.837878187596e-02,-8.837878187596e-02
2.594000000000e+00,2.661616634581e-01,-1.171553831608e+00,1.171553831608e+00,-1.304634663337e+00,-1.304634663337e+00,2.661616634581e-01,1.360314245787e-01,2.040471368680e-01,-2.040471368680e-01,1.360314245787e-01,1.360314245787e-01,1.360314245787e-01,-8.861972337929e-02,-1.329295850689e-01,1.329295850689e-01,-8.861972337929e-02,-8.861972337929e-02,-8.861972337929e-02
2.596000000000e+00,2.664335489075e-01,-1.171146003434e+00,1.171146003434e+00,-1.304362777887e+00,-1.304362777887e+00,2.664335489075e-01,1.358539446762e-01,2.037809170143e-01,-2.037809170143e-01,1.358539446762e-01,1.358539446762e-01,1.358539446762e-01,-8.886008172448e-02,-1.332901225867e-01,1.332901225867e-01,-8.886008172448e-02,-8.886008172448e-02,-8.886008172448e-02
2.598000000000e+00,2.667050789167e-01,-1.170738708420e+00,1.170738708420e+00,-1.304091247878e+00,-1.304091247878e+00,2.667050789167e-01,1.356759846418e-01,2.035139769628e-01,-2.035139769628e-01,1.356759846418e-01,1.356759846418e-01,1.356759846418e-01,-8.909985494803e-02,-1.336497824220e-01,1.336497824220e-01,-8.909985494803e-02,-8.909985494803e-02,-8.909985494803e-02
2.600000000000e+00,2.669762525267e-01,-1.170331948005e+00,1.170331948005e+00,-1.303820074268e+00,-1.303820074268e+00,2.669762525267e-01,1.354975456478e-01,2.032463184717e-01,-2.032463184717e-01,1.354975456478e-01,1.354975456478e-01,1.354975456478e-01,-8.933904108646e-02,-1.340085616297e-01,1.340085616297e-01,-8.933904108646e-02,-8.933904108646e-02,-8.933904108646e-02
2.602000000000e+00,2.672470687808e-01,-1.169925723624e+00,1.169925723624e+00,-1.303549258014e+00,-1.303549258014e+00,2.672470687808e-01,1.353186288702e-01,2.029779433053e-01,-2.029779433053e-01,1.353186288702e-01,1.353186288702e-01,1.353186288702e-01,-8.957763817627e-02,-1.343664572644e-01,1.343664572644e-01,-8.957763817627e-02,-8.957763817627e-02,-8.957763817627e-02
2.604000000000e+00,2.675175267245e-01,-1.169520036708e+00,1.169520036708e+00,-1.303278800070e+00,-1.303278800070e+00,2.675175267245e-01,1.351392354891e-01,2.027088532337e-01,-2.027088532337e-01,1.351392354891e-01,1.351392354891e-01,1.351392354891e-01,-8.981564425395e-02,-1.347234663809e-01,1.347234663809e-01,-8.981564425395e-02,-8.981564425395e-02,-8.981564425395e-02
2.606000000000e+00,2.677876254058e-01,-1.169114888686e+00,1.169114888686e+00,-1.303008701389e+00,-1.303008701389e+00,2.677876254058e-01,1.349593666885e-01,2.024390500327e-01,-2.024390500327e-01,1.349593666885e-01,1.349593666885e-01,1.349593666885e-01,-9.005305735603e-02,-1.350795860340e-01,1.350795860340e-01,-9.005305735603e-02,-9.005305735603e-02,-9.005305735603e-02
2.608000000000e+00,2.680573638751e-01,-1.168710280982e+00,1.168710280982e+00,-1.302738962920e+00,-1.302738962920e+00,2.680573638751e-01,1.347790236563e-01,2.021685354845e-01,-2.021685354845e-01,1.347790236563e-01,1.347790236563e-01,1.347790236563e-01,-9.028987551900e-02,-1.354348132785e-01,1.354348132785e-01,-9.028987551900e-02,-9.028987551900e-02,-9.028987551900e-02
2.610000000000e+00,2.683267411850e-01,-1.168306215017e+00,1.168306215017e+00,-1.302469585610e+00,-1.302469585610e+00,2.683267411850e-01,1.345982075844e-01,2.018973113765e-01,-2.018973113765e-01,1.345982075844e-01,1.345982075844e-01,1.345982075844e-01,-9.052609677936e-02,-1.357891451690e-01,1.357891451690e-01,-9.052609677936e-02,-9.052609677936e-02,-9.052609677936e-02
2.612000000000e+00,2.685957563908e-01,-1.167902692209e+00,1.167902692209e+00,-1.302200570404e+00,-1.302200570404e+00,2.685957563908e-01,1.344169196684e-01,2.016253795026e-01,-2.016253795026e-01,1.344169196684e-01,1.344169196684e-01,1.344169196684e-01,-9.076171917362e-02,-1.361425787604e-01,1.361425787604e-01,-9.076171917362e-02,-9.076171917362e-02,-9.076171917362e-02
2.614000000000e+00,2.688644085500e-01,-1.167499713970e+00,1.167499713970e+00,-1.301931918245e+00,-1.301931918245e+00,2.688644085500e-01,1.342351611082e-01,2.013527416623e-01,-2.013527416623e-01,1.342351611082e-01,1.342351611082e-01,1.342351611082e-01,-9.099674073829e-02,-1.364951111074e-01,1.364951111074e-01,-9.099674073829e-02,-9.099674073829e-02,-9.099674073829e-02
2.616000000000e+00,2.691326967223e-01,-1.167097281711e+00,1.167097281711e+00,-1.301663630073e+00,-1.301663630073e+00,2.691326967223e-01,1.340529331073e-01,2.010793996610e-01,-2.010793996610e-01,1.340529331073e-01,1.340529331073e-01,1.340529331073e-01,-9.123115950986e-02,-1.368467392648e-01,1.368467392648e-01,-9.123115950986e-02,-9.123115950986e-02,-9.123115950986e-02
2.618000000000e+00,2.694006199702e-01,-1.166695396840e+00,1.166695396840e+00,-1.301395706825e+00,-1.301395706825e+00,2.694006199702e-01,1.338702368733e-01,2.008053553100e-01,-2.008053553100e-01,1.338702368733e-01,1.338702368733e-01,1.338702368733e-01,-9.146497352485e-02,-1.371974602873e-01,1.371974602873e-01,-9.146497352485e-02,-9.146497352485e-02,-9.146497352485e-02
2.620000000000e+00,2.696681773585e-01,-1.166294060757e+00,1.166294060757e+00,-1.301128149436e+00,-1.301128149436e+00,2.696681773585e-01,1.336870736177e-01,2.005306104266e-01,-2.005306104266e-01,1.336870736177e-01,1.336870736177e-01,1.336870736177e-01,-9.169818081976e-02,-1.375472712296e-01,1.375472712296e-01,-9.169818081976e-02,-9.169818081976e-02,-9.169818081976e-02
2.622000000000e+00,2.699353679542e-01,-1.165893274864e+00,1.165893274864e+00,-1.300860958841e+00,-1.300860958841e+00,2.699353679542e-01,1.335034445559e-01,2.002551668338e-01,-2.002551668338e-01,1.335034445559e-01,1.335034445559e-01,1.335034445559e-01,-9.193077943110e-02,-1.378961691466e-01,1.378961691466e-01,-9.193077943110e-02,-9.193077943110e-02,-9.193077943110e-02
2.624000000000e+00,2.702021908270e-01,-1.165493040554e+00,1.165493040554e+00,-1.300594135968e+00,-1.300594135968e+00,2.702021908270e-01,1.333193509071e-01,1.999790263606e-01,-1.999790263606e-01,1.333193509071e-01,1.333193509071e-01,1.333193509071e-01,-9.216276739536e-02,-1.382441510930e-01,1.382441510930e-01,-9.216276739536e-02,-9.216276739536e-02,-9.216276739536e-02
2.626000000000e+00,2.704686450489e-01,-1.165093359222e+00,1.165093359222e+00,-1.300327681746e+00,-1.300327681746e+00,2.704686450489e-01,1.331347938947e-01,1.997021908420e-01,-1.997021908420e-01,1.331347938947e-01,1.331347938947e-01,1.331347938947e-01,-9.239414274905e-02,-1.385912141236e-01,1.385912141236e-01,-9.239414274905e-02,-9.239414274905e-02,-9.239414274905e-02
2.628000000000e+00,2.707347296944e-01,-1.164694232253e+00,1.164694232253e+00,-1.300061597100e+00,-1.300061597100e+00,2.707347296944e-01,1.329497747458e-01,1.994246621187e-01,-1.994246621187e-01,1.329497747458e-01,1.329497747458e-01,1.329497747458e-01,-9.262490352868e-02,-1.389373552930e-01,1.389373552930e-01,-9.262490352868e-02,-9.262490352868e-02,-9.262490352868e-02
2.630000000000e+00,2.710004438406e-01,-1.164295661034e+00,1.164295661034e+00,-1.299795882954e+00,-1.299795882954e+00,2.710004438406e-01,1.327642946916e-01,1.991464420374e-01,-1.991464420374e-01,1.327642946916e-01,1.327642946916e-01,1.327642946916e-01,-9.285504777076e-02,-1.392825716561e-01,1.392825716561e-01,-9.285504777076e-02,-9.285504777076e-02,-9.285504777076e-02
2.632000000000e+00,2.712657865668e-01,-1.163897646945e+00,1.163897646945e+00,-1.299530540228e+00,-1.299530540228e+00,2.712657865668e-01,1.325783549671e-01,1.988675324506e-01,-1.988675324506e-01,1.325783549671e-01,1.325783549671e-01,1.325783549671e-01,-9.308457351178e-02,-1.396268602677e-01,1.396268602677e-01,-9.308457351178e-02,-9.308457351178e-02,-9.308457351178e-02
2.634000000000e+00,2.715307569548e-01,-1.163500191363e+00,1.163500191363e+00,-1.299265569840e+00,-1.299265569840e+00,2.715307569548e-01,1.323919568112e-01,1.985879352168e-01,-1.985879352168e-01,1.323919568112e-01,1.323919568112e-01,1.323919568112e-01,-9.331347878825e-02,-1.399702181824e-01,1.399702181824e-01,-9.331347878825e-02,-9.331347878825e-02,-9.331347878825e-02
2.636000000000e+00,2.717953540892e-01,-1.163103295661e+00,1.163103295661e+00,-1.299000972706e+00,-1.299000972706e+00,2.717953540892e-01,1.322051014669e-01,1.983076522003e-01,-1.983076522003e-01,1.322051014669e-01,1.322051014669e-01,1.322051014669e-01,-9.354176163667e-02,-1.403126424550e-01,1.403126424550e-01,-9.354176163667e-02,-9.354176163667e-02,-9.354176163667e-02
2.638000000000e+00,2.720595770568e-01,-1.162706961210e+00,1.162706961210e+00,-1.298736749738e+00,-1.298736749738e+00,2.720595770568e-01,1.320177901809e-01,1.980266852714e-01,-1.980266852714e-01,1.320177901809e-01,1.320177901809e-01,1.320177901809e-01,-9.376942009356e-02,-1.406541301403e-01,1.406541301403e-01,-9.376942009356e-02,-9.376942009356e-02,-9.376942009356e-02
2.640000000000e+00,2.723234249468e-01,-1.162311189375e+00,1.162311189375e+00,-1.298472901848e+00,-1.298472901848e+00,2.723234249468e-01,1.318300242041e-01,1.977450363061e-01,-1.977450363061e-01,1.318300242041e-01,1.318300242041e-01,1.318300242041e-01,-9.399645219541e-02,-1.409946782931e-01,1.409946782931e-01,-9.399645219541e-02,-9.399645219541e-02,-9.399645219541e-02
2.642000000000e+00,2.725868968513e-01,-1.161915981518e+00,1.161915981518e+00,-1.298209429944e+00,-1.298209429944e+00,2.725868968513e-01,1.316418047910e-01,1.974627071865e-01,-1.974627071865e-01,1.316418047910e-01,1.316418047910e-01,1.316418047910e-01,-9.422285597873e-02,-1.413342839681e-01,1.413342839681e-01,-9.422285597873e-02,-9.422285597873e-02,-9.422285597873e-02
2.644000000000e+00,2.728499918645e-01,-1.161521338998e+00,1.161521338998e+00,-1.297946334930e+00,-1.297946334930e+00,2.728499918645e-01,1.314531332003e-01,1.971796998005e-01,-1.971796998005e-01,1.314531332003e-01,1.314531332003e-01,1.314531332003e-01,-9.444862948002e-02,-1.416729442200e-01,1.416729442200e-01,-9.444862948002e-02,-9.444862948002e-02,-9.444862948002e-02
2.646000000000e+00,2.731127090835e-01,-1.161127263170e+00,1.161127263170e+00,-1.297683617711e+00,-1.297683617711e+00,2.731127090835e-01,1.312640106946e-01,1.968960160419e-01,-1.968960160419e-01,1.312640106946e-01,1.312640106946e-01,1.312640106946e-01,-9.467377073579e-02,-1.420106561037e-01,1.420106561037e-01,-9.467377073579e-02,-9.467377073579e-02,-9.467377073579e-02
2.648000000000e+00,2.733750476075e-01,-1.160733755384e+00,1.160733755384e+00,-1.297421279187e+00,-1.297421279187e+00,2.733750476075e-01,1.310744385402e-01,1.966116578103e-01,-1.966116578103e-01,1.310744385402e-01,1.310744385402e-01,1.310744385402e-01,-9.489827778255e-02,-1.423474166738e-01,1.423474166738e-01,-9.489827778255e-02,-9.489827778255e-02,-9.489827778255e-02
2.650000000000e+00,2.736370065387e-01,-1.160340816987e+00,1.160340816987e+00,-1.297159320256e+00,-1.297159320256e+00,2.736370065387e-01,1.308844180076e-01,1.963266270113e-01,-1.963266270113e-01,1.308844180076e-01,1.308844180076e-01,1.308844180076e-01,-9.512214865679e-02,-1.426832229852e-01,1.426832229852e-01,-9.512214865679e-02,-9.512214865679e-02,-9.512214865679e-02
2.652000000000e+00,2.738985849815e-01,-1.159948449323e+00,1.159948449323e+00,-1.296897741813e+00,-1.296897741813e+00,2.738985849815e-01,1.306939503710e-01,1.960409255565e-01,-1.960409255565e-01,1.306939503710e-01,1.306939503710e-01,1.306939503710e-01,-9.534538139502e-02,-1.430180720925e-01,1.430180720925e-01,-9.534538139502e-02,-9.534538139502e-02,-9.534538139502e-02
2.654000000000e+00,2.741597820430e-01,-1.159556653730e+00,1.159556653730e+00,-1.296636544752e+00,-1.296636544752e+00,2.741597820430e-01,1.305030369087e-01,1.957545553631e-01,-1.957545553631e-01,1.305030369087e-01,1.305030369087e-01,1.305030369087e-01,-9.556797403376e-02,-1.433519610506e-01,1.433519610506e-01,-9.556797403376e-02,-9.556797403376e-02,-9.556797403376e-02
2.656000000000e+00,2.744205968328e-01,-1.159165431546e+00,1.159165431546e+00,-1.296375729962e+00,-1.296375729962e+00,2.744205968328e-01,1.303116789029e-01,1.954675183543e-01,-1.954675183543e-01,1.303116789029e-01,1.303116789029e-01,1.303116789029e-01,-9.578992460949e-02,-1.436848869142e-01,1.436848869142e-01,-9.578992460949e-02,-9.578992460949e-02,-9.578992460949e-02
2.658000000000e+00,2.746810284631e-01,-1.158774784100e+00,1.158774784100e+00,-1.296115298332e+00,-1.296115298332e+00,2.746810284631e-01,1.301198776396e-01,1.951798164594e-01,-1.951798164594e-01,1.301198776396e-01,1.301198776396e-01,1.301198776396e-01,-9.601123115873e-02,-1.440168467381e-01,1.440168467381e-01,-9.601123115873e-02,-9.601123115873e-02,-9.601123115873e-02
2.660000000000e+00,2.749410760487e-01,-1.158384712722e+00,1.158384712722e+00,-1.295855250746e+00,-1.295855250746e+00,2.749410760487e-01,1.299276344089e-01,1.948914516134e-01,-1.948914516134e-01,1.299276344089e-01,1.299276344089e-01,1.299276344089e-01,-9.623189171798e-02,-1.443478375770e-01,1.443478375770e-01,-9.623189171798e-02,-9.623189171798e-02,-9.623189171798e-02
2.662000000000e+00,2.752007387069e-01,-1.157995218734e+00,1.157995218734e+00,-1.295595588088e+00,-1.295595588088e+00,2.752007387069e-01,1.297349505047e-01,1.946024257571e-01,-1.946024257571e-01,1.297349505047e-01,1.297349505047e-01,1.297349505047e-01,-9.645190432374e-02,-1.446778564856e-01,1.446778564856e-01,-9.645190432374e-02,-9.645190432374e-02,-9.645190432374e-02
2.664000000000e+00,2.754600155578e-01,-1.157606303458e+00,1.157606303458e+00,-1.295336311237e+00,-1.295336311237e+00,2.754600155578e-01,1.295418272249e-01,1.943127408374e-01,-1.943127408374e-01,1.295418272249e-01,1.295418272249e-01,1.295418272249e-01,-9.667126701253e-02,-1.450069005188e-01,1.450069005188e-01,-9.667126701253e-02,-9.667126701253e-02,-9.667126701253e-02
2.666000000000e+00,2.757189057238e-01,-1.157217968209e+00,1.157217968209e+00,-1.295077421071e+00,-1.295077421071e+00,2.757189057238e-01,1.293482658713e-01,1.940223988069e-01,-1.940223988069e-01,1.293482658713e-01,1.293482658713e-01,1.293482658713e-01,-9.688997782083e-02,-1.453349667313e-01,1.453349667313e-01,-9.688997782083e-02,-9.688997782083e-02,-9.688997782083e-02
2.668000000000e+00,2.759774083301e-01,-1.156830214300e+00,1.156830214300e+00,-1.294818918465e+00,-1.294818918465e+00,2.759774083301e-01,1.291542677495e-01,1.937314016243e-01,-1.937314016243e-01,1.291542677495e-01,1.291542677495e-01,1.291542677495e-01,-9.710803478517e-02,-1.456620521778e-01,1.456620521778e-01,-9.710803478517e-02,-9.710803478517e-02,-9.710803478517e-02
2.670000000000e+00,2.762355225045e-01,-1.156443043038e+00,1.156443043038e+00,-1.294560804290e+00,-1.294560804290e+00,2.762355225045e-01,1.289598341693e-01,1.934397512540e-01,-1.934397512540e-01,1.289598341693e-01,1.289598341693e-01,1.289598341693e-01,-9.732543594204e-02,-1.459881539131e-01,1.459881539131e-01,-9.732543594204e-02,-9.732543594204e-02,-9.732543594204e-02
2.672000000000e+00,2.764932473773e-01,-1.156056455729e+00,1.156056455729e+00,-1.294303079418e+00,-1.294303079418e+00,2.764932473773e-01,1.287649664443e-01,1.931474496664e-01,-1.931474496664e-01,1.287649664443e-01,1.287649664443e-01,1.287649664443e-01,-9.754217932795e-02,-1.463132689919e-01,1.463132689919e-01,-9.754217932795e-02,-9.754217932795e-02,-9.754217932795e-02
2.674000000000e+00,2.767505820817e-01,-1.155670453672e+00,1.155670453672e+00,-1.294045744713e+00,-1.294045744713e+00,2.767505820817e-01,1.285696658918e-01,1.928544988378e-01,-1.928544988378e-01,1.285696658918e-01,1.285696658918e-01,1.285696658918e-01,-9.775826297941e-02,-1.466373944691e-01,1.466373944691e-01,-9.775826297941e-02,-9.775826297941e-02,-9.775826297941e-02
2.676000000000e+00,2.770075257532e-01,-1.155285038165e+00,1.155285038165e+00,-1.293788801042e+00,-1.293788801042e+00,2.770075257532e-01,1.283739338335e-01,1.925609007502e-01,-1.925609007502e-01,1.283739338335e-01,1.283739338335e-01,1.283739338335e-01,-9.797368493291e-02,-1.469605273994e-01,1.469605273994e-01,-9.797368493291e-02,-9.797368493291e-02,-9.797368493291e-02
2.678000000000e+00,2.772640775302e-01,-1.154900210500e+00,1.154900210500e+00,-1.293532249265e+00,-1.293532249265e+00,2.772640775302e-01,1.281777715945e-01,1.922666573918e-01,-1.922666573918e-01,1.281777715945e-01,1.281777715945e-01,1.281777715945e-01,-9.818844322496e-02,-1.472826648374e-01,1.472826648374e-01,-9.818844322496e-02,-9.818844322496e-02,-9.818844322496e-02
2.680000000000e+00,2.775202365537e-01,-1.154515971964e+00,1.154515971964e+00,-1.293276090241e+00,-1.293276090241e+00,2.775202365537e-01,1.279811805043e-01,1.919717707565e-01,-1.919717707565e-01,1.279811805043e-01,1.279811805043e-01,1.279811805043e-01,-9.840253589207e-02,-1.476038038381e-01,1.476038038381e-01,-9.840253589207e-02,-9.840253589207e-02,-9.840253589207e-02
2.682000000000e+00,2.777760019673e-01,-1.154132323844e+00,1.154132323844e+00,-1.293020324828e+00,-1.293020324828e+00,2.777760019673e-01,1.277841618960e-01,1.916762428441e-01,-1.916762428441e-01,1.277841618960e-01,1.277841618960e-01,1.277841618960e-01,-9.861596097074e-02,-1.479239414561e-01,1.479239414561e-01,-9.861596097074e-02,-9.861596097074e-02,-9.861596097074e-02
2.684000000000e+00,2.780313729172e-01,-1.153749267419e+00,1.153749267419e+00,-1.292764953878e+00,-1.292764953878e+00,2.780313729172e-01,1.275867171068e-01,1.913800756602e-01,-1.913800756602e-01,1.275867171068e-01,1.275867171068e-01,1.275867171068e-01,-9.882871649747e-02,-1.482430747462e-01,1.482430747462e-01,-9.882871649747e-02,-9.882871649747e-02,-9.882871649747e-02
2.686000000000e+00,2.782863485525e-01,-1.153366803966e+00,1.153366803966e+00,-1.292509978242e+00,-1.292509978242e+00,2.782863485525e-01,1.273888474777e-01,1.910832712166e-01,-1.910832712166e-01,1.273888474777e-01,1.273888474777e-01,1.273888474777e-01,-9.904080050878e-02,-1.485612007632e-01,1.485612007632e-01,-9.904080050878e-02,-9.904080050878e-02,-9.904080050878e-02
2.688000000000e+00,2.785409280248e-01,-1.152984934758e+00,1.152984934758e+00,-1.292255398770e+00,-1.292255398770e+00,2.785409280248e-01,1.271905543538e-01,1.907858315306e-01,-1.907858315306e-01,1.271905543538e-01,1.271905543538e-01,1.271905543538e-01,-9.925221104116e-02,-1.488783165617e-01,1.488783165617e-01,-9.925221104116e-02,-9.925221104116e-02,-9.925221104116e-02
2.690000000000e+00,2.787951104884e-01,-1.152603661062e+00,1.152603661062e+00,-1.292001216306e+00,-1.292001216306e+00,2.787951104884e-01,1.269918390839e-01,1.904877586258e-01,-1.904877586258e-01,1.269918390839e-01,1.269918390839e-01,1.269918390839e-01,-9.946294613112e-02,-1.491944191967e-01,1.491944191967e-01,-9.946294613112e-02,-9.946294613112e-02,-9.946294613112e-02
2.692000000000e+00,2.790488951006e-01,-1.152222984144e+00,1.152222984144e+00,-1.291747431694e+00,-1.291747431694e+00,2.790488951006e-01,1.267927030208e-01,1.901890545313e-01,-1.901890545313e-01,1.267927030208e-01,1.267927030208e-01,1.267927030208e-01,-9.967300381516e-02,-1.495095057227e-01,1.495095057227e-01,-9.967300381516e-02,-9.967300381516e-02,-9.967300381516e-02
2.694000000000e+00,2.793022810209e-01,-1.151842905264e+00,1.151842905264e+00,-1.291494045774e+00,-1.291494045774e+00,2.793022810209e-01,1.265931475215e-01,1.898897212823e-01,-1.898897212823e-01,1.265931475215e-01,1.265931475215e-01,1.265931475215e-01,-9.988238212979e-02,-1.498235731947e-01,1.498235731947e-01,-9.988238212979e-02,-9.988238212979e-02,-9.988238212979e-02
2.696000000000e+00,2.795552674119e-01,-1.151463425677e+00,1.151463425677e+00,-1.291241059383e+00,-1.291241059383e+00,2.795552674119e-01,1.263931739465e-01,1.895897609198e-01,-1.895897609198e-01,1.263931739465e-01,1.263931739465e-01,1.263931739465e-01,-1.000910791115e-01,-1.501366186673e-01,1.501366186673e-01,-1.000910791115e-01,-1.000910791115e-01,-1.000910791115e-01
2.698000000000e+00,2.798078534389e-01,-1.151084546637e+00,1.151084546637e+00,-1.290988473356e+00,-1.290988473356e+00,2.798078534389e-01,1.261927836606e-01,1.892891754909e-01,-1.892891754909e-01,1.261927836606e-01,1.261927836606e-01,1.261927836606e-01,-1.002990927968e-01,-1.504486391953e-01,1.504486391953e-01,-1.002990927968e-01,-1.002990927968e-01,-1.002990927968e-01
2.700000000000e+00,2.800600382697e-01,-1.150706269390e+00,1.150706269390e+00,-1.290736288525e+00,-1.290736288525e+00,2.800600382697e-01,1.259919780322e-01,1.889879670483e-01,-1.889879670483e-01,1.259919780322e-01,1.259919780322e-01,1.259919780322e-01,-1.005064212223e-01,-1.507596318334e-01,1.507596318334e-01,-1.005064212223e-01,-1.005064212223e-01,-1.005064212223e-01
2.702000000000e+00,2.803118210750e-01,-1.150328595182e+00,1.150328595182e+00,-1.290484505720e+00,-1.290484505720e+00,2.803118210750e-01,1.257907584339e-01,1.886861376508e-01,-1.886861376508e-01,1.257907584339e-01,1.257907584339e-01,1.257907584339e-01,-1.007130624243e-01,-1.510695936364e-01,1.510695936364e-01,-1.007130624243e-01,-1.007130624243e-01,-1.007130624243e-01
2.704000000000e+00,2.805632010284e-01,-1.149951525252e+00,1.149951525252e+00,-1.290233125767e+00,-1.290233125767e+00,2.805632010284e-01,1.255891262420e-01,1.883836893629e-01,-1.883836893629e-01,1.255891262420e-01,1.255891262420e-01,1.255891262420e-01,-1.009190144394e-01,-1.513785216592e-01,1.513785216592e-01,-1.009190144394e-01,-1.009190144394e-01,-1.009190144394e-01
2.706000000000e+00,2.808141773059e-01,-1.149575060836e+00,1.149575060836e+00,-1.289982149489e+00,-1.289982149489e+00,2.808141773059e-01,1.253870828369e-01,1.880806242553e-01,-1.880806242553e-01,1.253870828369e-01,1.253870828369e-01,1.253870828369e-01,-1.011242753042e-01,-1.516864129563e-01,1.516864129563e-01,-1.011242753042e-01,-1.011242753042e-01,-1.011242753042e-01
2.708000000000e+00,2.810647490865e-01,-1.149199203165e+00,1.149199203165e+00,-1.289731577708e+00,-1.289731577708e+00,2.810647490865e-01,1.251846296028e-01,1.877769444042e-01,-1.877769444042e-01,1.251846296028e-01,1.251846296028e-01,1.251846296028e-01,-1.013288430551e-01,-1.519932645826e-01,1.519932645826e-01,-1.013288430551e-01,-1.013288430551e-01,-1.013288430551e-01
2.710000000000e+00,2.813149155520e-01,-1.148823953467e+00,1.148823953467e+00,-1.289481411243e+00,-1.289481411243e+00,2.813149155520e-01,1.249817679280e-01,1.874726518920e-01,-1.874726518920e-01,1.249817679280e-01,1.249817679280e-01,1.249817679280e-01,-1.015327157286e-01,-1.522990735929e-01,1.522990735929e-01,-1.015327157286e-01,-1.015327157286e-01,-1.015327157286e-01
2.712000000000e+00,2.815646758868e-01,-1.148449312965e+00,1.148449312965e+00,-1.289231650908e+00,-1.289231650908e+00,2.815646758868e-01,1.247784992046e-01,1.871677488069e-01,-1.871677488069e-01,1.247784992046e-01,1.247784992046e-01,1.247784992046e-01,-1.017358913612e-01,-1.526038370418e-01,1.526038370418e-01,-1.017358913612e-01,-1.017358913612e-01,-1.017358913612e-01
2.714000000000e+00,2.818140292784e-01,-1.148075282877e+00,1.148075282877e+00,-1.288982297517e+00,-1.288982297517e+00,2.818140292784e-01,1.245748248286e-01,1.868622372429e-01,-1.868622372429e-01,1.245748248286e-01,1.245748248286e-01,1.245748248286e-01,-1.019383679895e-01,-1.529075519843e-01,1.529075519843e-01,-1.019383679895e-01,-1.019383679895e-01,-1.019383679895e-01
2.716000000000e+00,2.820629749166e-01,-1.147701864420e+00,1.147701864420e+00,-1.288733351878e+00,-1.288733351878e+00,2.820629749166e-01,1.243707462000e-01,1.865561192999e-01,-1.865561192999e-01,1.243707462000e-01,1.243707462000e-01,1.243707462000e-01,-1.021401436499e-01,-1.532102154749e-01,1.532102154749e-01,-1.021401436499e-01,-1.021401436499e-01,-1.021401436499e-01
2.718000000000e+00,2.823115119946e-01,-1.147329058803e+00,1.147329058803e+00,-1.288484814800e+00,-1.288484814800e+00,2.823115119946e-01,1.241662647226e-01,1.862493970839e-01,-1.862493970839e-01,1.241662647226e-01,1.241662647226e-01,1.241662647226e-01,-1.023412163790e-01,-1.535118245685e-01,1.535118245685e-01,-1.023412163790e-01,-1.023412163790e-01,-1.023412163790e-01
2.720000000000e+00,2.825596397079e-01,-1.146956867233e+00,1.146956867233e+00,-1.288236687087e+00,-1.288236687087e+00,2.825596397079e-01,1.239613818044e-01,1.859420727066e-01,-1.859420727066e-01,1.239613818044e-01,1.239613818044e-01,1.239613818044e-01,-1.025415842132e-01,-1.538123763198e-01,1.538123763198e-01,-1.025415842132e-01,-1.025415842132e-01,-1.025415842132e-01
2.722000000000e+00,2.828073572551e-01,-1.146585290912e+00,1.146585290912e+00,-1.287988969540e+00,-1.287988969540e+00,2.828073572551e-01,1.237560988570e-01,1.856341482855e-01,-1.856341482855e-01,1.237560988570e-01,1.237560988570e-01,1.237560988570e-01,-1.027412451890e-01,-1.541118677835e-01,1.541118677835e-01,-1.027412451890e-01,-1.027412451890e-01,-1.027412451890e-01
2.724000000000e+00,2.830546638376e-01,-1.146214331039e+00,1.146214331039e+00,-1.287741662957e+00,-1.287741662957e+00,2.830546638376e-01,1.235504172962e-01,1.853256259442e-01,-1.853256259442e-01,1.235504172962e-01,1.235504172962e-01,1.235504172962e-01,-1.029401973430e-01,-1.544102960146e-01,1.544102960146e-01,-1.029401973430e-01,-1.029401973430e-01,-1.029401973430e-01
2.726000000000e+00,2.833015586595e-01,-1.145843988806e+00,1.145843988806e+00,-1.287494768135e+00,-1.287494768135e+00,2.833015586595e-01,1.233443385415e-01,1.850165078122e-01,-1.850165078122e-01,1.233443385415e-01,1.233443385415e-01,1.233443385415e-01,-1.031384387117e-01,-1.547076580676e-01,1.547076580676e-01,-1.031384387117e-01,-1.031384387117e-01,-1.031384387117e-01
2.728000000000e+00,2.835480409279e-01,-1.145474265403e+00,1.145474265403e+00,-1.287248285867e+00,-1.287248285867e+00,2.835480409279e-01,1.231378640165e-01,1.847067960247e-01,-1.847067960247e-01,1.231378640165e-01,1.231378640165e-01,1.231378640165e-01,-1.033359673316e-01,-1.550039509973e-01,1.550039509973e-01,-1.033359673316e-01,-1.033359673316e-01,-1.033359673316e-01
2.730000000000e+00,2.837941098527e-01,-1.145105162016e+00,1.145105162016e+00,-1.287002216942e+00,-1.287002216942e+00,2.837941098527e-01,1.229309951486e-01,1.843964927229e-01,-1.843964927229e-01,1.229309951486e-01,1.229309951486e-01,1.229309951486e-01,-1.035327812391e-01,-1.552991718586e-01,1.552991718586e-01,-1.035327812391e-01,-1.035327812391e-01,-1.035327812391e-01
2.732000000000e+00,2.840397646466e-01,-1.144736679825e+00,1.144736679825e+00,-1.286756562148e+00,-1.286756562148e+00,2.840397646466e-01,1.227237333693e-01,1.840856000540e-01,-1.840856000540e-01,1.227237333693e-01,1.227237333693e-01,1.227237333693e-01,-1.037288784708e-01,-1.555933177061e-01,1.555933177061e-01,-1.037288784708e-01,-1.037288784708e-01,-1.037288784708e-01
2.734000000000e+00,2.842850045252e-01,-1.144368820007e+00,1.144368820007e+00,-1.286511322270e+00,-1.286511322270e+00,2.842850045252e-01,1.225160801138e-01,1.837741201708e-01,-1.837741201708e-01,1.225160801138e-01,1.225160801138e-01,1.225160801138e-01,-1.039242570631e-01,-1.558863855947e-01,1.558863855947e-01,-1.039242570631e-01,-1.039242570631e-01,-1.039242570631e-01
2.736000000000e+00,2.845298287070e-01,-1.144001583734e+00,1.144001583734e+00,-1.286266498088e+00,-1.286266498088e+00,2.845298287070e-01,1.223080368215e-01,1.834620552322e-01,-1.834620552322e-01,1.223080368215e-01,1.223080368215e-01,1.223080368215e-01,-1.041189150527e-01,-1.561783725790e-01,1.561783725790e-01,-1.041189150527e-01,-1.041189150527e-01,-1.041189150527e-01
2.738000000000e+00,2.847742364134e-01,-1.143634972175e+00,1.143634972175e+00,-1.286022090382e+00,-1.286022090382e+00,2.847742364134e-01,1.220996049353e-01,1.831494074030e-01,-1.831494074030e-01,1.220996049353e-01,1.220996049353e-01,1.220996049353e-01,-1.043128504759e-01,-1.564692757139e-01,1.564692757139e-01,-1.043128504759e-01,-1.043128504759e-01,-1.043128504759e-01
2.740000000000e+00,2.850182268686e-01,-1.143268986492e+00,1.143268986492e+00,-1.285778099926e+00,-1.285778099926e+00,2.850182268686e-01,1.218907859026e-01,1.828361788539e-01,-1.828361788539e-01,1.218907859026e-01,1.218907859026e-01,1.218907859026e-01,-1.045060613694e-01,-1.567590920541e-01,1.567590920541e-01,-1.045060613694e-01,-1.045060613694e-01,-1.045060613694e-01
2.742000000000e+00,2.852617992999e-01,-1.142903627845e+00,1.142903627845e+00,-1.285534527495e+00,-1.285534527495e+00,2.852617992999e-01,1.216815811742e-01,1.825223717613e-01,-1.825223717613e-01,1.216815811742e-01,1.216815811742e-01,1.216815811742e-01,-1.046985457695e-01,-1.570478186543e-01,1.570478186543e-01,-1.046985457695e-01,-1.046985457695e-01,-1.046985457695e-01
2.744000000000e+00,2.855049529372e-01,-1.142538897389e+00,1.142538897389e+00,-1.285291373858e+00,-1.285291373858e+00,2.855049529372e-01,1.214719922051e-01,1.822079883077e-01,-1.822079883077e-01,1.214719922051e-01,1.214719922051e-01,1.214719922051e-01,-1.048903017128e-01,-1.573354525693e-01,1.573354525693e-01,-1.048903017128e-01,-1.048903017128e-01,-1.048903017128e-01
2.746000000000e+00,2.857476870135e-01,-1.142174796275e+00,1.142174796275e+00,-1.285048639781e+00,-1.285048639781e+00,2.857476870135e-01,1.212620204543e-01,1.818930306814e-01,-1.818930306814e-01,1.212620204543e-01,1.212620204543e-01,1.212620204543e-01,-1.050813272359e-01,-1.576219908538e-01,1.576219908538e-01,-1.050813272359e-01,-1.050813272359e-01,-1.050813272359e-01
2.748000000000e+00,2.859900007648e-01,-1.141811325648e+00,1.141811325648e+00,-1.284806326030e+00,-1.284806326030e+00,2.859900007648e-01,1.210516673844e-01,1.815775010767e-01,-1.815775010767e-01,1.210516673844e-01,1.210516673844e-01,1.210516673844e-01,-1.052716203752e-01,-1.579074305627e-01,1.579074305627e-01,-1.052716203752e-01,-1.052716203752e-01,-1.052716203752e-01
2.750000000000e+00,2.862318934298e-01,-1.141448486650e+00,1.141448486650e+00,-1.284564433365e+00,-1.284564433365e+00,2.862318934298e-01,1.208409344623e-01,1.812614016935e-01,-1.812614016935e-01,1.208409344623e-01,1.208409344623e-01,1.208409344623e-01,-1.054611791671e-01,-1.581917687507e-01,1.581917687507e-01,-1.054611791671e-01,-1.054611791671e-01,-1.054611791671e-01
2.752000000000e+00,2.864733642504e-01,-1.141086280419e+00,1.141086280419e+00,-1.284322962545e+00,-1.284322962545e+00,2.864733642504e-01,1.206298231586e-01,1.809447347380e-01,-1.809447347380e-01,1.206298231586e-01,1.206298231586e-01,1.206298231586e-01,-1.056500016483e-01,-1.584750024725e-01,1.584750024725e-01,-1.056500016483e-01,-1.056500016483e-01,-1.056500016483e-01
2.754000000000e+00,2.867144124712e-01,-1.140724708088e+00,1.140724708088e+00,-1.284081914324e+00,-1.284081914324e+00,2.867144124712e-01,1.204183349479e-01,1.806275024219e-01,-1.806275024219e-01,1.204183349479e-01,1.204183349479e-01,1.204183349479e-01,-1.058380858553e-01,-1.587571287829e-01,1.587571287829e-01,-1.058380858553e-01,-1.058380858553e-01,-1.058380858553e-01
2.756000000000e+00,2.869550373399e-01,-1.140363770785e+00,1.140363770785e+00,-1.283841289455e+00,-1.283841289455e+00,2.869550373399e-01,1.202064713087e-01,1.803097069631e-01,-1.803097069631e-01,1.202064713087e-01,1.202064713087e-01,1.202064713087e-01,-1.060254298244e-01,-1.590381447366e-01,1.590381447366e-01,-1.060254298244e-01,-1.060254298244e-01,-1.060254298244e-01
2.758000000000e+00,2.871952381071e-01,-1.140003469634e+00,1.140003469634e+00,-1.283601088688e+00,-1.283601088688e+00,2.871952381071e-01,1.199942337234e-01,1.799913505852e-01,-1.799913505852e-01,1.199942337234e-01,1.199942337234e-01,1.199942337234e-01,-1.062120315923e-01,-1.593180473885e-01,1.593180473885e-01,-1.062120315923e-01,-1.062120315923e-01,-1.062120315923e-01
2.760000000000e+00,2.874350140265e-01,-1.139643805755e+00,1.139643805755e+00,-1.283361312768e+00,-1.283361312768e+00,2.874350140265e-01,1.197816236785e-01,1.796724355177e-01,-1.796724355177e-01,1.197816236785e-01,1.197816236785e-01,1.197816236785e-01,-1.063978891955e-01,-1.595968337932e-01,1.595968337932e-01,-1.063978891955e-01,-1.063978891955e-01,-1.063978891955e-01
2.762000000000e+00,2.876743643545e-01,-1.139284780263e+00,1.139284780263e+00,-1.283121962440e+00,-1.283121962440e+00,2.876743643545e-01,1.195686426641e-01,1.793529639961e-01,-1.793529639961e-01,1.195686426641e-01,1.195686426641e-01,1.195686426641e-01,-1.065830006703e-01,-1.598745010055e-01,1.598745010055e-01,-1.065830006703e-01,-1.065830006703e-01,-1.065830006703e-01
2.764000000000e+00,2.879132883508e-01,-1.138926394269e+00,1.138926394269e+00,-1.282883038444e+00,-1.282883038444e+00,2.879132883508e-01,1.193552921745e-01,1.790329382618e-01,-1.790329382618e-01,1.193552921745e-01,1.193552921745e-01,1.193552921745e-01,-1.067673640535e-01,-1.601510460802e-01,1.601510460802e-01,-1.067673640535e-01,-1.067673640535e-01,-1.067673640535e-01
2.766000000000e+00,2.881517852779e-01,-1.138568648878e+00,1.138568648878e+00,-1.282644541517e+00,-1.282644541517e+00,2.881517852779e-01,1.191415737079e-01,1.787123605618e-01,-1.787123605618e-01,1.191415737079e-01,1.191415737079e-01,1.191415737079e-01,-1.069509773813e-01,-1.604264660720e-01,1.604264660720e-01,-1.069509773813e-01,-1.069509773813e-01,-1.069509773813e-01
2.768000000000e+00,2.883898544013e-01,-1.138211545193e+00,1.138211545193e+00,-1.282406472394e+00,-1.282406472394e+00,2.883898544013e-01,1.189274887663e-01,1.783912331495e-01,-1.783912331495e-01,1.189274887663e-01,1.189274887663e-01,1.189274887663e-01,-1.071338386905e-01,-1.607007580357e-01,1.607007580357e-01,-1.071338386905e-01,-1.071338386905e-01,-1.071338386905e-01
2.770000000000e+00,2.886274949896e-01,-1.137855084310e+00,1.137855084310e+00,-1.282168831805e+00,-1.282168831805e+00,2.886274949896e-01,1.187130388558e-01,1.780695582837e-01,-1.780695582837e-01,1.187130388558e-01,1.187130388558e-01,1.187130388558e-01,-1.073159460174e-01,-1.609739190261e-01,1.609739190261e-01,-1.073159460174e-01,-1.073159460174e-01,-1.073159460174e-01
2.772000000000e+00,2.888647063144e-01,-1.137499267323e+00,1.137499267323e+00,-1.281931620480e+00,-1.281931620480e+00,2.888647063144e-01,1.184982254862e-01,1.777473382293e-01,-1.777473382293e-01,1.184982254862e-01,1.184982254862e-01,1.184982254862e-01,-1.074972973986e-01,-1.612459460978e-01,1.612459460978e-01,-1.074972973986e-01,-1.074972973986e-01,-1.074972973986e-01
2.774000000000e+00,2.891014876503e-01,-1.137144095319e+00,1.137144095319e+00,-1.281694839145e+00,-1.281694839145e+00,2.891014876503e-01,1.182830501715e-01,1.774245752572e-01,-1.774245752572e-01,1.182830501715e-01,1.182830501715e-01,1.182830501715e-01,-1.076778908705e-01,-1.615168363058e-01,1.615168363058e-01,-1.076778908705e-01,-1.076778908705e-01,-1.076778908705e-01
2.776000000000e+00,2.893378382748e-01,-1.136789569383e+00,1.136789569383e+00,-1.281458488520e+00,-1.281458488520e+00,2.893378382748e-01,1.180675144293e-01,1.771012716440e-01,-1.771012716440e-01,1.180675144293e-01,1.180675144293e-01,1.180675144293e-01,-1.078577244697e-01,-1.617865867046e-01,1.617865867046e-01,-1.078577244697e-01,-1.078577244697e-01,-1.078577244697e-01
2.778000000000e+00,2.895737574687e-01,-1.136435690592e+00,1.136435690592e+00,-1.281222569326e+00,-1.281222569326e+00,2.895737574687e-01,1.178516197815e-01,1.767774296722e-01,-1.767774296722e-01,1.178516197815e-01,1.178516197815e-01,1.178516197815e-01,-1.080367962327e-01,-1.620551943491e-01,1.620551943491e-01,-1.080367962327e-01,-1.080367962327e-01,-1.080367962327e-01
2.780000000000e+00,2.898092445157e-01,-1.136082460021e+00,1.136082460021e+00,-1.280987082279e+00,-1.280987082279e+00,2.898092445157e-01,1.176353677536e-01,1.764530516304e-01,-1.764530516304e-01,1.176353677536e-01,1.176353677536e-01,1.176353677536e-01,-1.082151041960e-01,-1.623226562940e-01,1.623226562940e-01,-1.082151041960e-01,-1.082151041960e-01,-1.082151041960e-01
2.782000000000e+00,2.900442987025e-01,-1.135729878741e+00,1.135729878741e+00,-1.280752028092e+00,-1.280752028092e+00,2.900442987025e-01,1.174187598752e-01,1.761281398128e-01,-1.761281398128e-01,1.174187598752e-01,1.174187598752e-01,1.174187598752e-01,-1.083926463961e-01,-1.625889695941e-01,1.625889695941e-01,-1.083926463961e-01,-1.083926463961e-01,-1.083926463961e-01
2.784000000000e+00,2.902789193190e-01,-1.135377947816e+00,1.135377947816e+00,-1.280517407476e+00,-1.280517407476e+00,2.902789193190e-01,1.172017976798e-01,1.758026965197e-01,-1.758026965197e-01,1.172017976798e-01,1.172017976798e-01,1.172017976798e-01,-1.085694208695e-01,-1.628541313042e-01,1.628541313042e-01,-1.085694208695e-01,-1.085694208695e-01,-1.085694208695e-01
2.786000000000e+00,2.905131056581e-01,-1.135026668308e+00,1.135026668308e+00,-1.280283221137e+00,-1.280283221137e+00,2.905131056581e-01,1.169844827049e-01,1.754767240573e-01,-1.754767240573e-01,1.169844827049e-01,1.169844827049e-01,1.169844827049e-01,-1.087454256526e-01,-1.631181384790e-01,1.631181384790e-01,-1.087454256526e-01,-1.087454256526e-01,-1.087454256526e-01
2.788000000000e+00,2.907468570157e-01,-1.134676041271e+00,1.134676041271e+00,-1.280049469779e+00,-1.280049469779e+00,2.907468570157e-01,1.167668164916e-01,1.751502247375e-01,-1.751502247375e-01,1.167668164916e-01,1.167668164916e-01,1.167668164916e-01,-1.089206587821e-01,-1.633809881732e-01,1.633809881732e-01,-1.089206587821e-01,-1.089206587821e-01,-1.089206587821e-01
2.790000000000e+00,2.909801726909e-01,-1.134326067759e+00,1.134326067759e+00,-1.279816154104e+00,-1.279816154104e+00,2.909801726909e-01,1.165488005855e-01,1.748232008782e-01,-1.748232008782e-01,1.165488005855e-01,1.165488005855e-01,1.165488005855e-01,-1.090951182944e-01,-1.636426774416e-01,1.636426774416e-01,-1.090951182944e-01,-1.090951182944e-01,-1.090951182944e-01
2.792000000000e+00,2.912130519859e-01,-1.133976748816e+00,1.133976748816e+00,-1.279583274809e+00,-1.279583274809e+00,2.912130519859e-01,1.163304365355e-01,1.744956548033e-01,-1.744956548033e-01,1.163304365355e-01,1.163304365355e-01,1.163304365355e-01,-1.092688022260e-01,-1.639032033390e-01,1.639032033390e-01,-1.092688022260e-01,-1.092688022260e-01,-1.092688022260e-01
2.794000000000e+00,2.914454942060e-01,-1.133628085486e+00,1.133628085486e+00,-1.279350832589e+00,-1.279350832589e+00,2.914454942060e-01,1.161117258949e-01,1.741675888424e-01,-1.741675888424e-01,1.161117258949e-01,1.161117258949e-01,1.161117258949e-01,-1.094417086134e-01,-1.641625629201e-01,1.641625629201e-01,-1.094417086134e-01,-1.094417086134e-01,-1.094417086134e-01
2.796000000000e+00,2.916774986595e-01,-1.133280078806e+00,1.133280078806e+00,-1.279118828135e+00,-1.279118828135e+00,2.916774986595e-01,1.158926702207e-01,1.738390053311e-01,-1.738390053311e-01,1.158926702207e-01,1.158926702207e-01,1.158926702207e-01,-1.096138354932e-01,-1.644207532398e-01,1.644207532398e-01,-1.096138354932e-01,-1.096138354932e-01,-1.096138354932e-01
2.798000000000e+00,2.919090646579e-01,-1.132932729808e+00,1.132932729808e+00,-1.278887262137e+00,-1.278887262137e+00,2.919090646579e-01,1.156732710739e-01,1.735099066109e-01,-1.735099066109e-01,1.156732710739e-01,1.156732710739e-01,1.156732710739e-01,-1.097851809017e-01,-1.646777713526e-01,1.646777713526e-01,-1.097851809017e-01,-1.097851809017e-01,-1.097851809017e-01
2.800000000000e+00,2.921401915158e-01,-1.132586039521e+00,1.132586039521e+00,-1.278656135279e+00,-1.278656135279e+00,2.921401915158e-01,1.154535300194e-01,1.731802950291e-01,-1.731802950291e-01,1.154535300194e-01,1.154535300194e-01,1.154535300194e-01,-1.099557428756e-01,-1.649336143135e-01,1.649336143135e-01,-1.099557428756e-01,-1.099557428756e-01,-1.099557428756e-01
2.802000000000e+00,2.923708785511e-01,-1.132240008968e+00,1.132240008968e+00,-1.278425448244e+00,-1.278425448244e+00,2.923708785511e-01,1.152334486260e-01,1.728501729391e-01,-1.728501729391e-01,1.152334486260e-01,1.152334486260e-01,1.152334486260e-01,-1.101255194514e-01,-1.651882791771e-01,1.651882791771e-01,-1.101255194514e-01,-1.101255194514e-01,-1.101255194514e-01
2.804000000000e+00,2.926011250845e-01,-1.131894639168e+00,1.131894639168e+00,-1.278195201710e+00,-1.278195201710e+00,2.926011250845e-01,1.150130284665e-01,1.725195426998e-01,-1.725195426998e-01,1.150130284665e-01,1.150130284665e-01,1.150130284665e-01,-1.102945086655e-01,-1.654417629982e-01,1.654417629982e-01,-1.102945086655e-01,-1.102945086655e-01,-1.102945086655e-01
2.806000000000e+00,2.928309304401e-01,-1.131549931135e+00,1.131549931135e+00,-1.277965396355e+00,-1.277965396355e+00,2.928309304401e-01,1.147922711176e-01,1.721884066764e-01,-1.721884066764e-01,1.147922711176e-01,1.147922711176e-01,1.147922711176e-01,-1.104627085544e-01,-1.656940628316e-01,1.656940628316e-01,-1.104627085544e-01,-1.104627085544e-01,-1.104627085544e-01
2.808000000000e+00,2.930602939452e-01,-1.131205885877e+00,1.131205885877e+00,-1.277736032850e+00,-1.277736032850e+00,2.930602939452e-01,1.145711781598e-01,1.718567672398e-01,-1.718567672398e-01,1.145711781598e-01,1.145711781598e-01,1.145711781598e-01,-1.106301171547e-01,-1.659451757320e-01,1.659451757320e-01,-1.106301171547e-01,-1.106301171547e-01,-1.106301171547e-01
2.810000000000e+00,2.932892149301e-01,-1.130862504400e+00,1.130862504400e+00,-1.277507111865e+00,-1.277507111865e+00,2.932892149301e-01,1.143497511778e-01,1.715246267667e-01,-1.715246267667e-01,1.143497511778e-01,1.143497511778e-01,1.143497511778e-01,-1.107967325028e-01,-1.661950987542e-01,1.661950987542e-01,-1.107967325028e-01,-1.107967325028e-01,-1.107967325028e-01
2.812000000000e+00,2.935176927283e-01,-1.130519787702e+00,1.130519787702e+00,-1.277278634067e+00,-1.277278634067e+00,2.935176927283e-01,1.141279917600e-01,1.711919876400e-01,-1.711919876400e-01,1.141279917600e-01,1.141279917600e-01,1.141279917600e-01,-1.109625526353e-01,-1.664438289529e-01,1.664438289529e-01,-1.109625526353e-01,-1.109625526353e-01,-1.109625526353e-01
2.814000000000e+00,2.937457266766e-01,-1.130177736780e+00,1.130177736780e+00,-1.277050600118e+00,-1.277050600118e+00,2.937457266766e-01,1.139059014987e-01,1.708588522481e-01,-1.708588522481e-01,1.139059014987e-01,1.139059014987e-01,1.139059014987e-01,-1.111275755886e-01,-1.666913633830e-01,1.666913633830e-01,-1.111275755886e-01,-1.111275755886e-01,-1.111275755886e-01
2.816000000000e+00,2.939733161148e-01,-1.129836352623e+00,1.129836352623e+00,-1.276823010680e+00,-1.276823010680e+00,2.939733161148e-01,1.136834819904e-01,1.705252229856e-01,-1.705252229856e-01,1.136834819904e-01,1.136834819904e-01,1.136834819904e-01,-1.112917993994e-01,-1.669376990990e-01,1.669376990990e-01,-1.112917993994e-01,-1.112917993994e-01,-1.112917993994e-01
2.818000000000e+00,2.942004603861e-01,-1.129495636216e+00,1.129495636216e+00,-1.276595866409e+00,-1.276595866409e+00,2.942004603861e-01,1.134607348352e-01,1.701911022528e-01,-1.701911022528e-01,1.134607348352e-01,1.134607348352e-01,1.134607348352e-01,-1.114552221040e-01,-1.671828331559e-01,1.671828331559e-01,-1.114552221040e-01,-1.114552221040e-01,-1.114552221040e-01
2.820000000000e+00,2.944271588368e-01,-1.129155588540e+00,1.129155588540e+00,-1.276369167958e+00,-1.276369167958e+00,2.944271588368e-01,1.132376616373e-01,1.698564924560e-01,-1.698564924560e-01,1.132376616373e-01,1.132376616373e-01,1.132376616373e-01,-1.116178417389e-01,-1.674267626084e-01,1.674267626084e-01,-1.116178417389e-01,-1.116178417389e-01,-1.116178417389e-01
2.822000000000e+00,2.946534108164e-01,-1.128816210570e+00,1.128816210570e+00,-1.276142915979e+00,-1.276142915979e+00,2.946534108164e-01,1.130142640049e-01,1.695213960074e-01,-1.695213960074e-01,1.130142640049e-01,1.130142640049e-01,1.130142640049e-01,-1.117796563408e-01,-1.676694845112e-01,1.676694845112e-01,-1.117796563408e-01,-1.117796563408e-01,-1.117796563408e-01
2.824000000000e+00,2.948792156776e-01,-1.128477503279e+00,1.128477503279e+00,-1.275917111117e+00,-1.275917111117e+00,2.948792156776e-01,1.127905435500e-01,1.691858153250e-01,-1.691858153250e-01,1.127905435500e-01,1.127905435500e-01,1.127905435500e-01,-1.119406639460e-01,-1.679109959191e-01,1.679109959191e-01,-1.119406639460e-01,-1.119406639460e-01,-1.119406639460e-01
2.826000000000e+00,2.951045727764e-01,-1.128139467630e+00,1.128139467630e+00,-1.275691754018e+00,-1.275691754018e+00,2.951045727764e-01,1.125665018884e-01,1.688497528327e-01,-1.688497528327e-01,1.125665018884e-01,1.125665018884e-01,1.125665018884e-01,-1.121008625912e-01,-1.681512938868e-01,1.681512938868e-01,-1.121008625912e-01,-1.121008625912e-01,-1.121008625912e-01
2.828000000000e+00,2.953294814721e-01,-1.127802104587e+00,1.127802104587e+00,-1.275466845323e+00,-1.275466845323e+00,2.953294814721e-01,1.123421406402e-01,1.685132109603e-01,-1.685132109603e-01,1.123421406402e-01,1.123421406402e-01,1.123421406402e-01,-1.122602503127e-01,-1.683903754691e-01,1.683903754691e-01,-1.122602503127e-01,-1.122602503127e-01,-1.122602503127e-01
2.830000000000e+00,2.955539411270e-01,-1.127465415104e+00,1.127465415104e+00,-1.275242385668e+00,-1.275242385668e+00,2.955539411270e-01,1.121174614291e-01,1.681761921437e-01,-1.681761921437e-01,1.121174614291e-01,1.121174614291e-01,1.121174614291e-01,-1.124188251471e-01,-1.686282377207e-01,1.686282377207e-01,-1.124188251471e-01,-1.124188251471e-01,-1.124188251471e-01
2.832000000000e+00,2.957779511069e-01,-1.127129400135e+00,1.127129400135e+00,-1.275018375688e+00,-1.275018375688e+00,2.957779511069e-01,1.118924658829e-01,1.678386988243e-01,-1.678386988243e-01,1.118924658829e-01,1.118924658829e-01,1.118924658829e-01,-1.125765851310e-01,-1.688648776965e-01,1.688648776965e-01,-1.125765851310e-01,-1.125765851310e-01,-1.125765851310e-01
2.834000000000e+00,2.960015107807e-01,-1.126794060624e+00,1.126794060624e+00,-1.274794816014e+00,-1.274794816014e+00,2.960015107807e-01,1.116671556331e-01,1.675007334497e-01,-1.675007334497e-01,1.116671556331e-01,1.116671556331e-01,1.116671556331e-01,-1.127335283007e-01,-1.691002924511e-01,1.691002924511e-01,-1.127335283007e-01,-1.127335283007e-01,-1.127335283007e-01
2.836000000000e+00,2.962246195207e-01,-1.126459397514e+00,1.126459397514e+00,-1.274571707274e+00,-1.274571707274e+00,2.962246195207e-01,1.114415323155e-01,1.671622984733e-01,-1.671622984733e-01,1.114415323155e-01,1.114415323155e-01,1.114415323155e-01,-1.128896526929e-01,-1.693344790393e-01,1.693344790393e-01,-1.128896526929e-01,-1.128896526929e-01,-1.128896526929e-01
2.838000000000e+00,2.964472767024e-01,-1.126125411741e+00,1.126125411741e+00,-1.274349050093e+00,-1.274349050093e+00,2.964472767024e-01,1.112155975695e-01,1.668233963543e-01,-1.668233963543e-01,1.112155975695e-01,1.112155975695e-01,1.112155975695e-01,-1.130449563440e-01,-1.695674345160e-01,1.695674345160e-01,-1.130449563440e-01,-1.130449563440e-01,-1.130449563440e-01
2.840000000000e+00,2.966694817045e-01,-1.125792104238e+00,1.125792104238e+00,-1.274126845090e+00,-1.274126845090e+00,2.966694817045e-01,1.109893530386e-01,1.664840295579e-01,-1.664840295579e-01,1.109893530386e-01,1.109893530386e-01,1.109893530386e-01,-1.131994372905e-01,-1.697991559357e-01,1.697991559357e-01,-1.131994372905e-01,-1.131994372905e-01,-1.131994372905e-01
2.842000000000e+00,2.968912339091e-01,-1.125459475931e+00,1.125459475931e+00,-1.273905092886e+00,-1.273905092886e+00,2.968912339091e-01,1.107628003701e-01,1.661442005552e-01,-1.661442005552e-01,1.107628003701e-01,1.107628003701e-01,1.107628003701e-01,-1.133530935689e-01,-1.700296403534e-01,1.700296403534e-01,-1.133530935689e-01,-1.133530935689e-01,-1.133530935689e-01
2.844000000000e+00,2.971125327016e-01,-1.125127527742e+00,1.125127527742e+00,-1.273683794093e+00,-1.273683794093e+00,2.971125327016e-01,1.105359412154e-01,1.658039118231e-01,-1.658039118231e-01,1.105359412154e-01,1.105359412154e-01,1.105359412154e-01,-1.135059232158e-01,-1.702588848237e-01,1.702588848237e-01,-1.135059232158e-01,-1.135059232158e-01,-1.135059232158e-01
2.846000000000e+00,2.973333774707e-01,-1.124796260589e+00,1.124796260589e+00,-1.273462949324e+00,-1.273462949324e+00,2.973333774707e-01,1.103087772297e-01,1.654631658445e-01,-1.654631658445e-01,1.103087772297e-01,1.103087772297e-01,1.103087772297e-01,-1.136579242676e-01,-1.704868864014e-01,1.704868864014e-01,-1.136579242676e-01,-1.136579242676e-01,-1.136579242676e-01
2.848000000000e+00,2.975537676084e-01,-1.124465675382e+00,1.124465675382e+00,-1.273242559186e+00,-1.273242559186e+00,2.975537676084e-01,1.100813100721e-01,1.651219651081e-01,-1.651219651081e-01,1.100813100721e-01,1.100813100721e-01,1.100813100721e-01,-1.138090947608e-01,-1.707136421412e-01,1.707136421412e-01,-1.138090947608e-01,-1.138090947608e-01,-1.138090947608e-01
2.850000000000e+00,2.977737025100e-01,-1.124135773030e+00,1.124135773030e+00,-1.273022624285e+00,-1.273022624285e+00,2.977737025100e-01,1.098535414057e-01,1.647803121085e-01,-1.647803121085e-01,1.098535414057e-01,1.098535414057e-01,1.098535414057e-01,-1.139594327320e-01,-1.709391490980e-01,1.709391490980e-01,-1.139594327320e-01,-1.139594327320e-01,-1.139594327320e-01
2.852000000000e+00,2.979931815742e-01,-1.123806554434e+00,1.123806554434e+00,-1.272803145221e+00,-1.272803145221e+00,2.979931815742e-01,1.096254728975e-01,1.644382093462e-01,-1.644382093462e-01,1.096254728975e-01,1.096254728975e-01,1.096254728975e-01,-1.141089362177e-01,-1.711634043265e-01,1.711634043265e-01,-1.141089362177e-01,-1.141089362177e-01,-1.141089362177e-01
2.854000000000e+00,2.982122042028e-01,-1.123478020491e+00,1.123478020491e+00,-1.272584122592e+00,-1.272584122592e+00,2.982122042028e-01,1.093971062184e-01,1.640956593276e-01,-1.640956593276e-01,1.093971062184e-01,1.093971062184e-01,1.093971062184e-01,-1.142576032543e-01,-1.713864048814e-01,1.713864048814e-01,-1.142576032543e-01,-1.142576032543e-01,-1.142576032543e-01
2.856000000000e+00,2.984307698014e-01,-1.123150172093e+00,1.123150172093e+00,-1.272365556994e+00,-1.272365556994e+00,2.984307698014e-01,1.091684430434e-01,1.637526645651e-01,-1.637526645651e-01,1.091684430434e-01,1.091684430434e-01,1.091684430434e-01,-1.144054318783e-01,-1.716081478175e-01,1.716081478175e-01,-1.144054318783e-01,-1.144054318783e-01,-1.144054318783e-01
2.858000000000e+00,2.986488777785e-01,-1.122823010127e+00,1.122823010127e+00,-1.272147449016e+00,-1.272147449016e+00,2.986488777785e-01,1.089394850511e-01,1.634092275767e-01,-1.634092275767e-01,1.089394850511e-01,1.089394850511e-01,1.089394850511e-01,-1.145524201264e-01,-1.718286301895e-01,1.718286301895e-01,-1.145524201264e-01,-1.145524201264e-01,-1.145524201264e-01
2.860000000000e+00,2.988665275462e-01,-1.122496535476e+00,1.122496535476e+00,-1.271929799249e+00,-1.271929799249e+00,2.988665275462e-01,1.087102339244e-01,1.630653508867e-01,-1.630653508867e-01,1.087102339244e-01,1.087102339244e-01,1.087102339244e-01,-1.146985660349e-01,-1.720478490523e-01,1.720478490523e-01,-1.146985660349e-01,-1.146985660349e-01,-1.146985660349e-01
2.862000000000e+00,2.990837185199e-01,-1.122170749015e+00,1.122170749015e+00,-1.271712608275e+00,-1.271712608275e+00,2.990837185199e-01,1.084806913499e-01,1.627210370248e-01,-1.627210370248e-01,1.084806913499e-01,1.084806913499e-01,1.084806913499e-01,-1.148438676403e-01,-1.722658014605e-01,1.722658014605e-01,-1.148438676403e-01,-1.148438676403e-01,-1.148438676403e-01
2.864000000000e+00,2.993004501184e-01,-1.121845651617e+00,1.121845651617e+00,-1.271495876677e+00,-1.271495876677e+00,2.993004501184e-01,1.082508590181e-01,1.623762885271e-01,-1.623762885271e-01,1.082508590181e-01,1.082508590181e-01,1.082508590181e-01,-1.149883229793e-01,-1.724824844689e-01,1.724824844689e-01,-1.149883229793e-01,-1.149883229793e-01,-1.149883229793e-01
2.866000000000e+00,2.995167217639e-01,-1.121521244149e+00,1.121521244149e+00,-1.271279605031e+00,-1.271279605031e+00,2.995167217639e-01,1.080207386234e-01,1.620311079352e-01,-1.620311079352e-01,1.080207386234e-01,1.080207386234e-01,1.080207386234e-01,-1.151319300882e-01,-1.726978951323e-01,1.726978951323e-01,-1.151319300882e-01,-1.151319300882e-01,-1.151319300882e-01
2.868000000000e+00,2.997325328820e-01,-1.121197527472e+00,1.121197527472e+00,-1.271063793913e+00,-1.271063793913e+00,2.997325328820e-01,1.077903318645e-01,1.616854977967e-01,-1.616854977967e-01,1.077903318645e-01,1.077903318645e-01,1.077903318645e-01,-1.152746870036e-01,-1.729120305055e-01,1.729120305055e-01,-1.152746870036e-01,-1.152746870036e-01,-1.152746870036e-01
2.870000000000e+00,2.999478829016e-01,-1.120874502443e+00,1.120874502443e+00,-1.270848443893e+00,-1.270848443893e+00,2.999478829016e-01,1.075596404435e-01,1.613394606653e-01,-1.613394606653e-01,1.075596404435e-01,1.075596404435e-01,1.075596404435e-01,-1.154165917621e-01,-1.731248876431e-01,1.731248876431e-01,-1.154165917621e-01,-1.154165917621e-01,-1.154165917621e-01
2.872000000000e+00,3.001627712551e-01,-1.120552169912e+00,1.120552169912e+00,-1.270633555540e+00,-1.270633555540e+00,3.001627712551e-01,1.073286660669e-01,1.609929991003e-01,-1.609929991003e-01,1.073286660669e-01,1.073286660669e-01,1.073286660669e-01,-1.155576424000e-01,-1.733364635999e-01,1.733364635999e-01,-1.155576424000e-01,-1.155576424000e-01,-1.155576424000e-01
2.874000000000e+00,3.003771973783e-01,-1.120230530727e+00,1.120230530727e+00,-1.270419129417e+00,-1.270419129417e+00,3.003771973783e-01,1.070974104447e-01,1.606461156670e-01,-1.606461156670e-01,1.070974104447e-01,1.070974104447e-01,1.070974104447e-01,-1.156978369539e-01,-1.735467554308e-01,1.735467554308e-01,-1.156978369539e-01,-1.156978369539e-01,-1.156978369539e-01
2.876000000000e+00,3.005911607105e-01,-1.119909585729e+00,1.119909585729e+00,-1.270205166084e+00,-1.270205166084e+00,3.005911607105e-01,1.068658752911e-01,1.602988129366e-01,-1.602988129366e-01,1.068658752911e-01,1.068658752911e-01,1.068658752911e-01,-1.158371734603e-01,-1.737557601904e-01,1.737557601904e-01,-1.158371734603e-01,-1.158371734603e-01,-1.158371734603e-01
2.878000000000e+00,3.008046606943e-01,-1.119589335753e+00,1.119589335753e+00,-1.269991666101e+00,-1.269991666101e+00,3.008046606943e-01,1.066340623242e-01,1.599510934862e-01,-1.599510934862e-01,1.066340623242e-01,1.066340623242e-01,1.066340623242e-01,-1.159756499557e-01,-1.739634749336e-01,1.739634749336e-01,-1.159756499557e-01,-1.159756499557e-01,-1.159756499557e-01
2.880000000000e+00,3.010176967758e-01,-1.119269781631e+00,1.119269781631e+00,-1.269778630019e+00,-1.269778630019e+00,3.010176967758e-01,1.064019732659e-01,1.596029598989e-01,-1.596029598989e-01,1.064019732659e-01,1.064019732659e-01,1.064019732659e-01,-1.161132644767e-01,-1.741698967150e-01,1.741698967150e-01,-1.161132644767e-01,-1.161132644767e-01,-1.161132644767e-01
2.882000000000e+00,3.012302684045e-01,-1.118950924188e+00,1.118950924188e+00,-1.269566058390e+00,-1.269566058390e+00,3.012302684045e-01,1.061696098422e-01,1.592544147633e-01,-1.592544147633e-01,1.061696098422e-01,1.061696098422e-01,1.061696098422e-01,-1.162500150596e-01,-1.743750225895e-01,1.743750225895e-01,-1.162500150596e-01,-1.162500150596e-01,-1.162500150596e-01
2.884000000000e+00,3.014423750334e-01,-1.118632764245e+00,1.118632764245e+00,-1.269353951762e+00,-1.269353951762e+00,3.014423750334e-01,1.059369737829e-01,1.589054606744e-01,-1.589054606744e-01,1.059369737829e-01,1.059369737829e-01,1.059369737829e-01,-1.163858997411e-01,-1.745788496117e-01,1.745788496117e-01,-1.163858997411e-01,-1.163858997411e-01,-1.163858997411e-01
2.886000000000e+00,3.016540161190e-01,-1.118315302616e+00,1.118315302616e+00,-1.269142310676e+00,-1.269142310676e+00,3.016540161190e-01,1.057040668218e-01,1.585561002327e-01,-1.585561002327e-01,1.057040668218e-01,1.057040668218e-01,1.057040668218e-01,-1.165209165577e-01,-1.747813748365e-01,1.747813748365e-01,-1.165209165577e-01,-1.165209165577e-01,-1.165209165577e-01
2.888000000000e+00,3.018651911212e-01,-1.117998540113e+00,1.117998540113e+00,-1.268931135674e+00,-1.268931135674e+00,3.018651911212e-01,1.054708906966e-01,1.582063360449e-01,-1.582063360449e-01,1.054708906966e-01,1.054708906966e-01,1.054708906966e-01,-1.166550635457e-01,-1.749825953186e-01,1.749825953186e-01,-1.166550635457e-01,-1.166550635457e-01,-1.166550635457e-01
2.890000000000e+00,3.020758995035e-01,-1.117682477540e+00,1.117682477540e+00,-1.268720427291e+00,-1.268720427291e+00,3.020758995035e-01,1.052374471488e-01,1.578561707233e-01,-1.578561707233e-01,1.052374471488e-01,1.052374471488e-01,1.052374471488e-01,-1.167883387418e-01,-1.751825081127e-01,1.751825081127e-01,-1.167883387418e-01,-1.167883387418e-01,-1.167883387418e-01
2.892000000000e+00,3.022861407327e-01,-1.117367115696e+00,1.117367115696e+00,-1.268510186062e+00,-1.268510186062e+00,3.022861407327e-01,1.050037379241e-01,1.575056068862e-01,-1.575056068862e-01,1.050037379241e-01,1.050037379241e-01,1.050037379241e-01,-1.169207401824e-01,-1.753811102737e-01,1.753811102737e-01,-1.169207401824e-01,-1.169207401824e-01,-1.169207401824e-01
2.894000000000e+00,3.024959142792e-01,-1.117052455376e+00,1.117052455376e+00,-1.268300412516e+00,-1.268300412516e+00,3.024959142792e-01,1.047697647719e-01,1.571546471579e-01,-1.571546471579e-01,1.047697647719e-01,1.047697647719e-01,1.047697647719e-01,-1.170522659041e-01,-1.755783988562e-01,1.755783988562e-01,-1.170522659041e-01,-1.170522659041e-01,-1.170522659041e-01
2.896000000000e+00,3.027052196170e-01,-1.116738497369e+00,1.116738497369e+00,-1.268091107178e+00,-1.268091107178e+00,3.027052196170e-01,1.045355294456e-01,1.568032941684e-01,-1.568032941684e-01,1.045355294456e-01,1.045355294456e-01,1.045355294456e-01,-1.171829139434e-01,-1.757743709151e-01,1.757743709151e-01,-1.171829139434e-01,-1.171829139434e-01,-1.171829139434e-01
2.898000000000e+00,3.029140562234e-01,-1.116425242460e+00,1.116425242460e+00,-1.267882270571e+00,-1.267882270571e+00,3.029140562234e-01,1.043010337026e-01,1.564515505539e-01,-1.564515505539e-01,1.043010337026e-01,1.043010337026e-01,1.043010337026e-01,-1.173126823367e-01,-1.759690235050e-01,1.759690235050e-01,-1.173126823367e-01,-1.173126823367e-01,-1.173126823367e-01
2.900000000000e+00,3.031224235794e-01,-1.116112691426e+00,1.116112691426e+00,-1.267673903216e+00,-1.267673903216e+00,3.031224235794e-01,1.040662793040e-01,1.560994189560e-01,-1.560994189560e-01,1.040662793040e-01,1.040662793040e-01,1.040662793040e-01,-1.174415691205e-01,-1.761623536808e-01,1.761623536808e-01,-1.174415691205e-01,-1.174415691205e-01,-1.174415691205e-01
2.902000000000e+00,3.033303211694e-01,-1.115800845041e+00,1.115800845041e+00,-1.267466005626e+00,-1.267466005626e+00,3.033303211694e-01,1.038312680151e-01,1.557469020227e-01,-1.557469020227e-01,1.038312680151e-01,1.038312680151e-01,1.038312680151e-01,-1.175695723314e-01,-1.763543584972e-01,1.763543584972e-01,-1.175695723314e-01,-1.175695723314e-01,-1.175695723314e-01
2.904000000000e+00,3.035377484814e-01,-1.115489704073e+00,1.115489704073e+00,-1.267258578314e+00,-1.267258578314e+00,3.035377484814e-01,1.035960016051e-01,1.553940024076e-01,-1.553940024076e-01,1.035960016051e-01,1.035960016051e-01,1.035960016051e-01,-1.176966900059e-01,-1.765450350089e-01,1.765450350089e-01,-1.176966900059e-01,-1.176966900059e-01,-1.176966900059e-01
2.906000000000e+00,3.037447050069e-01,-1.115179269285e+00,1.115179269285e+00,-1.267051621788e+00,-1.267051621788e+00,3.037447050069e-01,1.033604818468e-01,1.550407227702e-01,-1.550407227702e-01,1.033604818468e-01,1.033604818468e-01,1.033604818468e-01,-1.178229201805e-01,-1.767343802708e-01,1.767343802708e-01,-1.178229201805e-01,-1.178229201805e-01,-1.178229201805e-01
2.908000000000e+00,3.039511902410e-01,-1.114869541433e+00,1.114869541433e+00,-1.266845136554e+00,-1.266845136554e+00,3.039511902410e-01,1.031247105173e-01,1.546870657760e-01,-1.546870657760e-01,1.031247105173e-01,1.031247105173e-01,1.031247105173e-01,-1.179482608917e-01,-1.769223913375e-01,1.769223913375e-01,-1.179482608917e-01,-1.179482608917e-01,-1.179482608917e-01
2.910000000000e+00,3.041572036824e-01,-1.114560521271e+00,1.114560521271e+00,-1.266639123112e+00,-1.266639123112e+00,3.041572036824e-01,1.028886893975e-01,1.543330340963e-01,-1.543330340963e-01,1.028886893975e-01,1.028886893975e-01,1.028886893975e-01,-1.180727101759e-01,-1.771090652638e-01,1.771090652638e-01,-1.180727101759e-01,-1.180727101759e-01,-1.180727101759e-01
2.912000000000e+00,3.043627448333e-01,-1.114252209545e+00,1.114252209545e+00,-1.266433581962e+00,-1.266433581962e+00,3.043627448333e-01,1.026524202722e-01,1.539786304083e-01,-1.539786304083e-01,1.026524202722e-01,1.026524202722e-01,1.026524202722e-01,-1.181962660697e-01,-1.772943991046e-01,1.772943991046e-01,-1.181962660697e-01,-1.181962660697e-01,-1.181962660697e-01
2.914000000000e+00,3.045678131994e-01,-1.113944606996e+00,1.113944606996e+00,-1.266228513596e+00,-1.266228513596e+00,3.045678131994e-01,1.024159049301e-01,1.536238573952e-01,-1.536238573952e-01,1.024159049301e-01,1.024159049301e-01,1.024159049301e-01,-1.183189266096e-01,-1.774783899144e-01,1.774783899144e-01,-1.183189266096e-01,-1.183189266096e-01,-1.183189266096e-01
2.916000000000e+00,3.047724082901e-01,-1.113637714360e+00,1.113637714360e+00,-1.266023918505e+00,-1.266023918505e+00,3.047724082901e-01,1.021791451640e-01,1.532687177460e-01,-1.532687177460e-01,1.021791451640e-01,1.021791451640e-01,1.021791451640e-01,-1.184406898321e-01,-1.776610347482e-01,1.776610347482e-01,-1.184406898321e-01,-1.184406898321e-01,-1.184406898321e-01
2.918000000000e+00,3.049765296183e-01,-1.113331532367e+00,1.113331532367e+00,-1.265819797177e+00,-1.265819797177e+00,3.049765296183e-01,1.019421427703e-01,1.529132141555e-01,-1.529132141555e-01,1.019421427703e-01,1.019421427703e-01,1.019421427703e-01,-1.185615537738e-01,-1.778423306606e-01,1.778423306606e-01,-1.185615537738e-01,-1.185615537738e-01,-1.185615537738e-01
2.920000000000e+00,3.051801767006e-01,-1.113026061744e+00,1.113026061744e+00,-1.265616150094e+00,-1.265616150094e+00,3.051801767006e-01,1.017048995497e-01,1.525573493246e-01,-1.525573493246e-01,1.017048995497e-01,1.017048995497e-01,1.017048995497e-01,-1.186815164710e-01,-1.780222747065e-01,1.780222747065e-01,-1.186815164710e-01,-1.186815164710e-01,-1.186815164710e-01
2.922000000000e+00,3.053833490571e-01,-1.112721303209e+00,1.112721303209e+00,-1.265412977738e+00,-1.265412977738e+00,3.053833490571e-01,1.014674173066e-01,1.522011259599e-01,-1.522011259599e-01,1.014674173066e-01,1.014674173066e-01,1.014674173066e-01,-1.188005759603e-01,-1.782008639405e-01,1.782008639405e-01,-1.188005759603e-01,-1.188005759603e-01,-1.188005759603e-01
2.924000000000e+00,3.055860462117e-01,-1.112417257477e+00,1.112417257477e+00,-1.265210280583e+00,-1.265210280583e+00,3.055860462117e-01,1.012296978493e-01,1.518445467740e-01,-1.518445467740e-01,1.012296978493e-01,1.012296978493e-01,1.012296978493e-01,-1.189187302783e-01,-1.783780954174e-01,1.783780954174e-01,-1.189187302783e-01,-1.189187302783e-01,-1.189187302783e-01
2.926000000000e+00,3.057882676916e-01,-1.112113925258e+00,1.112113925258e+00,-1.265008059103e+00,-1.265008059103e+00,3.057882676916e-01,1.009917429902e-01,1.514876144853e-01,-1.514876144853e-01,1.009917429902e-01,1.009917429902e-01,1.009917429902e-01,-1.190359774614e-01,-1.785539661920e-01,1.785539661920e-01,-1.190359774614e-01,-1.190359774614e-01,-1.190359774614e-01
2.928000000000e+00,3.059900130279e-01,-1.111811307253e+00,1.111811307253e+00,-1.264806313767e+00,-1.264806313767e+00,3.059900130279e-01,1.007535545455e-01,1.511303318183e-01,-1.511303318183e-01,1.007535545455e-01,1.007535545455e-01,1.007535545455e-01,-1.191523155461e-01,-1.787284733191e-01,1.787284733191e-01,-1.191523155461e-01,-1.191523155461e-01,-1.191523155461e-01
2.930000000000e+00,3.061912817553e-01,-1.111509404162e+00,1.111509404162e+00,-1.264605045040e+00,-1.264605045040e+00,3.061912817553e-01,1.005151343354e-01,1.507727015031e-01,-1.507727015031e-01,1.005151343354e-01,1.005151343354e-01,1.005151343354e-01,-1.192677425689e-01,-1.789016138533e-01,1.789016138533e-01,-1.192677425689e-01,-1.192677425689e-01,-1.192677425689e-01
2.932000000000e+00,3.063920734119e-01,-1.111208216677e+00,1.111208216677e+00,-1.264404253383e+00,-1.264404253383e+00,3.063920734119e-01,1.002764841839e-01,1.504147262759e-01,-1.504147262759e-01,1.002764841839e-01,1.002764841839e-01,1.002764841839e-01,-1.193822565664e-01,-1.790733848495e-01,1.790733848495e-01,-1.193822565664e-01,-1.193822565664e-01,-1.193822565664e-01
2.934000000000e+00,3.065923875399e-01,-1.110907745485e+00,1.110907745485e+00,-1.264203939255e+00,-1.264203939255e+00,3.065923875399e-01,1.000376059191e-01,1.500564088787e-01,-1.500564088787e-01,1.000376059191e-01,1.000376059191e-01,1.000376059191e-01,-1.194958555750e-01,-1.792437833624e-01,1.792437833624e-01,-1.194958555750e-01,-1.194958555750e-01,-1.194958555750e-01
2.936000000000e+00,3.067922236848e-01,-1.110607991268e+00,1.110607991268e+00,-1.264004103110e+00,-1.264004103110e+00,3.067922236848e-01,9.979850137294e-02,1.496977520594e-01,-1.496977520594e-01,9.979850137294e-02,9.979850137294e-02,9.979850137294e-02,-1.196085376312e-01,-1.794128064468e-01,1.794128064468e-01,-1.196085376312e-01,-1.196085376312e-01,-1.196085376312e-01
2.938000000000e+00,3.069915813958e-01,-1.110308954701e+00,1.110308954701e+00,-1.263804745399e+00,-1.263804745399e+00,3.069915813958e-01,9.955917238122e-02,1.493387585718e-01,-1.493387585718e-01,9.955917238122e-02,9.955917238122e-02,9.955917238122e-02,-1.197203007716e-01,-1.795804511574e-01,1.795804511574e-01,-1.197203007716e-01,-1.197203007716e-01,-1.197203007716e-01
2.940000000000e+00,3.071904602259e-01,-1.110010636456e+00,1.110010636456e+00,-1.263605866569e+00,-1.263605866569e+00,3.071904602259e-01,9.931962078377e-02,1.489794311757e-01,-1.489794311757e-01,9.931962078377e-02,9.931962078377e-02,9.931962078377e-02,-1.198311430327e-01,-1.797467145490e-01,1.797467145490e-01,-1.198311430327e-01,-1.198311430327e-01,-1.198311430327e-01
2.942000000000e+00,3.073888597317e-01,-1.109713037197e+00,1.109713037197e+00,-1.263407467063e+00,-1.263407467063e+00,3.073888597317e-01,9.907984842432e-02,1.486197726365e-01,-1.486197726365e-01,9.907984842432e-02,9.907984842432e-02,9.907984842432e-02,-1.199410624509e-01,-1.799115936763e-01,1.799115936763e-01,-1.199410624509e-01,-1.199410624509e-01,-1.199410624509e-01
2.944000000000e+00,3.075867794736e-01,-1.109416157584e+00,1.109416157584e+00,-1.263209547321e+00,-1.263209547321e+00,3.075867794736e-01,9.883985715051e-02,1.482597857258e-01,-1.482597857258e-01,9.883985715051e-02,9.883985715051e-02,9.883985715051e-02,-1.200500570627e-01,-1.800750855941e-01,1.800750855941e-01,-1.200500570627e-01,-1.200500570627e-01,-1.200500570627e-01
2.946000000000e+00,3.077842190156e-01,-1.109119998271e+00,1.109119998271e+00,-1.263012107779e+00,-1.263012107779e+00,3.077842190156e-01,9.859964881391e-02,1.478994732209e-01,-1.478994732209e-01,9.859964881391e-02,9.859964881391e-02,9.859964881391e-02,-1.201581249048e-01,-1.802371873572e-01,1.802371873572e-01,-1.201581249048e-01,-1.201581249048e-01,-1.201581249048e-01
2.948000000000e+00,3.079811779254e-01,-1.108824559907e+00,1.108824559907e+00,-1.262815148869e+00,-1.262815148869e+00,3.079811779254e-01,9.835922527004e-02,1.475388379051e-01,-1.475388379051e-01,9.835922527004e-02,9.835922527004e-02,9.835922527004e-02,-1.202652640135e-01,-1.803978960202e-01,1.803978960202e-01,-1.202652640135e-01,-1.202652640135e-01,-1.202652640135e-01
2.950000000000e+00,3.081776557745e-01,-1.108529843133e+00,1.108529843133e+00,-1.262618671020e+00,-1.262618671020e+00,3.081776557745e-01,9.811858837832e-02,1.471778825675e-01,-1.471778825675e-01,9.811858837832e-02,9.811858837832e-02,9.811858837832e-02,-1.203714724254e-01,-1.805572086381e-01,1.805572086381e-01,-1.203714724254e-01,-1.203714724254e-01,-1.203714724254e-01
2.952000000000e+00,3.083736521380e-01,-1.108235848588e+00,1.108235848588e+00,-1.262422674657e+00,-1.262422674657e+00,3.083736521380e-01,9.787774000212e-02,1.468166100032e-01,-1.468166100032e-01,9.787774000212e-02,9.787774000212e-02,9.787774000212e-02,-1.204767481770e-01,-1.807151222654e-01,1.807151222654e-01,-1.204767481770e-01,-1.204767481770e-01,-1.204767481770e-01
2.954000000000e+00,3.085691665947e-01,-1.107942576903e+00,1.107942576903e+00,-1.262227160200e+00,-1.262227160200e+00,3.085691665947e-01,9.763668200870e-02,1.464550230130e-01,-1.464550230130e-01,9.763668200870e-02,9.763668200870e-02,9.763668200870e-02,-1.205810893047e-01,-1.808716339571e-01,1.808716339571e-01,-1.205810893047e-01,-1.205810893047e-01,-1.205810893047e-01
2.956000000000e+00,3.087641987275e-01,-1.107650028704e+00,1.107650028704e+00,-1.262032128067e+00,-1.262032128067e+00,3.087641987275e-01,9.739541626929e-02,1.460931244039e-01,-1.460931244039e-01,9.739541626929e-02,9.739541626929e-02,9.739541626929e-02,-1.206844938452e-01,-1.810267407677e-01,1.810267407677e-01,-1.206844938452e-01,-1.206844938452e-01,-1.206844938452e-01
2.958000000000e+00,3.089587481226e-01,-1.107358204611e+00,1.107358204611e+00,-1.261837578672e+00,-1.261837578672e+00,3.089587481226e-01,9.715394465902e-02,1.457309169885e-01,-1.457309169885e-01,9.715394465902e-02,9.715394465902e-02,9.715394465902e-02,-1.207869598348e-01,-1.811804397522e-01,1.811804397522e-01,-1.207869598348e-01,-1.207869598348e-01,-1.207869598348e-01
2.960000000000e+00,3.091528143701e-01,-1.107067105240e+00,1.107067105240e+00,-1.261643512425e+00,-1.261643512425e+00,3.091528143701e-01,9.691226905696e-02,1.453684035854e-01,-1.453684035854e-01,9.691226905696e-02,9.691226905696e-02,9.691226905696e-02,-1.208884853101e-01,-1.813327279652e-01,1.813327279652e-01,-1.208884853101e-01,-1.208884853101e-01,-1.208884853101e-01
2.962000000000e+00,3.093463970641e-01,-1.106776731199e+00,1.106776731199e+00,-1.261449929731e+00,-1.261449929731e+00,3.093463970641e-01,9.667039134610e-02,1.450055870191e-01,-1.450055870191e-01,9.667039134610e-02,9.667039134610e-02,9.667039134610e-02,-1.209890683077e-01,-1.814836024615e-01,1.814836024615e-01,-1.209890683077e-01,-1.209890683077e-01,-1.209890683077e-01
2.964000000000e+00,3.095394958020e-01,-1.106487083092e+00,1.106487083092e+00,-1.261256830993e+00,-1.261256830993e+00,3.095394958020e-01,9.642831341336e-02,1.446424701200e-01,-1.446424701200e-01,9.642831341336e-02,9.642831341336e-02,9.642831341336e-02,-1.210887068639e-01,-1.816330602959e-01,1.816330602959e-01,-1.210887068639e-01,-1.210887068639e-01,-1.210887068639e-01
2.966000000000e+00,3.097321101855e-01,-1.106198161517e+00,1.106198161517e+00,-1.261064216609e+00,-1.261064216609e+00,3.097321101855e-01,9.618603714958e-02,1.442790557244e-01,-1.442790557244e-01,9.618603714958e-02,9.618603714958e-02,9.618603714958e-02,-1.211873990154e-01,-1.817810985231e-01,1.817810985231e-01,-1.211873990154e-01,-1.211873990154e-01,-1.211873990154e-01
2.968000000000e+00,3.099242398197e-01,-1.105909967065e+00,1.105909967065e+00,-1.260872086975e+00,-1.260872086975e+00,3.099242398197e-01,9.594356444954e-02,1.439153466743e-01,-1.439153466743e-01,9.594356444954e-02,9.594356444954e-02,9.594356444954e-02,-1.212851427986e-01,-1.819277141979e-01,1.819277141979e-01,-1.212851427986e-01,-1.212851427986e-01,-1.212851427986e-01
2.970000000000e+00,3.101158843136e-01,-1.105622500324e+00,1.105622500324e+00,-1.260680442481e+00,-1.260680442481e+00,3.101158843136e-01,9.570089721194e-02,1.435513458179e-01,-1.435513458179e-01,9.570089721194e-02,9.570089721194e-02,9.570089721194e-02,-1.213819362500e-01,-1.820729043750e-01,1.820729043750e-01,-1.213819362500e-01,-1.213819362500e-01,-1.213819362500e-01
2.972000000000e+00,3.103070432801e-01,-1.105335761875e+00,1.105335761875e+00,-1.260489283515e+00,-1.260489283515e+00,3.103070432801e-01,9.545803733940e-02,1.431870560091e-01,-1.431870560091e-01,9.545803733940e-02,9.545803733940e-02,9.545803733940e-02,-1.214777774061e-01,-1.822166661092e-01,1.822166661092e-01,-1.214777774061e-01,-1.214777774061e-01,-1.214777774061e-01
2.974000000000e+00,3.104977163358e-01,-1.105049752291e+00,1.105049752291e+00,-1.260298610459e+00,-1.260298610459e+00,3.104977163358e-01,9.521498673849e-02,1.428224801077e-01,-1.428224801077e-01,9.521498673849e-02,9.521498673849e-02,9.521498673849e-02,-1.215726643035e-01,-1.823589964552e-01,1.823589964552e-01,-1.215726643035e-01,-1.215726643035e-01,-1.215726643035e-01
2.976000000000e+00,3.106879031012e-01,-1.104764472143e+00,1.104764472143e+00,-1.260108423694e+00,-1.260108423694e+00,3.106879031012e-01,9.497174731967e-02,1.424576209795e-01,-1.424576209795e-01,9.497174731967e-02,9.497174731967e-02,9.497174731967e-02,-1.216665949786e-01,-1.824998924679e-01,1.824998924679e-01,-1.216665949786e-01,-1.216665949786e-01,-1.216665949786e-01
2.978000000000e+00,3.108776032005e-01,-1.104479921994e+00,1.104479921994e+00,-1.259918723594e+00,-1.259918723594e+00,3.108776032005e-01,9.472832099736e-02,1.420924814960e-01,-1.420924814960e-01,9.472832099736e-02,9.472832099736e-02,9.472832099736e-02,-1.217595674679e-01,-1.826393512019e-01,1.826393512019e-01,-1.217595674679e-01,-1.217595674679e-01,-1.217595674679e-01
2.980000000000e+00,3.110668162618e-01,-1.104196102402e+00,1.104196102402e+00,-1.259729510533e+00,-1.259729510533e+00,3.110668162618e-01,9.448470968990e-02,1.417270645348e-01,-1.417270645348e-01,9.448470968990e-02,9.448470968990e-02,9.448470968990e-02,-1.218515798080e-01,-1.827773697120e-01,1.827773697120e-01,-1.218515798080e-01,-1.218515798080e-01,-1.218515798080e-01
2.982000000000e+00,3.112555419172e-01,-1.103913013919e+00,1.103913013919e+00,-1.259540784878e+00,-1.259540784878e+00,3.112555419172e-01,9.424091531954e-02,1.413613729793e-01,-1.413613729793e-01,9.424091531954e-02,9.424091531954e-02,9.424091531954e-02,-1.219426300353e-01,-1.829139450530e-01,1.829139450530e-01,-1.219426300353e-01,-1.219426300353e-01,-1.219426300353e-01
2.984000000000e+00,3.114437798024e-01,-1.103630657091e+00,1.103630657091e+00,-1.259352546993e+00,-1.259352546993e+00,3.114437798024e-01,9.399693981247e-02,1.409954097187e-01,-1.409954097187e-01,9.399693981247e-02,9.399693981247e-02,9.399693981247e-02,-1.220327161864e-01,-1.830490742796e-01,1.830490742796e-01,-1.220327161864e-01,-1.220327161864e-01,-1.220327161864e-01
2.986000000000e+00,3.116315295570e-01,-1.103349032459e+00,1.103349032459e+00,-1.259164797238e+00,-1.259164797238e+00,3.116315295570e-01,9.375278509882e-02,1.406291776482e-01,-1.406291776482e-01,9.375278509882e-02,9.375278509882e-02,9.375278509882e-02,-1.221218362978e-01,-1.831827544467e-01,1.831827544467e-01,-1.221218362978e-01,-1.221218362978e-01,-1.221218362978e-01
2.988000000000e+00,3.118187908246e-01,-1.103068140558e+00,1.103068140558e+00,-1.258977535970e+00,-1.258977535970e+00,3.118187908246e-01,9.350845311262e-02,1.402626796689e-01,-1.402626796689e-01,9.350845311262e-02,9.350845311262e-02,9.350845311262e-02,-1.222099884059e-01,-1.833149826088e-01,1.833149826088e-01,-1.222099884059e-01,-1.222099884059e-01,-1.222099884059e-01
2.990000000000e+00,3.120055632525e-01,-1.102787981916e+00,1.102787981916e+00,-1.258790763542e+00,-1.258790763542e+00,3.120055632525e-01,9.326394579184e-02,1.398959186878e-01,-1.398959186878e-01,9.326394579184e-02,9.326394579184e-02,9.326394579184e-02,-1.222971705473e-01,-1.834457558209e-01,1.834457558209e-01,-1.222971705473e-01,-1.222971705473e-01,-1.222971705473e-01
2.992000000000e+00,3.121918464921e-01,-1.102508557057e+00,1.102508557057e+00,-1.258604480303e+00,-1.258604480303e+00,3.121918464921e-01,9.301926507838e-02,1.395288976176e-01,-1.395288976176e-01,9.301926507838e-02,9.301926507838e-02,9.301926507838e-02,-1.223833807584e-01,-1.835750711376e-01,1.835750711376e-01,-1.223833807584e-01,-1.223833807584e-01,-1.223833807584e-01
2.994000000000e+00,3.123776401986e-01,-1.102229866497e+00,1.102229866497e+00,-1.258418686596e+00,-1.258418686596e+00,3.123776401986e-01,9.277441291807e-02,1.391616193771e-01,-1.391616193771e-01,9.277441291807e-02,9.277441291807e-02,9.277441291807e-02,-1.224686170759e-01,-1.837029256138e-01,1.837029256138e-01,-1.224686170759e-01,-1.224686170759e-01,-1.224686170759e-01
2.996000000000e+00,3.125629440308e-01,-1.101951910749e+00,1.101951910749e+00,-1.258233382764e+00,-1.258233382764e+00,3.125629440308e-01,9.252939126065e-02,1.387940868910e-01,-1.387940868910e-01,9.252939126065e-02,9.252939126065e-02,9.252939126065e-02,-1.225528775361e-01,-1.838293163041e-01,1.838293163041e-01,-1.225528775361e-01,-1.225528775361e-01,-1.225528775361e-01
2.998000000000e+00,3.127477576519e-01,-1.101674690317e+00,1.101674690317e+00,-1.258048569143e+00,-1.258048569143e+00,3.127477576519e-01,9.228420205981e-02,1.384263030897e-01,-1.384263030897e-01,9.228420205981e-02,9.228420205981e-02,9.228420205981e-02,-1.226361601756e-01,-1.839542402633e-01,1.839542402633e-01,-1.226361601756e-01,-1.226361601756e-01,-1.226361601756e-01
3.000000000000e+00,3.129320807287e-01,-1.101398205702e+00,1.101398205702e+00,-1.257864246066e+00,-1.257864246066e+00,3.129320807287e-01,9.203884727314e-02,1.380582709097e-01,-1.380582709097e-01,9.203884727314e-02,9.203884727314e-02,9.203884727314e-02,-1.227184630309e-01,-1.840776945463e-01,1.840776945463e-01,-1.227184630309e-01,-1.227184630309e-01,-1.227184630309e-01
3.002000000000e+00,3.131159129319e-01,-1.101122457397e+00,1.101122457397e+00,-1.257680413863e+00,-1.257680413863e+00,3.131159129319e-01,9.179332886218e-02,1.376899932933e-01,-1.376899932933e-01,9.179332886218e-02,9.179332886218e-02,9.179332886218e-02,-1.227997841384e-01,-1.841996762077e-01,1.841996762077e-01,-1.227997841384e-01,-1.227997841384e-01,-1.227997841384e-01
3.004000000000e+00,3.132992539363e-01,-1.100847445890e+00,1.100847445890e+00,-1.257497072859e+00,-1.257497072859e+00,3.132992539363e-01,9.154764879239e-02,1.373214731886e-01,-1.373214731886e-01,9.154764879239e-02,9.154764879239e-02,9.154764879239e-02,-1.228801215348e-01,-1.843201823022e-01,1.843201823022e-01,-1.228801215348e-01,-1.228801215348e-01,-1.228801215348e-01
3.006000000000e+00,3.134821034206e-01,-1.100573171664e+00,1.100573171664e+00,-1.257314223374e+00,-1.257314223374e+00,3.134821034206e-01,9.130180903316e-02,1.369527135497e-01,-1.369527135497e-01,9.130180903316e-02,9.130180903316e-02,9.130180903316e-02,-1.229594732565e-01,-1.844392098848e-01,1.844392098848e-01,-1.229594732565e-01,-1.229594732565e-01,-1.229594732565e-01
3.008000000000e+00,3.136644610673e-01,-1.100299635194e+00,1.100299635194e+00,-1.257131865728e+00,-1.257131865728e+00,3.136644610673e-01,9.105581155779e-02,1.365837173367e-01,-1.365837173367e-01,9.105581155779e-02,9.105581155779e-02,9.105581155779e-02,-1.230378373400e-01,-1.845567560100e-01,1.845567560100e-01,-1.230378373400e-01,-1.230378373400e-01,-1.230378373400e-01
3.010000000000e+00,3.138463265630e-01,-1.100026836950e+00,1.100026836950e+00,-1.256950000232e+00,-1.256950000232e+00,3.138463265630e-01,9.080965834353e-02,1.362144875153e-01,-1.362144875153e-01,9.080965834353e-02,9.080965834353e-02,9.080965834353e-02,-1.231152118218e-01,-1.846728177327e-01,1.846728177327e-01,-1.231152118218e-01,-1.231152118218e-01,-1.231152118218e-01
3.012000000000e+00,3.140276995982e-01,-1.099754777398e+00,1.099754777398e+00,-1.256768627197e+00,-1.256768627197e+00,3.140276995982e-01,9.056335137155e-02,1.358450270573e-01,-1.358450270573e-01,9.056335137155e-02,9.056335137155e-02,9.056335137155e-02,-1.231915947385e-01,-1.847873921077e-01,1.847873921077e-01,-1.231915947385e-01,-1.231915947385e-01,-1.231915947385e-01
3.014000000000e+00,3.142085798673e-01,-1.099483456994e+00,1.099483456994e+00,-1.256587746928e+00,-1.256587746928e+00,3.142085798673e-01,9.031689262693e-02,1.354753389404e-01,-1.354753389404e-01,9.031689262693e-02,9.031689262693e-02,9.031689262693e-02,-1.232669841264e-01,-1.849004761896e-01,1.849004761896e-01,-1.232669841264e-01,-1.232669841264e-01,-1.232669841264e-01
3.016000000000e+00,3.143889670689e-01,-1.099212876192e+00,1.099212876192e+00,-1.256407359726e+00,-1.256407359726e+00,3.143889670689e-01,9.007028409870e-02,1.351054261481e-01,-1.351054261481e-01,9.007028409870e-02,9.007028409870e-02,9.007028409870e-02,-1.233413780222e-01,-1.850120670333e-01,1.850120670333e-01,-1.233413780222e-01,-1.233413780222e-01,-1.233413780222e-01
3.018000000000e+00,3.145688609052e-01,-1.098943035437e+00,1.098943035437e+00,-1.256227465890e+00,-1.256227465890e+00,3.145688609052e-01,8.982352777981e-02,1.347352916697e-01,-1.347352916697e-01,8.982352777981e-02,8.982352777981e-02,8.982352777981e-02,-1.234147744623e-01,-1.851221616935e-01,1.851221616935e-01,-1.234147744623e-01,-1.234147744623e-01,-1.234147744623e-01
3.020000000000e+00,3.147482610828e-01,-1.098673935171e+00,1.098673935171e+00,-1.256048065712e+00,-1.256048065712e+00,3.147482610828e-01,8.957662566713e-02,1.343649385007e-01,-1.343649385007e-01,8.957662566713e-02,8.957662566713e-02,8.957662566713e-02,-1.234871714833e-01,-1.852307572249e-01,1.852307572249e-01,-1.234871714833e-01,-1.234871714833e-01,-1.234871714833e-01
3.022000000000e+00,3.149271673120e-01,-1.098405575827e+00,1.098405575827e+00,-1.255869159483e+00,-1.255869159483e+00,3.149271673120e-01,8.932957976147e-02,1.339943696422e-01,-1.339943696422e-01,8.932957976147e-02,8.932957976147e-02,8.932957976147e-02,-1.235585671216e-01,-1.853378506824e-01,1.853378506824e-01,-1.235585671216e-01,-1.235585671216e-01,-1.235585671216e-01
3.024000000000e+00,3.151055793073e-01,-1.098137957834e+00,1.098137957834e+00,-1.255690747488e+00,-1.255690747488e+00,3.151055793073e-01,8.908239206755e-02,1.336235881013e-01,-1.336235881013e-01,8.908239206755e-02,8.908239206755e-02,8.908239206755e-02,-1.236289594137e-01,-1.854434391206e-01,1.854434391206e-01,-1.236289594137e-01,-1.236289594137e-01,-1.236289594137e-01
3.026000000000e+00,3.152834967871e-01,-1.097871081614e+00,1.097871081614e+00,-1.255512830008e+00,-1.255512830008e+00,3.152834967871e-01,8.883506459402e-02,1.332525968910e-01,-1.332525968910e-01,8.883506459402e-02,8.883506459402e-02,8.883506459402e-02,-1.236983463962e-01,-1.855475195943e-01,1.855475195943e-01,-1.236983463962e-01,-1.236983463962e-01,-1.236983463962e-01
3.028000000000e+00,3.154609194738e-01,-1.097604947584e+00,1.097604947584e+00,-1.255335407321e+00,-1.255335407321e+00,3.154609194738e-01,8.858759935348e-02,1.328813990302e-01,-1.328813990302e-01,8.858759935348e-02,8.858759935348e-02,8.858759935348e-02,-1.237667261056e-01,-1.856500891583e-01,1.856500891583e-01,-1.237667261056e-01,-1.237667261056e-01,-1.237667261056e-01
3.030000000000e+00,3.156378470940e-01,-1.097339556154e+00,1.097339556154e+00,-1.255158479701e+00,-1.255158479701e+00,3.156378470940e-01,8.833999836242e-02,1.325099975436e-01,-1.325099975436e-01,8.833999836242e-02,8.833999836242e-02,8.833999836242e-02,-1.238340965783e-01,-1.857511448674e-01,1.857511448674e-01,-1.238340965783e-01,-1.238340965783e-01,-1.238340965783e-01
3.032000000000e+00,3.158142793781e-01,-1.097074907728e+00,1.097074907728e+00,-1.254982047417e+00,-1.254982047417e+00,3.158142793781e-01,8.809226364130e-02,1.321383954619e-01,-1.321383954619e-01,8.809226364130e-02,8.809226364130e-02,8.809226364130e-02,-1.239004558508e-01,-1.858506837763e-01,1.858506837763e-01,-1.239004558508e-01,-1.239004558508e-01,-1.239004558508e-01
3.034000000000e+00,3.159902160608e-01,-1.096811002704e+00,1.096811002704e+00,-1.254806110734e+00,-1.254806110734e+00,3.159902160608e-01,8.784439721446e-02,1.317665958217e-01,-1.317665958217e-01,8.784439721446e-02,8.784439721446e-02,8.784439721446e-02,-1.239658019598e-01,-1.859487029397e-01,1.859487029397e-01,-1.239658019598e-01,-1.239658019598e-01,-1.239658019598e-01
3.036000000000e+00,3.161656568805e-01,-1.096547841474e+00,1.096547841474e+00,-1.254630669914e+00,-1.254630669914e+00,3.161656568805e-01,8.759640111021e-02,1.313946016653e-01,-1.313946016653e-01,8.759640111021e-02,8.759640111021e-02,8.759640111021e-02,-1.240301329416e-01,-1.860451994124e-01,1.860451994124e-01,-1.240301329416e-01,-1.240301329416e-01,-1.240301329416e-01
3.038000000000e+00,3.163406015801e-01,-1.096285424425e+00,1.096285424425e+00,-1.254455725215e+00,-1.254455725215e+00,3.163406015801e-01,8.734827736075e-02,1.310224160411e-01,-1.310224160411e-01,8.734827736075e-02,8.734827736075e-02,8.734827736075e-02,-1.240934468328e-01,-1.861401702492e-01,1.861401702492e-01,-1.240934468328e-01,-1.240934468328e-01,-1.240934468328e-01
3.040000000000e+00,3.165150499062e-01,-1.096023751936e+00,1.096023751936e+00,-1.254281276889e+00,-1.254281276889e+00,3.165150499062e-01,8.710002800225e-02,1.306500420034e-01,-1.306500420034e-01,8.710002800225e-02,8.710002800225e-02,8.710002800225e-02,-1.241557416699e-01,-1.862336125048e-01,1.862336125048e-01,-1.241557416699e-01,-1.241557416699e-01,-1.241557416699e-01
3.042000000000e+00,3.166890016097e-01,-1.095762824380e+00,1.095762824380e+00,-1.254107325185e+00,-1.254107325185e+00,3.166890016097e-01,8.685165507475e-02,1.302774826121e-01,-1.302774826121e-01,8.685165507475e-02,8.685165507475e-02,8.685165507475e-02,-1.242170154893e-01,-1.863255232340e-01,1.863255232340e-01,-1.242170154893e-01,-1.242170154893e-01,-1.242170154893e-01
3.044000000000e+00,3.168624564455e-01,-1.095502642127e+00,1.095502642127e+00,-1.253933870349e+00,-1.253933870349e+00,3.168624564455e-01,8.660316062228e-02,1.299047409334e-01,-1.299047409334e-01,8.660316062228e-02,8.660316062228e-02,8.660316062228e-02,-1.242772663277e-01,-1.864158994915e-01,1.864158994915e-01,-1.242772663277e-01,-1.242772663277e-01,-1.242772663277e-01
3.046000000000e+00,3.170354141726e-01,-1.095243205536e+00,1.095243205536e+00,-1.253760912622e+00,-1.253760912622e+00,3.170354141726e-01,8.635454669274e-02,1.295318200391e-01,-1.295318200391e-01,8.635454669274e-02,8.635454669274e-02,8.635454669274e-02,-1.243364922214e-01,-1.865047383322e-01,1.865047383322e-01,-1.243364922214e-01,-1.243364922214e-01,-1.243364922214e-01
3.048000000000e+00,3.172078745540e-01,-1.094984514964e+00,1.094984514964e+00,-1.253588452241e+00,-1.253588452241e+00,3.172078745540e-01,8.610581533800e-02,1.291587230070e-01,-1.291587230070e-01,8.610581533800e-02,8.610581533800e-02,8.610581533800e-02,-1.243946912071e-01,-1.865920368107e-01,1.865920368107e-01,-1.243946912071e-01,-1.243946912071e-01,-1.243946912071e-01
3.050000000000e+00,3.173798373570e-01,-1.094726570759e+00,1.094726570759e+00,-1.253416489438e+00,-1.253416489438e+00,3.173798373570e-01,8.585696861383e-02,1.287854529207e-01,-1.287854529207e-01,8.585696861383e-02,8.585696861383e-02,8.585696861383e-02,-1.244518613212e-01,-1.866777919817e-01,1.866777919817e-01,-1.244518613212e-01,-1.244518613212e-01,-1.244518613212e-01
3.052000000000e+00,3.175513023529e-01,-1.094469373266e+00,1.094469373266e+00,-1.253245024442e+00,-1.253245024442e+00,3.175513023529e-01,8.560800857993e-02,1.284120128699e-01,-1.284120128699e-01,8.560800857993e-02,8.560800857993e-02,8.560800857993e-02,-1.245080006001e-01,-1.867620009002e-01,1.867620009002e-01,-1.245080006001e-01,-1.245080006001e-01,-1.245080006001e-01
3.054000000000e+00,3.177222693172e-01,-1.094212922819e+00,1.094212922819e+00,-1.253074057478e+00,-1.253074057478e+00,3.177222693172e-01,8.535893729996e-02,1.280384059499e-01,-1.280384059499e-01,8.535893729996e-02,8.535893729996e-02,8.535893729996e-02,-1.245631070805e-01,-1.868446606208e-01,1.868446606208e-01,-1.245631070805e-01,-1.245631070805e-01,-1.245631070805e-01
3.056000000000e+00,3.178927380293e-01,-1.093957219751e+00,1.093957219751e+00,-1.252903588766e+00,-1.252903588766e+00,3.178927380293e-01,8.510975684145e-02,1.276646352622e-01,-1.276646352622e-01,8.510975684145e-02,8.510975684145e-02,8.510975684145e-02,-1.246171787988e-01,-1.869257681982e-01,1.869257681982e-01,-1.246171787988e-01,-1.246171787988e-01,-1.246171787988e-01
3.058000000000e+00,3.180627082731e-01,-1.093702264385e+00,1.093702264385e+00,-1.252733618522e+00,-1.252733618522e+00,3.180627082731e-01,8.486046927591e-02,1.272907039139e-01,-1.272907039139e-01,8.486046927591e-02,8.486046927591e-02,8.486046927591e-02,-1.246702137916e-01,-1.870053206873e-01,1.870053206873e-01,-1.246702137916e-01,-1.246702137916e-01,-1.246702137916e-01
3.060000000000e+00,3.182321798364e-01,-1.093448057040e+00,1.093448057040e+00,-1.252564146958e+00,-1.252564146958e+00,3.182321798364e-01,8.461107667875e-02,1.269166150181e-01,-1.269166150181e-01,8.461107667875e-02,8.461107667875e-02,8.461107667875e-02,-1.247222100952e-01,-1.870833151428e-01,1.870833151428e-01,-1.247222100952e-01,-1.247222100952e-01,-1.247222100952e-01
3.062000000000e+00,3.184011525112e-01,-1.093194598028e+00,1.093194598028e+00,-1.252395174284e+00,-1.252395174284e+00,3.184011525112e-01,8.436158112930e-02,1.265423716940e-01,-1.265423716940e-01,8.436158112930e-02,8.436158112930e-02,8.436158112930e-02,-1.247731657463e-01,-1.871597486195e-01,1.871597486195e-01,-1.247731657463e-01,-1.247731657463e-01,-1.247731657463e-01
3.064000000000e+00,3.185696260937e-01,-1.092941887654e+00,1.092941887654e+00,-1.252226700701e+00,-1.252226700701e+00,3.185696260937e-01,8.411198471084e-02,1.261679770663e-01,-1.261679770663e-01,8.411198471084e-02,8.411198471084e-02,8.411198471084e-02,-1.248230787813e-01,-1.872346181720e-01,1.872346181720e-01,-1.248230787813e-01,-1.248230787813e-01,-1.248230787813e-01
3.066000000000e+00,3.187376003842e-01,-1.092689926219e+00,1.092689926219e+00,-1.252058726411e+00,-1.252058726411e+00,3.187376003842e-01,8.386228951056e-02,1.257934342658e-01,-1.257934342658e-01,8.386228951056e-02,8.386228951056e-02,8.386228951056e-02,-1.248719472368e-01,-1.873079208552e-01,1.873079208552e-01,-1.248719472368e-01,-1.248719472368e-01,-1.248719472368e-01
3.068000000000e+00,3.189050751873e-01,-1.092438714014e+00,1.092438714014e+00,-1.251891251608e+00,-1.251891251608e+00,3.189050751873e-01,8.361249761959e-02,1.254187464294e-01,-1.254187464294e-01,8.361249761959e-02,8.361249761959e-02,8.361249761959e-02,-1.249197691492e-01,-1.873796537239e-01,1.873796537239e-01,-1.249197691492e-01,-1.249197691492e-01,-1.249197691492e-01
3.070000000000e+00,3.190720503116e-01,-1.092188251327e+00,1.092188251327e+00,-1.251724276483e+00,-1.251724276483e+00,3.190720503116e-01,8.336261113297e-02,1.250439166995e-01,-1.250439166995e-01,8.336261113297e-02,8.336261113297e-02,8.336261113297e-02,-1.249665425551e-01,-1.874498138327e-01,1.874498138327e-01,-1.249665425551e-01,-1.249665425551e-01,-1.249665425551e-01
3.072000000000e+00,3.192385255701e-01,-1.091938538440e+00,1.091938538440e+00,-1.251557801225e+00,-1.251557801225e+00,3.192385255701e-01,8.311263214968e-02,1.246689482245e-01,-1.246689482245e-01,8.311263214968e-02,8.311263214968e-02,8.311263214968e-02,-1.250122654909e-01,-1.875183982364e-01,1.875183982364e-01,-1.250122654909e-01,-1.250122654909e-01,-1.250122654909e-01
3.074000000000e+00,3.194045007800e-01,-1.091689575625e+00,1.091689575625e+00,-1.251391826015e+00,-1.251391826015e+00,3.194045007800e-01,8.286256277263e-02,1.242938441589e-01,-1.242938441589e-01,8.286256277263e-02,8.286256277263e-02,8.286256277263e-02,-1.250569359932e-01,-1.875854039899e-01,1.875854039899e-01,-1.250569359932e-01,-1.250569359932e-01,-1.250569359932e-01
3.076000000000e+00,3.195699757624e-01,-1.091441363151e+00,1.091441363151e+00,-1.251226351033e+00,-1.251226351033e+00,3.195699757624e-01,8.261240510864e-02,1.239186076630e-01,-1.239186076630e-01,8.261240510864e-02,8.261240510864e-02,8.261240510864e-02,-1.251005520985e-01,-1.876508281477e-01,1.876508281477e-01,-1.251005520985e-01,-1.251005520985e-01,-1.251005520985e-01
3.078000000000e+00,3.197349503429e-01,-1.091193901280e+00,1.091193901280e+00,-1.251061376452e+00,-1.251061376452e+00,3.197349503429e-01,8.236216126847e-02,1.235432419027e-01,-1.235432419027e-01,8.236216126847e-02,8.236216126847e-02,8.236216126847e-02,-1.251431118432e-01,-1.877146677648e-01,1.877146677648e-01,-1.251431118432e-01,-1.251431118432e-01,-1.251431118432e-01
3.080000000000e+00,3.198994243514e-01,-1.090947190268e+00,1.090947190268e+00,-1.250896902443e+00,-1.250896902443e+00,3.198994243514e-01,8.211183336682e-02,1.231677500502e-01,-1.231677500502e-01,8.211183336682e-02,8.211183336682e-02,8.211183336682e-02,-1.251846132639e-01,-1.877769198959e-01,1.877769198959e-01,-1.251846132639e-01,-1.251846132639e-01,-1.251846132639e-01
3.082000000000e+00,3.200633976218e-01,-1.090701230362e+00,1.090701230362e+00,-1.250732929173e+00,-1.250732929173e+00,3.200633976218e-01,8.186142352228e-02,1.227921352834e-01,-1.227921352834e-01,8.186142352228e-02,8.186142352228e-02,8.186142352228e-02,-1.252250543971e-01,-1.878375815957e-01,1.878375815957e-01,-1.252250543971e-01,-1.252250543971e-01,-1.252250543971e-01
3.084000000000e+00,3.202268699923e-01,-1.090456021806e+00,1.090456021806e+00,-1.250569456803e+00,-1.250569456803e+00,3.202268699923e-01,8.161093385739e-02,1.224164007861e-01,-1.224164007861e-01,8.161093385739e-02,8.161093385739e-02,8.161093385739e-02,-1.252644332793e-01,-1.878966499189e-01,1.878966499189e-01,-1.252644332793e-01,-1.252644332793e-01,-1.252644332793e-01
3.086000000000e+00,3.203898413054e-01,-1.090211564837e+00,1.090211564837e+00,-1.250406485489e+00,-1.250406485489e+00,3.203898413054e-01,8.136036649864e-02,1.220405497480e-01,-1.220405497480e-01,8.136036649864e-02,8.136036649864e-02,8.136036649864e-02,-1.253027479469e-01,-1.879541219204e-01,1.879541219204e-01,-1.253027479469e-01,-1.253027479469e-01,-1.253027479469e-01
3.088000000000e+00,3.205523114079e-01,-1.089967859683e+00,1.089967859683e+00,-1.250244015387e+00,-1.250244015387e+00,3.205523114079e-01,8.110972357639e-02,1.216645853646e-01,-1.216645853646e-01,8.110972357639e-02,8.110972357639e-02,8.110972357639e-02,-1.253399964366e-01,-1.880099946548e-01,1.880099946548e-01,-1.253399964366e-01,-1.253399964366e-01,-1.253399964366e-01
3.090000000000e+00,3.207142801508e-01,-1.089724906569e+00,1.089724906569e+00,-1.250082046644e+00,-1.250082046644e+00,3.207142801508e-01,8.085900722498e-02,1.212885108375e-01,-1.212885108375e-01,8.085900722498e-02,8.085900722498e-02,8.085900722498e-02,-1.253761767847e-01,-1.880642651771e-01,1.880642651771e-01,-1.253761767847e-01,-1.253761767847e-01,-1.253761767847e-01
3.092000000000e+00,3.208757473893e-01,-1.089482705711e+00,1.089482705711e+00,-1.249920579406e+00,-1.249920579406e+00,3.208757473893e-01,8.060821958266e-02,1.209123293740e-01,-1.209123293740e-01,8.060821958266e-02,8.060821958266e-02,8.060821958266e-02,-1.254112870279e-01,-1.881169305418e-01,1.881169305418e-01,-1.254112870279e-01,-1.254112870279e-01,-1.254112870279e-01
3.094000000000e+00,3.210367129830e-01,-1.089241257320e+00,1.089241257320e+00,-1.249759613812e+00,-1.249759613812e+00,3.210367129830e-01,8.035736279158e-02,1.205360441874e-01,-1.205360441874e-01,8.035736279158e-02,8.035736279158e-02,8.035736279158e-02,-1.254453252025e-01,-1.881679878038e-01,1.881679878038e-01,-1.254453252025e-01,-1.254453252025e-01,-1.254453252025e-01
3.096000000000e+00,3.211971767958e-01,-1.089000561601e+00,1.089000561601e+00,-1.249599149999e+00,-1.249599149999e+00,3.211971767958e-01,8.010643899787e-02,1.201596584968e-01,-1.201596584968e-01,8.010643899787e-02,8.010643899787e-02,8.010643899787e-02,-1.254782893452e-01,-1.882174340178e-01,1.882174340178e-01,-1.254782893452e-01,-1.254782893452e-01,-1.254782893452e-01
3.098000000000e+00,3.213571386957e-01,-1.088760618751e+00,1.088760618751e+00,-1.249439188099e+00,-1.249439188099e+00,3.213571386957e-01,7.985545035153e-02,1.197831755273e-01,-1.197831755273e-01,7.985545035153e-02,7.985545035153e-02,7.985545035153e-02,-1.255101774924e-01,-1.882652662385e-01,1.882652662385e-01,-1.255101774924e-01,-1.255101774924e-01,-1.255101774924e-01
3.100000000000e+00,3.215165985554e-01,-1.088521428962e+00,1.088521428962e+00,-1.249279728240e+00,-1.249279728240e+00,3.215165985554e-01,7.960439900654e-02,1.194065985098e-01,-1.194065985098e-01,7.960439900654e-02,7.960439900654e-02,7.960439900654e-02,-1.255409876806e-01,-1.883114815208e-01,1.883114815208e-01,-1.255409876806e-01,-1.255409876806e-01,-1.255409876806e-01
3.102000000000e+00,3.216755562514e-01,-1.088282992418e+00,1.088282992418e+00,-1.249120770543e+00,-1.249120770543e+00,3.216755562514e-01,7.935328712076e-02,1.190299306811e-01,-1.190299306811e-01,7.935328712076e-02,7.935328712076e-02,7.935328712076e-02,-1.255707179463e-01,-1.883560769194e-01,1.883560769194e-01,-1.255707179463e-01,-1.255707179463e-01,-1.255707179463e-01
3.104000000000e+00,3.218340116649e-01,-1.088045309297e+00,1.088045309297e+00,-1.248962315130e+00,-1.248962315130e+00,3.218340116649e-01,7.910211685601e-02,1.186531752840e-01,-1.186531752840e-01,7.910211685601e-02,7.910211685601e-02,7.910211685601e-02,-1.255993663260e-01,-1.883990494891e-01,1.883990494891e-01,-1.255993663260e-01,-1.255993663260e-01,-1.255993663260e-01
3.106000000000e+00,3.219919646814e-01,-1.087808379773e+00,1.087808379773e+00,-1.248804362114e+00,-1.248804362114e+00,3.219919646814e-01,7.885089037802e-02,1.182763355670e-01,-1.182763355670e-01,7.885089037802e-02,7.885089037802e-02,7.885089037802e-02,-1.256269308563e-01,-1.884403962845e-01,1.884403962845e-01,-1.256269308563e-01,-1.256269308563e-01,-1.256269308563e-01
3.108000000000e+00,3.221494151904e-01,-1.087572204009e+00,1.087572204009e+00,-1.248646911604e+00,-1.248646911604e+00,3.221494151904e-01,7.859960985646e-02,1.178994147847e-01,-1.178994147847e-01,7.859960985646e-02,7.859960985646e-02,7.859960985646e-02,-1.256534095737e-01,-1.884801143605e-01,1.884801143605e-01,-1.256534095737e-01,-1.256534095737e-01,-1.256534095737e-01
3.110000000000e+00,3.223063630862e-01,-1.087336782166e+00,1.087336782166e+00,-1.248489963709e+00,-1.248489963709e+00,3.223063630862e-01,7.834827746491e-02,1.175224161974e-01,-1.175224161974e-01,7.834827746491e-02,7.834827746491e-02,7.834827746491e-02,-1.256788005145e-01,-1.885182007718e-01,1.885182007718e-01,-1.256788005145e-01,-1.256788005145e-01,-1.256788005145e-01
3.112000000000e+00,3.224628082672e-01,-1.087102114394e+00,1.087102114394e+00,-1.248333518528e+00,-1.248333518528e+00,3.224628082672e-01,7.809689538089e-02,1.171453430713e-01,-1.171453430713e-01,7.809689538089e-02,7.809689538089e-02,7.809689538089e-02,-1.257031017155e-01,-1.885546525732e-01,1.885546525732e-01,-1.257031017155e-01,-1.257031017155e-01,-1.257031017155e-01
3.114000000000e+00,3.226187506361e-01,-1.086868200841e+00,1.086868200841e+00,-1.248177576159e+00,-1.248177576159e+00,3.226187506361e-01,7.784546578585e-02,1.167681986788e-01,-1.167681986788e-01,7.784546578585e-02,7.784546578585e-02,7.784546578585e-02,-1.257263112129e-01,-1.885894668194e-01,1.885894668194e-01,-1.257263112129e-01,-1.257263112129e-01,-1.257263112129e-01
3.116000000000e+00,3.227741901001e-01,-1.086635041645e+00,1.086635041645e+00,-1.248022136695e+00,-1.248022136695e+00,3.227741901001e-01,7.759399086515e-02,1.163909862977e-01,-1.163909862977e-01,7.759399086515e-02,7.759399086515e-02,7.759399086515e-02,-1.257484270435e-01,-1.886226405652e-01,1.886226405652e-01,-1.257484270435e-01,-1.257484270435e-01,-1.257484270435e-01
3.118000000000e+00,3.229291265708e-01,-1.086402636939e+00,1.086402636939e+00,-1.247867200224e+00,-1.247867200224e+00,3.229291265708e-01,7.734247280810e-02,1.160137092121e-01,-1.160137092121e-01,7.734247280810e-02,7.734247280810e-02,7.734247280810e-02,-1.257694472436e-01,-1.886541708654e-01,1.886541708654e-01,-1.257694472436e-01,-1.257694472436e-01,-1.257694472436e-01
3.120000000000e+00,3.230835599640e-01,-1.086170986849e+00,1.086170986849e+00,-1.247712766831e+00,-1.247712766831e+00,3.230835599640e-01,7.709091380791e-02,1.156363707119e-01,-1.156363707119e-01,7.709091380791e-02,7.709091380791e-02,7.709091380791e-02,-1.257893698497e-01,-1.886840547746e-01,1.886840547746e-01,-1.257893698497e-01,-1.257893698497e-01,-1.257893698497e-01
3.122000000000e+00,3.232374902002e-01,-1.085940091495e+00,1.085940091495e+00,-1.247558836595e+00,-1.247558836595e+00,3.232374902002e-01,7.683931606174e-02,1.152589740926e-01,-1.152589740926e-01,7.683931606174e-02,7.683931606174e-02,7.683931606174e-02,-1.258081928985e-01,-1.887122893477e-01,1.887122893477e-01,-1.258081928985e-01,-1.258081928985e-01,-1.258081928985e-01
3.124000000000e+00,3.233909172039e-01,-1.085709950989e+00,1.085709950989e+00,-1.247405409591e+00,-1.247405409591e+00,3.233909172039e-01,7.658768177066e-02,1.148815226560e-01,-1.148815226560e-01,7.658768177066e-02,7.658768177066e-02,7.658768177066e-02,-1.258259144263e-01,-1.887388716394e-01,1.887388716394e-01,-1.258259144263e-01,-1.258259144263e-01,-1.258259144263e-01
3.126000000000e+00,3.235438409043e-01,-1.085480565438e+00,1.085480565438e+00,-1.247252485891e+00,-1.247252485891e+00,3.235438409043e-01,7.633601313969e-02,1.145040197095e-01,-1.145040197095e-01,7.633601313969e-02,7.633601313969e-02,7.633601313969e-02,-1.258425324697e-01,-1.887637987045e-01,1.887637987045e-01,-1.258425324697e-01,-1.258425324697e-01,-1.258425324697e-01
3.128000000000e+00,3.236962612350e-01,-1.085251934942e+00,1.085251934942e+00,-1.247100065560e+00,-1.247100065560e+00,3.236962612350e-01,7.608431237775e-02,1.141264685666e-01,-1.141264685666e-01,7.608431237775e-02,7.608431237775e-02,7.608431237775e-02,-1.258580450651e-01,-1.887870675977e-01,1.887870675977e-01,-1.258580450651e-01,-1.258580450651e-01,-1.258580450651e-01
3.130000000000e+00,3.238481781339e-01,-1.085024059594e+00,1.085024059594e+00,-1.246948148661e+00,-1.246948148661e+00,3.238481781339e-01,7.583258169770e-02,1.137488725466e-01,-1.137488725466e-01,7.583258169770e-02,7.583258169770e-02,7.583258169770e-02,-1.258724502492e-01,-1.888086753738e-01,1.888086753738e-01,-1.258724502492e-01,-1.258724502492e-01,-1.258724502492e-01
3.132000000000e+00,3.239995915434e-01,-1.084796939480e+00,1.084796939480e+00,-1.246796735252e+00,-1.246796735252e+00,3.239995915434e-01,7.558082331634e-02,1.133712349745e-01,-1.133712349745e-01,7.558082331634e-02,7.558082331634e-02,7.558082331634e-02,-1.258857460584e-01,-1.888286190875e-01,1.888286190875e-01,-1.258857460584e-01,-1.258857460584e-01,-1.258857460584e-01
3.134000000000e+00,3.241505014102e-01,-1.084570574680e+00,1.084570574680e+00,-1.246645825385e+00,-1.246645825385e+00,3.241505014102e-01,7.532903945436e-02,1.129935591815e-01,-1.129935591815e-01,7.532903945436e-02,7.532903945436e-02,7.532903945436e-02,-1.258979305291e-01,-1.888468957937e-01,1.888468957937e-01,-1.258979305291e-01,-1.258979305291e-01,-1.258979305291e-01
3.136000000000e+00,3.243009076857e-01,-1.084344965266e+00,1.084344965266e+00,-1.246495419109e+00,-1.246495419109e+00,3.243009076857e-01,7.507723233642e-02,1.126158485046e-01,-1.126158485046e-01,7.507723233642e-02,7.507723233642e-02,7.507723233642e-02,-1.259090016980e-01,-1.888635025470e-01,1.888635025470e-01,-1.259090016980e-01,-1.259090016980e-01,-1.259090016980e-01
3.138000000000e+00,3.244508103255e-01,-1.084120111307e+00,1.084120111307e+00,-1.246345516469e+00,-1.246345516469e+00,3.244508103255e-01,7.482540419108e-02,1.122381062866e-01,-1.122381062866e-01,7.482540419108e-02,7.482540419108e-02,7.482540419108e-02,-1.259189576015e-01,-1.888784364022e-01,1.888784364022e-01,-1.259189576015e-01,-1.259189576015e-01,-1.259189576015e-01
3.140000000000e+00,3.246002092899e-01,-1.083896012860e+00,1.083896012860e+00,-1.246196117505e+00,-1.246196117505e+00,3.246002092899e-01,7.457355725083e-02,1.118603358763e-01,-1.118603358763e-01,7.457355725083e-02,7.457355725083e-02,7.457355725083e-02,-1.259277962760e-01,-1.888916944141e-01,1.888916944141e-01,-1.259277962760e-01,-1.259277962760e-01,-1.259277962760e-01
3.142000000000e+00,3.247491045435e-01,-1.083672669980e+00,1.083672669980e+00,-1.246047222251e+00,-1.246047222251e+00,3.247491045435e-01,7.432169375210e-02,1.114825406282e-01,-1.114825406282e-01,7.432169375210e-02,7.432169375210e-02,7.432169375210e-02,-1.259355157582e-01,-1.889032736373e-01,1.889032736373e-01,-1.259355157582e-01,-1.259355157582e-01,-1.259355157582e-01
3.144000000000e+00,3.248974960554e-01,-1.083450082712e+00,1.083450082712e+00,-1.245898830740e+00,-1.245898830740e+00,3.248974960554e-01,7.406981593524e-02,1.111047239029e-01,-1.111047239029e-01,7.406981593524e-02,7.406981593524e-02,7.406981593524e-02,-1.259421140846e-01,-1.889131711268e-01,1.889131711268e-01,-1.259421140846e-01,-1.259421140846e-01,-1.259421140846e-01
3.146000000000e+00,3.250453837992e-01,-1.083228251096e+00,1.083228251096e+00,-1.245750942996e+00,-1.245750942996e+00,3.250453837992e-01,7.381792604451e-02,1.107268890668e-01,-1.107268890668e-01,7.381792604451e-02,7.381792604451e-02,7.381792604451e-02,-1.259475892915e-01,-1.889213839372e-01,1.889213839372e-01,-1.259475892915e-01,-1.259475892915e-01,-1.259475892915e-01
3.148000000000e+00,3.251927677530e-01,-1.083007175165e+00,1.083007175165e+00,-1.245603559042e+00,-1.245603559042e+00,3.251927677530e-01,7.356602632813e-02,1.103490394922e-01,-1.103490394922e-01,7.356602632813e-02,7.356602632813e-02,7.356602632813e-02,-1.259519394156e-01,-1.889279091234e-01,1.889279091234e-01,-1.259519394156e-01,-1.259519394156e-01,-1.259519394156e-01
3.150000000000e+00,3.253396478994e-01,-1.082786854946e+00,1.082786854946e+00,-1.245456678895e+00,-1.245456678895e+00,3.253396478994e-01,7.331411903821e-02,1.099711785573e-01,-1.099711785573e-01,7.331411903821e-02,7.331411903821e-02,7.331411903821e-02,-1.259551624933e-01,-1.889327437399e-01,1.889327437399e-01,-1.259551624933e-01,-1.259551624933e-01,-1.259551624933e-01
3.152000000000e+00,3.254860242256e-01,-1.082567290456e+00,1.082567290456e+00,-1.245310302569e+00,-1.245310302569e+00,3.254860242256e-01,7.306220643083e-02,1.095933096462e-01,-1.095933096462e-01,7.306220643083e-02,7.306220643083e-02,7.306220643083e-02,-1.259572565611e-01,-1.889358848417e-01,1.889358848417e-01,-1.259572565611e-01,-1.259572565611e-01,-1.259572565611e-01
3.154000000000e+00,3.256318967231e-01,-1.082348481710e+00,1.082348481710e+00,-1.245164430072e+00,-1.245164430072e+00,3.256318967231e-01,7.281029076595e-02,1.092154361489e-01,-1.092154361489e-01,7.281029076595e-02,7.281029076595e-02,7.281029076595e-02,-1.259582196556e-01,-1.889373294835e-01,1.889373294835e-01,-1.259582196556e-01,-1.259582196556e-01,-1.259582196556e-01
3.156000000000e+00,3.257772653881e-01,-1.082130428713e+00,1.082130428713e+00,-1.245019061407e+00,-1.245019061407e+00,3.257772653881e-01,7.255837430750e-02,1.088375614612e-01,-1.088375614612e-01,7.255837430750e-02,7.255837430750e-02,7.255837430750e-02,-1.259580498133e-01,-1.889370747199e-01,1.889370747199e-01,-1.259580498133e-01,-1.259580498133e-01,-1.259580498133e-01
3.158000000000e+00,3.259221302213e-01,-1.081913131463e+00,1.081913131463e+00,-1.244874196574e+00,-1.244874196574e+00,3.259221302213e-01,7.230645932330e-02,1.084596889849e-01,-1.084596889849e-01,7.230645932330e-02,7.230645932330e-02,7.230645932330e-02,-1.259567450706e-01,-1.889351176059e-01,1.889351176059e-01,-1.259567450706e-01,-1.259567450706e-01,-1.259567450706e-01
3.160000000000e+00,3.260664912279e-01,-1.081696589953e+00,1.081696589953e+00,-1.244729835567e+00,-1.244729835567e+00,3.260664912279e-01,7.205454808512e-02,1.080818221277e-01,-1.080818221277e-01,7.205454808512e-02,7.205454808512e-02,7.205454808512e-02,-1.259543034640e-01,-1.889314551961e-01,1.889314551961e-01,-1.259543034640e-01,-1.259543034640e-01,-1.259543034640e-01
3.162000000000e+00,3.262103484177e-01,-1.081480804168e+00,1.081480804168e+00,-1.244585978377e+00,-1.244585978377e+00,3.262103484177e-01,7.180264286866e-02,1.077039643030e-01,-1.077039643030e-01,7.180264286866e-02,7.180264286866e-02,7.180264286866e-02,-1.259507230302e-01,-1.889260845453e-01,1.889260845453e-01,-1.259507230302e-01,-1.259507230302e-01,-1.259507230302e-01
3.164000000000e+00,3.263537018049e-01,-1.081265774087e+00,1.081265774087e+00,-1.244442624990e+00,-1.244442624990e+00,3.263537018049e-01,7.155074595353e-02,1.073261189303e-01,-1.073261189303e-01,7.155074595353e-02,7.155074595353e-02,7.155074595353e-02,-1.259460018055e-01,-1.889190027082e-01,1.889190027082e-01,-1.259460018055e-01,-1.259460018055e-01,-1.259460018055e-01
3.166000000000e+00,3.264965514086e-01,-1.081051499682e+00,1.081051499682e+00,-1.244299775386e+00,-1.244299775386e+00,3.264965514086e-01,7.129885962328e-02,1.069482894349e-01,-1.069482894349e-01,7.129885962328e-02,7.129885962328e-02,7.129885962328e-02,-1.259401378264e-01,-1.889102067396e-01,1.889102067396e-01,-1.259401378264e-01,-1.259401378264e-01,-1.259401378264e-01
3.168000000000e+00,3.266388972520e-01,-1.080837980917e+00,1.080837980917e+00,-1.244157429543e+00,-1.244157429543e+00,3.266388972520e-01,7.104698616537e-02,1.065704792481e-01,-1.065704792481e-01,7.104698616537e-02,7.104698616537e-02,7.104698616537e-02,-1.259331291296e-01,-1.888996936943e-01,1.888996936943e-01,-1.259331291296e-01,-1.259331291296e-01,-1.259331291296e-01
3.170000000000e+00,3.267807393633e-01,-1.080625217750e+00,1.080625217750e+00,-1.244015587432e+00,-1.244015587432e+00,3.267807393633e-01,7.079512787121e-02,1.061926918068e-01,-1.061926918068e-01,7.079512787121e-02,7.079512787121e-02,7.079512787121e-02,-1.259249737514e-01,-1.888874606271e-01,1.888874606271e-01,-1.259249737514e-01,-1.259249737514e-01,-1.259249737514e-01
3.172000000000e+00,3.269220777751e-01,-1.080413210132e+00,1.080413210132e+00,-1.243874249020e+00,-1.243874249020e+00,3.269220777751e-01,7.054328703613e-02,1.058149305542e-01,-1.058149305542e-01,7.054328703613e-02,7.054328703613e-02,7.054328703613e-02,-1.259156697284e-01,-1.888735045926e-01,1.888735045926e-01,-1.259156697284e-01,-1.259156697284e-01,-1.259156697284e-01
3.174000000000e+00,3.270629125247e-01,-1.080201958008e+00,1.080201958008e+00,-1.243733414270e+00,-1.243733414270e+00,3.270629125247e-01,7.029146595937e-02,1.054371989391e-01,-1.054371989391e-01,7.029146595937e-02,7.029146595937e-02,7.029146595937e-02,-1.259052150971e-01,-1.888578226456e-01,1.888578226456e-01,-1.259052150971e-01,-1.259052150971e-01,-1.259052150971e-01
3.176000000000e+00,3.272032436537e-01,-1.079991461314e+00,1.079991461314e+00,-1.243593083141e+00,-1.243593083141e+00,3.272032436537e-01,7.003966694412e-02,1.050595004162e-01,-1.050595004162e-01,7.003966694412e-02,7.003966694412e-02,7.003966694412e-02,-1.258936078940e-01,-1.888404118410e-01,1.888404118410e-01,-1.258936078940e-01,-1.258936078940e-01,-1.258936078940e-01
3.178000000000e+00,3.273430712087e-01,-1.079781719982e+00,1.079781719982e+00,-1.243453255586e+00,-1.243453255586e+00,3.273430712087e-01,6.978789229748e-02,1.046818384462e-01,-1.046818384462e-01,6.978789229748e-02,6.978789229748e-02,6.978789229748e-02,-1.258808461556e-01,-1.888212692334e-01,1.888212692334e-01,-1.258808461556e-01,-1.258808461556e-01,-1.258808461556e-01
3.180000000000e+00,3.274823952407e-01,-1.079572733934e+00,1.079572733934e+00,-1.243313931554e+00,-1.243313931554e+00,3.274823952407e-01,6.953614433050e-02,1.043042164957e-01,-1.043042164957e-01,6.953614433050e-02,6.953614433050e-02,6.953614433050e-02,-1.258669279184e-01,-1.888003918776e-01,1.888003918776e-01,-1.258669279184e-01,-1.258669279184e-01,-1.258669279184e-01
3.182000000000e+00,3.276212158053e-01,-1.079364503087e+00,1.079364503087e+00,-1.243175110990e+00,-1.243175110990e+00,3.276212158053e-01,6.928442535812e-02,1.039266380372e-01,-1.039266380372e-01,6.928442535812e-02,6.928442535812e-02,6.928442535812e-02,-1.258518512189e-01,-1.887777768283e-01,1.887777768283e-01,-1.258518512189e-01,-1.258518512189e-01,-1.258518512189e-01
3.184000000000e+00,3.277595329630e-01,-1.079157027350e+00,1.079157027350e+00,-1.243036793832e+00,-1.243036793832e+00,3.277595329630e-01,6.903273769924e-02,1.035491065489e-01,-1.035491065489e-01,6.903273769924e-02,6.903273769924e-02,6.903273769924e-02,-1.258356140936e-01,-1.887534211404e-01,1.887534211404e-01,-1.258356140936e-01,-1.258356140936e-01,-1.258356140936e-01
3.186000000000e+00,3.278973467785e-01,-1.078950306627e+00,1.078950306627e+00,-1.242898980016e+00,-1.242898980016e+00,3.278973467785e-01,6.878108367667e-02,1.031716255150e-01,-1.031716255150e-01,6.878108367667e-02,6.878108367667e-02,6.878108367667e-02,-1.258182145790e-01,-1.887273218686e-01,1.887273218686e-01,-1.258182145790e-01,-1.258182145790e-01,-1.258182145790e-01
3.188000000000e+00,3.280346573217e-01,-1.078744340812e+00,1.078744340812e+00,-1.242761669473e+00,-1.242761669473e+00,3.280346573217e-01,6.852946561716e-02,1.027941984257e-01,-1.027941984257e-01,6.852946561716e-02,6.852946561716e-02,6.852946561716e-02,-1.257996507117e-01,-1.886994760675e-01,1.886994760675e-01,-1.257996507117e-01,-1.257996507117e-01,-1.257996507117e-01
3.190000000000e+00,3.281714646665e-01,-1.078539129795e+00,1.078539129795e+00,-1.242624862128e+00,-1.242624862128e+00,3.281714646665e-01,6.827788585137e-02,1.024168287771e-01,-1.024168287771e-01,6.827788585137e-02,6.827788585137e-02,6.827788585137e-02,-1.257799205281e-01,-1.886698807921e-01,1.886698807921e-01,-1.257799205281e-01,-1.257799205281e-01,-1.257799205281e-01
3.192000000000e+00,3.283077688921e-01,-1.078334673457e+00,1.078334673457e+00,-1.242488557903e+00,-1.242488557903e+00,3.283077688921e-01,6.802634671390e-02,1.020395200708e-01,-1.020395200708e-01,6.802634671390e-02,6.802634671390e-02,6.802634671390e-02,-1.257590220647e-01,-1.886385330971e-01,1.886385330971e-01,-1.257590220647e-01,-1.257590220647e-01,-1.257590220647e-01
3.194000000000e+00,3.284435700820e-01,-1.078130971672e+00,1.078130971672e+00,-1.242352756713e+00,-1.242352756713e+00,3.284435700820e-01,6.777485054327e-02,1.016622758149e-01,-1.016622758149e-01,6.777485054327e-02,6.777485054327e-02,6.777485054327e-02,-1.257369533581e-01,-1.886054300371e-01,1.886054300371e-01,-1.257369533581e-01,-1.257369533581e-01,-1.257369533581e-01
3.196000000000e+00,3.285788683245e-01,-1.077928024308e+00,1.077928024308e+00,-1.242217458470e+00,-1.242217458470e+00,3.285788683245e-01,6.752339968194e-02,1.012850995229e-01,-1.012850995229e-01,6.752339968194e-02,6.752339968194e-02,6.752339968194e-02,-1.257137124447e-01,-1.885705686670e-01,1.885705686670e-01,-1.257137124447e-01,-1.257137124447e-01,-1.257137124447e-01
3.198000000000e+00,3.287136637125e-01,-1.077725831226e+00,1.077725831226e+00,-1.242082663082e+00,-1.242082663082e+00,3.287136637125e-01,6.727199647627e-02,1.009079947144e-01,-1.009079947144e-01,6.727199647627e-02,6.727199647627e-02,6.727199647627e-02,-1.256892973610e-01,-1.885339460415e-01,1.885339460415e-01,-1.256892973610e-01,-1.256892973610e-01,-1.256892973610e-01
3.200000000000e+00,3.288479563438e-01,-1.077524392279e+00,1.077524392279e+00,-1.241948370451e+00,-1.241948370451e+00,3.288479563438e-01,6.702064327658e-02,1.005309649149e-01,-1.005309649149e-01,6.702064327658e-02,6.702064327658e-02,6.702064327658e-02,-1.256637061436e-01,-1.884955592154e-01,1.884955592154e-01,-1.256637061436e-01,-1.256637061436e-01,-1.256637061436e-01
3.202000000000e+00,3.289817463206e-01,-1.077323707314e+00,1.077323707314e+00,-1.241814580474e+00,-1.241814580474e+00,3.289817463206e-01,6.676934243710e-02,1.001540136556e-01,-1.001540136556e-01,6.676934243710e-02,6.676934243710e-02,6.676934243710e-02,-1.256369368289e-01,-1.884554052434e-01,1.884554052434e-01,-1.256369368289e-01,-1.256369368289e-01,-1.256369368289e-01
3.204000000000e+00,3.291150337500e-01,-1.077123776170e+00,1.077123776170e+00,-1.241681293045e+00,-1.241681293045e+00,3.291150337500e-01,6.651809631597e-02,9.977714447396e-02,-9.977714447396e-02,6.651809631597e-02,6.651809631597e-02,6.651809631597e-02,-1.256089874535e-01,-1.884134811803e-01,1.884134811803e-01,-1.256089874535e-01,-1.256089874535e-01,-1.256089874535e-01
3.206000000000e+00,3.292478187439e-01,-1.076924598679e+00,1.076924598679e+00,-1.241548508051e+00,-1.241548508051e+00,3.292478187439e-01,6.626690727530e-02,9.940036091295e-02,-9.940036091295e-02,6.626690727530e-02,6.626690727530e-02,6.626690727530e-02,-1.255798560539e-01,-1.883697840809e-01,1.883697840809e-01,-1.255798560539e-01,-1.255798560539e-01,-1.255798560539e-01
3.208000000000e+00,3.293801014187e-01,-1.076726174667e+00,1.076726174667e+00,-1.241416225376e+00,-1.241416225376e+00,3.293801014187e-01,6.601577768108e-02,9.902366652162e-02,-9.902366652162e-02,6.601577768108e-02,6.601577768108e-02,6.601577768108e-02,-1.255495406666e-01,-1.883243109998e-01,1.883243109998e-01,-1.255495406666e-01,-1.255495406666e-01,-1.255495406666e-01
3.210000000000e+00,3.295118818958e-01,-1.076528503951e+00,1.076528503951e+00,-1.241284444899e+00,-1.241284444899e+00,3.295118818958e-01,6.576470990327e-02,9.864706485490e-02,-9.864706485490e-02,6.576470990327e-02,6.576470990327e-02,6.576470990327e-02,-1.255180393280e-01,-1.882770589920e-01,1.882770589920e-01,-1.255180393280e-01,-1.255180393280e-01,-1.255180393280e-01
3.212000000000e+00,3.296431603011e-01,-1.076331586343e+00,1.076331586343e+00,-1.241153166494e+00,-1.241153166494e+00,3.296431603011e-01,6.551370631571e-02,9.827055947357e-02,-9.827055947357e-02,6.551370631571e-02,6.551370631571e-02,6.551370631571e-02,-1.254853500747e-01,-1.882280251120e-01,1.882280251120e-01,-1.254853500747e-01,-1.254853500747e-01,-1.254853500747e-01
3.214000000000e+00,3.297739367654e-01,-1.076135421647e+00,1.076135421647e+00,-1.241022390029e+00,-1.241022390029e+00,3.297739367654e-01,6.526276929622e-02,9.789415394433e-02,-9.789415394433e-02,6.526276929622e-02,6.526276929622e-02,6.526276929622e-02,-1.254514709431e-01,-1.881772064147e-01,1.881772064147e-01,-1.254514709431e-01,-1.254514709431e-01,-1.254514709431e-01
3.216000000000e+00,3.299042114243e-01,-1.075940009658e+00,1.075940009658e+00,-1.240892115371e+00,-1.240892115371e+00,3.299042114243e-01,6.501190122650e-02,9.751785183975e-02,-9.751785183975e-02,6.501190122650e-02,6.501190122650e-02,6.501190122650e-02,-1.254163999699e-01,-1.881245999549e-01,1.881245999549e-01,-1.254163999699e-01,-1.254163999699e-01,-1.254163999699e-01
3.218000000000e+00,3.300339844179e-01,-1.075745350168e+00,1.075745350168e+00,-1.240762342377e+00,-1.240762342377e+00,3.300339844179e-01,6.476110449221e-02,9.714165673832e-02,-9.714165673832e-02,6.476110449221e-02,6.476110449221e-02,6.476110449221e-02,-1.253801351915e-01,-1.880702027872e-01,1.880702027872e-01,-1.253801351915e-01,-1.253801351915e-01,-1.253801351915e-01
3.220000000000e+00,3.301632558914e-01,-1.075551442958e+00,1.075551442958e+00,-1.240633070903e+00,-1.240633070903e+00,3.301632558914e-01,6.451038148292e-02,9.676557222437e-02,-9.676557222437e-02,6.451038148292e-02,6.451038148292e-02,6.451038148292e-02,-1.253426746443e-01,-1.880140119665e-01,1.880140119665e-01,-1.253426746443e-01,-1.253426746443e-01,-1.253426746443e-01
3.222000000000e+00,3.302920259946e-01,-1.075358287803e+00,1.075358287803e+00,-1.240504300800e+00,-1.240504300800e+00,3.302920259946e-01,6.425973459212e-02,9.638960188818e-02,-9.638960188818e-02,6.425973459212e-02,6.425973459212e-02,6.425973459212e-02,-1.253040163650e-01,-1.879560245474e-01,1.879560245474e-01,-1.253040163650e-01,-1.253040163650e-01,-1.253040163650e-01
3.224000000000e+00,3.304202948821e-01,-1.075165884472e+00,1.075165884472e+00,-1.240376031913e+00,-1.240376031913e+00,3.304202948821e-01,6.400916621725e-02,9.601374932588e-02,-9.601374932588e-02,6.400916621725e-02,6.400916621725e-02,6.400916621725e-02,-1.252641583899e-01,-1.878962375849e-01,1.878962375849e-01,-1.252641583899e-01,-1.252641583899e-01,-1.252641583899e-01
3.226000000000e+00,3.305480627134e-01,-1.074974232725e+00,1.074974232725e+00,-1.240248264081e+00,-1.240248264081e+00,3.305480627134e-01,6.375867875967e-02,9.563801813950e-02,-9.563801813950e-02,6.375867875967e-02,6.375867875967e-02,6.375867875967e-02,-1.252230987557e-01,-1.878346481335e-01,1.878346481335e-01,-1.252230987557e-01,-1.252230987557e-01,-1.252230987557e-01
3.228000000000e+00,3.306753296527e-01,-1.074783332316e+00,1.074783332316e+00,-1.240120997142e+00,-1.240120997142e+00,3.306753296527e-01,6.350827462465e-02,9.526241193697e-02,-9.526241193697e-02,6.350827462465e-02,6.350827462465e-02,6.350827462465e-02,-1.251808354988e-01,-1.877712532481e-01,1.877712532481e-01,-1.251808354988e-01,-1.251808354988e-01,-1.251808354988e-01
3.230000000000e+00,3.308020958691e-01,-1.074593182991e+00,1.074593182991e+00,-1.239994230926e+00,-1.239994230926e+00,3.308020958691e-01,6.325795622140e-02,9.488693433210e-02,-9.488693433210e-02,6.325795622140e-02,6.325795622140e-02,6.325795622140e-02,-1.251373666557e-01,-1.877060499835e-01,1.877060499835e-01,-1.251373666557e-01,-1.251373666557e-01,-1.251373666557e-01
3.232000000000e+00,3.309283615363e-01,-1.074403784490e+00,1.074403784490e+00,-1.239867965259e+00,-1.239867965259e+00,3.309283615363e-01,6.300772596306e-02,9.451158894458e-02,-9.451158894458e-02,6.300772596306e-02,6.300772596306e-02,6.300772596306e-02,-1.250926902629e-01,-1.876390353943e-01,1.876390353943e-01,-1.250926902629e-01,-1.250926902629e-01,-1.250926902629e-01
3.234000000000e+00,3.310541268333e-01,-1.074215136545e+00,1.074215136545e+00,-1.239742199962e+00,-1.239742199962e+00,3.310541268333e-01,6.275758626669e-02,9.413637940003e-02,-9.413637940003e-02,6.275758626669e-02,6.275758626669e-02,6.275758626669e-02,-1.250468043569e-01,-1.875702065354e-01,1.875702065354e-01,-1.250468043569e-01,-1.250468043569e-01,-1.250468043569e-01
3.236000000000e+00,3.311793919434e-01,-1.074027238880e+00,1.074027238880e+00,-1.239616934851e+00,-1.239616934851e+00,3.311793919434e-01,6.250753955328e-02,9.376130932992e-02,-9.376130932992e-02,6.250753955328e-02,6.250753955328e-02,6.250753955328e-02,-1.249997069743e-01,-1.874995604615e-01,1.874995604615e-01,-1.249997069743e-01,-1.249997069743e-01,-1.249997069743e-01
3.238000000000e+00,3.313041570551e-01,-1.073840091212e+00,1.073840091212e+00,-1.239492169740e+00,-1.239492169740e+00,3.313041570551e-01,6.225758824775e-02,9.338638237163e-02,-9.338638237163e-02,6.225758824775e-02,6.225758824775e-02,6.225758824775e-02,-1.249513961515e-01,-1.874270942273e-01,1.874270942273e-01,-1.249513961515e-01,-1.249513961515e-01,-1.249513961515e-01
3.240000000000e+00,3.314284223616e-01,-1.073653693252e+00,1.073653693252e+00,-1.239367904433e+00,-1.239367904433e+00,3.314284223616e-01,6.200773477894e-02,9.301160216841e-02,-9.301160216841e-02,6.200773477894e-02,6.200773477894e-02,6.200773477894e-02,-1.249018699251e-01,-1.873528048876e-01,1.873528048876e-01,-1.249018699251e-01,-1.249018699251e-01,-1.249018699251e-01
3.242000000000e+00,3.315521880611e-01,-1.073468044703e+00,1.073468044703e+00,-1.239244138734e+00,-1.239244138734e+00,3.315521880611e-01,6.175798157963e-02,9.263697236944e-02,-9.263697236944e-02,6.175798157963e-02,6.175798157963e-02,6.175798157963e-02,-1.248511263315e-01,-1.872766894973e-01,1.872766894973e-01,-1.248511263315e-01,-1.248511263315e-01,-1.248511263315e-01
3.244000000000e+00,3.316754543564e-01,-1.073283145260e+00,1.073283145260e+00,-1.239120872438e+00,-1.239120872438e+00,3.316754543564e-01,6.150833108650e-02,9.226249662976e-02,-9.226249662976e-02,6.150833108650e-02,6.150833108650e-02,6.150833108650e-02,-1.247991634073e-01,-1.871987451109e-01,1.871987451109e-01,-1.247991634073e-01,-1.247991634073e-01,-1.247991634073e-01
3.246000000000e+00,3.317982214555e-01,-1.073098994612e+00,1.073098994612e+00,-1.238998105339e+00,-1.238998105339e+00,3.317982214555e-01,6.125878574020e-02,9.188817861029e-02,-9.188817861029e-02,6.125878574020e-02,6.125878574020e-02,6.125878574020e-02,-1.247459791889e-01,-1.871189687833e-01,1.871189687833e-01,-1.247459791889e-01,-1.247459791889e-01,-1.247459791889e-01
3.248000000000e+00,3.319204895711e-01,-1.072915592438e+00,1.072915592438e+00,-1.238875837224e+00,-1.238875837224e+00,3.319204895711e-01,6.100934798525e-02,9.151402197788e-02,-9.151402197788e-02,6.100934798525e-02,6.100934798525e-02,6.100934798525e-02,-1.246915717129e-01,-1.870373575693e-01,1.870373575693e-01,-1.246915717129e-01,-1.246915717129e-01,-1.246915717129e-01
3.250000000000e+00,3.320422589208e-01,-1.072732938414e+00,1.072732938414e+00,-1.238754067874e+00,-1.238754067874e+00,3.320422589208e-01,6.076002027016e-02,9.114003040524e-02,-9.114003040524e-02,6.076002027016e-02,6.076002027016e-02,6.076002027016e-02,-1.246359390157e-01,-1.869539085236e-01,1.869539085236e-01,-1.246359390157e-01,-1.246359390157e-01,-1.246359390157e-01
3.252000000000e+00,3.321635297272e-01,-1.072551032204e+00,1.072551032204e+00,-1.238632797068e+00,-1.238632797068e+00,3.321635297272e-01,6.051080504731e-02,9.076620757097e-02,-9.076620757097e-02,6.051080504731e-02,6.051080504731e-02,6.051080504731e-02,-1.245790791339e-01,-1.868686187009e-01,1.868686187009e-01,-1.245790791339e-01,-1.245790791339e-01,-1.245790791339e-01
3.254000000000e+00,3.322843022176e-01,-1.072369873468e+00,1.072369873468e+00,-1.238512024577e+00,-1.238512024577e+00,3.322843022176e-01,6.026170477305e-02,9.039255715958e-02,-9.039255715958e-02,6.026170477305e-02,6.026170477305e-02,6.026170477305e-02,-1.245209901040e-01,-1.867814851560e-01,1.867814851560e-01,-1.245209901040e-01,-1.245209901040e-01,-1.245209901040e-01
3.256000000000e+00,3.324045766245e-01,-1.072189461858e+00,1.072189461858e+00,-1.238391750170e+00,-1.238391750170e+00,3.324045766245e-01,6.001272190764e-02,9.001908286146e-02,-9.001908286146e-02,6.001272190764e-02,6.001272190764e-02,6.001272190764e-02,-1.244616699625e-01,-1.866925049437e-01,1.866925049437e-01,-1.244616699625e-01,-1.244616699625e-01,-1.244616699625e-01
3.258000000000e+00,3.325243531852e-01,-1.072009797017e+00,1.072009797017e+00,-1.238271973610e+00,-1.238271973610e+00,3.325243531852e-01,5.976385891525e-02,8.964578837288e-02,-8.964578837288e-02,5.976385891525e-02,5.976385891525e-02,5.976385891525e-02,-1.244011167458e-01,-1.866016751187e-01,1.866016751187e-01,-1.244011167458e-01,-1.244011167458e-01,-1.244011167458e-01
3.260000000000e+00,3.326436321418e-01,-1.071830878582e+00,1.071830878582e+00,-1.238152694653e+00,-1.238152694653e+00,3.326436321418e-01,5.951511826401e-02,8.927267739602e-02,-8.927267739602e-02,5.951511826401e-02,5.951511826401e-02,5.951511826401e-02,-1.243393284906e-01,-1.865089927358e-01,1.865089927358e-01,-1.243393284906e-01,-1.243393284906e-01,-1.243393284906e-01
3.262000000000e+00,3.327624137414e-01,-1.071652706183e+00,1.071652706183e+00,-1.238033913053e+00,-1.238033913053e+00,3.327624137414e-01,5.926650242596e-02,8.889975363894e-02,-8.889975363894e-02,5.926650242596e-02,5.926650242596e-02,5.926650242596e-02,-1.242763032332e-01,-1.864144548498e-01,1.864144548498e-01,-1.242763032332e-01,-1.242763032332e-01,-1.242763032332e-01
3.264000000000e+00,3.328806982363e-01,-1.071475279440e+00,1.071475279440e+00,-1.237915628559e+00,-1.237915628559e+00,3.328806982363e-01,5.901801387706e-02,8.852702081559e-02,-8.852702081559e-02,5.901801387706e-02,5.901801387706e-02,5.901801387706e-02,-1.242120390102e-01,-1.863180585153e-01,1.863180585153e-01,-1.242120390102e-01,-1.242120390102e-01,-1.242120390102e-01
3.266000000000e+00,3.329984858835e-01,-1.071298597970e+00,1.071298597970e+00,-1.237797840911e+00,-1.237797840911e+00,3.329984858835e-01,5.876965509721e-02,8.815448264581e-02,-8.815448264581e-02,5.876965509721e-02,5.876965509721e-02,5.876965509721e-02,-1.241465338581e-01,-1.862198007872e-01,1.862198007872e-01,-1.241465338582e-01,-1.241465338582e-01,-1.241465338581e-01
3.268000000000e+00,3.331157769449e-01,-1.071122661378e+00,1.071122661378e+00,-1.237680549850e+00,-1.237680549850e+00,3.331157769449e-01,5.852142857022e-02,8.778214285533e-02,-8.778214285533e-02,5.852142857022e-02,5.852142857022e-02,5.852142857022e-02,-1.240797858135e-01,-1.861196787202e-01,1.861196787202e-01,-1.240797858135e-01,-1.240797858135e-01,-1.240797858135e-01
3.270000000000e+00,3.332325716876e-01,-1.070947469264e+00,1.070947469264e+00,-1.237563755107e+00,-1.237563755107e+00,3.332325716876e-01,5.827333678386e-02,8.741000517578e-02,-8.741000517578e-02,5.827333678386e-02,5.827333678386e-02,5.827333678386e-02,-1.240117929127e-01,-1.860176893691e-01,1.860176893691e-01,-1.240117929127e-01,-1.240117929127e-01,-1.240117929127e-01
3.272000000000e+00,3.333488703835e-01,-1.070773021220e+00,1.070773021220e+00,-1.237447456411e+00,-1.237447456411e+00,3.333488703835e-01,5.802538222978e-02,8.703807334467e-02,-8.703807334467e-02,5.802538222978e-02,5.802538222978e-02,5.802538222978e-02,-1.239425531924e-01,-1.859138297886e-01,1.859138297886e-01,-1.239425531924e-01,-1.239425531924e-01,-1.239425531924e-01
3.274000000000e+00,3.334646733096e-01,-1.070599316830e+00,1.070599316830e+00,-1.237331653485e+00,-1.237331653485e+00,3.334646733096e-01,5.777756740361e-02,8.666635110541e-02,-8.666635110541e-02,5.777756740361e-02,5.777756740361e-02,5.777756740361e-02,-1.238720646890e-01,-1.858080970335e-01,1.858080970335e-01,-1.238720646890e-01,-1.238720646890e-01,-1.238720646890e-01
3.276000000000e+00,3.335799807479e-01,-1.070426355673e+00,1.070426355673e+00,-1.237216346047e+00,-1.237216346047e+00,3.335799807479e-01,5.752989480486e-02,8.629484220729e-02,-8.629484220729e-02,5.752989480486e-02,5.752989480486e-02,5.752989480486e-02,-1.238003254390e-01,-1.857004881585e-01,1.857004881585e-01,-1.238003254390e-01,-1.238003254390e-01,-1.238003254390e-01
3.278000000000e+00,3.336947929853e-01,-1.070254137317e+00,1.070254137317e+00,-1.237101533810e+00,-1.237101533810e+00,3.336947929853e-01,5.728236693699e-02,8.592355040549e-02,-8.592355040549e-02,5.728236693699e-02,5.728236693699e-02,5.728236693699e-02,-1.237273334789e-01,-1.855910002184e-01,1.855910002184e-01,-1.237273334789e-01,-1.237273334789e-01,-1.237273334789e-01
3.280000000000e+00,3.338091103138e-01,-1.070082661324e+00,1.070082661324e+00,-1.236987216481e+00,-1.236987216481e+00,3.338091103138e-01,5.703498630739e-02,8.555247946109e-02,-8.555247946109e-02,5.703498630739e-02,5.703498630739e-02,5.703498630739e-02,-1.236530868453e-01,-1.854796302679e-01,1.854796302679e-01,-1.236530868453e-01,-1.236530868453e-01,-1.236530868453e-01
3.282000000000e+00,3.339229330304e-01,-1.069911927249e+00,1.069911927249e+00,-1.236873393764e+00,-1.236873393764e+00,3.339229330304e-01,5.678775542737e-02,8.518163314105e-02,-8.518163314105e-02,5.678775542737e-02,5.678775542737e-02,5.678775542737e-02,-1.235775835746e-01,-1.853663753619e-01,1.853663753619e-01,-1.235775835746e-01,-1.235775835746e-01,-1.235775835746e-01
3.284000000000e+00,3.340362614371e-01,-1.069741934639e+00,1.069741934639e+00,-1.236760065358e+00,-1.236760065358e+00,3.340362614371e-01,5.654067681216e-02,8.481101521824e-02,-8.481101521824e-02,5.654067681216e-02,5.654067681216e-02,5.654067681216e-02,-1.235008217034e-01,-1.852512325550e-01,1.852512325550e-01,-1.235008217034e-01,-1.235008217034e-01,-1.235008217034e-01
3.286000000000e+00,3.341490958408e-01,-1.069572683034e+00,1.069572683034e+00,-1.236647230954e+00,-1.236647230954e+00,3.341490958408e-01,5.629375298093e-02,8.444062947140e-02,-8.444062947140e-02,5.629375298093e-02,5.629375298093e-02,5.629375298093e-02,-1.234227992681e-01,-1.851341989021e-01,1.851341989021e-01,-1.234227992681e-01,-1.234227992681e-01,-1.234227992681e-01
3.288000000000e+00,3.342614365539e-01,-1.069404171964e+00,1.069404171964e+00,-1.236534890241e+00,-1.236534890241e+00,3.342614365539e-01,5.604698645677e-02,8.407047968516e-02,-8.407047968516e-02,5.604698645677e-02,5.604698645677e-02,5.604698645677e-02,-1.233435143052e-01,-1.850152714578e-01,1.850152714578e-01,-1.233435143052e-01,-1.233435143052e-01,-1.233435143052e-01
3.290000000000e+00,3.343732838932e-01,-1.069236400955e+00,1.069236400955e+00,-1.236423042902e+00,-1.236423042902e+00,3.343732838932e-01,5.580037976670e-02,8.370056965006e-02,-8.370056965006e-02,5.580037976670e-02,5.580037976670e-02,5.580037976670e-02,-1.232629648513e-01,-1.848944472770e-01,1.848944472770e-01,-1.232629648513e-01,-1.232629648513e-01,-1.232629648513e-01
3.292000000000e+00,3.344846381812e-01,-1.069069369523e+00,1.069069369523e+00,-1.236311688614e+00,-1.236311688614e+00,3.344846381812e-01,5.555393544167e-02,8.333090316251e-02,-8.333090316251e-02,5.555393544167e-02,5.555393544167e-02,5.555393544167e-02,-1.231811489429e-01,-1.847717234143e-01,1.847717234143e-01,-1.231811489429e-01,-1.231811489429e-01,-1.231811489429e-01
3.294000000000e+00,3.345954997449e-01,-1.068903077178e+00,1.068903077178e+00,-1.236200827050e+00,-1.236200827050e+00,3.345954997449e-01,5.530765601655e-02,8.296148402482e-02,-8.296148402482e-02,5.530765601655e-02,5.530765601655e-02,5.530765601655e-02,-1.230980646164e-01,-1.846470969246e-01,1.846470969246e-01,-1.230980646164e-01,-1.230980646164e-01,-1.230980646164e-01
3.296000000000e+00,3.347058689169e-01,-1.068737523420e+00,1.068737523420e+00,-1.236090457878e+00,-1.236090457878e+00,3.347058689169e-01,5.506154403013e-02,8.259231604519e-02,-8.259231604519e-02,5.506154403013e-02,5.506154403013e-02,5.506154403013e-02,-1.230137099084e-01,-1.845205648627e-01,1.845205648627e-01,-1.230137099084e-01,-1.230137099084e-01,-1.230137099084e-01
3.298000000000e+00,3.348157460344e-01,-1.068572707743e+00,1.068572707743e+00,-1.235980580761e+00,-1.235980580761e+00,3.348157460344e-01,5.481560202514e-02,8.222340303771e-02,-8.222340303771e-02,5.481560202514e-02,5.481560202514e-02,5.481560202514e-02,-1.229280828554e-01,-1.843921242831e-01,1.843921242831e-01,-1.229280828554e-01,-1.229280828554e-01,-1.229280828554e-01
3.300000000000e+00,3.349251314400e-01,-1.068408629635e+00,1.068408629635e+00,-1.235871195355e+00,-1.235871195355e+00,3.349251314400e-01,5.456983254824e-02,8.185474882237e-02,-8.185474882237e-02,5.456983254824e-02,5.456983254824e-02,5.456983254824e-02,-1.228411814939e-01,-1.842617722408e-01,1.842617722408e-01,-1.228411814939e-01,-1.228411814939e-01,-1.228411814939e-01
3.302000000000e+00,3.350340254813e-01,-1.068245288573e+00,1.068245288573e+00,-1.235762301314e+00,-1.235762301314e+00,3.350340254813e-01,5.432423815001e-02,8.148635722502e-02,-8.148635722502e-02,5.432423815001e-02,5.432423815001e-02,5.432423815001e-02,-1.227530038603e-01,-1.841295057905e-01,1.841295057905e-01,-1.227530038603e-01,-1.227530038603e-01,-1.227530038603e-01
3.304000000000e+00,3.351424285110e-01,-1.068082684028e+00,1.068082684028e+00,-1.235653898284e+00,-1.235653898284e+00,3.351424285110e-01,5.407882138496e-02,8.111823207744e-02,-8.111823207744e-02,5.407882138496e-02,5.407882138496e-02,5.407882138496e-02,-1.226635479913e-01,-1.839953219869e-01,1.839953219869e-01,-1.226635479913e-01,-1.226635479913e-01,-1.226635479913e-01
3.306000000000e+00,3.352503408869e-01,-1.067920815464e+00,1.067920815464e+00,-1.235545985908e+00,-1.235545985908e+00,3.352503408869e-01,5.383358481151e-02,8.075037721727e-02,-8.075037721727e-02,5.383358481152e-02,5.383358481152e-02,5.383358481151e-02,-1.225728119232e-01,-1.838592178848e-01,1.838592178848e-01,-1.225728119232e-01,-1.225728119232e-01,-1.225728119232e-01
3.308000000000e+00,3.353577629721e-01,-1.067759682337e+00,1.067759682337e+00,-1.235438563823e+00,-1.235438563823e+00,3.353577629721e-01,5.358853099204e-02,8.038279648806e-02,-8.038279648806e-02,5.358853099204e-02,5.358853099204e-02,5.358853099204e-02,-1.224807936926e-01,-1.837211905389e-01,1.837211905389e-01,-1.224807936926e-01,-1.224807936926e-01,-1.224807936926e-01
3.310000000000e+00,3.354646951345e-01,-1.067599284093e+00,1.067599284093e+00,-1.235331631660e+00,-1.235331631660e+00,3.354646951345e-01,5.334366249283e-02,8.001549373924e-02,-8.001549373924e-02,5.334366249283e-02,5.334366249283e-02,5.334366249283e-02,-1.223874913361e-01,-1.835812370041e-01,1.835812370041e-01,-1.223874913361e-01,-1.223874913361e-01,-1.223874913361e-01
3.312000000000e+00,3.355711377473e-01,-1.067439620174e+00,1.067439620174e+00,-1.235225189048e+00,-1.235225189048e+00,3.355711377473e-01,5.309898188409e-02,7.964847282614e-02,-7.964847282614e-02,5.309898188409e-02,5.309898188409e-02,5.309898188409e-02,-1.222929028900e-01,-1.834393543350e-01,1.834393543350e-01,-1.222929028900e-01,-1.222929028900e-01,-1.222929028900e-01
3.314000000000e+00,3.356770911890e-01,-1.067280690011e+00,1.067280690011e+00,-1.235119235606e+00,-1.235119235606e+00,3.356770911890e-01,5.285449173997e-02,7.928173760996e-02,-7.928173760996e-02,5.285449173997e-02,5.285449173997e-02,5.285449173997e-02,-1.221970263909e-01,-1.832955395864e-01,1.832955395864e-01,-1.221970263909e-01,-1.221970263909e-01,-1.221970263909e-01
3.316000000000e+00,3.357825558430e-01,-1.067122493030e+00,1.067122493030e+00,-1.235013770952e+00,-1.235013770952e+00,3.357825558430e-01,5.261019463854e-02,7.891529195781e-02,-7.891529195781e-02,5.261019463854e-02,5.261019463854e-02,5.261019463854e-02,-1.220998598754e-01,-1.831497898131e-01,1.831497898131e-01,-1.220998598754e-01,-1.220998598754e-01,-1.220998598754e-01
3.318000000000e+00,3.358875320979e-01,-1.066965028648e+00,1.066965028648e+00,-1.234908794697e+00,-1.234908794697e+00,3.358875320979e-01,5.236609316179e-02,7.854913974268e-02,-7.854913974268e-02,5.236609316179e-02,5.236609316179e-02,5.236609316179e-02,-1.220014013799e-01,-1.830021020699e-01,1.830021020699e-01,-1.220014013799e-01,-1.220014013799e-01,-1.220014013799e-01
3.320000000000e+00,3.359920203478e-01,-1.066808296273e+00,1.066808296273e+00,-1.234804306447e+00,-1.234804306447e+00,3.359920203478e-01,5.212218989565e-02,7.818328484347e-02,-7.818328484347e-02,5.212218989565e-02,5.212218989565e-02,5.212218989565e-02,-1.219016489409e-01,-1.828524734114e-01,1.828524734114e-01,-1.219016489409e-01,-1.219016489409e-01,-1.219016489409e-01
3.322000000000e+00,3.360960209914e-01,-1.066652295308e+00,1.066652295308e+00,-1.234700305803e+00,-1.234700305803e+00,3.360960209914e-01,5.187848742996e-02,7.781773114494e-02,-7.781773114494e-02,5.187848742996e-02,5.187848742996e-02,5.187848742996e-02,-1.218006005950e-01,-1.827009008924e-01,1.827009008924e-01,-1.218006005950e-01,-1.218006005950e-01,-1.218006005950e-01
3.324000000000e+00,3.361995344331e-01,-1.066497025145e+00,1.066497025145e+00,-1.234596792362e+00,-1.234596792362e+00,3.361995344331e-01,5.163498835851e-02,7.745248253777e-02,-7.745248253777e-02,5.163498835851e-02,5.163498835851e-02,5.163498835851e-02,-1.216982543785e-01,-1.825473815678e-01,1.825473815678e-01,-1.216982543785e-01,-1.216982543785e-01,-1.216982543785e-01
3.326000000000e+00,3.363025610822e-01,-1.066342485172e+00,1.066342485172e+00,-1.234493765713e+00,-1.234493765713e+00,3.363025610822e-01,5.139169527901e-02,7.708754291851e-02,-7.708754291851e-02,5.139169527901e-02,5.139169527901e-02,5.139169527901e-02,-1.215946083282e-01,-1.823919124922e-01,1.823919124922e-01,-1.215946083282e-01,-1.215946083282e-01,-1.215946083282e-01
3.328000000000e+00,3.364051013532e-01,-1.066188674765e+00,1.066188674765e+00,-1.234391225442e+00,-1.234391225442e+00,3.364051013532e-01,5.114861079307e-02,7.672291618960e-02,-7.672291618960e-02,5.114861079307e-02,5.114861079307e-02,5.114861079307e-02,-1.214896604803e-01,-1.822344907205e-01,1.822344907205e-01,-1.214896604803e-01,-1.214896604803e-01,-1.214896604803e-01
3.330000000000e+00,3.365071556661e-01,-1.066035593296e+00,1.066035593296e+00,-1.234289171129e+00,-1.234289171129e+00,3.365071556661e-01,5.090573750626e-02,7.635860625939e-02,-7.635860625939e-02,5.090573750626e-02,5.090573750626e-02,5.090573750626e-02,-1.213834088715e-01,-1.820751133073e-01,1.820751133073e-01,-1.213834088715e-01,-1.213834088715e-01,-1.213834088715e-01
3.332000000000e+00,3.366087244458e-01,-1.065883240126e+00,1.065883240126e+00,-1.234187602349e+00,-1.234187602349e+00,3.366087244458e-01,5.066307802806e-02,7.599461704210e-02,-7.599461704210e-02,5.066307802806e-02,5.066307802806e-02,5.066307802806e-02,-1.212758515383e-01,-1.819137773075e-01,1.819137773075e-01,-1.212758515383e-01,-1.212758515383e-01,-1.212758515383e-01
3.334000000000e+00,3.367098081225e-01,-1.065731614611e+00,1.065731614611e+00,-1.234086518672e+00,-1.234086518672e+00,3.367098081225e-01,5.042063497190e-02,7.563095245784e-02,-7.563095245784e-02,5.042063497190e-02,5.042063497190e-02,5.042063497190e-02,-1.211669865171e-01,-1.817504797757e-01,1.817504797757e-01,-1.211669865171e-01,-1.211669865171e-01,-1.211669865171e-01
3.336000000000e+00,3.368104071317e-01,-1.065580716097e+00,1.065580716097e+00,-1.233985919663e+00,-1.233985919663e+00,3.368104071317e-01,5.017841095510e-02,7.526761643264e-02,-7.526761643264e-02,5.017841095510e-02,5.017841095510e-02,5.017841095510e-02,-1.210568118445e-01,-1.815852177668e-01,1.815852177668e-01,-1.210568118445e-01,-1.210568118445e-01,-1.210568118445e-01
3.338000000000e+00,3.369105219141e-01,-1.065430543924e+00,1.065430543924e+00,-1.233885804881e+00,-1.233885804881e+00,3.369105219141e-01,4.993640859893e-02,7.490461289839e-02,-7.490461289839e-02,4.993640859893e-02,4.993640859893e-02,4.993640859893e-02,-1.209453255570e-01,-1.814179883355e-01,1.814179883355e-01,-1.209453255570e-01,-1.209453255570e-01,-1.209453255570e-01
3.340000000000e+00,3.370101529156e-01,-1.065281097421e+00,1.065281097421e+00,-1.233786173879e+00,-1.233786173879e+00,3.370101529156e-01,4.969463052859e-02,7.454194579288e-02,-7.454194579288e-02,4.969463052859e-02,4.969463052859e-02,4.969463052859e-02,-1.208325256910e-01,-1.812487885365e-01,1.812487885365e-01,-1.208325256910e-01,-1.208325256910e-01,-1.208325256910e-01
3.342000000000e+00,3.371093005875e-01,-1.065132375914e+00,1.065132375914e+00,-1.233687026207e+00,-1.233687026207e+00,3.371093005875e-01,4.945307937319e-02,7.417961905979e-02,-7.417961905979e-02,4.945307937319e-02,4.945307937319e-02,4.945307937319e-02,-1.207184102831e-01,-1.810776154246e-01,1.810776154246e-01,-1.207184102831e-01,-1.207184102831e-01,-1.207184102831e-01
3.344000000000e+00,3.372079653862e-01,-1.064984378716e+00,1.064984378716e+00,-1.233588361409e+00,-1.233588361409e+00,3.372079653862e-01,4.921175776579e-02,7.381763664869e-02,-7.381763664869e-02,4.921175776579e-02,4.921175776579e-02,4.921175776579e-02,-1.206029773698e-01,-1.809044660547e-01,1.809044660547e-01,-1.206029773698e-01,-1.206029773698e-01,-1.206029773698e-01
3.346000000000e+00,3.373061477734e-01,-1.064837105135e+00,1.064837105135e+00,-1.233490179022e+00,-1.233490179022e+00,3.373061477734e-01,4.897066834336e-02,7.345600251504e-02,-7.345600251504e-02,4.897066834336e-02,4.897066834336e-02,4.897066834336e-02,-1.204862249875e-01,-1.807293374813e-01,1.807293374813e-01,-1.204862249875e-01,-1.204862249875e-01,-1.204862249875e-01
3.348000000000e+00,3.374038482161e-01,-1.064690554471e+00,1.064690554471e+00,-1.233392478579e+00,-1.233392478579e+00,3.374038482161e-01,4.872981374680e-02,7.309472062019e-02,-7.309472062019e-02,4.872981374680e-02,4.872981374680e-02,4.872981374680e-02,-1.203681511729e-01,-1.805522267594e-01,1.805522267594e-01,-1.203681511729e-01,-1.203681511729e-01,-1.203681511729e-01
3.350000000000e+00,3.375010671867e-01,-1.064544726015e+00,1.064544726015e+00,-1.233295259608e+00,-1.233295259608e+00,3.375010671867e-01,4.848919662093e-02,7.273379493140e-02,-7.273379493140e-02,4.848919662093e-02,4.848919662093e-02,4.848919662093e-02,-1.202487539624e-01,-1.803731309435e-01,1.803731309435e-01,-1.202487539624e-01,-1.202487539624e-01,-1.202487539624e-01
3.352000000000e+00,3.375978051627e-01,-1.064399619051e+00,1.064399619051e+00,-1.233198521632e+00,-1.233198521632e+00,3.375978051627e-01,4.824881961452e-02,7.237322942178e-02,-7.237322942178e-02,4.824881961452e-02,4.824881961452e-02,4.824881961452e-02,-1.201280313924e-01,-1.801920470886e-01,1.801920470886e-01,-1.201280313924e-01,-1.201280313924e-01,-1.201280313924e-01
3.354000000000e+00,3.376940626270e-01,-1.064255232854e+00,1.064255232854e+00,-1.233102264168e+00,-1.233102264168e+00,3.376940626270e-01,4.800868538024e-02,7.201302807037e-02,-7.201302807037e-02,4.800868538024e-02,4.800868538024e-02,4.800868538024e-02,-1.200059814996e-01,-1.800089722493e-01,1.800089722493e-01,-1.200059814996e-01,-1.200059814996e-01,-1.200059814996e-01
3.356000000000e+00,3.377898400678e-01,-1.064111566693e+00,1.064111566693e+00,-1.233006486727e+00,-1.233006486727e+00,3.377898400678e-01,4.776879657471e-02,7.165319486207e-02,-7.165319486207e-02,4.776879657471e-02,4.776879657471e-02,4.776879657471e-02,-1.198826023203e-01,-1.798239034805e-01,1.798239034805e-01,-1.198826023203e-01,-1.198826023203e-01,-1.198826023203e-01
3.358000000000e+00,3.378851379787e-01,-1.063968619827e+00,1.063968619827e+00,-1.232911188816e+00,-1.232911188816e+00,3.378851379787e-01,4.752915585846e-02,7.129373378769e-02,-7.129373378769e-02,4.752915585846e-02,4.752915585846e-02,4.752915585846e-02,-1.197578918912e-01,-1.796368378368e-01,1.796368378368e-01,-1.197578918912e-01,-1.197578918912e-01,-1.197578918912e-01
3.360000000000e+00,3.379799568584e-01,-1.063826391507e+00,1.063826391507e+00,-1.232816369936e+00,-1.232816369936e+00,3.379799568584e-01,4.728976589596e-02,7.093464884393e-02,-7.093464884393e-02,4.728976589596e-02,4.728976589596e-02,4.728976589596e-02,-1.196318482487e-01,-1.794477723730e-01,1.794477723730e-01,-1.196318482487e-01,-1.196318482487e-01,-1.196318482487e-01
3.362000000000e+00,3.380742972112e-01,-1.063684880978e+00,1.063684880978e+00,-1.232722029584e+00,-1.232722029584e+00,3.380742972112e-01,4.705062935559e-02,7.057594403338e-02,-7.057594403338e-02,4.705062935559e-02,4.705062935559e-02,4.705062935559e-02,-1.195044694293e-01,-1.792567041440e-01,1.792567041440e-01,-1.195044694293e-01,-1.195044694293e-01,-1.195044694293e-01
3.364000000000e+00,3.381681595466e-01,-1.063544087475e+00,1.063544087475e+00,-1.232628167248e+00,-1.232628167248e+00,3.381681595466e-01,4.681174890967e-02,7.021762336450e-02,-7.021762336450e-02,4.681174890967e-02,4.681174890967e-02,4.681174890967e-02,-1.193757534696e-01,-1.790636302043e-01,1.790636302043e-01,-1.193757534696e-01,-1.193757534696e-01,-1.193757534696e-01
3.366000000000e+00,3.382615443793e-01,-1.063404010226e+00,1.063404010226e+00,-1.232534782416e+00,-1.232534782416e+00,3.382615443793e-01,4.657312723444e-02,6.985969085166e-02,-6.985969085166e-02,4.657312723444e-02,4.657312723444e-02,4.657312723444e-02,-1.192456984059e-01,-1.788685476089e-01,1.788685476089e-01,-1.192456984059e-01,-1.192456984059e-01,-1.192456984059e-01
3.368000000000e+00,3.383544522298e-01,-1.063264648450e+00,1.063264648450e+00,-1.232441874565e+00,-1.232441874565e+00,3.383544522298e-01,4.633476701009e-02,6.950215051513e-02,-6.950215051513e-02,4.633476701009e-02,4.633476701009e-02,4.633476701009e-02,-1.191143022749e-01,-1.786714534124e-01,1.786714534124e-01,-1.191143022749e-01,-1.191143022749e-01,-1.191143022749e-01
3.370000000000e+00,3.384468836235e-01,-1.063126001360e+00,1.063126001360e+00,-1.232349443171e+00,-1.232349443171e+00,3.384468836235e-01,4.609667092070e-02,6.914500638105e-02,-6.914500638105e-02,4.609667092070e-02,4.609667092070e-02,4.609667092070e-02,-1.189815631131e-01,-1.784723446696e-01,1.784723446696e-01,-1.189815631131e-01,-1.189815631131e-01,-1.189815631131e-01
3.372000000000e+00,3.385388390914e-01,-1.062988068158e+00,1.062988068158e+00,-1.232257487704e+00,-1.232257487704e+00,3.385388390914e-01,4.585884165430e-02,6.878826248145e-02,-6.878826248145e-02,4.585884165430e-02,4.585884165430e-02,4.585884165430e-02,-1.188474789569e-01,-1.782712184353e-01,1.782712184353e-01,-1.188474789569e-01,-1.188474789569e-01,-1.188474789569e-01
3.374000000000e+00,3.386303191698e-01,-1.062850848040e+00,1.062850848040e+00,-1.232166007625e+00,-1.232166007625e+00,3.386303191698e-01,4.562128190284e-02,6.843192285426e-02,-6.843192285426e-02,4.562128190284e-02,4.562128190284e-02,4.562128190284e-02,-1.187120478428e-01,-1.780680717643e-01,1.780680717643e-01,-1.187120478428e-01,-1.187120478428e-01,-1.187120478428e-01
3.376000000000e+00,3.387213244004e-01,-1.062714340194e+00,1.062714340194e+00,-1.232075002394e+00,-1.232075002394e+00,3.387213244004e-01,4.538399436221e-02,6.807599154331e-02,-6.807599154331e-02,4.538399436221e-02,4.538399436221e-02,4.538399436221e-02,-1.185752678074e-01,-1.778629017112e-01,1.778629017112e-01,-1.185752678074e-01,-1.185752678074e-01,-1.185752678074e-01
3.378000000000e+00,3.388118553305e-01,-1.062578543799e+00,1.062578543799e+00,-1.231984471464e+00,-1.231984471464e+00,3.388118553305e-01,4.514698173220e-02,6.772047259830e-02,-6.772047259830e-02,4.514698173220e-02,4.514698173220e-02,4.514698173220e-02,-1.184371368872e-01,-1.776557053308e-01,1.776557053308e-01,-1.184371368872e-01,-1.184371368872e-01,-1.184371368872e-01
3.380000000000e+00,3.389019125124e-01,-1.062443458026e+00,1.062443458026e+00,-1.231894414282e+00,-1.231894414282e+00,3.389019125124e-01,4.491024671656e-02,6.736537007484e-02,-6.736537007484e-02,4.491024671656e-02,4.491024671656e-02,4.491024671656e-02,-1.182976531186e-01,-1.774464796779e-01,1.774464796779e-01,-1.182976531186e-01,-1.182976531186e-01,-1.182976531186e-01
3.382000000000e+00,3.389914965042e-01,-1.062309082039e+00,1.062309082039e+00,-1.231804830291e+00,-1.231804830291e+00,3.389914965042e-01,4.467379202293e-02,6.701068803440e-02,-6.701068803440e-02,4.467379202293e-02,4.467379202293e-02,4.467379202293e-02,-1.181568145382e-01,-1.772352218073e-01,1.772352218073e-01,-1.181568145382e-01,-1.181568145382e-01,-1.181568145382e-01
3.384000000000e+00,3.390806078692e-01,-1.062175414991e+00,1.062175414991e+00,-1.231715718926e+00,-1.231715718926e+00,3.390806078692e-01,4.443762036292e-02,6.665643054438e-02,-6.665643054438e-02,4.443762036292e-02,4.443762036292e-02,4.443762036292e-02,-1.180146191825e-01,-1.770219287737e-01,1.770219287737e-01,-1.180146191825e-01,-1.180146191825e-01,-1.180146191825e-01
3.386000000000e+00,3.391692471762e-01,-1.062042456031e+00,1.062042456031e+00,-1.231627079619e+00,-1.231627079619e+00,3.391692471762e-01,4.420173445203e-02,6.630260167805e-02,-6.630260167805e-02,4.420173445203e-02,4.420173445203e-02,4.420173445203e-02,-1.178710650879e-01,-1.768065976319e-01,1.768065976319e-01,-1.178710650879e-01,-1.178710650879e-01,-1.178710650879e-01
3.388000000000e+00,3.392574149993e-01,-1.061910204296e+00,1.061910204296e+00,-1.231538911796e+00,-1.231538911796e+00,3.392574149993e-01,4.396613700970e-02,6.594920551456e-02,-6.594920551456e-02,4.396613700970e-02,4.396613700970e-02,4.396613700970e-02,-1.177261502911e-01,-1.765892254366e-01,1.765892254366e-01,-1.177261502911e-01,-1.177261502911e-01,-1.177261502911e-01
3.390000000000e+00,3.393451119184e-01,-1.061778658917e+00,1.061778658917e+00,-1.231451214877e+00,-1.231451214877e+00,3.393451119184e-01,4.373083075931e-02,6.559624613897e-02,-6.559624613897e-02,4.373083075931e-02,4.373083075931e-02,4.373083075931e-02,-1.175798728284e-01,-1.763698092425e-01,1.763698092425e-01,-1.175798728284e-01,-1.175798728284e-01,-1.175798728284e-01
3.392000000000e+00,3.394323385183e-01,-1.061647819017e+00,1.061647819017e+00,-1.231363988277e+00,-1.231363988277e+00,3.394323385183e-01,4.349581842814e-02,6.524372764222e-02,-6.524372764222e-02,4.349581842814e-02,4.349581842814e-02,4.349581842814e-02,-1.174322307364e-01,-1.761483461045e-01,1.761483461045e-01,-1.174322307364e-01,-1.174322307364e-01,-1.174322307364e-01
3.394000000000e+00,3.395190953898e-01,-1.061517683710e+00,1.061517683710e+00,-1.231277231405e+00,-1.231277231405e+00,3.395190953898e-01,4.326110274743e-02,6.489165412114e-02,-6.489165412114e-02,4.326110274743e-02,4.326110274743e-02,4.326110274743e-02,-1.172832220516e-01,-1.759248330773e-01,1.759248330773e-01,-1.172832220516e-01,-1.172832220516e-01,-1.172832220516e-01
3.396000000000e+00,3.396053831289e-01,-1.061388252102e+00,1.061388252102e+00,-1.231190943666e+00,-1.231190943666e+00,3.396053831289e-01,4.302668645231e-02,6.454002967846e-02,-6.454002967846e-02,4.302668645231e-02,4.302668645231e-02,4.302668645231e-02,-1.171328448105e-01,-1.756992672157e-01,1.756992672157e-01,-1.171328448105e-01,-1.171328448105e-01,-1.171328448105e-01
3.398000000000e+00,3.396912023371e-01,-1.061259523289e+00,1.061259523289e+00,-1.231105124458e+00,-1.231105124458e+00,3.396912023371e-01,4.279257228187e-02,6.418885842280e-02,-6.418885842280e-02,4.279257228187e-02,4.279257228187e-02,4.279257228187e-02,-1.169810970496e-01,-1.754716455743e-01,1.754716455743e-01,-1.169810970496e-01,-1.169810970496e-01,-1.169810970496e-01
3.400000000000e+00,3.397765536213e-01,-1.061131496363e+00,1.061131496363e+00,-1.231019773174e+00,-1.231019773174e+00,3.397765536213e-01,4.255876297910e-02,6.383814446865e-02,-6.383814446865e-02,4.255876297910e-02,4.255876297910e-02,4.255876297910e-02,-1.168279768054e-01,-1.752419652081e-01,1.752419652081e-01,-1.168279768054e-01,-1.168279768054e-01,-1.168279768054e-01
3.402000000000e+00,3.398614375941e-01,-1.061004170404e+00,1.061004170404e+00,-1.230934889201e+00,-1.230934889201e+00,3.398614375941e-01,4.232526129094e-02,6.348789193641e-02,-6.348789193641e-02,4.232526129094e-02,4.232526129094e-02,4.232526129094e-02,-1.166734821144e-01,-1.750102231716e-01,1.750102231716e-01,-1.166734821144e-01,-1.166734821144e-01,-1.166734821144e-01
3.404000000000e+00,3.399458548734e-01,-1.060877544485e+00,1.060877544485e+00,-1.230850471922e+00,-1.230850471922e+00,3.399458548734e-01,4.209206996825e-02,6.313810495237e-02,-6.313810495237e-02,4.209206996825e-02,4.209206996825e-02,4.209206996825e-02,-1.165176110131e-01,-1.747764165197e-01,1.747764165197e-01,-1.165176110131e-01,-1.165176110131e-01,-1.165176110131e-01
3.406000000000e+00,3.400298060827e-01,-1.060751617671e+00,1.060751617671e+00,-1.230766520712e+00,-1.230766520712e+00,3.400298060827e-01,4.185919176580e-02,6.278878764871e-02,-6.278878764871e-02,4.185919176580e-02,4.185919176580e-02,4.185919176580e-02,-1.163603615381e-01,-1.745405423072e-01,1.745405423072e-01,-1.163603615381e-01,-1.163603615381e-01,-1.163603615381e-01
3.408000000000e+00,3.401132918510e-01,-1.060626389018e+00,1.060626389018e+00,-1.230683034944e+00,-1.230683034944e+00,3.401132918510e-01,4.162662944232e-02,6.243994416348e-02,-6.243994416348e-02,4.162662944232e-02,4.162662944232e-02,4.162662944232e-02,-1.162017317258e-01,-1.743025975887e-01,1.743025975887e-01,-1.162017317258e-01,-1.162017317258e-01,-1.162017317258e-01
3.410000000000e+00,3.401963128129e-01,-1.060501857576e+00,1.060501857576e+00,-1.230600013982e+00,-1.230600013982e+00,3.401963128129e-01,4.139438576044e-02,6.209157864065e-02,-6.209157864065e-02,4.139438576044e-02,4.139438576044e-02,4.139438576044e-02,-1.160417196127e-01,-1.740625794191e-01,1.740625794191e-01,-1.160417196127e-01,-1.160417196127e-01,-1.160417196127e-01
3.412000000000e+00,3.402788696083e-01,-1.060378022382e+00,1.060378022382e+00,-1.230517457187e+00,-1.230517457187e+00,3.402788696083e-01,4.116246348671e-02,6.174369523007e-02,-6.174369523007e-02,4.116246348671e-02,4.116246348671e-02,4.116246348671e-02,-1.158803232354e-01,-1.738204848531e-01,1.738204848531e-01,-1.158803232354e-01,-1.158803232354e-01,-1.158803232354e-01
3.414000000000e+00,3.403609628829e-01,-1.060254882470e+00,1.060254882470e+00,-1.230435363912e+00,-1.230435363912e+00,3.403609628829e-01,4.093086539165e-02,6.139629808747e-02,-6.139629808747e-02,4.093086539165e-02,4.093086539165e-02,4.093086539165e-02,-1.157175406303e-01,-1.735763109455e-01,1.735763109455e-01,-1.157175406303e-01,-1.157175406303e-01,-1.157175406303e-01
3.416000000000e+00,3.404425932879e-01,-1.060132436863e+00,1.060132436863e+00,-1.230353733507e+00,-1.230353733507e+00,3.404425932879e-01,4.069959424965e-02,6.104939137448e-02,-6.104939137448e-02,4.069959424965e-02,4.069959424965e-02,4.069959424965e-02,-1.155533698340e-01,-1.733300547509e-01,1.733300547509e-01,-1.155533698340e-01,-1.155533698340e-01,-1.155533698340e-01
3.418000000000e+00,3.405237614798e-01,-1.060010684575e+00,1.060010684575e+00,-1.230272565315e+00,-1.230272565315e+00,3.405237614798e-01,4.046865283908e-02,6.070297925862e-02,-6.070297925862e-02,4.046865283908e-02,4.046865283908e-02,4.046865283908e-02,-1.153878088829e-01,-1.730817133243e-01,1.730817133243e-01,-1.153878088829e-01,-1.153878088829e-01,-1.153878088829e-01
3.420000000000e+00,3.406044681209e-01,-1.059889624614e+00,1.059889624614e+00,-1.230191858674e+00,-1.230191858674e+00,3.406044681209e-01,4.023804394220e-02,6.035706591330e-02,-6.035706591330e-02,4.023804394220e-02,4.023804394220e-02,4.023804394220e-02,-1.152208558135e-01,-1.728312837203e-01,1.728312837203e-01,-1.152208558135e-01,-1.152208558135e-01,-1.152208558135e-01
3.422000000000e+00,3.406847138791e-01,-1.059769255976e+00,1.059769255976e+00,-1.230111612916e+00,-1.230111612916e+00,3.406847138791e-01,4.000777034521e-02,6.001165551782e-02,-6.001165551782e-02,4.000777034521e-02,4.000777034521e-02,4.000777034521e-02,-1.150525086624e-01,-1.725787629937e-01,1.725787629937e-01,-1.150525086624e-01,-1.150525086624e-01,-1.150525086624e-01
3.424000000000e+00,3.407644994277e-01,-1.059649577653e+00,1.059649577653e+00,-1.230031827367e+00,-1.230031827367e+00,3.407644994277e-01,3.977783483825e-02,5.966675225737e-02,-5.966675225737e-02,3.977783483825e-02,3.977783483825e-02,3.977783483825e-02,-1.148827654661e-01,-1.723241481992e-01,1.723241481992e-01,-1.148827654661e-01,-1.148827654661e-01,-1.148827654661e-01
3.426000000000e+00,3.408438254457e-01,-1.059530588626e+00,1.059530588626e+00,-1.229952501349e+00,-1.229952501349e+00,3.408438254457e-01,3.954824021535e-02,5.932236032303e-02,-5.932236032303e-02,3.954824021535e-02,3.954824021535e-02,3.954824021535e-02,-1.147116242611e-01,-1.720674363916e-01,1.720674363916e-01,-1.147116242611e-01,-1.147116242611e-01,-1.147116242611e-01
3.428000000000e+00,3.409226926176e-01,-1.059412287868e+00,1.059412287868e+00,-1.229873634177e+00,-1.229873634177e+00,3.409226926176e-01,3.931898927452e-02,5.897848391178e-02,-5.897848391178e-02,3.931898927452e-02,3.931898927452e-02,3.931898927452e-02,-1.145390830838e-01,-1.718086246257e-01,1.718086246257e-01,-1.145390830838e-01,-1.145390830838e-01,-1.145390830838e-01
3.430000000000e+00,3.410011016338e-01,-1.059294674344e+00,1.059294674344e+00,-1.229795225161e+00,-1.229795225161e+00,3.410011016338e-01,3.909008481764e-02,5.863512722646e-02,-5.863512722646e-02,3.909008481764e-02,3.909008481764e-02,3.909008481764e-02,-1.143651399708e-01,-1.715477099562e-01,1.715477099562e-01,-1.143651399708e-01,-1.143651399708e-01,-1.143651399708e-01
3.432000000000e+00,3.410790531898e-01,-1.059177747010e+00,1.059177747010e+00,-1.229717273605e+00,-1.229717273605e+00,3.410790531898e-01,3.886152965057e-02,5.829229447585e-02,-5.829229447585e-02,3.886152965057e-02,3.886152965057e-02,3.886152965057e-02,-1.141897929586e-01,-1.712846894379e-01,1.712846894379e-01,-1.141897929586e-01,-1.141897929586e-01,-1.141897929586e-01
3.434000000000e+00,3.411565479871e-01,-1.059061504814e+00,1.059061504814e+00,-1.229639778808e+00,-1.229639778808e+00,3.411565479871e-01,3.863332658305e-02,5.794998987458e-02,-5.794998987458e-02,3.863332658305e-02,3.863332658305e-02,3.863332658305e-02,-1.140130400837e-01,-1.710195601255e-01,1.710195601255e-01,-1.140130400837e-01,-1.140130400837e-01,-1.140130400837e-01
3.436000000000e+00,3.412335867327e-01,-1.058945946696e+00,1.058945946696e+00,-1.229562740062e+00,-1.229562740062e+00,3.412335867327e-01,3.840547842878e-02,5.760821764317e-02,-5.760821764317e-02,3.840547842878e-02,3.840547842878e-02,3.840547842878e-02,-1.138348793825e-01,-1.707523190738e-01,1.707523190738e-01,-1.138348793825e-01,-1.138348793825e-01,-1.138348793825e-01
3.438000000000e+00,3.413101701393e-01,-1.058831071586e+00,1.058831071586e+00,-1.229486156656e+00,-1.229486156656e+00,3.413101701393e-01,3.817798800538e-02,5.726698200807e-02,-5.726698200807e-02,3.817798800538e-02,3.817798800538e-02,3.817798800538e-02,-1.136553088917e-01,-1.704829633375e-01,1.704829633375e-01,-1.136553088917e-01,-1.136553088917e-01,-1.136553088917e-01
3.440000000000e+00,3.413862989251e-01,-1.058716878407e+00,1.058716878407e+00,-1.229410027870e+00,-1.229410027870e+00,3.413862989251e-01,3.795085813439e-02,5.692628720158e-02,-5.692628720158e-02,3.795085813439e-02,3.795085813439e-02,3.795085813439e-02,-1.134743266477e-01,-1.702114899715e-01,1.702114899715e-01,-1.134743266477e-01,-1.134743266477e-01,-1.134743266477e-01
3.442000000000e+00,3.414619738141e-01,-1.058603366074e+00,1.058603366074e+00,-1.229334352981e+00,-1.229334352981e+00,3.414619738141e-01,3.772409164127e-02,5.658613746190e-02,-5.658613746190e-02,3.772409164127e-02,3.772409164127e-02,3.772409164127e-02,-1.132919306869e-01,-1.699378960304e-01,1.699378960304e-01,-1.132919306869e-01,-1.132919306869e-01,-1.132919306869e-01
3.444000000000e+00,3.415371955358e-01,-1.058490533491e+00,1.058490533491e+00,-1.229259131259e+00,-1.229259131259e+00,3.415371955358e-01,3.749769135542e-02,5.624653703314e-02,-5.624653703314e-02,3.749769135542e-02,3.749769135542e-02,3.749769135542e-02,-1.131081190460e-01,-1.696621785690e-01,1.696621785690e-01,-1.131081190460e-01,-1.131081190460e-01,-1.131081190460e-01
3.446000000000e+00,3.416119648255e-01,-1.058378379557e+00,1.058378379557e+00,-1.229184361969e+00,-1.229184361969e+00,3.416119648255e-01,3.727166011018e-02,5.590749016527e-02,-5.590749016527e-02,3.727166011018e-02,3.727166011018e-02,3.727166011018e-02,-1.129228897614e-01,-1.693843346421e-01,1.693843346421e-01,-1.129228897614e-01,-1.129228897614e-01,-1.129228897614e-01
3.448000000000e+00,3.416862824242e-01,-1.058266903159e+00,1.058266903159e+00,-1.229110044371e+00,-1.229110044371e+00,3.416862824242e-01,3.704600074278e-02,5.556900111417e-02,-5.556900111417e-02,3.704600074278e-02,3.704600074278e-02,3.704600074278e-02,-1.127362408696e-01,-1.691043613044e-01,1.691043613044e-01,-1.127362408696e-01,-1.127362408696e-01,-1.127362408696e-01
3.450000000000e+00,3.417601490783e-01,-1.058156103177e+00,1.058156103177e+00,-1.229036177717e+00,-1.229036177717e+00,3.417601490783e-01,3.682071609441e-02,5.523107414162e-02,-5.523107414162e-02,3.682071609441e-02,3.682071609441e-02,3.682071609441e-02,-1.125481704072e-01,-1.688222556108e-01,1.688222556108e-01,-1.125481704072e-01,-1.125481704072e-01,-1.125481704072e-01
3.452000000000e+00,3.418335655403e-01,-1.058045978485e+00,1.058045978485e+00,-1.228962761255e+00,-1.228962761255e+00,3.418335655403e-01,3.659580901018e-02,5.489371351527e-02,-5.489371351527e-02,3.659580901018e-02,3.659580901018e-02,3.659580901018e-02,-1.123586764105e-01,-1.685380146158e-01,1.685380146158e-01,-1.123586764105e-01,-1.123586764105e-01,-1.123586764105e-01
3.454000000000e+00,3.419065325680e-01,-1.057936527943e+00,1.057936527943e+00,-1.228889794227e+00,-1.228889794227e+00,3.419065325680e-01,3.637128233910e-02,5.455692350866e-02,-5.455692350866e-02,3.637128233910e-02,3.637128233910e-02,3.637128233910e-02,-1.121677569162e-01,-1.682516353744e-01,1.682516353744e-01,-1.121677569162e-01,-1.121677569162e-01,-1.121677569162e-01
3.456000000000e+00,3.419790509251e-01,-1.057827750407e+00,1.057827750407e+00,-1.228817275870e+00,-1.228817275870e+00,3.419790509251e-01,3.614713893415e-02,5.422070840123e-02,-5.422070840123e-02,3.614713893415e-02,3.614713893415e-02,3.614713893415e-02,-1.119754099608e-01,-1.679631149412e-01,1.679631149412e-01,-1.119754099608e-01,-1.119754099608e-01,-1.119754099608e-01
3.458000000000e+00,3.420511213811e-01,-1.057719644723e+00,1.057719644723e+00,-1.228745205414e+00,-1.228745205414e+00,3.420511213811e-01,3.592338165221e-02,5.388507247832e-02,-5.388507247832e-02,3.592338165221e-02,3.592338165221e-02,3.592338165221e-02,-1.117816335807e-01,-1.676724503710e-01,1.676724503710e-01,-1.117816335807e-01,-1.117816335807e-01,-1.117816335807e-01
3.460000000000e+00,3.421227447111e-01,-1.057612209728e+00,1.057612209728e+00,-1.228673582084e+00,-1.228673582084e+00,3.421227447111e-01,3.570001335409e-02,5.355002003113e-02,-5.355002003113e-02,3.570001335409e-02,3.570001335409e-02,3.570001335409e-02,-1.115864258124e-01,-1.673796387186e-01,1.673796387186e-01,-1.115864258124e-01,-1.115864258124e-01,-1.115864258124e-01
3.462000000000e+00,3.421939216958e-01,-1.057505444251e+00,1.057505444251e+00,-1.228602405099e+00,-1.228602405099e+00,3.421939216958e-01,3.547703690453e-02,5.321555535679e-02,-5.321555535679e-02,3.547703690453e-02,3.547703690453e-02,3.547703690453e-02,-1.113897846925e-01,-1.670846770387e-01,1.670846770387e-01,-1.113897846925e-01,-1.113897846925e-01,-1.113897846925e-01
3.464000000000e+00,3.422646531218e-01,-1.057399347112e+00,1.057399347112e+00,-1.228531673673e+00,-1.228531673673e+00,3.422646531218e-01,3.525445517220e-02,5.288168275830e-02,-5.288168275830e-02,3.525445517220e-02,3.525445517220e-02,3.525445517220e-02,-1.111917082574e-01,-1.667875623861e-01,1.667875623861e-01,-1.111917082574e-01,-1.111917082574e-01,-1.111917082574e-01
3.466000000000e+00,3.423349397815e-01,-1.057293917123e+00,1.057293917123e+00,-1.228461387013e+00,-1.228461387013e+00,3.423349397815e-01,3.503227102969e-02,5.254840654453e-02,-5.254840654453e-02,3.503227102969e-02,3.503227102969e-02,3.503227102969e-02,-1.109921945437e-01,-1.664882918156e-01,1.664882918156e-01,-1.109921945437e-01,-1.109921945437e-01,-1.109921945437e-01
3.468000000000e+00,3.424047824729e-01,-1.057189153086e+00,1.057189153086e+00,-1.228391544322e+00,-1.228391544322e+00,3.424047824729e-01,3.481048735352e-02,5.221573103027e-02,-5.221573103027e-02,3.481048735352e-02,3.481048735352e-02,3.481048735352e-02,-1.107912415879e-01,-1.661868623818e-01,1.661868623818e-01,-1.107912415879e-01,-1.107912415879e-01,-1.107912415879e-01
3.470000000000e+00,3.424741819998e-01,-1.057085053795e+00,1.057085053795e+00,-1.228322144795e+00,-1.228322144795e+00,3.424741819998e-01,3.458910702414e-02,5.188366053621e-02,-5.188366053621e-02,3.458910702414e-02,3.458910702414e-02,3.458910702414e-02,-1.105888474264e-01,-1.658832711396e-01,1.658832711396e-01,-1.105888474264e-01,-1.105888474264e-01,-1.105888474264e-01
3.472000000000e+00,3.425431391718e-01,-1.056981618037e+00,1.056981618037e+00,-1.228253187623e+00,-1.228253187623e+00,3.425431391718e-01,3.436813292592e-02,5.155219938889e-02,-5.155219938889e-02,3.436813292592e-02,3.436813292592e-02,3.436813292592e-02,-1.103850100958e-01,-1.655775151437e-01,1.655775151437e-01,-1.103850100958e-01,-1.103850100958e-01,-1.103850100958e-01
3.474000000000e+00,3.426116548043e-01,-1.056878844588e+00,1.056878844588e+00,-1.228184671991e+00,-1.228184671991e+00,3.426116548043e-01,3.414756794718e-02,5.122135192076e-02,-5.122135192076e-02,3.414756794718e-02,3.414756794718e-02,3.414756794718e-02,-1.101797276326e-01,-1.652695914489e-01,1.652695914489e-01,-1.101797276326e-01,-1.101797276326e-01,-1.101797276326e-01
3.476000000000e+00,3.426797297183e-01,-1.056776732217e+00,1.056776732217e+00,-1.228116597077e+00,-1.228116597077e+00,3.426797297183e-01,3.392741498012e-02,5.089112247019e-02,-5.089112247019e-02,3.392741498012e-02,3.392741498012e-02,3.392741498012e-02,-1.099729980733e-01,-1.649594971099e-01,1.649594971099e-01,-1.099729980733e-01,-1.099729980733e-01,-1.099729980733e-01
3.478000000000e+00,3.427473647408e-01,-1.056675279684e+00,1.056675279684e+00,-1.228048962054e+00,-1.228048962054e+00,3.427473647408e-01,3.370767692092e-02,5.056151538138e-02,-5.056151538138e-02,3.370767692092e-02,3.370767692092e-02,3.370767692092e-02,-1.097648194544e-01,-1.646472291815e-01,1.646472291815e-01,-1.097648194544e-01,-1.097648194544e-01,-1.097648194544e-01
3.480000000000e+00,3.428145607045e-01,-1.056574485738e+00,1.056574485738e+00,-1.227981766090e+00,-1.227981766090e+00,3.428145607045e-01,3.348835666965e-02,5.023253500448e-02,-5.023253500448e-02,3.348835666965e-02,3.348835666965e-02,3.348835666965e-02,-1.095551898123e-01,-1.643327847185e-01,1.643327847185e-01,-1.095551898123e-01,-1.095551898123e-01,-1.095551898123e-01
3.482000000000e+00,3.428813184480e-01,-1.056474349123e+00,1.056474349123e+00,-1.227915008347e+00,-1.227915008347e+00,3.428813184480e-01,3.326945713033e-02,4.990418569550e-02,-4.990418569550e-02,3.326945713033e-02,3.326945713033e-02,3.326945713033e-02,-1.093441071837e-01,-1.640161607755e-01,1.640161607755e-01,-1.093441071837e-01,-1.093441071837e-01,-1.093441071837e-01
3.484000000000e+00,3.429476388154e-01,-1.056374868572e+00,1.056374868572e+00,-1.227848687979e+00,-1.227848687979e+00,3.429476388154e-01,3.305098121089e-02,4.957647181633e-02,-4.957647181633e-02,3.305098121089e-02,3.305098121089e-02,3.305098121089e-02,-1.091315696049e-01,-1.636973544074e-01,1.636973544074e-01,-1.091315696049e-01,-1.091315696049e-01,-1.091315696049e-01
3.486000000000e+00,3.430135226572e-01,-1.056276042809e+00,1.056276042809e+00,-1.227782804138e+00,-1.227782804138e+00,3.430135226572e-01,3.283293182319e-02,4.924939773478e-02,-4.924939773478e-02,3.283293182319e-02,3.283293182319e-02,3.283293182319e-02,-1.089175751126e-01,-1.633763626689e-01,1.633763626689e-01,-1.089175751126e-01,-1.089175751126e-01,-1.089175751126e-01
3.488000000000e+00,3.430789708290e-01,-1.056177870551e+00,1.056177870551e+00,-1.227717355966e+00,-1.227717355966e+00,3.430789708290e-01,3.261531188302e-02,4.892296782453e-02,-4.892296782453e-02,3.261531188302e-02,3.261531188302e-02,3.261531188302e-02,-1.087021217432e-01,-1.630531826147e-01,1.630531826147e-01,-1.087021217432e-01,-1.087021217432e-01,-1.087021217432e-01
3.490000000000e+00,3.431439841929e-01,-1.056080350506e+00,1.056080350506e+00,-1.227652342602e+00,-1.227652342602e+00,3.431439841929e-01,3.239812431011e-02,4.859718646516e-02,-4.859718646516e-02,3.239812431011e-02,3.239812431011e-02,3.239812431011e-02,-1.084852075331e-01,-1.627278112997e-01,1.627278112997e-01,-1.084852075331e-01,-1.084852075331e-01,-1.084852075331e-01
3.492000000000e+00,3.432085636165e-01,-1.055983481370e+00,1.055983481370e+00,-1.227587763178e+00,-1.227587763178e+00,3.432085636165e-01,3.218137202809e-02,4.827205804214e-02,-4.827205804214e-02,3.218137202809e-02,3.218137202809e-02,3.218137202809e-02,-1.082668305191e-01,-1.624002457786e-01,1.624002457786e-01,-1.082668305191e-01,-1.082668305191e-01,-1.082668305191e-01
3.494000000000e+00,3.432727099732e-01,-1.055887261835e+00,1.055887261835e+00,-1.227523616822e+00,-1.227523616822e+00,3.432727099732e-01,3.196505796454e-02,4.794758694682e-02,-4.794758694682e-02,3.196505796454e-02,3.196505796454e-02,3.196505796454e-02,-1.080469887374e-01,-1.620704831061e-01,1.620704831061e-01,-1.080469887374e-01,-1.080469887374e-01,-1.080469887374e-01
3.496000000000e+00,3.433364241424e-01,-1.055791690581e+00,1.055791690581e+00,-1.227459902652e+00,-1.227459902652e+00,3.433364241424e-01,3.174918505096e-02,4.762377757644e-02,-4.762377757644e-02,3.174918505096e-02,3.174918505096e-02,3.174918505096e-02,-1.078256802247e-01,-1.617385203370e-01,1.617385203370e-01,-1.078256802247e-01,-1.078256802247e-01,-1.078256802247e-01
3.498000000000e+00,3.433997070094e-01,-1.055696766281e+00,1.055696766281e+00,-1.227396619785e+00,-1.227396619785e+00,3.433997070094e-01,3.153375622277e-02,4.730063433416e-02,-4.730063433416e-02,3.153375622277e-02,3.153375622277e-02,3.153375622277e-02,-1.076029030174e-01,-1.614043545260e-01,1.614043545260e-01,-1.076029030174e-01,-1.076029030174e-01,-1.076029030174e-01
3.500000000000e+00,3.434625594653e-01,-1.055602487597e+00,1.055602487597e+00,-1.227333767330e+00,-1.227333767330e+00,3.434625594653e-01,3.131877441933e-02,4.697816162900e-02,-4.697816162900e-02,3.131877441933e-02,3.131877441933e-02,3.131877441933e-02,-1.073786551520e-01,-1.610679827280e-01,1.610679827280e-01,-1.073786551520e-01,-1.073786551520e-01,-1.073786551520e-01
3.502000000000e+00,3.435249824071e-01,-1.055508853184e+00,1.055508853184e+00,-1.227271344388e+00,-1.227271344388e+00,3.435249824071e-01,3.110424258391e-02,4.665636387587e-02,-4.665636387587e-02,3.110424258391e-02,3.110424258391e-02,3.110424258391e-02,-1.071529346651e-01,-1.607294019976e-01,1.607294019976e-01,-1.071529346651e-01,-1.071529346651e-01,-1.071529346651e-01
3.504000000000e+00,3.435869767376e-01,-1.055415861688e+00,1.055415861688e+00,-1.227209350057e+00,-1.227209350057e+00,3.435869767376e-01,3.089016366373e-02,4.633524549559e-02,-4.633524549559e-02,3.089016366373e-02,3.089016366373e-02,3.089016366373e-02,-1.069257395931e-01,-1.603886093897e-01,1.603886093897e-01,-1.069257395931e-01,-1.069257395931e-01,-1.069257395931e-01
3.506000000000e+00,3.436485433657e-01,-1.055323511746e+00,1.055323511746e+00,-1.227147783429e+00,-1.227147783429e+00,3.436485433657e-01,3.067654060991e-02,4.601481091486e-02,-4.601481091486e-02,3.067654060991e-02,3.067654060991e-02,3.067654060991e-02,-1.066970679726e-01,-1.600456019589e-01,1.600456019589e-01,-1.066970679726e-01,-1.066970679726e-01,-1.066970679726e-01
3.508000000000e+00,3.437096832059e-01,-1.055231801986e+00,1.055231801986e+00,-1.227086643589e+00,-1.227086643589e+00,3.437096832059e-01,3.046337637751e-02,4.569506456627e-02,-4.569506456627e-02,3.046337637751e-02,3.046337637751e-02,3.046337637751e-02,-1.064669178400e-01,-1.597003767601e-01,1.597003767601e-01,-1.064669178400e-01,-1.064669178400e-01,-1.064669178400e-01
3.510000000000e+00,3.437703971790e-01,-1.055140731026e+00,1.055140731026e+00,-1.227025929616e+00,-1.227025929616e+00,3.437703971790e-01,3.025067392553e-02,4.537601088830e-02,-4.537601088830e-02,3.025067392553e-02,3.025067392553e-02,3.025067392553e-02,-1.062352872319e-01,-1.593529308479e-01,1.593529308479e-01,-1.062352872319e-01,-1.062352872319e-01,-1.062352872319e-01
3.512000000000e+00,3.438306862115e-01,-1.055050297478e+00,1.055050297478e+00,-1.226965640583e+00,-1.226965640583e+00,3.438306862115e-01,3.003843621688e-02,4.505765432532e-02,-4.505765432532e-02,3.003843621688e-02,3.003843621688e-02,3.003843621688e-02,-1.060021741848e-01,-1.590032612772e-01,1.590032612772e-01,-1.060021741848e-01,-1.060021741848e-01,-1.060021741848e-01
3.514000000000e+00,3.438905512357e-01,-1.054960499941e+00,1.054960499941e+00,-1.226905775559e+00,-1.226905775559e+00,3.438905512357e-01,2.982666621839e-02,4.473999932759e-02,-4.473999932759e-02,2.982666621839e-02,2.982666621839e-02,2.982666621839e-02,-1.057675767351e-01,-1.586513651027e-01,1.586513651027e-01,-1.057675767351e-01,-1.057675767351e-01,-1.057675767351e-01
3.516000000000e+00,3.439499931901e-01,-1.054871337010e+00,1.054871337010e+00,-1.226846333605e+00,-1.226846333605e+00,3.439499931901e-01,2.961536690085e-02,4.442305035127e-02,-4.442305035127e-02,2.961536690085e-02,2.961536690085e-02,2.961536690085e-02,-1.055314929195e-01,-1.582972393792e-01,1.582972393792e-01,-1.055314929195e-01,-1.055314929195e-01,-1.055314929195e-01
3.518000000000e+00,3.440090130191e-01,-1.054782807266e+00,1.054782807266e+00,-1.226787313776e+00,-1.226787313776e+00,3.440090130191e-01,2.940454123894e-02,4.410681185840e-02,-4.410681185840e-02,2.940454123894e-02,2.940454123894e-02,2.940454123894e-02,-1.052939207743e-01,-1.579408811614e-01,1.579408811614e-01,-1.052939207743e-01,-1.052939207743e-01,-1.052939207743e-01
3.520000000000e+00,3.440676116728e-01,-1.054694909286e+00,1.054694909286e+00,-1.226728715122e+00,-1.226728715122e+00,3.440676116728e-01,2.919419221128e-02,4.379128831692e-02,-4.379128831692e-02,2.919419221128e-02,2.919419221128e-02,2.919419221128e-02,-1.050548583360e-01,-1.575822875041e-01,1.575822875041e-01,-1.050548583360e-01,-1.050548583360e-01,-1.050548583360e-01
3.522000000000e+00,3.441257901077e-01,-1.054607641633e+00,1.054607641633e+00,-1.226670536687e+00,-1.226670536687e+00,3.441257901077e-01,2.898432280043e-02,4.347648420064e-02,-4.347648420064e-02,2.898432280043e-02,2.898432280043e-02,2.898432280043e-02,-1.048143036413e-01,-1.572214554620e-01,1.572214554620e-01,-1.048143036413e-01,-1.048143036413e-01,-1.048143036413e-01
3.524000000000e+00,3.441835492858e-01,-1.054521002866e+00,1.054521002866e+00,-1.226612777509e+00,-1.226612777509e+00,3.441835492858e-01,2.877493599286e-02,4.316240398929e-02,-4.316240398929e-02,2.877493599286e-02,2.877493599286e-02,2.877493599286e-02,-1.045722547266e-01,-1.568583820899e-01,1.568583820899e-01,-1.045722547266e-01,-1.045722547266e-01,-1.045722547266e-01
3.526000000000e+00,3.442408901754e-01,-1.054434991532e+00,1.054434991532e+00,-1.226555436620e+00,-1.226555436620e+00,3.442408901754e-01,2.856603477898e-02,4.284905216847e-02,-4.284905216847e-02,2.856603477898e-02,2.856603477898e-02,2.856603477898e-02,-1.043287096283e-01,-1.564930644425e-01,1.564930644425e-01,-1.043287096283e-01,-1.043287096283e-01,-1.043287096283e-01
3.528000000000e+00,3.442978137506e-01,-1.054349606169e+00,1.054349606169e+00,-1.226498513044e+00,-1.226498513044e+00,3.442978137506e-01,2.835762215311e-02,4.253643322967e-02,-4.253643322967e-02,2.835762215311e-02,2.835762215311e-02,2.835762215311e-02,-1.040836663831e-01,-1.561254995747e-01,1.561254995747e-01,-1.040836663831e-01,-1.040836663831e-01,-1.040836663831e-01
3.530000000000e+00,3.443543209917e-01,-1.054264845307e+00,1.054264845307e+00,-1.226442005803e+00,-1.226442005803e+00,3.443543209917e-01,2.814970111352e-02,4.222455167028e-02,-4.222455167028e-02,2.814970111352e-02,2.814970111352e-02,2.814970111352e-02,-1.038371230274e-01,-1.557556845411e-01,1.557556845411e-01,-1.038371230274e-01,-1.038371230274e-01,-1.038371230274e-01
3.532000000000e+00,3.444104128848e-01,-1.054180707468e+00,1.054180707468e+00,-1.226385913910e+00,-1.226385913910e+00,3.444104128848e-01,2.794227466239e-02,4.191341199358e-02,-4.191341199358e-02,2.794227466239e-02,2.794227466239e-02,2.794227466239e-02,-1.035890775977e-01,-1.553836163965e-01,1.553836163965e-01,-1.035890775977e-01,-1.035890775977e-01,-1.035890775977e-01
3.534000000000e+00,3.444660904221e-01,-1.054097191162e+00,1.054097191162e+00,-1.226330236373e+00,-1.226330236373e+00,3.444660904221e-01,2.773534580582e-02,4.160301870873e-02,-4.160301870873e-02,2.773534580582e-02,2.773534580582e-02,2.773534580582e-02,-1.033395281305e-01,-1.550092921957e-01,1.550092921957e-01,-1.033395281305e-01,-1.033395281305e-01,-1.033395281305e-01
3.536000000000e+00,3.445213546018e-01,-1.054014294892e+00,1.054014294892e+00,-1.226274972193e+00,-1.226274972193e+00,3.445213546018e-01,2.752891755386e-02,4.129337633080e-02,-4.129337633080e-02,2.752891755386e-02,2.752891755386e-02,2.752891755386e-02,-1.030884726623e-01,-1.546327089935e-01,1.546327089935e-01,-1.030884726623e-01,-1.030884726623e-01,-1.030884726623e-01
3.538000000000e+00,3.445762064280e-01,-1.053932017153e+00,1.053932017153e+00,-1.226220120367e+00,-1.226220120367e+00,3.445762064280e-01,2.732299292048e-02,4.098448938072e-02,-4.098448938072e-02,2.732299292048e-02,2.732299292048e-02,2.732299292048e-02,-1.028359092297e-01,-1.542538638445e-01,1.542538638445e-01,-1.028359092297e-01,-1.028359092297e-01,-1.028359092297e-01
3.540000000000e+00,3.446306469112e-01,-1.053850356428e+00,1.053850356428e+00,-1.226165679884e+00,-1.226165679884e+00,3.446306469112e-01,2.711757492356e-02,4.067636238535e-02,-4.067636238535e-02,2.711757492356e-02,2.711757492356e-02,2.711757492356e-02,-1.025818358690e-01,-1.538727538036e-01,1.538727538036e-01,-1.025818358690e-01,-1.025818358690e-01,-1.025818358690e-01
3.542000000000e+00,3.446846770675e-01,-1.053769311194e+00,1.053769311194e+00,-1.226111649727e+00,-1.226111649727e+00,3.446846770675e-01,2.691266658493e-02,4.036899987740e-02,-4.036899987740e-02,2.691266658493e-02,2.691266658493e-02,2.691266658493e-02,-1.023262506170e-01,-1.534893759254e-01,1.534893759254e-01,-1.023262506170e-01,-1.023262506170e-01,-1.023262506170e-01
3.544000000000e+00,3.447382979193e-01,-1.053688879916e+00,1.053688879916e+00,-1.226058028876e+00,-1.226058028876e+00,3.447382979193e-01,2.670827093033e-02,4.006240639550e-02,-4.006240639550e-02,2.670827093033e-02,2.670827093033e-02,2.670827093033e-02,-1.020691515099e-01,-1.531037272649e-01,1.531037272649e-01,-1.020691515099e-01,-1.020691515099e-01,-1.020691515099e-01
3.546000000000e+00,3.447915104950e-01,-1.053609061052e+00,1.053609061052e+00,-1.226004816300e+00,-1.226004816300e+00,3.447915104950e-01,2.650439098944e-02,3.975658648416e-02,-3.975658648416e-02,2.650439098944e-02,2.650439098944e-02,2.650439098944e-02,-1.018105365844e-01,-1.527158048766e-01,1.527158048766e-01,-1.018105365844e-01,-1.018105365844e-01,-1.018105365844e-01
3.548000000000e+00,3.448443158291e-01,-1.053529853051e+00,1.053529853051e+00,-1.225952010966e+00,-1.225952010966e+00,3.448443158291e-01,2.630102979585e-02,3.945154469377e-02,-3.945154469377e-02,2.630102979585e-02,2.630102979585e-02,2.630102979585e-02,-1.015504038770e-01,-1.523256058155e-01,1.523256058155e-01,-1.015504038770e-01,-1.015504038770e-01,-1.015504038770e-01
3.550000000000e+00,3.448967149621e-01,-1.053451254352e+00,1.053451254352e+00,-1.225899611833e+00,-1.225899611833e+00,3.448967149621e-01,2.609819038709e-02,3.914728558064e-02,-3.914728558064e-02,2.609819038709e-02,2.609819038709e-02,2.609819038709e-02,-1.012887514241e-01,-1.519331271361e-01,1.519331271361e-01,-1.012887514241e-01,-1.012887514241e-01,-1.012887514241e-01
3.552000000000e+00,3.449487089406e-01,-1.053373263384e+00,1.053373263384e+00,-1.225847617854e+00,-1.225847617854e+00,3.449487089406e-01,2.589587580463e-02,3.884381370694e-02,-3.884381370694e-02,2.589587580463e-02,2.589587580463e-02,2.589587580463e-02,-1.010255772623e-01,-1.515383658934e-01,1.515383658934e-01,-1.010255772623e-01,-1.010255772623e-01,-1.010255772623e-01
3.554000000000e+00,3.450002988172e-01,-1.053295878569e+00,1.053295878569e+00,-1.225796027978e+00,-1.225796027978e+00,3.450002988172e-01,2.569408909383e-02,3.854113364074e-02,-3.854113364074e-02,2.569408909383e-02,2.569408909383e-02,2.569408909383e-02,-1.007608794280e-01,-1.511413191420e-01,1.511413191420e-01,-1.007608794280e-01,-1.007608794280e-01,-1.007608794280e-01
3.556000000000e+00,3.450514856509e-01,-1.053219098319e+00,1.053219098319e+00,-1.225744841144e+00,-1.225744841144e+00,3.450514856509e-01,2.549283330400e-02,3.823924995601e-02,-3.823924995601e-02,2.549283330400e-02,2.549283330400e-02,2.549283330400e-02,-1.004946559578e-01,-1.507419839367e-01,1.507419839367e-01,-1.004946559578e-01,-1.004946559578e-01,-1.004946559578e-01
3.558000000000e+00,3.451022705064e-01,-1.053142921035e+00,1.053142921035e+00,-1.225694056288e+00,-1.225694056288e+00,3.451022705064e-01,2.529211148840e-02,3.793816723259e-02,-3.793816723259e-02,2.529211148840e-02,2.529211148840e-02,2.529211148840e-02,-1.002269048881e-01,-1.503403573322e-01,1.503403573322e-01,-1.002269048881e-01,-1.002269048881e-01,-1.002269048881e-01
3.560000000000e+00,3.451526544548e-01,-1.053067345113e+00,1.053067345113e+00,-1.225643672340e+00,-1.225643672340e+00,3.451526544548e-01,2.509192670416e-02,3.763789005624e-02,-3.763789005624e-02,2.509192670416e-02,2.509192670416e-02,2.509192670416e-02,-9.995762425559e-02,-1.499364363834e-01,1.499364363834e-01,-9.995762425559e-02,-9.995762425559e-02,-9.995762425559e-02
3.562000000000e+00,3.452026385733e-01,-1.052992368935e+00,1.052992368935e+00,-1.225593688222e+00,-1.225593688222e+00,3.452026385733e-01,2.489228201239e-02,3.733842301858e-02,-3.733842301858e-02,2.489228201239e-02,2.489228201239e-02,2.489228201239e-02,-9.968681209662e-02,-1.495302181449e-01,1.495302181449e-01,-9.968681209662e-02,-9.968681209662e-02,-9.968681209662e-02
3.564000000000e+00,3.452522239450e-01,-1.052917990877e+00,1.052917990877e+00,-1.225544102850e+00,-1.225544102850e+00,3.452522239450e-01,2.469318047810e-02,3.703977071715e-02,-3.703977071715e-02,2.469318047810e-02,2.469318047810e-02,2.469318047810e-02,-9.941446644773e-02,-1.491216996716e-01,1.491216996716e-01,-9.941446644773e-02,-9.941446644773e-02,-9.941446644773e-02
3.566000000000e+00,3.453014116594e-01,-1.052844209306e+00,1.052844209306e+00,-1.225494915136e+00,-1.225494915136e+00,3.453014116594e-01,2.449462517024e-02,3.674193775535e-02,-3.674193775535e-02,2.449462517024e-02,2.449462517024e-02,2.449462517024e-02,-9.914058534544e-02,-1.487108780182e-01,1.487108780182e-01,-9.914058534544e-02,-9.914058534544e-02,-9.914058534544e-02
3.568000000000e+00,3.453502028119e-01,-1.052771022577e+00,1.052771022577e+00,-1.225446123983e+00,-1.225446123983e+00,3.453502028119e-01,2.429661916166e-02,3.644492874250e-02,-3.644492874250e-02,2.429661916166e-02,2.429661916166e-02,2.429661916166e-02,-9.886516682623e-02,-1.482977502394e-01,1.482977502394e-01,-9.886516682623e-02,-9.886516682623e-02,-9.886516682623e-02
3.570000000000e+00,3.453985985043e-01,-1.052698429039e+00,1.052698429039e+00,-1.225397728291e+00,-1.225397728291e+00,3.453985985043e-01,2.409916552918e-02,3.614874829378e-02,-3.614874829378e-02,2.409916552918e-02,2.409916552918e-02,2.409916552918e-02,-9.858820892663e-02,-1.478823133899e-01,1.478823133899e-01,-9.858820892663e-02,-9.858820892663e-02,-9.858820892663e-02
3.572000000000e+00,3.454465998443e-01,-1.052626427028e+00,1.052626427028e+00,-1.225349726951e+00,-1.225349726951e+00,3.454465998443e-01,2.390226735352e-02,3.585340103028e-02,-3.585340103028e-02,2.390226735352e-02,2.390226735352e-02,2.390226735352e-02,-9.830970968313e-02,-1.474645645247e-01,1.474645645247e-01,-9.830970968314e-02,-9.830970968314e-02,-9.830970968313e-02
3.574000000000e+00,3.454942079460e-01,-1.052555014876e+00,1.052555014876e+00,-1.225302118849e+00,-1.225302118849e+00,3.454942079460e-01,2.370592771932e-02,3.555889157898e-02,-3.555889157898e-02,2.370592771932e-02,2.370592771932e-02,2.370592771932e-02,-9.802966713225e-02,-1.470445006984e-01,1.470445006984e-01,-9.802966713225e-02,-9.802966713225e-02,-9.802966713225e-02
3.576000000000e+00,3.455414239296e-01,-1.052484190900e+00,1.052484190900e+00,-1.225254902865e+00,-1.225254902865e+00,3.455414239296e-01,2.351014971517e-02,3.526522457276e-02,-3.526522457276e-02,2.351014971517e-02,2.351014971517e-02,2.351014971517e-02,-9.774807931047e-02,-1.466221189657e-01,1.466221189657e-01,-9.774807931047e-02,-9.774807931047e-02,-9.774807931047e-02
3.578000000000e+00,3.455882489214e-01,-1.052413953413e+00,1.052413953413e+00,-1.225208077874e+00,-1.225208077874e+00,3.455882489214e-01,2.331493643357e-02,3.497240465036e-02,-3.497240465036e-02,2.331493643357e-02,2.331493643357e-02,2.331493643357e-02,-9.746494425431e-02,-1.461974163815e-01,1.461974163815e-01,-9.746494425431e-02,-9.746494425431e-02,-9.746494425431e-02
3.580000000000e+00,3.456346840539e-01,-1.052344300714e+00,1.052344300714e+00,-1.225161642741e+00,-1.225161642741e+00,3.456346840539e-01,2.312029097095e-02,3.468043645643e-02,-3.468043645643e-02,2.312029097095e-02,2.312029097095e-02,2.312029097095e-02,-9.718026000028e-02,-1.457703900004e-01,1.457703900004e-01,-9.718026000028e-02,-9.718026000028e-02,-9.718026000028e-02
3.582000000000e+00,3.456807304659e-01,-1.052275231096e+00,1.052275231096e+00,-1.225115596329e+00,-1.225115596329e+00,3.456807304659e-01,2.292621642768e-02,3.438932464151e-02,-3.438932464151e-02,2.292621642768e-02,2.292621642768e-02,2.292621642768e-02,-9.689402458487e-02,-1.453410368773e-01,1.453410368773e-01,-9.689402458487e-02,-9.689402458487e-02,-9.689402458487e-02
3.584000000000e+00,3.457263893023e-01,-1.052206742841e+00,1.052206742841e+00,-1.225069937493e+00,-1.225069937493e+00,3.457263893023e-01,2.273271590803e-02,3.409907386204e-02,-3.409907386204e-02,2.273271590803e-02,2.273271590803e-02,2.273271590803e-02,-9.660623604460e-02,-1.449093540669e-01,1.449093540669e-01,-9.660623604460e-02,-9.660623604460e-02,-9.660623604460e-02
3.586000000000e+00,3.457716617143e-01,-1.052138834224e+00,1.052138834224e+00,-1.225024665081e+00,-1.225024665081e+00,3.457716617143e-01,2.253979252022e-02,3.380968878034e-02,-3.380968878034e-02,2.253979252022e-02,2.253979252022e-02,2.253979252022e-02,-9.631689241596e-02,-1.444753386239e-01,1.444753386239e-01,-9.631689241596e-02,-9.631689241596e-02,-9.631689241596e-02
3.588000000000e+00,3.458165488592e-01,-1.052071503506e+00,1.052071503506e+00,-1.224979777936e+00,-1.224979777936e+00,3.458165488592e-01,2.234744937640e-02,3.352117406460e-02,-3.352117406460e-02,2.234744937640e-02,2.234744937640e-02,2.234744937640e-02,-9.602599173546e-02,-1.440389876032e-01,1.440389876032e-01,-9.602599173546e-02,-9.602599173546e-02,-9.602599173546e-02
3.590000000000e+00,3.458610519007e-01,-1.052004748944e+00,1.052004748944e+00,-1.224935274894e+00,-1.224935274894e+00,3.458610519007e-01,2.215568959263e-02,3.323353438894e-02,-3.323353438894e-02,2.215568959263e-02,2.215568959263e-02,2.215568959263e-02,-9.573353203961e-02,-1.436002980594e-01,1.436002980594e-01,-9.573353203961e-02,-9.573353203961e-02,-9.573353203961e-02
3.592000000000e+00,3.459051720085e-01,-1.051938568782e+00,1.051938568782e+00,-1.224891154786e+00,-1.224891154786e+00,3.459051720085e-01,2.196451628889e-02,3.294677443334e-02,-3.294677443334e-02,2.196451628889e-02,2.196451628889e-02,2.196451628889e-02,-9.543951136491e-02,-1.431592670474e-01,1.431592670474e-01,-9.543951136491e-02,-9.543951136491e-02,-9.543951136491e-02
3.594000000000e+00,3.459489103589e-01,-1.051872961257e+00,1.051872961257e+00,-1.224847416436e+00,-1.224847416436e+00,3.459489103589e-01,2.177393258913e-02,3.266089888369e-02,-3.266089888369e-02,2.177393258913e-02,2.177393258913e-02,2.177393258913e-02,-9.514392774786e-02,-1.427158916218e-01,1.427158916218e-01,-9.514392774786e-02,-9.514392774786e-02,-9.514392774786e-02
3.596000000000e+00,3.459922681341e-01,-1.051807924594e+00,1.051807924594e+00,-1.224804058661e+00,-1.224804058661e+00,3.459922681341e-01,2.158394162117e-02,3.237591243176e-02,-3.237591243176e-02,2.158394162117e-02,2.158394162117e-02,2.158394162117e-02,-9.484677922497e-02,-1.422701688375e-01,1.422701688375e-01,-9.484677922497e-02,-9.484677922497e-02,-9.484677922497e-02
3.598000000000e+00,3.460352465226e-01,-1.051743457011e+00,1.051743457011e+00,-1.224761080272e+00,-1.224761080272e+00,3.460352465226e-01,2.139454651681e-02,3.209181977521e-02,-3.209181977521e-02,2.139454651681e-02,2.139454651681e-02,2.139454651681e-02,-9.454806383275e-02,-1.418220957491e-01,1.418220957491e-01,-9.454806383275e-02,-9.454806383275e-02,-9.454806383275e-02
3.600000000000e+00,3.460778467195e-01,-1.051679556716e+00,1.051679556716e+00,-1.224718480075e+00,-1.224718480075e+00,3.460778467195e-01,2.120575041173e-02,3.180862561760e-02,-3.180862561760e-02,2.120575041173e-02,2.120575041173e-02,2.120575041173e-02,-9.424777960769e-02,-1.413716694115e-01,1.413716694115e-01,-9.424777960769e-02,-9.424777960769e-02,-9.424777960769e-02
3.602000000000e+00,3.461200699257e-01,-1.051616221906e+00,1.051616221906e+00,-1.224676256869e+00,-1.224676256869e+00,3.461200699257e-01,2.101755644557e-02,3.152633466836e-02,-3.152633466836e-02,2.101755644557e-02,2.101755644557e-02,2.101755644557e-02,-9.394592458631e-02,-1.409188868795e-01,1.409188868795e-01,-9.394592458631e-02,-9.394592458631e-02,-9.394592458631e-02
3.604000000000e+00,3.461619173488e-01,-1.051553450772e+00,1.051553450772e+00,-1.224634409446e+00,-1.224634409446e+00,3.461619173488e-01,2.082996776189e-02,3.124495164284e-02,-3.124495164284e-02,2.082996776189e-02,2.082996776189e-02,2.082996776189e-02,-9.364249680511e-02,-1.404637452077e-01,1.404637452077e-01,-9.364249680511e-02,-9.364249680511e-02,-9.364249680511e-02
3.606000000000e+00,3.462033902024e-01,-1.051491241491e+00,1.051491241491e+00,-1.224592936593e+00,-1.224592936593e+00,3.462033902024e-01,2.064298750817e-02,3.096448126225e-02,-3.096448126225e-02,2.064298750817e-02,2.064298750817e-02,2.064298750817e-02,-9.333749430059e-02,-1.400062414509e-01,1.400062414509e-01,-9.333749430059e-02,-9.333749430059e-02,-9.333749430059e-02
3.608000000000e+00,3.462444897065e-01,-1.051429592235e+00,1.051429592235e+00,-1.224551837088e+00,-1.224551837088e+00,3.462444897065e-01,2.045661883581e-02,3.068492825372e-02,-3.068492825372e-02,2.045661883581e-02,2.045661883581e-02,2.045661883581e-02,-9.303091510925e-02,-1.395463726639e-01,1.395463726639e-01,-9.303091510925e-02,-9.303091510925e-02,-9.303091510925e-02
3.610000000000e+00,3.462852170875e-01,-1.051368501164e+00,1.051368501164e+00,-1.224511109707e+00,-1.224511109707e+00,3.462852170875e-01,2.027086490017e-02,3.040629735025e-02,-3.040629735025e-02,2.027086490017e-02,2.027086490017e-02,2.027086490017e-02,-9.272275726761e-02,-1.390841359014e-01,1.390841359014e-01,-9.272275726761e-02,-9.272275726761e-02,-9.272275726761e-02
3.612000000000e+00,3.463255735780e-01,-1.051307966428e+00,1.051307966428e+00,-1.224470753217e+00,-1.224470753217e+00,3.463255735780e-01,2.008572886049e-02,3.012859329073e-02,-3.012859329073e-02,2.008572886049e-02,2.008572886049e-02,2.008572886049e-02,-9.241301881216e-02,-1.386195282182e-01,1.386195282182e-01,-9.241301881216e-02,-9.241301881216e-02,-9.241301881216e-02
3.614000000000e+00,3.463655604170e-01,-1.051247986169e+00,1.051247986169e+00,-1.224430766378e+00,-1.224430766378e+00,3.463655604170e-01,1.990121387997e-02,2.985182081995e-02,-2.985182081995e-02,1.990121387997e-02,1.990121387997e-02,1.990121387997e-02,-9.210169777942e-02,-1.381525466691e-01,1.381525466691e-01,-9.210169777942e-02,-9.210169777942e-02,-9.210169777942e-02
3.616000000000e+00,3.464051788497e-01,-1.051188558520e+00,1.051188558520e+00,-1.224391147945e+00,-1.224391147945e+00,3.464051788497e-01,1.971732312573e-02,2.957598468859e-02,-2.957598468859e-02,1.971732312573e-02,1.971732312573e-02,1.971732312573e-02,-9.178879220588e-02,-1.376831883088e-01,1.376831883088e-01,-9.178879220588e-02,-9.178879220588e-02,-9.178879220588e-02
3.618000000000e+00,3.464444301278e-01,-1.051129681603e+00,1.051129681603e+00,-1.224351896667e+00,-1.224351896667e+00,3.464444301278e-01,1.953405976881e-02,2.930108965322e-02,-2.930108965322e-02,1.953405976881e-02,1.953405976881e-02,1.953405976881e-02,-9.147430012805e-02,-1.372114501921e-01,1.372114501921e-01,-9.147430012805e-02,-9.147430012805e-02,-9.147430012805e-02
3.620000000000e+00,3.464833155092e-01,-1.051071353531e+00,1.051071353531e+00,-1.224313011286e+00,-1.224313011286e+00,3.464833155092e-01,1.935142698420e-02,2.902714047629e-02,-2.902714047629e-02,1.935142698420e-02,1.935142698420e-02,1.935142698420e-02,-9.115821958243e-02,-1.367373293736e-01,1.367373293736e-01,-9.115821958243e-02,-9.115821958243e-02,-9.115821958243e-02
3.622000000000e+00,3.465218362582e-01,-1.051013572408e+00,1.051013572408e+00,-1.224274490537e+00,-1.224274490537e+00,3.465218362582e-01,1.916942795077e-02,2.875414192616e-02,-2.875414192616e-02,1.916942795077e-02,1.916942795077e-02,1.916942795077e-02,-9.084054860553e-02,-1.362608229083e-01,1.362608229083e-01,-9.084054860553e-02,-9.084054860553e-02,-9.084054860553e-02
3.624000000000e+00,3.465599936456e-01,-1.050956336327e+00,1.050956336327e+00,-1.224236333149e+00,-1.224236333149e+00,3.465599936456e-01,1.898806585137e-02,2.848209877706e-02,-2.848209877706e-02,1.898806585137e-02,1.898806585137e-02,1.898806585137e-02,-9.052128523386e-02,-1.357819278508e-01,1.357819278508e-01,-9.052128523386e-02,-9.052128523386e-02,-9.052128523386e-02
3.626000000000e+00,3.465977889484e-01,-1.050899643372e+00,1.050899643372e+00,-1.224198537847e+00,-1.224198537847e+00,3.465977889484e-01,1.880734387274e-02,2.821101580911e-02,-2.821101580911e-02,1.880734387274e-02,1.880734387274e-02,1.880734387274e-02,-9.020042750391e-02,-1.353006412559e-01,1.353006412559e-01,-9.020042750391e-02,-9.020042750391e-02,-9.020042750391e-02
3.628000000000e+00,3.466352234500e-01,-1.050843491620e+00,1.050843491620e+00,-1.224161103345e+00,-1.224161103345e+00,3.466352234500e-01,1.862726520557e-02,2.794089780835e-02,-2.794089780835e-02,1.862726520557e-02,1.862726520557e-02,1.862726520557e-02,-8.987797345220e-02,-1.348169601783e-01,1.348169601783e-01,-8.987797345220e-02,-8.987797345220e-02,-8.987797345220e-02
3.630000000000e+00,3.466722984402e-01,-1.050787879135e+00,1.050787879135e+00,-1.224124028355e+00,-1.224124028355e+00,3.466722984402e-01,1.844783304446e-02,2.767174956669e-02,-2.767174956669e-02,1.844783304446e-02,1.844783304446e-02,1.844783304446e-02,-8.955392111523e-02,-1.343308816728e-01,1.343308816728e-01,-8.955392111523e-02,-8.955392111523e-02,-8.955392111523e-02
3.632000000000e+00,3.467090152153e-01,-1.050732803972e+00,1.050732803972e+00,-1.224087311580e+00,-1.224087311580e+00,3.467090152153e-01,1.826905058794e-02,2.740357588191e-02,-2.740357588191e-02,1.826905058794e-02,1.826905058794e-02,1.826905058794e-02,-8.922826852949e-02,-1.338424027942e-01,1.338424027942e-01,-8.922826852949e-02,-8.922826852949e-02,-8.922826852949e-02
3.634000000000e+00,3.467453750778e-01,-1.050678264178e+00,1.050678264178e+00,-1.224050951717e+00,-1.224050951717e+00,3.467453750778e-01,1.809092103848e-02,2.713638155772e-02,-2.713638155772e-02,1.809092103848e-02,1.809092103848e-02,1.809092103848e-02,-8.890101373151e-02,-1.333515205973e-01,1.333515205973e-01,-8.890101373151e-02,-8.890101373151e-02,-8.890101373151e-02
3.636000000000e+00,3.467813793368e-01,-1.050624257790e+00,1.050624257790e+00,-1.224014947458e+00,-1.224014947458e+00,3.467813793368e-01,1.791344760247e-02,2.687017140370e-02,-2.687017140370e-02,1.791344760247e-02,1.791344760247e-02,1.791344760247e-02,-8.857215475777e-02,-1.328582321367e-01,1.328582321367e-01,-8.857215475777e-02,-8.857215475777e-02,-8.857215475777e-02
3.638000000000e+00,3.468170293078e-01,-1.050570782833e+00,1.050570782833e+00,-1.223979297487e+00,-1.223979297487e+00,3.468170293078e-01,1.773663349021e-02,2.660495023531e-02,-2.660495023531e-02,1.773663349021e-02,1.773663349021e-02,1.773663349021e-02,-8.824168964479e-02,-1.323625344672e-01,1.323625344672e-01,-8.824168964479e-02,-8.824168964479e-02,-8.824168964479e-02
3.640000000000e+00,3.468523263125e-01,-1.050517837326e+00,1.050517837326e+00,-1.223944000482e+00,-1.223944000482e+00,3.468523263125e-01,1.756048191595e-02,2.634072287393e-02,-2.634072287393e-02,1.756048191595e-02,1.756048191595e-02,1.756048191595e-02,-8.790961642908e-02,-1.318644246436e-01,1.318644246436e-01,-8.790961642908e-02,-8.790961642908e-02,-8.790961642908e-02
3.642000000000e+00,3.468872716793e-01,-1.050465419276e+00,1.050465419276e+00,-1.223909055116e+00,-1.223909055116e+00,3.468872716793e-01,1.738499609787e-02,2.607749414681e-02,-2.607749414681e-02,1.738499609787e-02,1.738499609787e-02,1.738499609787e-02,-8.757593314712e-02,-1.313638997207e-01,1.313638997207e-01,-8.757593314712e-02,-8.757593314712e-02,-8.757593314712e-02
3.644000000000e+00,3.469218667429e-01,-1.050413526681e+00,1.050413526681e+00,-1.223874460052e+00,-1.223874460052e+00,3.469218667429e-01,1.721017925805e-02,2.581526888708e-02,-2.581526888708e-02,1.721017925805e-02,1.721017925805e-02,1.721017925805e-02,-8.724063783544e-02,-1.308609567532e-01,1.308609567532e-01,-8.724063783544e-02,-8.724063783544e-02,-8.724063783544e-02
3.646000000000e+00,3.469561128444e-01,-1.050362157528e+00,1.050362157528e+00,-1.223840213950e+00,-1.223840213950e+00,3.469561128444e-01,1.703603462252e-02,2.555405193379e-02,-2.555405193379e-02,1.703603462252e-02,1.703603462252e-02,1.703603462252e-02,-8.690372853053e-02,-1.303555927958e-01,1.303555927958e-01,-8.690372853053e-02,-8.690372853053e-02,-8.690372853053e-02
3.648000000000e+00,3.469900113316e-01,-1.050311309797e+00,1.050311309797e+00,-1.223806315463e+00,-1.223806315463e+00,3.469900113316e-01,1.686256542123e-02,2.529384813185e-02,-2.529384813185e-02,1.686256542123e-02,1.686256542123e-02,1.686256542123e-02,-8.656520326890e-02,-1.298478049033e-01,1.298478049033e-01,-8.656520326890e-02,-8.656520326890e-02,-8.656520326890e-02
3.650000000000e+00,3.470235635586e-01,-1.050260981457e+00,1.050260981457e+00,-1.223772763236e+00,-1.223772763236e+00,3.470235635586e-01,1.668977488806e-02,2.503466233209e-02,-2.503466233209e-02,1.668977488806e-02,1.668977488806e-02,1.668977488806e-02,-8.622506008705e-02,-1.293375901306e-01,1.293375901306e-01,-8.622506008705e-02,-8.622506008705e-02,-8.622506008705e-02
3.652000000000e+00,3.470567708858e-01,-1.050211170466e+00,1.050211170466e+00,-1.223739555909e+00,-1.223739555909e+00,3.470567708858e-01,1.651766626081e-02,2.477649939121e-02,-2.477649939121e-02,1.651766626081e-02,1.651766626081e-02,1.651766626081e-02,-8.588329702149e-02,-1.288249455322e-01,1.288249455322e-01,-8.588329702149e-02,-8.588329702149e-02,-8.588329702149e-02
3.654000000000e+00,3.470896346804e-01,-1.050161874774e+00,1.050161874774e+00,-1.223706692115e+00,-1.223706692115e+00,3.470896346804e-01,1.634624278121e-02,2.451936417181e-02,-2.451936417181e-02,1.634624278121e-02,1.634624278121e-02,1.634624278121e-02,-8.553991210873e-02,-1.283098681631e-01,1.283098681631e-01,-8.553991210873e-02,-8.553991210873e-02,-8.553991210873e-02
3.656000000000e+00,3.471221563159e-01,-1.050113092321e+00,1.050113092321e+00,-1.223674170479e+00,-1.223674170479e+00,3.471221563159e-01,1.617550769491e-02,2.426326154237e-02,-2.426326154237e-02,1.617550769491e-02,1.617550769491e-02,1.617550769491e-02,-8.519490338526e-02,-1.277923550779e-01,1.277923550779e-01,-8.519490338526e-02,-8.519490338526e-02,-8.519490338526e-02
3.658000000000e+00,3.471543371723e-01,-1.050064821037e+00,1.050064821037e+00,-1.223641989623e+00,-1.223641989623e+00,3.471543371723e-01,1.600546425152e-02,2.400819637727e-02,-2.400819637727e-02,1.600546425152e-02,1.600546425152e-02,1.600546425152e-02,-8.484826888759e-02,-1.272724033314e-01,1.272724033314e-01,-8.484826888759e-02,-8.484826888759e-02,-8.484826888759e-02
3.660000000000e+00,3.471861786361e-01,-1.050017058841e+00,1.050017058841e+00,-1.223610148159e+00,-1.223610148159e+00,3.471861786361e-01,1.583611570452e-02,2.375417355678e-02,-2.375417355678e-02,1.583611570452e-02,1.583611570452e-02,1.583611570452e-02,-8.450000665223e-02,-1.267500099783e-01,1.267500099783e-01,-8.450000665223e-02,-8.450000665223e-02,-8.450000665223e-02
3.662000000000e+00,3.472176821005e-01,-1.049969803644e+00,1.049969803644e+00,-1.223578644694e+00,-1.223578644694e+00,3.472176821005e-01,1.566746531137e-02,2.350119796706e-02,-2.350119796706e-02,1.566746531137e-02,1.566746531137e-02,1.566746531137e-02,-8.415011471568e-02,-1.262251720735e-01,1.262251720735e-01,-8.415011471568e-02,-8.415011471568e-02,-8.415011471568e-02
3.664000000000e+00,3.472488489650e-01,-1.049923053347e+00,1.049923053347e+00,-1.223547477830e+00,-1.223547477830e+00,3.472488489650e-01,1.549951633344e-02,2.324927450015e-02,-2.324927450015e-02,1.549951633344e-02,1.549951633344e-02,1.549951633344e-02,-8.379859111444e-02,-1.256978866717e-01,1.256978866717e-01,-8.379859111444e-02,-8.379859111444e-02,-8.379859111444e-02
3.666000000000e+00,3.472796806356e-01,-1.049876805841e+00,1.049876805841e+00,-1.223516646159e+00,-1.223516646159e+00,3.472796806356e-01,1.533227203600e-02,2.299840805400e-02,-2.299840805400e-02,1.533227203600e-02,1.533227203600e-02,1.533227203600e-02,-8.344543388503e-02,-1.251681508275e-01,1.251681508275e-01,-8.344543388503e-02,-8.344543388503e-02,-8.344543388503e-02
3.668000000000e+00,3.473101785251e-01,-1.049831059007e+00,1.049831059007e+00,-1.223486148270e+00,-1.223486148270e+00,3.473101785251e-01,1.516573568829e-02,2.274860353244e-02,-2.274860353244e-02,1.516573568829e-02,1.516573568829e-02,1.516573568829e-02,-8.309064106394e-02,-1.246359615959e-01,1.246359615959e-01,-8.309064106394e-02,-8.309064106394e-02,-8.309064106394e-02
3.670000000000e+00,3.473403440525e-01,-1.049785810716e+00,1.049785810716e+00,-1.223455982742e+00,-1.223455982742e+00,3.473403440525e-01,1.499991056345e-02,2.249986584518e-02,-2.249986584518e-02,1.499991056345e-02,1.499991056345e-02,1.499991056345e-02,-8.273421068768e-02,-1.241013160315e-01,1.241013160315e-01,-8.273421068768e-02,-8.273421068768e-02,-8.273421068768e-02
3.672000000000e+00,3.473701786437e-01,-1.049741058829e+00,1.049741058829e+00,-1.223426148151e+00,-1.223426148151e+00,3.473701786437e-01,1.483479993855e-02,2.225219990783e-02,-2.225219990783e-02,1.483479993855e-02,1.483479993855e-02,1.483479993855e-02,-8.237614079275e-02,-1.235642111891e-01,1.235642111891e-01,-8.237614079275e-02,-8.237614079275e-02,-8.237614079275e-02
3.674000000000e+00,3.473996837308e-01,-1.049696801199e+00,1.049696801199e+00,-1.223396643064e+00,-1.223396643064e+00,3.473996837308e-01,1.467040709460e-02,2.200561064190e-02,-2.200561064190e-02,1.467040709460e-02,1.467040709460e-02,1.467040709460e-02,-8.201642941566e-02,-1.230246441235e-01,1.230246441235e-01,-8.201642941566e-02,-8.201642941566e-02,-8.201642941566e-02
3.676000000000e+00,3.474288607528e-01,-1.049653035666e+00,1.049653035666e+00,-1.223367466042e+00,-1.223367466042e+00,3.474288607528e-01,1.450673531652e-02,2.176010297478e-02,-2.176010297478e-02,1.450673531652e-02,1.450673531652e-02,1.450673531652e-02,-8.165507459292e-02,-1.224826118894e-01,1.224826118894e-01,-8.165507459292e-02,-8.165507459292e-02,-8.165507459292e-02
3.678000000000e+00,3.474577111550e-01,-1.049609760062e+00,1.049609760062e+00,-1.223338615640e+00,-1.223338615640e+00,3.474577111550e-01,1.434378789317e-02,2.151568183975e-02,-2.151568183975e-02,1.434378789317e-02,1.434378789317e-02,1.434378789317e-02,-8.129207436102e-02,-1.219381115415e-01,1.219381115415e-01,-8.129207436102e-02,-8.129207436102e-02,-8.129207436102e-02
3.680000000000e+00,3.474862363894e-01,-1.049566972211e+00,1.049566972211e+00,-1.223310090405e+00,-1.223310090405e+00,3.474862363894e-01,1.418156811733e-02,2.127235217599e-02,-2.127235217599e-02,1.418156811733e-02,1.418156811733e-02,1.418156811733e-02,-8.092742675647e-02,-1.213911401347e-01,1.213911401347e-01,-8.092742675647e-02,-8.092742675647e-02,-8.092742675647e-02
3.682000000000e+00,3.475144379147e-01,-1.049524669923e+00,1.049524669923e+00,-1.223281888880e+00,-1.223281888880e+00,3.475144379147e-01,1.402007928570e-02,2.103011892855e-02,-2.103011892855e-02,1.402007928570e-02,1.402007928570e-02,1.402007928570e-02,-8.056112981578e-02,-1.208416947237e-01,1.208416947237e-01,-8.056112981578e-02,-8.056112981578e-02,-8.056112981578e-02
3.684000000000e+00,3.475423171961e-01,-1.049482851001e+00,1.049482851001e+00,-1.223254009599e+00,-1.223254009599e+00,3.475423171961e-01,1.385932469893e-02,2.078898704839e-02,-2.078898704839e-02,1.385932469893e-02,1.385932469893e-02,1.385932469893e-02,-8.019318157546e-02,-1.202897723632e-01,1.202897723632e-01,-8.019318157546e-02,-8.019318157546e-02,-8.019318157546e-02
3.686000000000e+00,3.475698757052e-01,-1.049441513237e+00,1.049441513237e+00,-1.223226451090e+00,-1.223226451090e+00,3.475698757052e-01,1.369930766157e-02,2.054896149236e-02,-2.054896149236e-02,1.369930766157e-02,1.369930766157e-02,1.369930766157e-02,-7.982358007200e-02,-1.197353701080e-01,1.197353701080e-01,-7.982358007200e-02,-7.982358007200e-02,-7.982358007200e-02
3.688000000000e+00,3.475971149206e-01,-1.049400654414e+00,1.049400654414e+00,-1.223199211874e+00,-1.223199211874e+00,3.475971149206e-01,1.354003148212e-02,2.031004722319e-02,-2.031004722319e-02,1.354003148212e-02,1.354003148212e-02,1.354003148212e-02,-7.945232334191e-02,-1.191784850129e-01,1.191784850129e-01,-7.945232334191e-02,-7.945232334191e-02,-7.945232334191e-02
3.690000000000e+00,3.476240363273e-01,-1.049360272304e+00,1.049360272304e+00,-1.223172290468e+00,-1.223172290468e+00,3.476240363273e-01,1.338149947300e-02,2.007224920950e-02,-2.007224920950e-02,1.338149947300e-02,1.338149947300e-02,1.338149947300e-02,-7.907940942169e-02,-1.186191141325e-01,1.186191141325e-01,-7.907940942169e-02,-7.907940942169e-02,-7.907940942169e-02
3.692000000000e+00,3.476506414168e-01,-1.049320364670e+00,1.049320364670e+00,-1.223145685378e+00,-1.223145685378e+00,3.476506414168e-01,1.322371495054e-02,1.983557242581e-02,-1.983557242581e-02,1.322371495054e-02,1.322371495054e-02,1.322371495054e-02,-7.870483634786e-02,-1.180572545218e-01,1.180572545218e-01,-7.870483634786e-02,-7.870483634786e-02,-7.870483634786e-02
3.694000000000e+00,3.476769316876e-01,-1.049280929263e+00,1.049280929263e+00,-1.223119395107e+00,-1.223119395107e+00,3.476769316876e-01,1.306668123502e-02,1.960002185253e-02,-1.960002185253e-02,1.306668123502e-02,1.306668123502e-02,1.306668123502e-02,-7.832860215691e-02,-1.174929032354e-01,1.174929032354e-01,-7.832860215691e-02,-7.832860215691e-02,-7.832860215691e-02
3.696000000000e+00,3.477029086445e-01,-1.049241963828e+00,1.049241963828e+00,-1.223093418150e+00,-1.223093418150e+00,3.477029086445e-01,1.291040165063e-02,1.936560247595e-02,-1.936560247595e-02,1.291040165063e-02,1.291040165063e-02,1.291040165063e-02,-7.795070488534e-02,-1.169260573280e-01,1.169260573280e-01,-7.795070488534e-02,-7.795070488534e-02,-7.795070488534e-02
3.698000000000e+00,3.477285737992e-01,-1.049203466096e+00,1.049203466096e+00,-1.223067752996e+00,-1.223067752996e+00,3.477285737992e-01,1.275487952551e-02,1.913231928826e-02,-1.913231928826e-02,1.275487952551e-02,1.275487952551e-02,1.275487952551e-02,-7.757114256968e-02,-1.163567138545e-01,1.163567138545e-01,-7.757114256968e-02,-7.757114256968e-02,-7.757114256968e-02
3.700000000000e+00,3.477539286698e-01,-1.049165433790e+00,1.049165433790e+00,-1.223042398125e+00,-1.223042398125e+00,3.477539286698e-01,1.260011819169e-02,1.890017728754e-02,-1.890017728754e-02,1.260011819169e-02,1.260011819169e-02,1.260011819169e-02,-7.718991324641e-02,-1.157848698696e-01,1.157848698696e-01,-7.718991324641e-02,-7.718991324641e-02,-7.718991324641e-02
3.702000000000e+00,3.477789747814e-01,-1.049127864623e+00,1.049127864623e+00,-1.223017352014e+00,-1.223017352014e+00,3.477789747814e-01,1.244612098517e-02,1.866918147775e-02,-1.866918147775e-02,1.244612098517e-02,1.244612098517e-02,1.244612098517e-02,-7.680701495204e-02,-1.152105224281e-01,1.152105224281e-01,-7.680701495204e-02,-7.680701495204e-02,-7.680701495204e-02
3.704000000000e+00,3.478037136654e-01,-1.049090756297e+00,1.049090756297e+00,-1.222992613129e+00,-1.222992613129e+00,3.478037136654e-01,1.229289124584e-02,1.843933686876e-02,-1.843933686876e-02,1.229289124584e-02,1.229289124584e-02,1.229289124584e-02,-7.642244572308e-02,-1.146336685846e-01,1.146336685846e-01,-7.642244572308e-02,-7.642244572308e-02,-7.642244572308e-02
3.706000000000e+00,3.478281468602e-01,-1.049054106505e+00,1.049054106505e+00,-1.222968179935e+00,-1.222968179935e+00,3.478281468602e-01,1.214043231754e-02,1.821064847631e-02,-1.821064847631e-02,1.214043231754e-02,1.214043231754e-02,1.214043231754e-02,-7.603620359603e-02,-1.140543053940e-01,1.140543053940e-01,-7.603620359603e-02,-7.603620359603e-02,-7.603620359603e-02
3.708000000000e+00,3.478522759108e-01,-1.049017912929e+00,1.049017912929e+00,-1.222944050884e+00,-1.222944050884e+00,3.478522759108e-01,1.198874754803e-02,1.798312132205e-02,-1.798312132205e-02,1.198874754803e-02,1.198874754803e-02,1.198874754803e-02,-7.564828660740e-02,-1.134724299111e-01,1.134724299111e-01,-7.564828660740e-02,-7.564828660740e-02,-7.564828660740e-02
3.710000000000e+00,3.478761023688e-01,-1.048982173242e+00,1.048982173242e+00,-1.222920224426e+00,-1.222920224426e+00,3.478761023688e-01,1.183784028900e-02,1.775676043349e-02,-1.775676043349e-02,1.183784028900e-02,1.183784028900e-02,1.183784028900e-02,-7.525869279369e-02,-1.128880391905e-01,1.128880391905e-01,-7.525869279369e-02,-7.525869279369e-02,-7.525869279369e-02
3.712000000000e+00,3.478996277925e-01,-1.048946885106e+00,1.048946885106e+00,-1.222896699002e+00,-1.222896699002e+00,3.478996277925e-01,1.168771389605e-02,1.753157084407e-02,-1.753157084407e-02,1.168771389605e-02,1.168771389605e-02,1.168771389605e-02,-7.486742019140e-02,-1.123011302871e-01,1.123011302871e-01,-7.486742019140e-02,-7.486742019140e-02,-7.486742019140e-02
3.714000000000e+00,3.479228537472e-01,-1.048912046174e+00,1.048912046174e+00,-1.222873473048e+00,-1.222873473048e+00,3.479228537472e-01,1.153837172873e-02,1.730755759310e-02,-1.730755759310e-02,1.153837172873e-02,1.153837172873e-02,1.153837172873e-02,-7.447446683705e-02,-1.117117002556e-01,1.117117002556e-01,-7.447446683705e-02,-7.447446683705e-02,-7.447446683705e-02
3.716000000000e+00,3.479457818045e-01,-1.048877654088e+00,1.048877654088e+00,-1.222850544990e+00,-1.222850544990e+00,3.479457818045e-01,1.138981715051e-02,1.708472572577e-02,-1.708472572577e-02,1.138981715051e-02,1.138981715051e-02,1.138981715051e-02,-7.407983076713e-02,-1.111197461507e-01,1.111197461507e-01,-7.407983076713e-02,-7.407983076713e-02,-7.407983076713e-02
3.718000000000e+00,3.479684135431e-01,-1.048843706480e+00,1.048843706480e+00,-1.222827913252e+00,-1.222827913252e+00,3.479684135431e-01,1.124205352878e-02,1.686308029317e-02,-1.686308029317e-02,1.124205352878e-02,1.124205352878e-02,1.124205352878e-02,-7.368351001815e-02,-1.105252650272e-01,1.105252650272e-01,-7.368351001815e-02,-7.368351001815e-02,-7.368351001815e-02
3.720000000000e+00,3.479907505482e-01,-1.048810200973e+00,1.048810200973e+00,-1.222805576247e+00,-1.222805576247e+00,3.479907505482e-01,1.109508423487e-02,1.664262635230e-02,-1.664262635230e-02,1.109508423487e-02,1.109508423487e-02,1.109508423487e-02,-7.328550262662e-02,-1.099282539399e-01,1.099282539399e-01,-7.328550262662e-02,-7.328550262662e-02,-7.328550262662e-02
3.722000000000e+00,3.480127944118e-01,-1.048777135177e+00,1.048777135177e+00,-1.222783532383e+00,-1.222783532383e+00,3.480127944118e-01,1.094891264401e-02,1.642336896602e-02,-1.642336896602e-02,1.094891264401e-02,1.094891264401e-02,1.094891264401e-02,-7.288580662903e-02,-1.093287099435e-01,1.093287099435e-01,-7.288580662903e-02,-7.288580662903e-02,-7.288580662903e-02
3.724000000000e+00,3.480345467328e-01,-1.048744506696e+00,1.048744506696e+00,-1.222761780062e+00,-1.222761780062e+00,3.480345467328e-01,1.080354213540e-02,1.620531320310e-02,-1.620531320310e-02,1.080354213540e-02,1.080354213540e-02,1.080354213540e-02,-7.248442006190e-02,-1.087266300928e-01,1.087266300928e-01,-7.248442006190e-02,-7.248442006190e-02,-7.248442006190e-02
3.726000000000e+00,3.480560091167e-01,-1.048712313120e+00,1.048712313120e+00,-1.222740317678e+00,-1.222740317678e+00,3.480560091167e-01,1.065897609212e-02,1.598846413818e-02,-1.598846413818e-02,1.065897609212e-02,1.065897609212e-02,1.065897609212e-02,-7.208134096172e-02,-1.081220114426e-01,1.081220114426e-01,-7.208134096172e-02,-7.208134096172e-02,-7.208134096172e-02
3.728000000000e+00,3.480771831757e-01,-1.048680552031e+00,1.048680552031e+00,-1.222719143619e+00,-1.222719143619e+00,3.480771831757e-01,1.051521790121e-02,1.577282685182e-02,-1.577282685182e-02,1.051521790121e-02,1.051521790121e-02,1.051521790121e-02,-7.167656736501e-02,-1.075148510475e-01,1.075148510475e-01,-7.167656736501e-02,-7.167656736501e-02,-7.167656736501e-02
3.730000000000e+00,3.480980705291e-01,-1.048649221001e+00,1.048649221001e+00,-1.222698256266e+00,-1.222698256266e+00,3.480980705291e-01,1.037227095363e-02,1.555840643045e-02,-1.555840643045e-02,1.037227095363e-02,1.037227095363e-02,1.037227095363e-02,-7.127009730826e-02,-1.069051459624e-01,1.069051459624e-01,-7.127009730826e-02,-7.127009730826e-02,-7.127009730826e-02
3.732000000000e+00,3.481186728026e-01,-1.048618317591e+00,1.048618317591e+00,-1.222677653992e+00,-1.222677653992e+00,3.481186728026e-01,1.023013864426e-02,1.534520796640e-02,-1.534520796640e-02,1.023013864426e-02,1.023013864426e-02,1.023013864426e-02,-7.086192882799e-02,-1.062928932420e-01,1.062928932420e-01,-7.086192882799e-02,-7.086192882799e-02,-7.086192882799e-02
3.734000000000e+00,3.481389916290e-01,-1.048587839351e+00,1.048587839351e+00,-1.222657335166e+00,-1.222657335166e+00,3.481389916290e-01,1.008882437191e-02,1.513323655787e-02,-1.513323655787e-02,1.008882437191e-02,1.008882437191e-02,1.008882437191e-02,-7.045205996069e-02,-1.056780899410e-01,1.056780899410e-01,-7.045205996069e-02,-7.045205996069e-02,-7.045205996069e-02
3.736000000000e+00,3.481590286478e-01,-1.048557783823e+00,1.048557783823e+00,-1.222637298147e+00,-1.222637298147e+00,3.481590286478e-01,9.948331539321e-03,1.492249730898e-02,-1.492249730898e-02,9.948331539321e-03,9.948331539321e-03,9.948331539321e-03,-7.004048874287e-02,-1.050607331143e-01,1.050607331143e-01,-7.004048874287e-02,-7.004048874287e-02,-7.004048874287e-02
3.738000000000e+00,3.481787855051e-01,-1.048528148537e+00,1.048528148537e+00,-1.222617541290e+00,-1.222617541290e+00,3.481787855051e-01,9.808663553151e-03,1.471299532973e-02,-1.471299532973e-02,9.808663553151e-03,9.808663553151e-03,9.808663553151e-03,-6.962721321104e-02,-1.044408198166e-01,1.044408198166e-01,-6.962721321104e-02,-6.962721321104e-02,-6.962721321104e-02
3.740000000000e+00,3.481982638541e-01,-1.048498931014e+00,1.048498931014e+00,-1.222598062941e+00,-1.222598062941e+00,3.481982638541e-01,9.669823823995e-03,1.450473573599e-02,-1.450473573599e-02,9.669823823995e-03,9.669823823995e-03,9.669823823995e-03,-6.921223140170e-02,-1.038183471025e-01,1.038183471025e-01,-6.921223140170e-02,-6.921223140170e-02,-6.921223140170e-02
3.742000000000e+00,3.482174653548e-01,-1.048470128763e+00,1.048470128763e+00,-1.222578861440e+00,-1.222578861440e+00,3.482174653548e-01,9.531815766371e-03,1.429772364956e-02,-1.429772364956e-02,9.531815766371e-03,9.531815766371e-03,9.531815766371e-03,-6.879554135135e-02,-1.031933120270e-01,1.031933120270e-01,-6.879554135135e-02,-6.879554135135e-02,-6.879554135135e-02
3.744000000000e+00,3.482363916739e-01,-1.048441739284e+00,1.048441739284e+00,-1.222559935121e+00,-1.222559935121e+00,3.482363916739e-01,9.394642798727e-03,1.409196419809e-02,-1.409196419809e-02,9.394642798727e-03,9.394642798727e-03,9.394642798727e-03,-6.837714109650e-02,-1.025657116448e-01,1.025657116448e-01,-6.837714109650e-02,-6.837714109650e-02,-6.837714109650e-02
3.746000000000e+00,3.482550444850e-01,-1.048413760067e+00,1.048413760067e+00,-1.222541282310e+00,-1.222541282310e+00,3.482550444850e-01,9.258308343431e-03,1.388746251515e-02,-1.388746251515e-02,9.258308343431e-03,9.258308343431e-03,9.258308343431e-03,-6.795702867366e-02,-1.019355430105e-01,1.019355430105e-01,-6.795702867366e-02,-6.795702867366e-02,-6.795702867366e-02
3.748000000000e+00,3.482734254686e-01,-1.048386188592e+00,1.048386188592e+00,-1.222522901326e+00,-1.222522901326e+00,3.482734254686e-01,9.122815826786e-03,1.368422374018e-02,-1.368422374018e-02,9.122815826786e-03,9.122815826786e-03,9.122815826786e-03,-6.753520211932e-02,-1.013028031790e-01,1.013028031790e-01,-6.753520211932e-02,-6.753520211932e-02,-6.753520211932e-02
3.750000000000e+00,3.482915363119e-01,-1.048359022327e+00,1.048359022327e+00,-1.222504790483e+00,-1.222504790483e+00,3.482915363119e-01,8.988168679017e-03,1.348225301853e-02,-1.348225301853e-02,8.988168679017e-03,8.988168679017e-03,8.988168679017e-03,-6.711165947000e-02,-1.006674892050e-01,1.006674892050e-01,-6.711165947000e-02,-6.711165947000e-02,-6.711165947000e-02
3.752000000000e+00,3.483093787092e-01,-1.048332258731e+00,1.048332258731e+00,-1.222486948086e+00,-1.222486948086e+00,3.483093787092e-01,8.854370334279e-03,1.328155550142e-02,-1.328155550142e-02,8.854370334279e-03,8.854370334279e-03,8.854370334279e-03,-6.668639876219e-02,-1.000295981433e-01,1.000295981433e-01,-6.668639876219e-02,-6.668639876219e-02,-6.668639876219e-02
3.754000000000e+00,3.483269543614e-01,-1.048305895253e+00,1.048305895253e+00,-1.222469372433e+00,-1.222469372433e+00,3.483269543614e-01,8.721424230650e-03,1.308213634598e-02,-1.308213634598e-02,8.721424230650e-03,8.721424230650e-03,8.721424230650e-03,-6.625941803241e-02,-9.938912704861e-02,9.938912704861e-02,-6.625941803241e-02,-6.625941803241e-02,-6.625941803241e-02
3.756000000000e+00,3.483442649766e-01,-1.048279929330e+00,1.048279929330e+00,-1.222452061818e+00,-1.222452061818e+00,3.483442649766e-01,8.589333810139e-03,1.288400071521e-02,-1.288400071521e-02,8.589333810139e-03,8.589333810139e-03,8.589333810139e-03,-6.583071531715e-02,-9.874607297573e-02,9.874607297573e-02,-6.583071531715e-02,-6.583071531715e-02,-6.583071531715e-02
3.758000000000e+00,3.483613122694e-01,-1.048254358391e+00,1.048254358391e+00,-1.222435014525e+00,-1.222435014525e+00,3.483613122694e-01,8.458102518681e-03,1.268715377802e-02,-1.268715377802e-02,8.458102518681e-03,8.458102518681e-03,8.458102518681e-03,-6.540028865293e-02,-9.810043297939e-02,9.810043297939e-02,-6.540028865293e-02,-6.540028865293e-02,-6.540028865293e-02
3.760000000000e+00,3.483780979617e-01,-1.048229179852e+00,1.048229179852e+00,-1.222418228833e+00,-1.222418228833e+00,3.483780979617e-01,8.327733806136e-03,1.249160070920e-02,-1.249160070920e-02,8.327733806136e-03,8.327733806136e-03,8.327733806136e-03,-6.496813607624e-02,-9.745220411436e-02,9.745220411436e-02,-6.496813607624e-02,-6.496813607624e-02,-6.496813607624e-02
3.762000000000e+00,3.483946237820e-01,-1.048204391122e+00,1.048204391122e+00,-1.222401703013e+00,-1.222401703013e+00,3.483946237820e-01,8.198231126293e-03,1.229734668944e-02,-1.229734668944e-02,8.198231126293e-03,8.198231126293e-03,8.198231126293e-03,-6.453425562359e-02,-9.680138343538e-02,9.680138343538e-02,-6.453425562359e-02,-6.453425562359e-02,-6.453425562359e-02
3.764000000000e+00,3.484108914659e-01,-1.048179989596e+00,1.048179989596e+00,-1.222385435329e+00,-1.222385435329e+00,3.484108914659e-01,8.069597936867e-03,1.210439690530e-02,-1.210439690530e-02,8.069597936867e-03,8.069597936867e-03,8.069597936867e-03,-6.409864533148e-02,-9.614796799723e-02,9.614796799723e-02,-6.409864533148e-02,-6.409864533148e-02,-6.409864533148e-02
3.766000000000e+00,3.484269027557e-01,-1.048155972661e+00,1.048155972661e+00,-1.222369424039e+00,-1.222369424039e+00,3.484269027557e-01,7.941837699502e-03,1.191275654925e-02,-1.191275654925e-02,7.941837699502e-03,7.941837699502e-03,7.941837699502e-03,-6.366130323643e-02,-9.549195485465e-02,9.549195485465e-02,-6.366130323643e-02,-6.366130323643e-02,-6.366130323643e-02
3.768000000000e+00,3.484426594009e-01,-1.048132337693e+00,1.048132337693e+00,-1.222353667394e+00,-1.222353667394e+00,3.484426594009e-01,7.814953879766e-03,1.172243081965e-02,-1.172243081965e-02,7.814953879766e-03,7.814953879766e-03,7.814953879766e-03,-6.322222737493e-02,-9.483334106240e-02,9.483334106240e-02,-6.322222737493e-02,-6.322222737493e-02,-6.322222737493e-02
3.770000000000e+00,3.484581631578e-01,-1.048109082058e+00,1.048109082058e+00,-1.222338163637e+00,-1.222338163637e+00,3.484581631578e-01,7.688949947156e-03,1.153342492073e-02,-1.153342492073e-02,7.688949947156e-03,7.688949947156e-03,7.688949947156e-03,-6.278141578349e-02,-9.417212367524e-02,9.417212367524e-02,-6.278141578349e-02,-6.278141578349e-02,-6.278141578349e-02
3.772000000000e+00,3.484734157896e-01,-1.048086203110e+00,1.048086203110e+00,-1.222322911005e+00,-1.222322911005e+00,3.484734157896e-01,7.563829375094e-03,1.134574406264e-02,-1.134574406264e-02,7.563829375094e-03,7.563829375094e-03,7.563829375094e-03,-6.233886649861e-02,-9.350829974792e-02,9.350829974792e-02,-6.233886649861e-02,-6.233886649861e-02,-6.233886649861e-02
3.774000000000e+00,3.484884190665e-01,-1.048063698195e+00,1.048063698195e+00,-1.222307907728e+00,-1.222307907728e+00,3.484884190665e-01,7.439595640933e-03,1.115939346140e-02,-1.115939346140e-02,7.439595640933e-03,7.439595640933e-03,7.439595640933e-03,-6.189457755680e-02,-9.284186633521e-02,9.284186633521e-02,-6.189457755680e-02,-6.189457755680e-02,-6.189457755680e-02
3.776000000000e+00,3.485031747657e-01,-1.048041564646e+00,1.048041564646e+00,-1.222293152029e+00,-1.222293152029e+00,3.485031747657e-01,7.316252225948e-03,1.097437833892e-02,-1.097437833892e-02,7.316252225948e-03,7.316252225948e-03,7.316252225948e-03,-6.144854699457e-02,-9.217282049185e-02,9.217282049185e-02,-6.144854699457e-02,-6.144854699457e-02,-6.144854699457e-02
3.778000000000e+00,3.485176846713e-01,-1.048019799788e+00,1.048019799788e+00,-1.222278642124e+00,-1.222278642124e+00,3.485176846713e-01,7.193802615344e-03,1.079070392302e-02,-1.079070392302e-02,7.193802615344e-03,7.193802615344e-03,7.193802615344e-03,-6.100077284841e-02,-9.150115927261e-02,9.150115927261e-02,-6.100077284841e-02,-6.100077284841e-02,-6.100077284841e-02
3.780000000000e+00,3.485319505744e-01,-1.047998400933e+00,1.047998400933e+00,-1.222264376221e+00,-1.222264376221e+00,3.485319505744e-01,7.072250298252e-03,1.060837544738e-02,-1.060837544738e-02,7.072250298252e-03,7.072250298252e-03,7.072250298252e-03,-6.055125315483e-02,-9.082687973225e-02,9.082687973225e-02,-6.055125315483e-02,-6.055125315483e-02,-6.055125315483e-02
3.782000000000e+00,3.485459742730e-01,-1.047977365385e+00,1.047977365385e+00,-1.222250352522e+00,-1.222250352522e+00,3.485459742730e-01,6.951598767732e-03,1.042739815160e-02,-1.042739815160e-02,6.951598767732e-03,6.951598767732e-03,6.951598767732e-03,-6.009998595034e-02,-9.014997892551e-02,9.014997892551e-02,-6.009998595034e-02,-6.009998595034e-02,-6.009998595034e-02
3.784000000000e+00,3.485597575723e-01,-1.047956690436e+00,1.047956690436e+00,-1.222236569223e+00,-1.222236569223e+00,3.485597575723e-01,6.831851520768e-03,1.024777728115e-02,-1.024777728115e-02,6.831851520768e-03,6.831851520768e-03,6.831851520768e-03,-5.964696927144e-02,-8.947045390716e-02,8.947045390716e-02,-5.964696927144e-02,-5.964696927144e-02,-5.964696927144e-02
3.786000000000e+00,3.485733022843e-01,-1.047936373368e+00,1.047936373368e+00,-1.222223024511e+00,-1.222223024511e+00,3.485733022843e-01,6.713012058271e-03,1.006951808741e-02,-1.006951808741e-02,6.713012058271e-03,6.713012058271e-03,6.713012058271e-03,-5.919220115464e-02,-8.878830173195e-02,8.878830173195e-02,-5.919220115464e-02,-5.919220115464e-02,-5.919220115464e-02
3.788000000000e+00,3.485866102281e-01,-1.047916411453e+00,1.047916411453e+00,-1.222209716567e+00,-1.222209716567e+00,3.485866102281e-01,6.595083885083e-03,9.892625827624e-03,-9.892625827624e-03,6.595083885083e-03,6.595083885083e-03,6.595083885083e-03,-5.873567963643e-02,-8.810351945465e-02,8.810351945465e-02,-5.873567963643e-02,-5.873567963643e-02,-5.873567963643e-02
3.790000000000e+00,3.485996832297e-01,-1.047896801950e+00,1.047896801950e+00,-1.222196643565e+00,-1.222196643565e+00,3.485996832297e-01,6.478070509969e-03,9.717105764953e-03,-9.717105764953e-03,6.478070509969e-03,6.478070509969e-03,6.478070509969e-03,-5.827740275333e-02,-8.741610413000e-02,8.741610413000e-02,-5.827740275333e-02,-5.827740275333e-02,-5.827740275333e-02
3.792000000000e+00,3.486125231223e-01,-1.047877542111e+00,1.047877542111e+00,-1.222183803673e+00,-1.222183803673e+00,3.486125231223e-01,6.361975445622e-03,9.542963168432e-03,-9.542963168432e-03,6.361975445622e-03,6.361975445622e-03,6.361975445622e-03,-5.781736854184e-02,-8.672605281276e-02,8.672605281276e-02,-5.781736854184e-02,-5.781736854184e-02,-5.781736854184e-02
3.794000000000e+00,3.486251317460e-01,-1.047858629176e+00,1.047858629176e+00,-1.222171195049e+00,-1.222171195049e+00,3.486251317460e-01,6.246802208662e-03,9.370203312994e-03,-9.370203312994e-03,6.246802208662e-03,6.246802208662e-03,6.246802208662e-03,-5.735557503847e-02,-8.603336255770e-02,8.603336255770e-02,-5.735557503847e-02,-5.735557503847e-02,-5.735557503847e-02
3.796000000000e+00,3.486375109481e-01,-1.047840060373e+00,1.047840060373e+00,-1.222158815847e+00,-1.222158815847e+00,3.486375109481e-01,6.132554319639e-03,9.198831479458e-03,-9.198831479458e-03,6.132554319639e-03,6.132554319639e-03,6.132554319639e-03,-5.689202027971e-02,-8.533803041956e-02,8.533803041956e-02,-5.689202027971e-02,-5.689202027971e-02,-5.689202027971e-02
3.798000000000e+00,3.486496625826e-01,-1.047821832921e+00,1.047821832921e+00,-1.222146664212e+00,-1.222146664212e+00,3.486496625826e-01,6.019235303023e-03,9.028852954534e-03,-9.028852954534e-03,6.019235303023e-03,6.019235303023e-03,6.019235303023e-03,-5.642670230207e-02,-8.464005345311e-02,8.464005345311e-02,-5.642670230207e-02,-5.642670230207e-02,-5.642670230207e-02
3.800000000000e+00,3.486615885109e-01,-1.047803944029e+00,1.047803944029e+00,-1.222134738284e+00,-1.222134738284e+00,3.486615885109e-01,5.906848687218e-03,8.860273030827e-03,-8.860273030827e-03,5.906848687218e-03,5.906848687218e-03,5.906848687218e-03,-5.595961914207e-02,-8.393942871310e-02,8.393942871310e-02,-5.595961914207e-02,-5.595961914207e-02,-5.595961914207e-02
3.802000000000e+00,3.486732906013e-01,-1.047786390893e+00,1.047786390893e+00,-1.222123036194e+00,-1.222123036194e+00,3.486732906013e-01,5.795398004552e-03,8.693097006827e-03,-8.693097006827e-03,5.795398004552e-03,5.795398004552e-03,5.795398004552e-03,-5.549076883619e-02,-8.323615325429e-02,8.323615325429e-02,-5.549076883619e-02,-5.549076883619e-02,-5.549076883619e-02
3.804000000000e+00,3.486847707292e-01,-1.047769170701e+00,1.047769170701e+00,-1.222111556066e+00,-1.222111556066e+00,3.486847707292e-01,5.684886791280e-03,8.527330186920e-03,-8.527330186920e-03,5.684886791280e-03,5.684886791280e-03,5.684886791280e-03,-5.502014942096e-02,-8.253022413144e-02,8.253022413144e-02,-5.502014942096e-02,-5.502014942096e-02,-5.502014942096e-02
3.806000000000e+00,3.486960307771e-01,-1.047752280629e+00,1.047752280629e+00,-1.222100296018e+00,-1.222100296018e+00,3.486960307771e-01,5.575318587583e-03,8.362977881375e-03,-8.362977881375e-03,5.575318587583e-03,5.575318587583e-03,5.575318587583e-03,-5.454775893286e-02,-8.182163839929e-02,8.182163839929e-02,-5.454775893286e-02,-5.454775893286e-02,-5.454775893286e-02
3.808000000000e+00,3.487070726346e-01,-1.047735717843e+00,1.047735717843e+00,-1.222089254160e+00,-1.222089254160e+00,3.487070726346e-01,5.466696937572e-03,8.200045406359e-03,-8.200045406359e-03,5.466696937572e-03,5.466696937572e-03,5.466696937572e-03,-5.407359540841e-02,-8.111039311262e-02,8.111039311262e-02,-5.407359540841e-02,-5.407359540841e-02,-5.407359540841e-02
3.810000000000e+00,3.487178981983e-01,-1.047719479497e+00,1.047719479497e+00,-1.222078428597e+00,-1.222078428597e+00,3.487178981983e-01,5.359025389283e-03,8.038538083924e-03,-8.038538083924e-03,5.359025389283e-03,5.359025389283e-03,5.359025389283e-03,-5.359765688411e-02,-8.039648532617e-02,8.039648532617e-02,-5.359765688411e-02,-5.359765688411e-02,-5.359765688411e-02
3.812000000000e+00,3.487285093719e-01,-1.047703562737e+00,1.047703562737e+00,-1.222067817423e+00,-1.222067817423e+00,3.487285093719e-01,5.252307494679e-03,7.878461242018e-03,-7.878461242018e-03,5.252307494679e-03,5.252307494679e-03,5.252307494679e-03,-5.311994139647e-02,-7.967991209471e-02,7.967991209471e-02,-5.311994139647e-02,-5.311994139647e-02,-5.311994139647e-02
3.814000000000e+00,3.487389080664e-01,-1.047687964695e+00,1.047687964695e+00,-1.222057418729e+00,-1.222057418729e+00,3.487389080664e-01,5.146546809648e-03,7.719820214472e-03,-7.719820214472e-03,5.146546809648e-03,5.146546809648e-03,5.146546809648e-03,-5.264044698199e-02,-7.896067047298e-02,7.896067047298e-02,-5.264044698199e-02,-5.264044698199e-02,-5.264044698199e-02
3.816000000000e+00,3.487490961997e-01,-1.047672682495e+00,1.047672682495e+00,-1.222047230595e+00,-1.222047230595e+00,3.487490961997e-01,5.041746894010e-03,7.562620341016e-03,-7.562620341016e-03,5.041746894010e-03,5.041746894010e-03,5.041746894010e-03,-5.215917167717e-02,-7.823875751575e-02,7.823875751575e-02,-5.215917167717e-02,-5.215917167717e-02,-5.215917167717e-02
3.818000000000e+00,3.487590756969e-01,-1.047657713250e+00,1.047657713250e+00,-1.222037251098e+00,-1.222037251098e+00,3.487590756969e-01,4.937911311510e-03,7.406866967264e-03,-7.406866967264e-03,4.937911311510e-03,4.937911311510e-03,4.937911311510e-03,-5.167611351852e-02,-7.751417027778e-02,7.751417027778e-02,-5.167611351852e-02,-5.167611351852e-02,-5.167611351852e-02
3.820000000000e+00,3.487688484902e-01,-1.047643054060e+00,1.047643054060e+00,-1.222027478305e+00,-1.222027478305e+00,3.487688484902e-01,4.835043629815e-03,7.252565444722e-03,-7.252565444722e-03,4.835043629815e-03,4.835043629815e-03,4.835043629815e-03,-5.119127054254e-02,-7.678690581381e-02,7.678690581381e-02,-5.119127054254e-02,-5.119127054254e-02,-5.119127054254e-02
3.822000000000e+00,3.487784165190e-01,-1.047628702016e+00,1.047628702016e+00,-1.222017910276e+00,-1.222017910276e+00,3.487784165190e-01,4.733147420526e-03,7.099721130788e-03,-7.099721130788e-03,4.733147420526e-03,4.733147420526e-03,4.733147420526e-03,-5.070464078574e-02,-7.605696117861e-02,7.605696117861e-02,-5.070464078574e-02,-5.070464078574e-02,-5.070464078574e-02
3.824000000000e+00,3.487877817299e-01,-1.047614654200e+00,1.047614654200e+00,-1.222008545065e+00,-1.222008545065e+00,3.487877817299e-01,4.632226259168e-03,6.948339388752e-03,-6.948339388752e-03,4.632226259168e-03,4.632226259168e-03,4.632226259168e-03,-5.021622228463e-02,-7.532433342694e-02,7.532433342694e-02,-5.021622228463e-02,-5.021622228463e-02,-5.021622228463e-02
3.826000000000e+00,3.487969460765e-01,-1.047600907680e+00,1.047600907680e+00,-1.221999380718e+00,-1.221999380718e+00,3.487969460765e-01,4.532283725193e-03,6.798425587790e-03,-6.798425587790e-03,4.532283725193e-03,4.532283725193e-03,4.532283725193e-03,-4.972601307570e-02,-7.458901961355e-02,7.458901961355e-02,-4.972601307570e-02,-4.972601307570e-02,-4.972601307570e-02
3.828000000000e+00,3.488059115196e-01,-1.047587459515e+00,1.047587459515e+00,-1.221990415275e+00,-1.221990415275e+00,3.488059115196e-01,4.433323401980e-03,6.649985102969e-03,-6.649985102969e-03,4.433323401980e-03,4.433323401980e-03,4.433323401980e-03,-4.923401119547e-02,-7.385101679320e-02,7.385101679320e-02,-4.923401119547e-02,-4.923401119547e-02,-4.923401119547e-02
3.830000000000e+00,3.488146800273e-01,-1.047574306754e+00,1.047574306754e+00,-1.221981646768e+00,-1.221981646768e+00,3.488146800273e-01,4.335348876834e-03,6.503023315251e-03,-6.503023315251e-03,4.335348876834e-03,4.335348876834e-03,4.335348876834e-03,-4.874021468043e-02,-7.311032202064e-02,7.311032202064e-02,-4.874021468043e-02,-4.874021468043e-02,-4.874021468043e-02
3.832000000000e+00,3.488232535747e-01,-1.047561446433e+00,1.047561446433e+00,-1.221973073220e+00,-1.221973073220e+00,3.488232535747e-01,4.238363740990e-03,6.357545611485e-03,-6.357545611485e-03,4.238363740990e-03,4.238363740990e-03,4.238363740990e-03,-4.824462156709e-02,-7.236693235063e-02,7.236693235063e-02,-4.824462156709e-02,-4.824462156709e-02,-4.824462156709e-02
3.834000000000e+00,3.488316341442e-01,-1.047548875579e+00,1.047548875579e+00,-1.221964692651e+00,-1.221964692651e+00,3.488316341442e-01,4.142371589607e-03,6.213557384410e-03,-6.213557384410e-03,4.142371589607e-03,4.142371589607e-03,4.142371589607e-03,-4.774722989196e-02,-7.162084483794e-02,7.162084483794e-02,-4.774722989196e-02,-4.774722989196e-02,-4.774722989196e-02
3.836000000000e+00,3.488398237255e-01,-1.047536591207e+00,1.047536591207e+00,-1.221956503069e+00,-1.221956503069e+00,3.488398237255e-01,4.047376021772e-03,6.071064032658e-03,-6.071064032658e-03,4.047376021772e-03,4.047376021772e-03,4.047376021772e-03,-4.724803769154e-02,-7.087205653730e-02,7.087205653730e-02,-4.724803769154e-02,-4.724803769154e-02,-4.724803769154e-02
3.838000000000e+00,3.488478243151e-01,-1.047524590322e+00,1.047524590322e+00,-1.221948502480e+00,-1.221948502480e+00,3.488478243151e-01,3.953380640500e-03,5.930070960750e-03,-5.930070960750e-03,3.953380640500e-03,3.953380640500e-03,3.953380640500e-03,-4.674704300233e-02,-7.012056450349e-02,7.012056450349e-02,-4.674704300233e-02,-4.674704300233e-02,-4.674704300233e-02
3.840000000000e+00,3.488556379172e-01,-1.047512869919e+00,1.047512869919e+00,-1.221940688878e+00,-1.221940688878e+00,3.488556379172e-01,3.860389052731e-03,5.790583579097e-03,-5.790583579097e-03,3.860389052731e-03,3.860389052731e-03,3.860389052731e-03,-4.624424386084e-02,-6.936636579126e-02,6.936636579126e-02,-4.624424386084e-02,-4.624424386084e-02,-4.624424386084e-02
3.842000000000e+00,3.488632665429e-01,-1.047501426981e+00,1.047501426981e+00,-1.221933060252e+00,-1.221933060252e+00,3.488632665429e-01,3.768404869334e-03,5.652607304001e-03,-5.652607304001e-03,3.768404869334e-03,3.768404869334e-03,3.768404869334e-03,-4.573963830358e-02,-6.860945745537e-02,6.860945745537e-02,-4.573963830358e-02,-4.573963830358e-02,-4.573963830358e-02
3.844000000000e+00,3.488707122107e-01,-1.047490258479e+00,1.047490258479e+00,-1.221925614584e+00,-1.221925614584e+00,3.488707122107e-01,3.677431705104e-03,5.516147557655e-03,-5.516147557655e-03,3.677431705104e-03,3.677431705104e-03,3.677431705104e-03,-4.523322436705e-02,-6.784983655057e-02,6.784983655057e-02,-4.523322436705e-02,-4.523322436705e-02,-4.523322436705e-02
3.846000000000e+00,3.488779769462e-01,-1.047479361376e+00,1.047479361376e+00,-1.221918349849e+00,-1.221918349849e+00,3.488779769462e-01,3.587473178761e-03,5.381209768141e-03,-5.381209768141e-03,3.587473178761e-03,3.587473178761e-03,3.587473178761e-03,-4.472500008774e-02,-6.708750013162e-02,6.708750013162e-02,-4.472500008774e-02,-4.472500008774e-02,-4.472500008774e-02
3.848000000000e+00,3.488850627823e-01,-1.047468732622e+00,1.047468732622e+00,-1.221911264013e+00,-1.221911264013e+00,3.488850627823e-01,3.498532912956e-03,5.247799369434e-03,-5.247799369434e-03,3.498532912956e-03,3.498532912956e-03,3.498532912956e-03,-4.421496350218e-02,-6.632244525327e-02,6.632244525327e-02,-4.421496350218e-02,-4.421496350218e-02,-4.421496350218e-02
3.850000000000e+00,3.488919717591e-01,-1.047458369156e+00,1.047458369156e+00,-1.221904355036e+00,-1.221904355036e+00,3.488919717591e-01,3.410614534266e-03,5.115921801399e-03,-5.115921801399e-03,3.410614534266e-03,3.410614534266e-03,3.410614534266e-03,-4.370311264686e-02,-6.555466897029e-02,6.555466897029e-02,-4.370311264686e-02,-4.370311264686e-02,-4.370311264686e-02
3.852000000000e+00,3.488987059241e-01,-1.047448267909e+00,1.047448267909e+00,-1.221897620871e+00,-1.221897620871e+00,3.488987059241e-01,3.323721673191e-03,4.985582509786e-03,-4.985582509786e-03,3.323721673191e-03,3.323721673191e-03,3.323721673191e-03,-4.318944555829e-02,-6.478416833743e-02,6.478416833743e-02,-4.318944555829e-02,-4.318944555829e-02,-4.318944555829e-02
3.854000000000e+00,3.489052673319e-01,-1.047438425797e+00,1.047438425797e+00,-1.221891059463e+00,-1.221891059463e+00,3.489052673319e-01,3.237857964163e-03,4.856786946244e-03,-4.856786946244e-03,3.237857964163e-03,3.237857964163e-03,3.237857964163e-03,-4.267396027297e-02,-6.401094040945e-02,6.401094040945e-02,-4.267396027297e-02,-4.267396027297e-02,-4.267396027297e-02
3.856000000000e+00,3.489116580445e-01,-1.047428839728e+00,1.047428839728e+00,-1.221884668750e+00,-1.221884668750e+00,3.489116580445e-01,3.153027045539e-03,4.729540568309e-03,-4.729540568309e-03,3.153027045539e-03,3.153027045539e-03,3.153027045539e-03,-4.215665482740e-02,-6.323498224110e-02,6.323498224110e-02,-4.215665482740e-02,-4.215665482740e-02,-4.215665482740e-02
3.858000000000e+00,3.489178801310e-01,-1.047419506598e+00,1.047419506598e+00,-1.221878446664e+00,-1.221878446664e+00,3.489178801310e-01,3.069232559603e-03,4.603848839404e-03,-4.603848839404e-03,3.069232559603e-03,3.069232559603e-03,3.069232559603e-03,-4.163752725810e-02,-6.245629088715e-02,6.245629088715e-02,-4.163752725810e-02,-4.163752725810e-02,-4.163752725810e-02
3.860000000000e+00,3.489239356681e-01,-1.047410423293e+00,1.047410423293e+00,-1.221872391127e+00,-1.221872391127e+00,3.489239356681e-01,2.986478152566e-03,4.479717228848e-03,-4.479717228848e-03,2.986478152566e-03,2.986478152566e-03,2.986478152566e-03,-4.111657560156e-02,-6.167486340234e-02,6.167486340234e-02,-4.111657560156e-02,-4.111657560156e-02,-4.111657560156e-02
3.862000000000e+00,3.489298267394e-01,-1.047401586686e+00,1.047401586686e+00,-1.221866500055e+00,-1.221866500055e+00,3.489298267394e-01,2.904767474564e-03,4.357151211846e-03,-4.357151211846e-03,2.904767474564e-03,2.904767474564e-03,2.904767474564e-03,-4.059379789429e-02,-6.089069684144e-02,6.089069684144e-02,-4.059379789429e-02,-4.059379789429e-02,-4.059379789429e-02
3.864000000000e+00,3.489355554362e-01,-1.047392993641e+00,1.047392993641e+00,-1.221860771359e+00,-1.221860771359e+00,3.489355554362e-01,2.824104179664e-03,4.236156269497e-03,-4.236156269497e-03,2.824104179664e-03,2.824104179664e-03,2.824104179664e-03,-4.006919217280e-02,-6.010378825920e-02,6.010378825920e-02,-4.006919217280e-02,-4.006919217280e-02,-4.006919217280e-02
3.866000000000e+00,3.489411238569e-01,-1.047384641010e+00,1.047384641010e+00,-1.221855202938e+00,-1.221855202938e+00,3.489411238569e-01,2.744491925858e-03,4.116737888787e-03,-4.116737888787e-03,2.744491925858e-03,2.744491925858e-03,2.744491925858e-03,-3.954275647358e-02,-5.931413471038e-02,5.931413471038e-02,-3.954275647358e-02,-3.954275647358e-02,-3.954275647358e-02
3.868000000000e+00,3.489465341071e-01,-1.047376525634e+00,1.047376525634e+00,-1.221849792688e+00,-1.221849792688e+00,3.489465341071e-01,2.665934375064e-03,3.998901562596e-03,-3.998901562596e-03,2.665934375064e-03,2.665934375064e-03,2.665934375064e-03,-3.901448883315e-02,-5.852173324973e-02,5.852173324973e-02,-3.901448883315e-02,-3.901448883315e-02,-3.901448883315e-02
3.870000000000e+00,3.489517882999e-01,-1.047368644345e+00,1.047368644345e+00,-1.221844538495e+00,-1.221844538495e+00,3.489517882999e-01,2.588435193128e-03,3.882652789692e-03,-3.882652789692e-03,2.588435193128e-03,2.588435193128e-03,2.588435193128e-03,-3.848438728801e-02,-5.772658093202e-02,5.772658093202e-02,-3.848438728801e-02,-3.848438728801e-02,-3.848438728801e-02
3.872000000000e+00,3.489568885559e-01,-1.047360993961e+00,1.047360993961e+00,-1.221839438239e+00,-1.221839438239e+00,3.489568885559e-01,2.511998049824e-03,3.767997074736e-03,-3.767997074736e-03,2.511998049824e-03,2.511998049824e-03,2.511998049824e-03,-3.795244987466e-02,-5.692867481200e-02,5.692867481200e-02,-3.795244987466e-02,-3.795244987466e-02,-3.795244987466e-02
3.874000000000e+00,3.489618370026e-01,-1.047353571291e+00,1.047353571291e+00,-1.221834489792e+00,-1.221834489792e+00,3.489618370026e-01,2.436626618851e-03,3.654939928276e-03,-3.654939928276e-03,2.436626618851e-03,2.436626618851e-03,2.436626618851e-03,-3.741867462961e-02,-5.612801194442e-02,5.612801194442e-02,-3.741867462961e-02,-3.741867462961e-02,-3.741867462961e-02
3.876000000000e+00,3.489666357753e-01,-1.047346373132e+00,1.047346373132e+00,-1.221829691020e+00,-1.221829691020e+00,3.489666357753e-01,2.362324577836e-03,3.543486866754e-03,-3.543486866754e-03,2.362324577836e-03,2.362324577836e-03,2.362324577836e-03,-3.688305958936e-02,-5.532458938404e-02,5.532458938404e-02,-3.688305958936e-02,-3.688305958936e-02,-3.688305958936e-02
3.878000000000e+00,3.489712870163e-01,-1.047339396270e+00,1.047339396270e+00,-1.221825039779e+00,-1.221825039779e+00,3.489712870163e-01,2.289095608333e-03,3.433643412499e-03,-3.433643412499e-03,2.289095608333e-03,2.289095608333e-03,2.289095608333e-03,-3.634560279042e-02,-5.451840418563e-02,5.451840418563e-02,-3.634560279042e-02,-3.634560279042e-02,-3.634560279042e-02
3.880000000000e+00,3.489757928755e-01,-1.047332637482e+00,1.047332637482e+00,-1.221820533919e+00,-1.221820533919e+00,3.489757928755e-01,2.216943395822e-03,3.325415093733e-03,-3.325415093733e-03,2.216943395822e-03,2.216943395822e-03,2.216943395822e-03,-3.580630226929e-02,-5.370945340393e-02,5.370945340393e-02,-3.580630226929e-02,-3.580630226929e-02,-3.580630226929e-02
3.882000000000e+00,3.489801555102e-01,-1.047326093530e+00,1.047326093530e+00,-1.221816171285e+00,-1.221816171285e+00,3.489801555102e-01,2.145871629712e-03,3.218807444568e-03,-3.218807444568e-03,2.145871629712e-03,2.145871629712e-03,2.145871629712e-03,-3.526515606247e-02,-5.289773409371e-02,5.289773409371e-02,-3.526515606247e-02,-3.526515606247e-02,-3.526515606247e-02
3.884000000000e+00,3.489843770848e-01,-1.047319761168e+00,1.047319761168e+00,-1.221811949710e+00,-1.221811949710e+00,3.489843770848e-01,2.075884003338e-03,3.113826005007e-03,-3.113826005007e-03,2.075884003338e-03,2.075884003338e-03,2.075884003338e-03,-3.472216220648e-02,-5.208324330972e-02,5.208324330972e-02,-3.472216220648e-02,-3.472216220648e-02,-3.472216220648e-02
3.886000000000e+00,3.489884597714e-01,-1.047313637138e+00,1.047313637138e+00,-1.221807867023e+00,-1.221807867023e+00,3.489884597714e-01,2.006984213962e-03,3.010476320943e-03,-3.010476320943e-03,2.006984213962e-03,2.006984213962e-03,2.006984213962e-03,-3.417731873781e-02,-5.126597810672e-02,5.126597810672e-02,-3.417731873781e-02,-3.417731873781e-02,-3.417731873781e-02
3.888000000000e+00,3.489924057494e-01,-1.047307718171e+00,1.047307718171e+00,-1.221803921046e+00,-1.221803921046e+00,3.489924057494e-01,1.939175962771e-03,2.908763944157e-03,-2.908763944157e-03,1.939175962771e-03,1.939175962771e-03,1.939175962771e-03,-3.363062369297e-02,-5.044593553946e-02,5.044593553946e-02,-3.363062369297e-02,-3.363062369297e-02,-3.363062369297e-02
3.890000000000e+00,3.489962172054e-01,-1.047302000987e+00,1.047302000987e+00,-1.221800109589e+00,-1.221800109589e+00,3.489962172054e-01,1.872462954882e-03,2.808694432324e-03,-2.808694432324e-03,1.872462954882e-03,1.872462954882e-03,1.872462954882e-03,-3.308207510847e-02,-4.962311266270e-02,4.962311266270e-02,-3.308207510847e-02,-3.308207510847e-02,-3.308207510847e-02
3.892000000000e+00,3.489998963338e-01,-1.047296482294e+00,1.047296482294e+00,-1.221796430461e+00,-1.221796430461e+00,3.489998963338e-01,1.806848899339e-03,2.710273349009e-03,-2.710273349009e-03,1.806848899339e-03,1.806848899339e-03,1.806848899339e-03,-3.253167102080e-02,-4.879750653120e-02,4.879750653120e-02,-3.253167102080e-02,-3.253167102080e-02,-3.253167102080e-02
3.894000000000e+00,3.490034453361e-01,-1.047291158791e+00,1.047291158791e+00,-1.221792881459e+00,-1.221792881459e+00,3.490034453361e-01,1.742337509110e-03,2.613506263665e-03,-2.613506263665e-03,1.742337509110e-03,1.742337509110e-03,1.742337509110e-03,-3.197940946648e-02,-4.796911419972e-02,4.796911419972e-02,-3.197940946648e-02,-3.197940946648e-02,-3.197940946648e-02
3.896000000000e+00,3.490068664214e-01,-1.047286027163e+00,1.047286027163e+00,-1.221789460373e+00,-1.221789460373e+00,3.490068664214e-01,1.678932501094e-03,2.518398751641e-03,-2.518398751641e-03,1.678932501094e-03,1.678932501094e-03,1.678932501094e-03,-3.142528848201e-02,-4.713793272301e-02,4.713793272301e-02,-3.142528848201e-02,-3.142528848201e-02,-3.142528848201e-02
3.898000000000e+00,3.490101618062e-01,-1.047281084086e+00,1.047281084086e+00,-1.221786164989e+00,-1.221786164989e+00,3.490101618062e-01,1.616637596112e-03,2.424956394167e-03,-2.424956394167e-03,1.616637596112e-03,1.616637596112e-03,1.616637596112e-03,-3.086930610388e-02,-4.630395915583e-02,4.630395915583e-02,-3.086930610388e-02,-3.086930610388e-02,-3.086930610388e-02
3.900000000000e+00,3.490133337144e-01,-1.047276326223e+00,1.047276326223e+00,-1.221782993081e+00,-1.221782993081e+00,3.490133337144e-01,1.555456518916e-03,2.333184778374e-03,-2.333184778374e-03,1.555456518916e-03,1.555456518916e-03,1.555456518916e-03,-3.031146036862e-02,-4.546719055293e-02,4.546719055293e-02,-3.031146036862e-02,-3.031146036862e-02,-3.031146036862e-02
3.902000000000e+00,3.490163843773e-01,-1.047271750229e+00,1.047271750229e+00,-1.221779942418e+00,-1.221779942418e+00,3.490163843773e-01,1.495392998184e-03,2.243089497276e-03,-2.243089497276e-03,1.495392998184e-03,1.495392998184e-03,1.495392998184e-03,-2.975174931272e-02,-4.462762396908e-02,4.462762396908e-02,-2.975174931272e-02,-2.975174931272e-02,-2.975174931272e-02
3.904000000000e+00,3.490193160339e-01,-1.047267352744e+00,1.047267352744e+00,-1.221777010761e+00,-1.221777010761e+00,3.490193160339e-01,1.436450766521e-03,2.154676149782e-03,-2.154676149782e-03,1.436450766521e-03,1.436450766521e-03,1.436450766521e-03,-2.919017097268e-02,-4.378525645902e-02,4.378525645902e-02,-2.919017097268e-02,-2.919017097268e-02,-2.919017097268e-02
3.906000000000e+00,3.490221309304e-01,-1.047263130399e+00,1.047263130399e+00,-1.221774195864e+00,-1.221774195864e+00,3.490221309304e-01,1.378633560459e-03,2.067950340689e-03,-2.067950340689e-03,1.378633560459e-03,1.378633560459e-03,1.378633560459e-03,-2.862672338502e-02,-4.294008507753e-02,4.294008507753e-02,-2.862672338502e-02,-2.862672338502e-02,-2.862672338502e-02
3.908000000000e+00,3.490248313207e-01,-1.047259079814e+00,1.047259079814e+00,-1.221771495474e+00,-1.221771495474e+00,3.490248313207e-01,1.321945120455e-03,1.982917680683e-03,-1.982917680683e-03,1.321945120455e-03,1.321945120455e-03,1.321945120455e-03,-2.806140458623e-02,-4.209210687934e-02,4.209210687934e-02,-2.806140458623e-02,-2.806140458623e-02,-2.806140458623e-02
3.910000000000e+00,3.490274194659e-01,-1.047255197596e+00,1.047255197596e+00,-1.221768907329e+00,-1.221768907329e+00,3.490274194659e-01,1.266389190897e-03,1.899583786345e-03,-1.899583786345e-03,1.266389190897e-03,1.266389190897e-03,1.266389190897e-03,-2.749421261282e-02,-4.124131891923e-02,4.124131891923e-02,-2.749421261282e-02,-2.749421261282e-02,-2.749421261282e-02
3.912000000000e+00,3.490298976349e-01,-1.047251480343e+00,1.047251480343e+00,-1.221766429160e+00,-1.221766429160e+00,3.490298976349e-01,1.211969520097e-03,1.817954280145e-03,-1.817954280145e-03,1.211969520097e-03,1.211969520097e-03,1.211969520097e-03,-2.692514550130e-02,-4.038771825195e-02,4.038771825195e-02,-2.692514550130e-02,-2.692514550130e-02,-2.692514550130e-02
3.914000000000e+00,3.490322681040e-01,-1.047247924639e+00,1.047247924639e+00,-1.221764058691e+00,-1.221764058691e+00,3.490322681040e-01,1.158689860292e-03,1.738034790438e-03,-1.738034790438e-03,1.158689860292e-03,1.158689860292e-03,1.158689860292e-03,-2.635420128816e-02,-3.953130193224e-02,3.953130193224e-02,-2.635420128816e-02,-2.635420128816e-02,-2.635420128816e-02
3.916000000000e+00,3.490345331569e-01,-1.047244527060e+00,1.047244527060e+00,-1.221761793638e+00,-1.221761793638e+00,3.490345331569e-01,1.106553967653e-03,1.659830951480e-03,-1.659830951480e-03,1.106553967653e-03,1.106553967653e-03,1.106553967653e-03,-2.578137800992e-02,-3.867206701488e-02,3.867206701488e-02,-2.578137800992e-02,-2.578137800992e-02,-2.578137800992e-02
3.918000000000e+00,3.490366950849e-01,-1.047241284168e+00,1.047241284168e+00,-1.221759631710e+00,-1.221759631710e+00,3.490366950849e-01,1.055565602272e-03,1.583348403408e-03,-1.583348403408e-03,1.055565602272e-03,1.055565602272e-03,1.055565602272e-03,-2.520667370308e-02,-3.781001055462e-02,3.781001055462e-02,-2.520667370308e-02,-2.520667370308e-02,-2.520667370308e-02
3.920000000000e+00,3.490387561868e-01,-1.047238192515e+00,1.047238192515e+00,-1.221757570608e+00,-1.221757570608e+00,3.490387561868e-01,1.005728528169e-03,1.508592792253e-03,-1.508592792253e-03,1.005728528169e-03,1.005728528169e-03,1.005728528169e-03,-2.463008640414e-02,-3.694512960622e-02,3.694512960622e-02,-2.463008640414e-02,-2.463008640414e-02,-2.463008640414e-02
3.922000000000e+00,3.490407187690e-01,-1.047235248641e+00,1.047235248641e+00,-1.221755608026e+00,-1.221755608026e+00,3.490407187690e-01,9.570465132926e-04,1.435569769939e-03,-1.435569769939e-03,9.570465132926e-04,9.570465132926e-04,9.570465132926e-04,-2.405161414961e-02,-3.607742122442e-02,3.607742122442e-02,-2.405161414961e-02,-2.405161414961e-02,-2.405161414961e-02
3.924000000000e+00,3.490425851454e-01,-1.047232449077e+00,1.047232449077e+00,-1.221753741649e+00,-1.221753741649e+00,3.490425851454e-01,9.095233295171e-04,1.364284994276e-03,-1.364284994276e-03,9.095233295171e-04,9.095233295171e-04,9.095233295171e-04,-2.347125497600e-02,-3.520688246399e-02,3.520688246399e-02,-2.347125497600e-02,-2.347125497600e-02,-2.347125497600e-02
3.926000000000e+00,3.490443576374e-01,-1.047229790339e+00,1.047229790339e+00,-1.221751969157e+00,-1.221751969157e+00,3.490443576374e-01,8.631627526438e-04,1.294744128966e-03,-1.294744128966e-03,8.631627526438e-04,8.631627526438e-04,8.631627526438e-04,-2.288900691980e-02,-3.433351037969e-02,3.433351037969e-02,-2.288900691980e-02,-2.288900691980e-02,-2.288900691980e-02
3.928000000000e+00,3.490460385740e-01,-1.047227268934e+00,1.047227268934e+00,-1.221750288221e+00,-1.221750288221e+00,3.490460385740e-01,8.179685624015e-04,1.226952843602e-03,-1.226952843602e-03,8.179685624015e-04,8.179685624015e-04,8.179685624015e-04,-2.230486801752e-02,-3.345730202627e-02,3.345730202627e-02,-2.230486801752e-02,-2.230486801752e-02,-2.230486801752e-02
3.930000000000e+00,3.490476302918e-01,-1.047224881357e+00,1.047224881357e+00,-1.221748696503e+00,-1.221748696503e+00,3.490476302918e-01,7.739445424466e-04,1.160916813670e-03,-1.160916813670e-03,7.739445424466e-04,7.739445424466e-04,7.739445424466e-04,-2.171883630566e-02,-3.257825445849e-02,3.257825445849e-02,-2.171883630566e-02,-2.171883630566e-02,-2.171883630566e-02
3.932000000000e+00,3.490491351348e-01,-1.047222624093e+00,1.047222624093e+00,-1.221747191660e+00,-1.221747191660e+00,3.490491351348e-01,7.310944803609e-04,1.096641720541e-03,-1.096641720541e-03,7.310944803609e-04,7.310944803609e-04,7.310944803609e-04,-2.113090982074e-02,-3.169636473111e-02,3.169636473111e-02,-2.113090982074e-02,-2.113090982074e-02,-2.113090982074e-02
3.934000000000e+00,3.490505554549e-01,-1.047220493613e+00,1.047220493613e+00,-1.221745771340e+00,-1.221745771340e+00,3.490505554549e-01,6.894221676544e-04,1.034133251482e-03,-1.034133251482e-03,6.894221676544e-04,6.894221676544e-04,6.894221676544e-04,-2.054108659925e-02,-3.081162989888e-02,3.081162989888e-02,-2.054108659925e-02,-2.054108659925e-02,-2.054108659925e-02
3.936000000000e+00,3.490518936112e-01,-1.047218486378e+00,1.047218486378e+00,-1.221744433184e+00,-1.221744433184e+00,3.490518936112e-01,6.489313997639e-04,9.733970996459e-04,-9.733970996459e-04,6.489313997639e-04,6.489313997639e-04,6.489313997639e-04,-1.994936467771e-02,-2.992404701656e-02,2.992404701656e-02,-1.994936467771e-02,-1.994936467771e-02,-1.994936467771e-02
3.938000000000e+00,3.490531519707e-01,-1.047216598839e+00,1.047216598839e+00,-1.221743174824e+00,-1.221743174824e+00,3.490531519707e-01,6.096259760530e-04,9.144389640796e-04,-9.144389640796e-04,6.096259760530e-04,6.096259760530e-04,6.096259760530e-04,-1.935574209261e-02,-2.903361313891e-02,2.903361313891e-02,-1.935574209261e-02,-1.935574209261e-02,-1.935574209261e-02
3.940000000000e+00,3.490543329079e-01,-1.047214827433e+00,1.047214827433e+00,-1.221741993887e+00,-1.221741993887e+00,3.490543329079e-01,5.715096998127e-04,8.572645497190e-04,-8.572645497190e-04,5.715096998127e-04,5.715096998127e-04,5.715096998127e-04,-1.876021688045e-02,-2.814032532068e-02,2.814032532068e-02,-1.876021688045e-02,-1.876021688045e-02,-1.876021688045e-02
3.942000000000e+00,3.490554388048e-01,-1.047213168588e+00,1.047213168588e+00,-1.221740887990e+00,-1.221740887990e+00,3.490554388048e-01,5.345863782581e-04,8.018795673871e-04,-8.018795673871e-04,5.345863782581e-04,5.345863782581e-04,5.345863782581e-04,-1.816278707775e-02,-2.724418061663e-02,2.724418061663e-02,-1.816278707775e-02,-1.816278707775e-02,-1.816278707775e-02
3.944000000000e+00,3.490564720512e-01,-1.047211618718e+00,1.047211618718e+00,-1.221739854744e+00,-1.221739854744e+00,3.490564720512e-01,4.988598225361e-04,7.482897338041e-04,-7.482897338041e-04,4.988598225361e-04,4.988598225361e-04,4.988598225361e-04,-1.756345072101e-02,-2.634517608152e-02,2.634517608152e-02,-1.756345072101e-02,-1.756345072101e-02,-1.756345072101e-02
3.946000000000e+00,3.490574350445e-01,-1.047210174228e+00,1.047210174228e+00,-1.221738891750e+00,-1.221738891750e+00,3.490574350445e-01,4.643338477190e-04,6.965007715785e-04,-6.965007715785e-04,4.643338477190e-04,4.643338477190e-04,4.643338477190e-04,-1.696220584673e-02,-2.544330877010e-02,2.544330877010e-02,-1.696220584673e-02,-1.696220584673e-02,-1.696220584673e-02
3.948000000000e+00,3.490583301895e-01,-1.047208831511e+00,1.047208831511e+00,-1.221737996605e+00,-1.221737996605e+00,3.490583301895e-01,4.310122728040e-04,6.465184092060e-04,-6.465184092060e-04,4.310122728040e-04,4.310122728040e-04,4.310122728040e-04,-1.635905049142e-02,-2.453857573714e-02,2.453857573714e-02,-1.635905049142e-02,-1.635905049142e-02,-1.635905049142e-02
3.950000000000e+00,3.490591598990e-01,-1.047207586946e+00,1.047207586946e+00,-1.221737166896e+00,-1.221737166896e+00,3.490591598990e-01,3.988989207167e-04,5.983483810750e-04,-5.983483810750e-04,3.988989207167e-04,3.988989207167e-04,3.988989207167e-04,-1.575398269159e-02,-2.363097403738e-02,2.363097403738e-02,-1.575398269159e-02,-1.575398269159e-02,-1.575398269159e-02
3.952000000000e+00,3.490599265933e-01,-1.047206436905e+00,1.047206436905e+00,-1.221736400202e+00,-1.221736400202e+00,3.490599265933e-01,3.679976183094e-04,5.519964274641e-04,-5.519964274641e-04,3.679976183094e-04,3.679976183094e-04,3.679976183094e-04,-1.514700048372e-02,-2.272050072559e-02,2.272050072559e-02,-1.514700048372e-02,-1.514700048372e-02,-1.514700048372e-02
3.954000000000e+00,3.490606327001e-01,-1.047205377745e+00,1.047205377745e+00,-1.221735694095e+00,-1.221735694095e+00,3.490606327001e-01,3.383121963621e-04,5.074682945432e-04,-5.074682945432e-04,3.383121963621e-04,3.383121963621e-04,3.383121963621e-04,-1.453810190434e-02,-2.180715285651e-02,2.180715285651e-02,-1.453810190434e-02,-1.453810190434e-02,-1.453810190434e-02
3.956000000000e+00,3.490612806552e-01,-1.047204405812e+00,1.047204405812e+00,-1.221735046140e+00,-1.221735046140e+00,3.490612806552e-01,3.098464895826e-04,4.647697343738e-04,-4.647697343738e-04,3.098464895826e-04,3.098464895826e-04,3.098464895826e-04,-1.392728498995e-02,-2.089092748492e-02,2.089092748492e-02,-1.392728498995e-02,-1.392728498995e-02,-1.392728498995e-02
3.958000000000e+00,3.490618729018e-01,-1.047203517442e+00,1.047203517442e+00,-1.221734453893e+00,-1.221734453893e+00,3.490618729018e-01,2.826043366019e-04,4.239065049028e-04,-4.239065049028e-04,2.826043366019e-04,2.826043366019e-04,2.826043366019e-04,-1.331454777705e-02,-1.997182166557e-02,1.997182166557e-02,-1.331454777705e-02,-1.331454777705e-02,-1.331454777705e-02
3.960000000000e+00,3.490624118908e-01,-1.047202708959e+00,1.047202708959e+00,-1.221733914904e+00,-1.221733914904e+00,3.490624118908e-01,2.565895799818e-04,3.848843699728e-04,-3.848843699728e-04,2.565895799818e-04,2.565895799818e-04,2.565895799818e-04,-1.269988830214e-02,-1.904983245321e-02,1.904983245321e-02,-1.269988830214e-02,-1.269988830214e-02,-1.269988830214e-02
3.962000000000e+00,3.490629000809e-01,-1.047201976674e+00,1.047201976674e+00,-1.221733426714e+00,-1.221733426714e+00,3.490629000809e-01,2.318060662102e-04,3.477090993153e-04,-3.477090993153e-04,2.318060662102e-04,2.318060662102e-04,2.318060662102e-04,-1.208330460173e-02,-1.812495690259e-02,1.812495690259e-02,-1.208330460173e-02,-1.208330460173e-02,-1.208330460173e-02
3.964000000000e+00,3.490633399385e-01,-1.047201316887e+00,1.047201316887e+00,-1.221732986856e+00,-1.221732986856e+00,3.490633399385e-01,2.082576457013e-04,3.123864685519e-04,-3.123864685519e-04,2.082576457013e-04,2.082576457013e-04,2.082576457013e-04,-1.146479471232e-02,-1.719719206848e-02,1.719719206848e-02,-1.146479471232e-02,-1.146479471232e-02,-1.146479471232e-02
3.966000000000e+00,3.490637339375e-01,-1.047200725889e+00,1.047200725889e+00,-1.221732592857e+00,-1.221732592857e+00,3.490637339375e-01,1.859481727962e-04,2.789222591943e-04,-2.789222591943e-04,1.859481727962e-04,1.859481727962e-04,1.859481727962e-04,-1.084435667043e-02,-1.626653500564e-02,1.626653500564e-02,-1.084435667043e-02,-1.084435667043e-02,-1.084435667043e-02
3.968000000000e+00,3.490640845597e-01,-1.047200199955e+00,1.047200199955e+00,-1.221732242235e+00,-1.221732242235e+00,3.490640845597e-01,1.648815057630e-04,2.473222586445e-04,-2.473222586445e-04,1.648815057630e-04,1.648815057630e-04,1.648815057630e-04,-1.022198851254e-02,-1.533298276882e-02,1.533298276882e-02,-1.022198851254e-02,-1.022198851254e-02,-1.022198851254e-02
3.970000000000e+00,3.490643942946e-01,-1.047199735353e+00,1.047199735353e+00,-1.221731932500e+00,-1.221731932500e+00,3.490643942946e-01,1.450615067988e-04,2.175922601982e-04,-2.175922601982e-04,1.450615067988e-04,1.450615067988e-04,1.450615067988e-04,-9.597688275180e-03,-1.439653241277e-02,1.439653241277e-02,-9.597688275180e-03,-9.597688275180e-03,-9.597688275180e-03
3.972000000000e+00,3.490646656394e-01,-1.047199328336e+00,1.047199328336e+00,-1.221731661155e+00,-1.221731661155e+00,3.490646656394e-01,1.264920420241e-04,1.897380630362e-04,-1.897380630362e-04,1.264920420241e-04,1.264920420241e-04,1.264920420241e-04,-8.971453994838e-03,-1.345718099226e-02,1.345718099226e-02,-8.971453994838e-03,-8.971453994838e-03,-8.971453994838e-03
3.974000000000e+00,3.490649010990e-01,-1.047198975146e+00,1.047198975146e+00,-1.221731425696e+00,-1.221731425696e+00,3.490649010990e-01,1.091769814907e-04,1.637654722361e-04,-1.637654722361e-04,1.091769814907e-04,1.091769814907e-04,1.091769814907e-04,-8.343283708023e-03,-1.251492556203e-02,1.251492556203e-02,-8.343283708023e-03,-8.343283708023e-03,-8.343283708023e-03
3.976000000000e+00,3.490651031862e-01,-1.047198672016e+00,1.047198672016e+00,-1.221731223609e+00,-1.221731223609e+00,3.490651031862e-01,9.312019917264e-05,1.396802987590e-04,-1.396802987590e-04,9.312019917264e-05,9.312019917264e-05,9.312019917264e-05,-7.713175451241e-03,-1.156976317686e-02,1.156976317686e-02,-7.713175451241e-03,-7.713175451241e-03,-7.713175451241e-03
3.978000000000e+00,3.490652744213e-01,-1.047198415163e+00,1.047198415163e+00,-1.221731052374e+00,-1.221731052374e+00,3.490652744213e-01,7.832557297412e-05,1.174883594612e-04,-1.174883594612e-04,7.832557297412e-05,7.832557297412e-05,7.832557297412e-05,-7.081127260994e-03,-1.062169089149e-02,1.062169089149e-02,-7.081127260994e-03,-7.081127260994e-03,-7.081127260994e-03
3.980000000000e+00,3.490654173325e-01,-1.047198200796e+00,1.047198200796e+00,-1.221730909462e+00,-1.221730909462e+00,3.490654173325e-01,6.479698472663e-05,9.719547708994e-05,-9.719547708994e-05,6.479698472663e-05,6.479698472663e-05,6.479698472663e-05,-6.447137173789e-03,-9.670705760683e-03,9.670705760683e-03,-6.447137173789e-03,-6.447137173789e-03,-6.447137173789e-03
3.982000000000e+00,3.490655344558e-01,-1.047198025111e+00,1.047198025111e+00,-1.221730792339e+00,-1.221730792339e+00,3.490655344558e-01,5.253832018632e-05,7.880748027948e-05,-7.880748027948e-05,5.253832018632e-05,5.253832018632e-05,5.253832018632e-05,-5.811203226129e-03,-8.716804839194e-03,8.716804839194e-03,-5.811203226129e-03,-5.811203226129e-03,-5.811203226129e-03
3.984000000000e+00,3.490656283350e-01,-1.047197884292e+00,1.047197884292e+00,-1.221730698460e+00,-1.221730698460e+00,3.490656283350e-01,4.155346903780e-05,6.233020355670e-05,-6.233020355670e-05,4.155346903780e-05,4.155346903780e-05,4.155346903780e-05,-5.173323454520e-03,-7.759985181780e-03,7.759985181780e-03,-5.173323454520e-03,-5.173323454520e-03,-5.173323454520e-03
3.986000000000e+00,3.490657015215e-01,-1.047197774513e+00,1.047197774513e+00,-1.221730625273e+00,-1.221730625273e+00,3.490657015215e-01,3.184632489284e-05,4.776948733925e-05,-4.776948733925e-05,3.184632489284e-05,3.184632489284e-05,3.184632489284e-05,-4.533495895465e-03,-6.800243843197e-03,6.800243843197e-03,-4.533495895465e-03,-4.533495895465e-03,-4.533495895465e-03
3.988000000000e+00,3.490657565747e-01,-1.047197691933e+00,1.047197691933e+00,-1.221730570220e+00,-1.221730570220e+00,3.490657565747e-01,2.342078529039e-05,3.513117793558e-05,-3.513117793558e-05,2.342078529039e-05,2.342078529039e-05,2.342078529039e-05,-3.891718585470e-03,-5.837577878205e-03,5.837577878205e-03,-3.891718585470e-03,-3.891718585470e-03,-3.891718585470e-03
3.990000000000e+00,3.490657960617e-01,-1.047197632702e+00,1.047197632702e+00,-1.221730530733e+00,-1.221730530733e+00,3.490657960617e-01,1.628075169443e-05,2.442112754165e-05,-2.442112754165e-05,1.628075169443e-05,1.628075169443e-05,1.628075169443e-05,-3.247989561038e-03,-4.871984341557e-03,4.871984341557e-03,-3.247989561038e-03,-3.247989561038e-03,-3.247989561038e-03
3.992000000000e+00,3.490658225573e-01,-1.047197592959e+00,1.047197592959e+00,-1.221730504238e+00,-1.221730504238e+00,3.490658225573e-01,1.043012949830e-05,1.564519424745e-05,-1.564519424745e-05,1.043012949830e-05,1.043012949830e-05,1.043012949830e-05,-2.602306858675e-03,-3.903460288012e-03,3.903460288012e-03,-2.602306858675e-03,-2.602306858675e-03,-2.602306858675e-03
3.994000000000e+00,3.490658386444e-01,-1.047197568828e+00,1.047197568828e+00,-1.221730488151e+00,-1.221730488151e+00,3.490658386444e-01,5.872828020647e-06,8.809242030971e-06,-8.809242030971e-06,5.872828020647e-06,5.872828020647e-06,5.872828020647e-06,-1.954668514885e-03,-2.932002772327e-03,2.932002772327e-03,-1.954668514885e-03,-1.954668514885e-03,-1.954668514885e-03
3.996000000000e+00,3.490658469134e-01,-1.047197556425e+00,1.047197556425e+00,-1.221730479881e+00,-1.221730479881e+00,3.490658469134e-01,2.612760508240e-06,3.919140762360e-06,-3.919140762360e-06,2.612760508240e-06,2.612760508240e-06,2.612760508240e-06,-1.305072566173e-03,-1.957608849259e-03,1.957608849259e-03,-1.305072566173e-03,-1.305072566173e-03,-1.305072566173e-03
3.998000000000e+00,3.490658499629e-01,-1.047197551851e+00,1.047197551851e+00,-1.221730476832e+00,-1.221730476832e+00,3.490658499629e-01,6.538441344142e-07,9.807662016213e-07,-9.807662016213e-07,6.538441344142e-07,6.538441344142e-07,6.538441344142e-07,-6.535170490428e-04,-9.802755735643e-04,9.802755735643e-04,-6.535170490428e-04,-6.535170490428e-04,-6.535170490428e-04
4.000000000000e+00,3.490658503989e-01,-1.047197551197e+00,1.047197551197e+00,-1.221730476396e+00,-1.221730476396e+00,3.490658503989e-01,0.000000000000e+00,0.000000000000e+00,0.000000000000e+00,0.000000000000e+00,0.000000000000e+00,0.000000000000e+00,0.000000000000e+00,0.000000000000e+00,0.000000000000e+00,0.000000000000e+00,0.000000000000e+00,0.000000000000e+00
