sample,t_sim,sec,nanosec,shoulder_pan_joint_q,shoulder_lift_joint_q,elbow_joint_q,wrist_1_joint_q,wrist_2_joint_q,wrist_3_joint_q,shoulder_pan_joint_qdot,shoulder_lift_joint_qdot,elbow_joint_qdot,wrist_1_joint_qdot,wrist_2_joint_qdot,wrist_3_joint_qdot,shoulder_pan_joint_q_ref,shoulder_lift_joint_q_ref,elbow_joint_q_ref,wrist_1_joint_q_ref,wrist_2_joint_q_ref,wrist_3_joint_q_ref,shoulder_pan_joint_qdot_ref,shoulder_lift_joint_qdot_ref,elbow_joint_qdot_ref,wrist_1_joint_qdot_ref,wrist_2_joint_qdot_ref,wrist_3_joint_qdot_ref,shoulder_pan_joint_tau,shoulder_lift_joint_tau,elbow_joint_tau,wrist_1_joint_tau,wrist_2_joint_tau,wrist_3_joint_tau,compute_ms
0,0,2,934000015,0,-1.5708,1.5709,-1.5709,-1.5708,0,0,-0.0001,0.0527,-0.0609,-0.0001,0,0,-1.57079632679,1.57079632679,-1.57079632679,-1.57079632679,0,0,0,-0,0,0,0,-0.0522593066349,-20.5577269368,-23.8294754776,-1.87637016412,0.0183338599809,-0.000164192974713,7.482511
1,0.002000093,2,936000108,0,-1.5708,1.5709,-1.5709,-1.5708,0,0,-0.0001,0.0527,-0.0609,-0.0001,0,4.36065939544e-10,-1.57079632614,1.57079632614,-1.57079632636,-1.57079632636,4.36065939544e-10,6.53904913149e-07,9.80857369724e-07,-9.80857369724e-07,6.53904913149e-07,6.53904913149e-07,6.53904913149e-07,-0.0519016011648,-20.5560275399,-23.8294648414,-1.87637682702,0.0183585998702,-0.000164133567284,1.204704
2,0.003999948,2,937999963,0,-1.5708,1.5709,-1.5709,-1.5708,0,0,-0.0001,0.0527,-0.0609,-0.0001,0,3.48528874885e-09,-1.57079632157,1.57079632157,-1.57079632331,-1.57079632331,3.48528874885e-09,2.6126926449e-06,3.91903896734e-06,-3.91903896734e-06,2.6126926449e-06,2.6126926449e-06,2.6126926449e-06,-0.0514508712376,-20.5541766684,-23.8295654064,-1.87638938996,0.0183903493481,-0.000163939208215,1.116621
3,0.006000042,2,940000057,0,-1.5708,1.5711,-1.5712,-1.5708,0,0,-0.0002,0.1055,-0.1218,-0.0002,0.0001,1.17547278278e-08,-1.57079630916,1.57079630916,-1.57079631504,-1.57079631504,1.17547278278e-08,5.87291011676e-06,8.80936517514e-06,-8.80936517514e-06,5.87291011676e-06,5.87291011676e-06,5.87291011676e-06,-0.10425606593,-20.8667508089,-27.4346115181,-1.92708884445,0.0366074350387,-0.00034303244982,2.188939
4,0.007999897,2,941999912,0,-1.5708,1.5714,-1.5715,-1.5708,0,0.0001,-0.0002,0.1581,-0.1827,-0.0004,0.0001,2.78404849589e-08,-1.57079628503,1.57079628503,-1.57079629895,-1.57079629895,2.78404849589e-08,1.04298614619e-05,1.56447921929e-05,-1.56447921929e-05,1.04298614619e-05,1.04298614619e-05,1.04298614619e-05,-0.164297594337,-21.1868091215,-31.0553472299,-1.97937026808,0.0548828155276,-0.000507170047193,1.274170
5,0.00999999,2,944000005,0,-1.5708,1.5717,-1.5718,-1.5708,0,0.0016,0.0043,0.139,-0.1224,-0.0005,0.0001,5.43370500765e-08,-1.57079624529,1.57079624529,-1.57079627246,-1.57079627246,5.43370500765e-08,1.62807192143e-05,2.44210788214e-05,-2.44210788214e-05,1.62807192143e-05,1.62807192143e-05,1.62807192143e-05,-0.229248999818,-21.4451147573,-29.7853830806,-2.15960777955,0.0449293980376,-0.000413245328641,1.599764
6,0.012000084,2,946000099,0,-1.5708,1.5719,-1.5719,-1.5708,0,0.003,0.009,0.1198,-0.0622,-0.0005,0.0001,9.38261408972e-08,-1.57079618606,1.57079618606,-1.57079623297,-1.57079623297,9.38261408972e-08,2.34211121955e-05,3.51316682933e-05,-3.51316682933e-05,2.34211121955e-05,2.34211121955e-05,2.34211121955e-05,-0.285346584954,-21.719262727,-28.4806771787,-2.34026776169,0.0347184811789,-0.00031909892572,1.534513
7,0.013999939,2,947999954,0,-1.5707,1.5721,-1.5719,-1.5708,0,0.0039,0.0136,0.1006,-0.0021,-0.0005,0.0001,1.48875415344e-07,-1.57079610348,1.57079610348,-1.57079617792,-1.57079617792,1.48875415344e-07,3.18460483504e-05,4.77690725256e-05,-4.77690725256e-05,3.18460483504e-05,3.18460483504e-05,3.18460483504e-05,-0.303074602122,-22.0237260746,-27.1752527988,-2.52233555481,0.025425938525,-0.000233501977725,2.317786
8,0.016000032,2,950000047,0,-1.5707,1.5723,-1.5717,-1.5708,0,0.0065,0.023,0.062,0.1192,-0.0006,0,2.22065205764e-07,-1.5707959937,1.5707959937,-1.57079610473,-1.57079610473,2.22065205764e-07,4.15536345844e-05,6.23304518766e-05,-6.23304518766e-05,4.15536345844e-05,4.15536345844e-05,4.15536345844e-05,-0.398849870762,-22.5710088765,-24.4886228319,-2.89002175203,0.00524394989448,-3.32121679818e-05,2.345757
9,0.017999887,2,951999902,0.0001,-1.5706,1.5723,-1.5711,-1.5708,0,0.0104,0.0369,0.0039,0.3015,-0.0007,0,3.15937101902e-07,-1.57079585289,1.57079585289,-1.57079601086,-1.57079601086,3.15937101902e-07,5.25376635222e-05,7.88064952834e-05,-7.88064952834e-05,5.25376635222e-05,5.25376635222e-05,5.25376635222e-05,-0.574092146924,-23.4091547012,-20.359072732,-3.44001021026,-0.0267158706707,0.000261789666753,2.335662
10,0.019999981,2,953999996,0.0001,-1.5705,1.5722,-1.5702,-1.5708,0,0.0136,0.0485,-0.0429,0.4297,-0.0007,-0.0001,4.33065134494e-07,-1.5707956772,1.5707956772,-1.57079589373,-1.57079589373,4.33065134494e-07,6.47968622309e-05,9.71952933464e-05,-9.71952933464e-05,6.47968622309e-05,6.47968622309e-05,6.47968622309e-05,-0.699265757891,-24.1299494519,-17.060587798,-3.79421535414,-0.0526726486269,0.000514158782124,2.491564
11,0.022000074,2,956000089,0.0001,-1.5704,1.572,-1.5692,-1.5708,0,0.0161,0.0574,-0.0782,0.5032,-0.0005,-0.0001,5.7598338943e-07,-1.57079546282,1.57079546282,-1.57079575081,-1.57079575081,5.7598338943e-07,7.83260969786e-05,0.000117489145468,-0.000117489145468,7.83260969786e-05,7.83260969786e-05,7.83260969786e-05,-0.808926971179,-24.7000823433,-14.6080075371,-3.9465090863,-0.0735391749294,0.000704385113643,1.389085
12,0.023999929,2,957999944,0.0002,-1.5703,1.5718,-1.5681,-1.5708,0,0.018,0.0637,-0.1021,0.5216,-0.0003,-0.0002,7.47206071231e-07,-1.57079520599,1.57079520599,-1.57079557959,-1.57079557959,7.47206071231e-07,9.31196515378e-05,0.000139679477307,-0.000139679477307,9.31196515378e-05,9.31196515378e-05,9.31196515378e-05,-0.943043931557,-25.1272266056,-13.0252230994,-3.89726474415,-0.0899336941543,0.00086896472321,1.226859
13,0.026000023,2,960000038,0.0002,-1.5701,1.5716,-1.5673,-1.5708,0,0.0181,0.0647,-0.1024,0.428,0.0003,-0.0001,9.49302338407e-07,-1.57079490284,1.57079490284,-1.57079537749,-1.57079537749,9.49302338407e-07,0.000109177173386,0.000163765760079,-0.000163765760079,0.000109177173386,0.000109177173386,0.000109177173386,-0.985614717872,-25.3087287145,-13.2450352407,-3.42911637614,-0.0941855496846,0.000890735989928,1.362018
14,0.027999878,2,961999893,0.0002,-1.57,1.5715,-1.567,-1.5708,0,0.0163,0.0576,-0.0669,0.1647,0.0011,0,1.1847440288e-06,-1.57079454968,1.57079454968,-1.57079514205,-1.57079514205,1.1847440288e-06,0.00012649094751,0.000189736421264,-0.000189736421264,0.00012649094751,0.00012649094751,0.00012649094751,-1.00286627335,-25.014028812,-16.2226774225,-2.32929131,-0.0816227975055,0.000759998543294,2.228781
15,0.029999971,2,963999986,0.0003,-1.5699,1.5715,-1.5674,-1.5708,0,0.0121,0.0439,-0.0043,-0.2204,0.0023,0.0002,1.45610005806e-06,-1.57079414264,1.57079414264,-1.57079487069,-1.57079487069,1.45610005806e-06,0.000145061228466,0.000217591842699,-0.000217591842699,0.000145061228466,0.000145061228466,0.000145061228466,-0.959407795903,-24.3487363945,-21.2757246458,-0.778382135689,-0.055547180335,0.000487240507259,2.215429
16,0.032000065,2,966000080,0.0003,-1.5699,1.5716,-1.5688,-1.5708,0,0.0066,0.0256,0.0762,-0.6785,0.0033,0.0004,1.76584989465e-06,-1.57079367802,1.57079367802,-1.57079456095,-1.57079456095,1.76584989465e-06,0.000164882170193,0.00024732325529,-0.00024732325529,0.000164882170193,0.000164882170193,0.000164882170193,-0.842217342806,-23.3798269528,-27.6895283845,1.04357307157,-0.0182234225244,0.000118081904991,3.471995
17,0.03399992,2,967999935,0.0003,-1.5699,1.572,-1.5711,-1.5708,0,0.0002,0.0047,0.1655,-1.16,0.0045,0.0007,2.11644652403e-06,-1.57079315213,1.57079315213,-1.57079421035,-1.57079421035,2.11644652403e-06,0.000185947305248,0.000278920957873,-0.000278920957873,0.000185947305248,0.000185947305248,0.000185947305248,-0.681702404697,-22.2502390926,-34.8063609053,2.93707376246,0.0247617604724,-0.000320398109666,2.191258
18,0.036000013,2,970000028,0.0003,-1.5699,1.5725,-1.5742,-1.5708,0,-0.007,-0.0151,0.2448,-1.5627,0.0054,0.001,2.51046311303e-06,-1.5707925611,1.5707925611,-1.57079381633,-1.57079381633,2.51046311303e-06,0.000208257794743,0.000312386692115,-0.000312386692115,0.000208257794743,0.000208257794743,0.000208257794743,-0.418665784497,-21.1410213672,-41.0921958874,4.51181075283,0.067625382144,-0.000755230352265,2.421017
19,0.037999868,2,971999883,0.0002,-1.57,1.573,-1.5777,-1.5708,0,-0.0128,-0.0281,0.285,-1.7308,0.0056,0.0011,2.95028734934e-06,-1.57079190136,1.57079190136,-1.57079337651,-1.57079337651,2.95028734934e-06,0.000231804471217,0.000347706706825,-0.000347706706825,0.000231804471217,0.000231804471217,0.000231804471217,-0.0860457779395,-20.2866090707,-44.2327419889,5.16355269247,0.0977390071576,-0.00104169251636,1.252341
20,0.039999962,2,973999977,0.0002,-1.57,1.5736,-1.5808,-1.5708,0,-0.0166,-0.0298,0.265,-1.5506,0.0046,0.001,3.43849831554e-06,-1.57079116905,1.57079116905,-1.5707928883,-1.5707928883,3.43849831554e-06,0.000256589097386,0.00038488364608,-0.00038488364608,0.000256589097386,0.000256589097386,0.000256589097386,0.282837576246,-19.9921532828,-42.595979199,4.43420075877,0.10567824111,-0.00108644511307,1.240443
21,0.042000055,2,976000070,0.0002,-1.5701,1.5739,-1.5827,-1.5708,0,-0.0174,-0.018,0.1712,-0.9512,0.0023,0.0008,3.9775126393e-06,-1.57079036053,1.57079036053,-1.57079234928,-1.57079234928,3.9775126393e-06,0.000282605068902,0.000423907603354,-0.000423907603354,0.000282605068902,0.000282605068902,0.000282605068902,0.691161496611,-20.2661046407,-34.9916727822,2.04751410395,0.0858261957771,-0.000851568537404,2.178504
22,0.04399991,2,977999925,0.0001,-1.57,1.5739,-1.5825,-1.5708,0,-0.0147,0.0087,-0.002,0.093,-0.0019,0.0004,4.56971579037e-06,-1.57078947222,1.57078947222,-1.57079175708,-1.57079175708,4.56971579037e-06,0.000309845236128,0.000464767854192,-0.000464767854192,0.000309845236128,0.000309845236128,0.000309845236128,1.15548353769,-21.2989660061,-20.9891696107,-2.10904979621,0.0367022260756,-0.000297976053345,2.115847
23,0.046000004,2,980000019,0.0001,-1.5699,1.5734,-1.5795,-1.5708,0,-0.0088,0.0488,-0.2436,1.514,-0.0074,-0.0003,5.21770011007e-06,-1.57078850024,1.57078850024,-1.57079110909,-1.57079110909,5.21770011007e-06,0.000338312254515,0.000507468381772,-0.000507468381772,0.000338312254515,0.000338312254515,0.000338312254515,1.59404348181,-22.9648765586,-1.41542074116,-7.77374233095,-0.0407515078664,0.000568414966856,2.500308
24,0.048000097,2,982000112,0.0001,-1.5697,1.5724,-1.5732,-1.5708,0,-0.0007,0.0965,-0.5175,3.1007,-0.0132,-0.001,5.92384130115e-06,-1.57078744103,1.57078744103,-1.57079040295,-1.57079040295,5.92384130115e-06,0.00036799908757,0.000551998631355,-0.000551998631355,0.00036799908757,0.00036799908757,0.00036799908757,1.98690600214,-25.0710018125,20.8410287517,-14.1253294683,-0.134469789015,0.00158427108811,2.678081
25,0.049999952,2,983999967,0.0001,-1.5695,1.5712,-1.567,-1.5709,0,0.0109,0.1264,-0.6002,3.136,-0.0351,0.0026,6.69048066981e-06,-1.57078629107,1.57078629107,-1.57078963631,-1.57078963631,6.69048066981e-06,0.000398898164526,0.000598347246788,-0.000598347246788,0.000398898164526,0.000398898164526,0.000398898164526,1.28634907703,-27.1821782188,26.3281071156,-13.8530364969,-0.154628633018,0.00184290774038,1.275551
26,0.052000046,2,986000061,0.0002,-1.5692,1.5699,-1.5607,-1.571,0,0.0197,0.1451,-0.6523,3.1397,-0.0486,0.0049,7.52022914779e-06,-1.57078504645,1.57078504645,-1.57078880657,-1.57078880657,7.52022914779e-06,0.00043101302532,0.000646519537981,-0.000646519537981,0.00043101302532,0.00043101302532,0.00043101302532,0.698623943153,-28.5520427132,29.9085500068,-13.6255022186,-0.172903256649,0.00205388662362,1.322362
27,0.053999901,2,987999916,0.0002,-1.5689,1.5686,-1.5545,-1.5711,0,0.0219,0.1456,-0.6502,3.103,-0.0461,0.0051,8.41530842099e-06,-1.57078370383,1.57078370383,-1.57078791149,-1.57078791149,8.41530842099e-06,0.000464332168462,0.000696498252693,-0.000696498252693,0.000464332168462,0.000464332168462,0.000464332168462,0.534552474442,-28.6893087129,30.1006875766,-13.5551822949,-0.183990846482,0.00209014011079,1.294639
28,0.055999994,2,990000009,0.0003,-1.5687,1.5677,-1.5509,-1.5712,0.0001,0.0174,0.1043,-0.4228,1.7784,-0.0385,0.0057,9.3783446521e-06,-1.57078225928,1.57078225928,-1.57078694845,-1.57078694845,9.3783446521e-06,0.000498859717156,0.000748289575734,-0.000748289575734,0.000498859717156,0.000498859717156,0.000498859717156,0.0267257927479,-26.8736546902,12.2174060012,-8.39418450337,-0.118570737006,0.0012547210086,2.240725
29,0.058000087,2,992000102,0.0003,-1.5687,1.5678,-1.5529,-1.5712,0.0001,0.0053,0.0143,0.0598,-0.9936,-0.0264,0.0066,1.04116405764e-05,-1.57078070933,1.57078070933,-1.57078591515,-1.57078591515,1.04116405764e-05,0.000534587958422,0.000801881937633,-0.000801881937633,0.000534587958422,0.000534587958422,0.000534587958422,-0.805971084162,-22.7060421839,-26.2816543814,2.51921340651,0.038840259151,-0.000452816423307,2.188861
30,0.059999943,2,993999958,0.0003,-1.5688,1.5688,-1.5592,-1.5712,0.0001,-0.014,-0.0775,0.488,-3.1345,0.016,0.002,1.15174584261e-05,-1.57077905061,1.57077905061,-1.57078480934,-1.57078480934,1.15174584261e-05,0.00057150863048,0.00085726294572,-0.00085726294572,0.00057150863048,0.00057150863048,0.00057150863048,-0.82290749471,-17.8907086514,-59.6417465665,10.6561078928,0.142179704888,-0.00169796666676,2.258022
31,0.062000036,2,996000051,0.0002,-1.5691,1.5702,-1.5654,-1.571,0.0001,-0.0417,-0.1475,0.6691,-3.1201,0.1013,-0.0109,1.26984501161e-05,-1.57077727912,1.57077727912,-1.57078362834,-1.57078362834,1.26984501161e-05,0.00060962667286,0.00091444000929,-0.00091444000929,0.00060962667286,0.00060962667286,0.00060962667286,0.945919592775,-12.8613636288,-70.8762048996,9.46317324553,0.116383931605,-0.00182981290085,2.607479
32,0.063999891,2,997999906,0,-1.5696,1.5719,-1.5717,-1.5706,0,-0.0712,-0.2183,0.8526,-3.1179,0.185,-0.0236,1.39567169378e-05,-1.57077539172,1.57077539172,-1.57078237008,-1.57078237008,1.39567169378e-05,0.000648929225285,0.000973393837928,-0.000973393837928,0.000648929225285,0.000648929225285,0.000648929225285,2.87398918043,-7.71306028194,-82.3690455102,8.31033588292,0.098666574509,-0.00198660942794,1.303789
33,0.065999985,3,0,-0.0001,-1.5701,1.5738,-1.5779,-1.5701,-0.0001,-0.0918,-0.2654,0.9739,-3.1311,0.2469,-0.0334,1.52949336567e-05,-1.57077338439,1.57077338439,-1.57078103186,-1.57078103186,1.52949336567e-05,0.000689421859538,0.00103413278931,-0.00103413278931,0.000689421859538,0.000689421859538,0.000689421859538,4.20266604328,-4.23841263243,-90.2494341133,7.64699536816,0.0743934131403,-0.00194638162031,1.271177
34,0.068000078,3,2000093,-0.0003,-1.5706,1.5755,-1.5826,-1.5696,-0.0001,-0.0945,-0.2513,0.8583,-2.3225,0.2753,-0.0393,1.67153210637e-05,-1.57077125381,1.57077125381,-1.57077961147,-1.57077961147,1.67153210637e-05,0.000731096128573,0.00109664419286,-0.00109664419286,0.000731096128573,0.000731096128573,0.000731096128573,4.89665562474,-4.40164090603,-81.042320628,4.36478626535,-0.010608812108,-0.00115032104351,1.270902
35,0.069999933,3,3999948,-0.0005,-1.5709,1.5763,-1.5817,-1.5691,-0.0002,-0.0816,-0.1692,0.3861,0.45,0.263,-0.043,1.82200552314e-05,-1.57076899671,1.57076899671,-1.57077810674,-1.57077810674,1.82200552314e-05,0.000773943087285,0.00116091463093,-0.00116091463093,0.000773943087285,0.000773943087285,0.000773943087285,5.70548381732,-7.82299553043,-43.3912446939,-6.62312526503,-0.162632432708,0.000894213375774,1.247795
36,0.072000026,3,6000041,-0.0006,-1.5711,1.5761,-1.5754,-1.5687,-0.0003,-0.0548,-0.0683,-0.1219,3.1403,0.1677,-0.036,1.98118461137e-05,-1.57076660903,1.57076660903,-1.57077651495,-1.57077651495,1.98118461137e-05,0.000817969142328,0.00122695371349,-0.00122695371349,0.000817969142328,0.000817969142328,0.000817969142328,5.54113256527,-12.6475099282,-3.56882280681,-17.0493960852,-0.192893589124,0.00239206727182,2.246706
37,0.073999882,3,7999897,-0.0006,-1.571,1.5753,-1.5691,-1.5688,-0.0003,-0.0076,0.0274,-0.3529,3.1313,-0.0448,-0.0038,2.14926595956e-05,-1.57076408781,1.57076408781,-1.57077483414,-1.57077483414,2.14926595956e-05,0.000863160051743,0.00129474007761,-0.00129474007761,0.000863160051743,0.000863160051743,0.000863160051743,2.53013371684,-19.4470097387,10.4039040948,-15.5778628986,0.0327639178306,0.00116717677052,2.328339
38,0.075999975,3,9999990,-0.0005,-1.5707,1.5741,-1.5629,-1.5695,-0.0002,0.0492,0.1364,-0.6173,3.131,-0.3171,0.0397,2.32652307101e-05,-1.57076142895,1.57076142895,-1.57077306156,-1.57077306156,2.32652307101e-05,0.000909522742736,0.0013642841141,-0.0013642841141,0.000909522742736,0.000909522742736,0.000909522742736,-1.13344678494,-27.2367916911,26.481345,-13.9156074845,0.350189381805,-0.000961192081258,2.203566
39,0.078000068,3,12000083,-0.0003,-1.5703,1.5724,-1.5566,-1.5707,0,0.1034,0.2346,-0.8511,3.1353,-0.6065,0.0881,2.51316949171e-05,-1.57075862925,1.57075862925,-1.5707711951,-1.5707711951,2.51316949171e-05,0.000957048148803,0.0014355722232,-0.0014355722232,0.000957048148803,0.000957048148803,0.000957048148803,-4.65965737151,-34.300992693,40.8664327775,-12.4727127439,0.727089905714,-0.00388639074762,2.341360
40,0.079999923,3,13999938,0,-1.5697,1.5706,-1.5509,-1.5724,0.0002,0.1396,0.2793,-0.9144,2.8334,-0.8561,0.1355,2.70941346143e-05,-1.57075568559,1.57075568559,-1.57076923266,-1.57076923266,2.70941346143e-05,0.00100572663165,0.00150858994748,-0.00150858994748,0.00100572663165,0.00100572663165,0.00100572663165,-7.2571307467,-37.9298315935,44.0093752347,-10.6022279843,1.13826515873,-0.0078823075276,1.407232
41,0.082000017,3,16000032,0.0003,-1.5692,1.5695,-1.5507,-1.5744,0.0006,0.1556,0.2388,-0.5385,0.0891,-1.0172,0.1735,2.91553319346e-05,-1.5707525938,1.5707525938,-1.57076717146,-1.57076717146,2.91553319346e-05,0.00105556603079,0.00158334904618,-0.00158334904618,0.00105556603079,0.00105556603079,0.00105556603079,-9.96016898567,-37.484152261,12.1963968911,0.861882315623,1.55552715275,-0.0127522354511,2.388869
42,0.083999872,3,17999887,0.0006,-1.5689,1.5693,-1.5561,-1.5764,0.0009,0.1523,0.1672,-0.0966,-2.7002,-0.9814,0.1708,3.13171003531e-05,-1.57074935114,1.57074935114,-1.57076500969,-1.57076500969,3.13171003531e-05,0.00110655066764,0.00165982600146,-0.00165982600146,0.00110655066764,0.00110655066764,0.00110655066764,-11.5093287605,-34.7776396371,-23.9418727078,12.2223785312,1.63657958416,-0.0137973300788,2.677401
43,0.085999965,3,19999980,0.0008,-1.5687,1.5696,-1.5624,-1.5777,0.0012,0.1164,0.095,0.1264,-3.1214,-0.6642,0.1195,3.35822543245e-05,-1.57074595341,1.57074595341,-1.57076274454,-1.57076274454,3.35822543245e-05,0.0011586889379,0.00173803340684,-0.00173803340684,0.0011586889379,0.0011586889379,0.0011586889379,-9.60789526619,-30.1751890789,-38.8565121928,13.0133144,1.15688602731,-0.010173120123,3.276449
44,0.088000059,3,22000074,0.0009,-1.5687,1.5703,-1.5686,-1.5778,0.0012,0.0543,-0.0017,0.3602,-3.122,-0.0716,0.022,3.59528354506e-05,-1.57074239754,1.57074239754,-1.57076037396,-1.57076037396,3.59528354506e-05,0.00121197110868,0.00181795666302,-0.00181795666302,0.00121197110868,0.00121197110868,0.00121197110868,-5.79198267042,-23.4444839834,-52.948699011,11.590986409,0.16645142092,-0.00226889083586,3.583939
45,0.089999914,3,23999929,0.0009,-1.5689,1.5715,-1.5749,-1.5763,0.001,-0.023,-0.1094,0.6118,-3.1228,0.7552,-0.119,3.84308240569e-05,-1.57073868056,1.57073868056,-1.57075789597,-1.57075789597,3.84308240569e-05,0.0012663868264,0.00189958023959,-0.00189958023959,0.0012663868264,0.0012663868264,0.0012663868264,-1.01955800476,-15.8840356968,-68.1524590215,10.0514183761,-1.28572084339,0.0100096025834,3.709219
46,0.092000007,3,26000022,0.0007,-1.5693,1.573,-1.5812,-1.5729,0.0004,-0.0945,-0.1801,0.7565,-3.1352,1.7111,-0.2886,4.10190874673e-05,-1.57073479816,1.57073479816,-1.57075530771,-1.57075530771,4.10190874673e-05,0.00132194531689,0.00198291797533,-0.00198291797533,0.00132194531689,0.00132194531689,0.00132194531689,3.42400578366,-10.8640497019,-77.0167329117,9.29311009111,-3.08946008993,0.0262819170314,2.338810
47,0.094000101,3,28000116,0.0004,-1.5696,1.574,-1.5828,-1.5676,-0.0005,-0.1547,-0.1779,0.4941,-0.8254,2.6381,-0.4473,4.37196076971e-05,-1.57073074738,1.57073074738,-1.57075260719,-1.57075260719,4.37196076971e-05,0.00137863645176,0.00206795467764,-0.00206795467764,0.00137863645176,0.00137863645176,0.00137863645176,8.52289668772,-9.11885562582,-53.2698159943,-0.644740457878,-5.00503363378,0.0427164483753,1.223816
48,0.095999956,3,29999971,0,-1.5699,1.5743,-1.579,-1.5614,-0.0016,-0.1899,-0.1443,0.121,1.9115,3.1322,-0.5697,4.65343017623e-05,-1.57072652534,1.57072652534,-1.57074979249,-1.57074979249,4.65343017623e-05,0.00143644948215,0.00215467422323,-0.00215467422323,0.00143644948215,0.00143644948215,0.00143644948215,12.4397651426,-9.15611254048,-21.2551777011,-12.1363069127,-6.11592132166,0.0571366668515,2.211124
49,0.098000049,3,32000064,-0.0004,-1.5701,1.574,-1.5727,-1.5551,-0.0029,-0.1906,-0.097,-0.1322,3.1368,3.1367,-0.6102,4.94660948123e-05,-1.57072212765,1.57072212765,-1.5707468607,-1.5707468607,4.94660948123e-05,0.00149539445602,0.00224309168403,-0.00224309168403,0.00149539445602,0.00149539445602,0.00149539445602,13.428555551,-11.3529839112,-1.59869392266,-16.7986470909,-6.26370167787,0.0637049548705,1.372496
50,0.099999904,3,33999919,-0.0007,-1.5702,1.5734,-1.5664,-1.5503,-0.0039,-0.1476,-0.0288,-0.3063,3.1307,2.415,-0.5033,5.25165351611e-05,-1.57071755199,1.57071755199,-1.57074381026,-1.57074381026,5.25165351611e-05,0.00155545360902,0.00233318041353,-0.00233318041353,0.00155545360902,0.00155545360902,0.00155545360902,11.1081699425,-15.9499292845,8.93291729359,-15.7493085026,-4.96893692022,0.0548964040291,1.201374
51,0.101999998,3,36000013,-0.0008,-1.57,1.5723,-1.5602,-1.5487,-0.0043,-0.0642,0.064,-0.5269,3.1299,0.7961,-0.2194,5.5688589418e-05,-1.57071279391,1.57071279391,-1.57074063821,-1.57074063821,5.5688589418e-05,0.00161663753437,0.00242495630156,-0.00242495630156,0.00161663753437,0.00161663753437,0.00161663753437,6.46267466782,-22.224763204,22.1718047221,-14.4430814015,-1.87464657975,0.0274933382995,2.151421
52,0.104000091,3,38000106,-0.0007,-1.5698,1.571,-1.5539,-1.552,-0.0038,0.0471,0.14,-0.6774,3.1372,-1.6602,0.2278,5.8984130204e-05,-1.5707078506,1.5707078506,-1.57073734266,-1.57073734266,5.8984130204e-05,0.0016789353608,0.00251840304119,-0.00251840304119,0.0016789353608,0.0016789353608,0.0016789353608,0.222521317113,-27.1834209655,31.0592239263,-13.6950297845,2.99503380247,-0.0179269191908,2.812261
53,0.105999946,3,39999961,-0.0004,-1.5695,1.5699,-1.5509,-1.5583,-0.0023,0.1244,0.1511,-0.5146,1.5105,-3.1271,0.7907,6.24049686381e-05,-1.57070271934,1.57070271934,-1.57073392183,-1.57073392183,6.24049686381e-05,0.00174233578222,0.00261350367333,-0.00261350367333,0.00174233578222,0.00174233578222,0.00174233578222,-5.3368825834,-29.124089412,15.5983924311,-6.62161353516,5.98966794928,-0.0842851060277,2.274406
54,0.10800004,3,42000055,-0.0001,-1.5692,1.5697,-1.5533,-1.5645,0.0004,0.1528,0.1109,-0.1353,-1.2261,-3.1135,1.3529,6.59541373195e-05,-1.57069739559,1.57069739559,-1.57073037266,-1.57073037266,6.59541373195e-05,0.00180685020061,0.00271027530091,-0.00271027530091,0.00180685020061,0.00180685020061,0.00180685020061,-9.09634887502,-28.6326634681,-16.7000645769,4.81252158164,6.05313927012,-0.158692119478,2.147695
55,0.109999895,3,43999910,0.0002,-1.5691,1.57,-1.5596,-1.5706,0.004,0.1673,0.0625,0.1856,-3.1269,-3.0803,1.7967,6.96329968233e-05,-1.5706918773,1.5706918773,-1.5707266938,-1.5707266938,6.96329968233e-05,0.00187245948127,0.0028086892219,-0.0028086892219,0.00187245948127,0.00187245948127,0.00187245948127,-11.449331302,-26.8329589488,-42.7803696113,12.4573119313,6.10320917968,-0.218717068472,1.271995
56,0.111999988,3,46000003,0.0005,-1.5691,1.5707,-1.5658,-1.5767,0.008,0.1584,0.0119,0.3318,-3.1261,-3.0218,1.9825,7.34446262298e-05,-1.57068615986,1.57068615986,-1.57072288217,-1.57072288217,7.34446262298e-05,0.0019391755592,0.00290876333881,-0.00290876333881,0.0019391755592,0.0019391755592,0.0019391755592,-11.1200064496,-23.3121338129,-51.8810859783,11.580695671,6.12530008707,-0.246062973821,1.534930
57,0.114000082,3,48000097,0.0007,-1.5692,1.5718,-1.5721,-1.5798,0.0115,0.0885,-0.0676,0.5262,-3.1204,-1.5407,1.7516,7.73907920177e-05,-1.57068024061,1.57068024061,-1.570718936,-1.570718936,7.73907920177e-05,0.0020069870165,0.00301048052475,-0.00301048052475,0.0020069870165,0.0020069870165,0.0020069870165,-7.35333136561,-17.9834986943,-63.6193306058,10.4182356117,3.2907706475,-0.226343249079,1.270434
58,0.115999937,3,49999952,0.0006,-1.5695,1.5731,-1.5783,-1.5772,0.0134,-0.0264,-0.1422,0.6822,-3.1326,1.2938,0.965,8.14731832671e-05,-1.57067411702,1.57067411702,-1.57071485361,-1.57071485361,8.14731832671e-05,0.00207588181584,0.00311382272376,-0.00311382272376,0.00207588181584,0.00207588181584,0.00207588181584,-1.12638627965,-13.1967503892,-72.8491981202,9.66893664362,-2.35630886368,-0.139978020905,2.304745
59,0.11800003,3,52000045,0.0004,-1.5698,1.5743,-1.5826,-1.5709,0.0128,-0.106,-0.1609,0.6009,-2.143,3.1269,-0.3417,8.5694953059e-05,-1.57066778437,1.57066778437,-1.57071063184,-1.57071063184,8.5694953059e-05,0.00214587268767,0.0032188090315,-0.0032188090315,0.00214587268767,0.00214587268767,0.00214587268767,3.9371450036,-11.3129844088,-64.5003619649,5.33261616903,-6.09291010069,0.0204449934375,3.670945
60,0.119999885,3,53999900,0.0002,-1.5701,1.5747,-1.5815,-1.5647,0.0086,-0.1281,-0.116,0.2089,0.5847,3.1331,-2.0524,9.00572683781e-05,-1.57066124089,1.57066124089,-1.57070626953,-1.57070626953,9.00572683781e-05,0.0022169392781,0.00332540891715,-0.00332540891715,0.0022169392781,0.0022169392781,0.0022169392781,7.17017886679,-12.1119641241,-31.5625068964,-5.9480106081,-6.21366359482,0.244411739449,2.257067
61,0.121999979,3,55999994,-0.0001,-1.5702,1.5744,-1.5752,-1.5584,0.0024,-0.143,-0.0581,-0.195,3.1157,3.1368,-3.1392,9.45633344927e-05,-1.57065448179,1.57065448179,-1.57070176346,-1.57070176346,9.45633344927e-05,0.00228909484507,0.00343364226761,-0.00343364226761,0.00228909484507,0.00228909484507,0.00228909484507,9.87359801404,-14.0579703043,1.65746637203,-16.2437138322,-6.36078072537,0.389158584365,2.244815
62,0.124000072,3,58000087,-0.0004,-1.5702,1.5737,-1.569,-1.5521,-0.0039,-0.1367,-0.0049,-0.3457,3.1334,3.1365,-3.1404,9.9214793685e-05,-1.5706475046,1.5706475046,-1.570697112,-1.570697112,9.9214793685e-05,0.00236232723342,0.00354349085012,-0.00354349085012,0.00236232723342,0.00236232723342,0.00236232723342,9.73115774162,-17.7688428894,11.0722395566,-15.4290580637,-6.50348246907,0.393743662161,1.250780
63,0.125999927,3,59999942,-0.0005,-1.57,1.5726,-1.5627,-1.5483,-0.0102,-0.0757,0.0757,-0.5435,3.1339,1.9193,-3.1378,0.000104013218382,-1.57064030697,1.57064030697,-1.57069231358,-1.57069231358,0.000104013218382,0.00243662388729,0.00365493583093,-0.00365493583093,0.00243662388729,0.00243662388729,0.00243662388729,6.41749669858,-23.264036317,23.0598147014,-14.2629604517,-4.21208330766,0.404025264001,1.328430
64,0.128000021,3,62000036,-0.0005,-1.5697,1.5711,-1.5564,-1.5502,-0.0159,0.0405,0.1615,-0.7301,3.1295,-0.9884,-2.8593,0.000108961895751,-1.57063288395,1.57063288395,-1.5706873649,-1.5706873649,0.000108961895751,0.00251199884683,0.00376799827024,-0.00376799827024,0.00251199884683,0.00251199884683,0.00251199884683,0.221544683416,-28.8161949991,34.1108776085,-13.2204678679,1.56738274009,0.386080050378,1.226005
65,0.129999876,3,63999891,-0.0002,-1.5693,1.5696,-1.5511,-1.5565,-0.0176,0.1279,0.1985,-0.744,2.6789,-3.1215,-0.8523,0.000114061777964,-1.57062523413,1.57062523413,-1.57068226502,-1.57068226502,0.000114061777964,0.00258843042107,0.0038826456316,-0.0038826456316,0.00258843042107,0.00258843042107,0.00258843042107,-4.86068153481,-31.5069673924,33.3530571927,-11.0166504735,5.88388392334,0.138066324331,2.158387
66,0.131999969,3,65999984,0.0001,-1.569,1.5689,-1.5511,-1.5627,-0.0131,0.1472,0.1508,-0.3515,-0.0387,-3.1082,2.2377,0.000119316209154,-1.57061735248,1.57061735248,-1.57067701059,-1.57067701059,0.000119316209154,0.00266593316561,0.00399889974842,-0.00399889974842,0.00266593316561,0.00266593316561,0.00266593316561,-7.88510216732,-30.4403968121,0.527659934745,0.193237597318,5.96605431425,-0.264580681673,2.224967
67,0.134000063,3,68000078,0.0004,-1.5688,1.5691,-1.5568,-1.5689,-0.0069,0.1589,0.0851,0.0857,-2.8124,-3.0762,3.1325,0.000124726714912,-1.57060923672,1.57060923672,-1.57067160008,-1.57067160008,0.000124726714912,0.00274449441705,0.00411674162558,-0.00411674162558,0.00274449441705,0.00274449441705,0.00274449441705,-10.5093716378,-28.1091520727,-35.4626757926,11.4930556275,6.05595442306,-0.384761983734,2.174977
68,0.135999918,3,69999933,0.0007,-1.5688,1.5696,-1.563,-1.5749,-0.0006,0.1499,0.0296,0.2746,-3.1299,-3.0216,3.1206,0.00013029473106,-1.5706008847,1.5706008847,-1.57066603206,-1.57066603206,0.00013029473106,0.00282410089399,0.00423615134099,-0.00423615134099,0.00282410089399,0.00282410089399,0.00282410089399,-10.3498294004,-24.5014269298,-48.1692810596,11.9562974331,6.09726261178,-0.387966002825,1.227749
69,0.138000011,3,72000026,0.0009,-1.5689,1.5706,-1.5693,-1.5792,0.0056,0.0951,-0.0528,0.4783,-3.1277,-2.156,3.1138,0.000136023691375,-1.57059229126,1.57059229126,-1.5706603031,-1.5706603031,0.000136023691375,0.0029047679211,0.00435715188164,-0.00435715188164,0.0029047679211,0.0029047679211,0.0029047679211,-7.25719145767,-18.8104118951,-60.5455474066,10.7231413529,4.53915974662,-0.396133615454,1.213569
70,0.139999866,3,73999881,0.0009,-1.5692,1.572,-1.5755,-1.5779,0.0118,-0.0272,-0.1515,0.6964,-3.1226,0.6798,3.1204,0.000141914330602,-1.5705834553,1.5705834553,-1.57065441246,-1.57065441246,0.000141914330602,0.00298647264295,0.00447970896442,-0.00447970896442,0.00298647264295,0.00298647264295,0.00298647264295,-0.571310251584,-12.2962251741,-73.4622099392,9.46207862902,-1.05430573355,-0.415320056053,1.133063
71,0.14199996,3,75999975,0.0006,-1.5696,1.5736,-1.5818,-1.5716,0.0138,-0.1295,-0.2084,0.8011,-3.1381,3.1228,0.9586,0.000147970145082,-1.57057437158,1.57057437158,-1.57064835665,-1.57064835665,0.000147970145082,0.0030692308941,0.00460384634115,-0.00460384634115,0.0030692308941,0.0030692308941,0.0030692308941,5.10062221651,-8.62095223785,-79.7446104298,9.05534719929,-5.95716753468,-0.149220561161,2.503585
72,0.144000053,3,78000068,0.0003,-1.57,1.5745,-1.5832,-1.5653,0.0097,-0.1534,-0.1762,0.4711,-0.7111,3.1301,-2.0367,0.000154192521525,-1.57056503801,1.57056503801,-1.57064213427,-1.57064213427,0.000154192521525,0.00315302927984,0.00472954391976,-0.00472954391976,0.00315302927984,0.00315302927984,0.00315302927984,8.26584181623,-8.74731870206,-51.7343680858,-1.06899720238,-6.04941622892,0.240586407235,2.441176
73,0.145999908,3,79999923,0,-1.5702,1.5746,-1.5791,-1.5591,0.0034,-0.1695,-0.1216,0.054,2.046,3.1359,-3.1402,0.000160582769106,-1.57055545264,1.57055545264,-1.57063574403,-1.57063574403,0.000160582769106,0.00323785403816,0.00485678105724,-0.00485678105724,0.00323785403816,0.00323785403816,0.00323785403816,11.1522584055,-10.2363401964,-17.0835027725,-12.3905374578,-6.19582479429,0.387495525313,2.387608
74,0.148000002,3,82000017,-0.0004,-1.5703,1.5742,-1.5729,-1.5528,-0.0029,-0.1673,-0.0615,-0.2136,3.1329,3.1383,-3.1402,0.000167144481445,-1.57054561007,1.57054561007,-1.57062918231,-1.57062918231,0.000167144481445,0.00332372175957,0.00498558263935,-0.00498558263935,0.00332372175957,0.00332372175957,0.00332372175957,11.9086460754,-13.5280303095,2.95136072086,-16.2450850737,-6.35842929502,0.391982826976,1.298965
75,0.150000095,3,84000110,-0.0006,-1.5703,1.5734,-1.5666,-1.5478,-0.0091,-0.1201,0.0176,-0.4106,3.1331,2.4829,-3.1363,0.000173878963791,-1.57053550835,1.57053550835,-1.57062244783,-1.57062244783,0.000173878963791,0.00341061868606,0.00511592802909,-0.00511592802909,0.00341061868606,0.00341061868606,0.00341061868606,9.23184463691,-18.9685884833,14.9038120857,-15.0660964216,-5.22698499502,0.399522063176,1.219841
76,0.15199995,3,85999965,-0.0006,-1.57,1.5721,-1.5603,-1.5487,-0.0154,0.0072,0.1256,-0.6531,3.1257,-0.4376,-3.1398,0.000180787441687,-1.57052514563,1.57052514563,-1.57061553935,-1.57061553935,0.000180787441687,0.00349853070221,0.00524779605331,-0.00524779605331,0.00349853070221,0.00349853070221,0.00349853070221,2.28524508603,-26.0922360348,29.2157660779,-13.638332868,0.519181020436,0.418930836863,1.268164
77,0.154000044,3,88000059,-0.0003,-1.5696,1.5705,-1.5541,-1.555,-0.0177,0.1229,0.2013,-0.8019,3.1399,-3.1407,-1.1422,0.000187873610541,-1.57051451638,1.57051451638,-1.57060845318,-1.57060845318,0.000187873610541,0.00358747514666,0.00538121271999,-0.00538121271999,0.00358747514666,0.00358747514666,0.00358747514666,-4.11410732899,-31.0300228017,38.0514310455,-12.9383888016,5.91889805043,0.175774445231,2.297892
78,0.155999899,3,89999914,0,-1.5692,1.5693,-1.5513,-1.5612,-0.0138,0.1534,0.1947,-0.5984,1.4055,-3.1262,1.9385,0.000195137816748,-1.57050362007,1.57050362007,-1.57060118898,-1.57060118898,0.000195137816748,0.00367742713655,0.00551614070482,-0.00551614070482,0.00367742713655,0.00367742713655,0.00367742713655,-7.32809016827,-32.1373993709,20.0737525584,-5.51465795645,5.90845992457,-0.224528714133,2.358011
79,0.157999992,3,92000007,0.0003,-1.569,1.5689,-1.5539,-1.5674,-0.0076,0.1757,0.1457,-0.1998,-1.3343,-3.1026,3.1357,0.000202583825791,-1.57049245106,1.57049245106,-1.57059374297,-1.57059374297,0.000202583825791,0.00376840450342,0.00565260675513,-0.00565260675513,0.00376840450342,0.00376840450342,0.00376840450342,-10.6516837956,-30.969777543,-13.3199344957,5.81703166329,5.97203698887,-0.383380769879,2.175850
80,0.160000086,3,94000101,0.0007,-1.5688,1.5692,-1.5602,-1.5736,-0.0013,0.1815,0.087,0.1332,-3.1252,-3.0568,3.1275,0.000210212813652,-1.57048100757,1.57048100757,-1.57058611398,-1.57058611398,0.000210212813652,0.00386039302974,0.00579058954461,-0.00579058954461,0.00386039302974,0.00386039302974,0.00386039302974,-12.3788114051,-28.3768514563,-39.720767347,12.8226193363,6.02613352356,-0.38685457859,1.345296
81,0.161999941,3,95999956,0.001,-1.5687,1.5698,-1.5664,-1.579,0.0049,0.1496,0.0206,0.3114,-3.1192,-2.6996,3.1132,0.000218025850503,-1.57046928802,1.57046928802,-1.57057830094,-1.57057830094,0.000218025850503,0.00395337788242,0.00593006682364,-0.00593006682364,0.00395337788242,0.00395337788242,0.00395337788242,-10.5962778351,-23.8303761298,-50.6012683602,11.7247292121,5.48102932424,-0.391421174316,1.202562
82,0.164000034,3,98000049,0.001,-1.5689,1.5709,-1.5726,-1.5787,0.0112,0.0263,-0.0847,0.5462,-3.1193,0.1526,3.1191,0.000226026811027,-1.57045728658,1.57045728658,-1.57057029998,-1.57057029998,0.000226026811027,0.00404737762821,0.00607106644231,-0.00607106644231,0.00404737762821,0.00404737762821,0.00404737762821,-3.8712442666,-16.8777911551,-64.4531843832,10.3861812123,-0.127658813781,-0.41071400078,1.333100
83,0.165999889,3,99999904,0.0008,-1.5692,1.5723,-1.5789,-1.5727,0.0137,-0.0966,-0.1697,0.7221,-3.129,3.0001,1.2442,0.000234215794827,-1.5704450031,1.5704450031,-1.570562111,-1.570562111,0.000234215794827,0.00414236628967,0.0062135494345,-0.0062135494345,0.00414236628967,0.00414236628967,0.00414236628967,2.9149892873,-11.3390289671,-74.8552368515,9.49329112888,-5.7999008513,-0.184336110603,2.257222
84,0.167999983,3,101999998,0.0006,-1.5696,1.5736,-1.583,-1.5664,0.0101,-0.1333,-0.1841,0.6349,-2.0492,3.1228,-1.7533,0.000242596752111,-1.57043243167,1.57043243167,-1.57055373004,-1.57055373004,0.000242596752111,0.00423836292083,0.00635754438125,-0.00635754438125,0.00423836292083,0.00423836292083,0.00423836292083,6.06676793336,-9.28959660919,-66.1567861906,4.65181020448,-6.02760210984,0.204087302798,2.261871
85,0.170000076,3,104000091,0.0003,-1.5699,1.5741,-1.5816,-1.5601,0.0039,-0.1594,-0.1452,0.2559,0.6764,3.1306,-3.1396,0.00025117070107,-1.57041957074,1.57041957074,-1.57054515609,-1.57054515609,0.00025117070107,0.00433535258109,0.00650302887164,-0.00650302887164,0.00433535258109,0.00433535258109,0.00433535258109,9.62024692419,-9.65022359602,-34.014691514,-6.71463796741,-6.13690059018,0.387118802822,2.298463
86,0.171999931,3,105999946,-0.0001,-1.5701,1.5738,-1.5754,-1.5539,-0.0024,-0.1737,-0.09,-0.1332,3.1227,3.1366,-3.1394,0.000259938573364,-1.57040641893,1.57040641893,-1.57053638822,-1.57053638822,0.000259938573364,0.00443332000483,0.00664998000725,-0.00664998000725,0.00443332000483,0.00443332000483,0.00443332000483,12.2824956358,-11.4237373215,-1.97963305079,-16.677417741,-6.2868366251,0.391299828244,1.109432
87,0.174000025,3,108000040,-0.0004,-1.5701,1.5733,-1.5691,-1.5479,-0.0087,-0.1582,-0.0322,-0.2895,3.1267,2.9746,-3.1361,0.000268904435697,-1.57039297014,1.57039297014,-1.57052742236,-1.57052742236,0.000268904435697,0.00453228496834,0.00679842745251,-0.00679842745251,0.00453228496834,0.00453228496834,0.00453228496834,11.5807347949,-15.4415959007,7.61720778291,-15.7726044538,-6.10990693221,0.396165229165,1.348439
88,0.17599988,3,109999895,-0.0005,-1.57,1.5722,-1.5629,-1.5476,-0.015,-0.0381,0.0649,-0.5107,3.1304,0.1739,-3.1396,0.000278068113105,-1.57037922463,1.57037922463,-1.57051825868,-1.57051825868,0.000278068113105,0.00463222023322,0.00694833034983,-0.00694833034983,0.00463222023322,0.00463222023322,0.00463222023322,5.07974028443,-21.7085719606,20.684479032,-14.5424800948,-0.597381241983,0.414810833409,1.274523
89,0.177999973,3,111999988,-0.0003,-1.5697,1.5708,-1.5566,-1.553,-0.0178,0.0858,0.1578,-0.7076,3.1324,-2.7467,-1.4185,0.00028743375205,-1.57036517617,1.57036517617,-1.57050889304,-1.57050889304,0.00028743375205,0.0047331460515,0.00709971907725,-0.00709971907725,0.0047331460515,0.0047331460515,0.0047331460515,-1.68137646322,-27.7679012213,32.2915199771,-13.4714518188,5.212109511,0.208927786351,2.227585
90,0.180000067,3,114000082,0,-1.5693,1.5694,-1.5514,-1.5593,-0.0145,0.1304,0.19,-0.7146,2.6293,-3.1337,1.6563,0.000297002232633,-1.57035082345,1.57035082345,-1.57049932456,-1.57049932456,0.000297002232633,0.00483504705963,0.00725257058945,-0.00725257058945,0.00483504705963,0.00483504705963,0.00483504705963,-4.87985670496,-30.5361965404,31.1897031099,-10.96892697,5.94886201921,-0.187840492726,2.251131
91,0.181999922,3,115999937,0.0003,-1.569,1.5687,-1.5515,-1.5655,-0.0082,0.1566,0.1505,-0.3396,-0.0817,-3.114,3.1372,0.000306774316855,-1.57033616532,1.57033616532,-1.57048955248,-1.57048955248,0.000306774316855,0.00493790728077,0.00740686092116,-0.00740686092116,0.00493790728077,0.00493790728077,0.00493790728077,-8.43000031434,-30.0593520054,-0.591710666569,0.326591719001,5.9993184746,-0.383234599628,2.236074
92,0.184000015,3,118000030,0.0006,-1.5688,1.5689,-1.5572,-1.5717,-0.0019,0.1745,0.0928,0.0801,-2.8392,-3.0855,3.1331,0.000316754274825,-1.57032119538,1.57032119538,-1.57047957252,-1.57047957252,0.000316754274825,0.0050417476764,0.0075626215146,-0.0075626215146,0.0050417476764,0.0050417476764,0.0050417476764,-11.4997406455,-28.2948798615,-35.5063861611,11.660291594,6.07763017693,-0.386989830231,1.216480
93,0.18599987,3,119999885,0.001,-1.5688,1.5694,-1.5634,-1.5778,0.0043,0.1644,0.042,0.2556,-3.123,-3.0146,3.1166,0.000326941663426,-1.5703059143,1.5703059143,-1.57046938513,-1.57046938513,0.000326941663426,0.00514653996639,0.00771980994959,-0.00771980994959,0.00514653996639,0.00514653996639,0.00514653996639,-11.2629791289,-25.009357534,-47.3019422886,12.0431073933,6.08121362528,-0.389555070003,1.222415
94,0.187999964,3,121999979,0.0011,-1.5689,1.5703,-1.5697,-1.5788,0.0105,0.0603,-0.0483,0.4628,-3.1205,-0.5297,3.1199,0.000337340837867,-1.57029031554,1.57029031554,-1.57045898596,-1.57045898596,0.000337340837867,0.00525230558236,0.00787845837354,-0.00787845837354,0.00525230558236,0.00525230558236,0.00525230558236,-5.67936885204,-19.1031353692,-59.5540985841,10.8655563279,1.19872139817,-0.406444156914,1.214042
95,0.190000057,3,124000072,0.001,-1.5691,1.5716,-1.5759,-1.5742,0.0136,-0.0623,-0.1438,0.6739,-3.1284,2.3296,1.5266,0.00034795250606,-1.57027439804,1.57027439804,-1.57044837429,-1.57044837429,0.00034795250606,0.00535902844435,0.00803854266652,-0.00803854266652,0.00535902844435,0.00535902844435,0.00535902844435,1.00869676394,-12.88320552,-72.0657207234,9.72391222315,-4.47141150972,-0.217000946182,2.218296
96,0.191999912,3,125999927,0.0007,-1.5695,1.5732,-1.5822,-1.5679,0.0106,-0.1171,-0.1882,0.764,-3.1396,3.1203,-1.4949,0.000358777283207,-1.57025816087,1.57025816087,-1.57043754951,-1.57043754951,0.000358777283207,0.0054666921791,0.00820003826865,-0.00820003826865,0.0054666921791,0.0054666921791,0.0054666921791,4.38269363931,-9.75969289605,-77.7721569495,9.31672200175,-6.00848405679,0.170741880788,2.255227
97,0.194000005,3,128000020,0.0004,-1.5698,1.574,-1.5836,-1.5616,0.0043,-0.143,-0.1564,0.4311,-0.6841,3.1292,-3.1389,0.000369819649623,-1.57024159732,1.57024159732,-1.57042650715,-1.57042650715,0.000369819649623,0.00557531886032,0.00836297829048,-0.00836297829048,0.00557531886032,0.00557531886032,0.00557531886032,7.74498370591,-9.85961982766,-49.4642189996,-0.930409098273,-6.10496247355,0.387044084903,2.212792
98,0.196000099,3,130000114,0.0001,-1.57,1.5741,-1.5795,-1.5554,-0.002,-0.1612,-0.1039,0.0183,2.0697,3.1343,-3.1393,0.000381080232466,-1.57022470645,1.57022470645,-1.57041524656,-1.57041524656,0.000381080232466,0.00568489223828,0.00852733835741,-0.00852733835741,0.00568489223828,0.00568489223828,0.00568489223828,10.8092564969,-11.1889681661,-15.0806463836,-12.2643510236,-6.24670465251,0.391230618557,1.218498
99,0.197999954,3,131999969,-0.0002,-1.5701,1.5736,-1.5732,-1.5491,-0.0082,-0.1563,-0.0448,-0.2436,3.1339,3.139,-3.1408,0.000392559530997,-1.5702074875,1.5702074875,-1.57040376726,-1.57040376726,0.000392559530997,0.00579539545198,0.00869309317797,-0.00869309317797,0.00579539545198,0.00579539545198,0.00579539545198,11.3141823077,-14.4175933817,4.55096070896,-16.0424993222,-6.4186506947,0.39589508227,1.211967
100,0.200000047,3,134000062,-0.0003,-1.57,1.5727,-1.5669,-1.5472,-0.0145,-0.0627,0.0425,-0.4465,3.1296,0.9608,-3.1407,0.000404262165615,-1.57018993355,1.57018993355,-1.57039206463,-1.57039206463,0.000404262165615,0.00590685131732,0.00886027697598,-0.00886027697598,0.00590685131732,0.00590685131732,0.00590685131732,6.29890304121,-20.1405156363,16.5748909164,-14.8711554169,-2.16246414743,0.410986328954,1.259057
101,0.201999902,3,135999917,-0.0002,-1.5697,1.5713,-1.5607,-1.5511,-0.0179,0.0616,0.1454,-0.6826,3.1341,-1.9662,-1.6804,0.000416187226404,-1.57017204596,1.57017204596,-1.57038013957,-1.57038013957,0.000416187226404,0.00601922977321,0.00902884465981,-0.00902884465981,0.00601922977321,0.00601922977321,0.00601922977321,-0.415080760881,-26.8441509236,30.584505831,-13.5429982548,3.62984609552,0.239357541444,2.430075
102,0.203999996,3,138000011,0.0001,-1.5693,1.5697,-1.5544,-1.5574,-0.0151,0.1318,0.2083,-0.8093,3.14,-3.139,1.4101,0.000428339426276,-1.57015381766,1.57015381766,-1.57036798737,-1.57036798737,0.000428339426276,0.00613255409207,0.00919883113811,-0.00919883113811,0.00613255409207,0.00613255409207,0.00613255409207,-4.56815934837,-31.2086294112,38.3351943749,-12.8815763597,5.91840124138,-0.155160848622,2.654679
103,0.206000089,3,140000104,0.0004,-1.5689,1.5685,-1.5516,-1.5636,-0.0088,0.1594,0.1974,-0.5955,1.3862,-3.1233,3.1378,0.000440719208781,-1.57013524798,1.57013524798,-1.57035560759,-1.57035560759,0.000440719208781,0.00624680731331,0.00937021096996,-0.00937021096996,0.00624680731331,0.00624680731331,0.00624680731331,-7.61538805235,-32.017940805,19.6871053844,-5.42703436927,5.92153265192,-0.381998495123,2.357854
104,0.207999944,3,141999959,0.0007,-1.5686,1.5681,-1.5543,-1.5698,-0.0025,0.1786,0.1451,-0.1898,-1.3535,-3.0945,3.1351,0.000453326920268,-1.57011633641,1.57011633641,-1.57034299987,-1.57034299987,0.000453326920268,0.00636197220785,0.00954295831177,-0.00954295831177,0.00636197220785,0.00636197220785,0.00636197220785,-10.7435415041,-30.6538709791,-14.1259495792,5.86016791748,5.98881143166,-0.385835991661,1.279995
105,0.210000038,3,144000053,0.0011,-1.5685,1.5684,-1.5606,-1.5759,0.0037,0.1765,0.0816,0.1505,-3.1337,-3.0365,3.1227,0.000466167415317,-1.57009707567,1.57009707567,-1.57033015938,-1.57033015938,0.000466167415317,0.00647807272451,0.00971710908677,-0.00971710908677,0.00647807272451,0.00647807272451,0.00647807272451,-11.8905319413,-27.6690950707,-40.9002930272,12.7647979,6.0382700787,-0.388957413167,1.503519
106,0.211999893,3,145999908,0.0013,-1.5685,1.5691,-1.5668,-1.5784,0.01,0.0981,0.0004,0.3444,-3.1215,-1.2712,3.1181,0.000479239465112,-1.5700774676,1.5700774676,-1.57031708733,-1.57031708733,0.000479239465112,0.00659507760037,0.00989261640055,-0.00989261640055,0.00659507760037,0.00659507760037,0.00659507760037,-7.68911156504,-22.2918536108,-52.427363822,11.5952000411,2.61826707281,-0.401438535585,1.227794
107,0.213999986,3,148000001,0.0012,-1.5687,1.5703,-1.5731,-1.5753,0.0135,-0.0277,-0.1042,0.5805,-3.1242,1.5919,1.7713,0.000492548020573,-1.57005750476,1.57005750476,-1.57030377877,-1.57030377877,0.000492548020573,0.00671301122958,0.0100695168444,-0.0100695168444,0.00671301122958,0.00671301122958,0.00671301122958,-0.78561907416,-15.4272994188,-66.3986424488,10.2627932008,-3.02754117867,-0.244280209292,2.373670
108,0.21600008,3,150000095,0.001,-1.569,1.5718,-1.5793,-1.569,0.011,-0.1125,-0.18,0.7469,-3.1326,3.113,-1.2765,0.000506093373093,-1.57003718674,1.57003718674,-1.57029023342,-1.57029023342,0.000506093373093,0.00683185629253,0.0102477844388,-0.0102477844388,0.00683185629253,0.00683185629253,0.00683185629253,4.14293541595,-10.2741076796,-76.5032071375,9.36057764574,-5.99754497612,0.142750730765,2.282118
109,0.217999935,3,151999950,0.0007,-1.5694,1.5731,-1.5834,-1.5627,0.0047,-0.1455,-0.192,0.653,-2.0292,3.1224,-3.1377,0.000519875673974,-1.57001651328,1.57001651328,-1.57027645112,-1.57027645112,0.000519875673974,0.00695159486123,0.0104273922918,-0.0104273922918,0.00695159486123,0.00695159486123,0.00695159486123,7.18297069371,-8.34591975986,-67.3518311665,4.43795656305,-6.00056669283,0.386346735254,2.252403
110,0.220000028,3,154000043,0.0004,-1.5697,1.5736,-1.582,-1.5565,-0.0016,-0.1694,-0.1504,0.2668,0.7116,3.1315,-3.139,0.000533900022495,-1.56999547676,1.56999547676,-1.57026242677,-1.57026242677,0.000533900022495,0.00707225199369,0.0106083779905,-0.0106083779905,0.00707225199369,0.00707225199369,0.00707225199369,10.6207796503,-8.87634558451,-34.7411675638,-6.9590027865,-6.12425169493,0.390388862474,2.069183
111,0.221999883,3,155999898,0,-1.5699,1.5734,-1.5757,-1.5502,-0.0079,-0.1762,-0.0901,-0.1282,3.1273,3.1377,-3.1393,0.000548164885871,-1.56997407947,1.56997407947,-1.57024816191,-1.57024816191,0.000548164885871,0.00719379547825,0.0107906932174,-0.0107906932174,0.00719379547825,0.00719379547825,0.00719379547825,12.7205398985,-11.0375154689,-2.51563741593,-16.7338979659,-6.29570158629,0.394832102912,1.237383
112,0.223999977,3,157999992,-0.0002,-1.5699,1.5728,-1.5695,-1.5469,-0.0142,-0.1117,-0.0189,-0.3039,3.1298,1.6456,-3.1404,0.000562675464855,-1.5699523136,1.5699523136,-1.57023365133,-1.57023365133,0.000562675464855,0.00731625081263,0.0109743762189,-0.0109743762189,0.00731625081263,0.00731625081263,0.00731625081263,9.35496638879,-15.6987560291,7.98777616984,-15.7521182699,-3.41493044313,0.406623391822,1.224081
113,0.22600007,3,160000085,-0.0002,-1.5698,1.5717,-1.5632,-1.5494,-0.018,0.0125,0.0834,-0.5342,3.1343,-1.2696,-1.9033,0.00057743185309,-1.56993017902,1.56993017902,-1.57021889494,-1.57021889494,0.00057743185309,0.00743959997355,0.0111593999603,-0.0111593999603,0.00743959997355,0.00743959997355,0.00743959997355,2.65862633927,-22.3133856659,21.5605067944,-14.4740181797,2.34495510283,0.263987816939,2.165357
114,0.227999925,3,161999940,0.0001,-1.5694,1.5702,-1.5569,-1.5557,-0.0155,0.1098,0.173,-0.7287,3.1322,-3.1348,1.21,0.000592434041951,-1.56990767573,1.56990767573,-1.57020389275,-1.57020389275,0.000592434041951,0.00756382469968,0.0113457370495,-0.0113457370495,0.00756382469968,0.00756382469968,0.00756382469968,-2.90705240396,-28.397404749,33.2004916299,-13.3485831224,5.99670939076,-0.129720907822,2.256385
115,0.230000019,3,164000034,0.0004,-1.569,1.5688,-1.5517,-1.562,-0.0093,0.1462,0.2045,-0.7343,2.6105,-3.1379,3.1391,0.000607687387134,-1.56988479571,1.56988479571,-1.57018863941,-1.57018863941,0.000607687387134,0.00768895114,0.01153342671,-0.01153342671,0.00768895114,0.00768895114,0.00768895114,-5.81272703724,-31.2122960522,32.0098610875,-10.7432946001,5.94845936492,-0.381686409907,2.211809
116,0.231999874,3,165999889,0.0007,-1.5687,1.568,-1.5519,-1.5682,-0.003,0.1743,0.167,-0.3621,-0.0979,-3.1158,3.1374,0.00062319001325,-1.56986154178,1.56986154178,-1.57017313678,-1.57017313678,0.00062319001325,0.00781494591377,0.0117224188707,-0.0117224188707,0.00781494591377,0.00781494591377,0.00781494591377,-9.52983337061,-30.8871767137,0.418056169921,0.562964582873,5.99330948869,-0.385280653277,1.253524
117,0.233999967,3,167999982,0.0011,-1.5685,1.5682,-1.5576,-1.5744,0.0033,0.1861,0.1073,0.0607,-2.8592,-3.0725,3.1298,0.000638947381074,-1.56983790572,1.56983790572,-1.57015737941,-1.57015737941,0.000638947381074,0.00794183559868,0.011912753398,-0.011912753398,0.00794183559868,0.00794183559868,0.00794183559868,-12.186028387,-28.9855220384,-34.680426075,11.8975375255,6.05462589847,-0.388766414224,1.272929
118,0.236000061,3,170000076,0.0014,-1.5684,1.5687,-1.5639,-1.5783,0.0095,0.1402,0.0454,0.2458,-3.1231,-1.953,3.1196,0.000654959425256,-1.56981388766,1.56981388766,-1.57014136737,-1.57014136737,0.000654959425256,0.00806960184689,0.0121044027703,-0.0121044027703,0.00806960184689,0.00806960184689,0.00806960184689,-10.0415594065,-25.1266335628,-46.7607148857,12.168305881,3.91881583892,-0.397079608606,1.180615
119,0.237999916,3,171999931,0.0014,-1.5685,1.5696,-1.5701,-1.5765,0.0135,0.0214,-0.0487,0.4598,-3.1239,0.8998,1.9737,0.000671225928219,-1.5697894879,1.5697894879,-1.57012510087,-1.57012510087,0.000671225928219,0.00819822570542,0.0122973385581,-0.0122973385581,0.00819822570542,0.00819822570542,0.00819822570542,-3.64042359188,-19.050406752,-59.3555120042,10.9790778862,-1.7224926945,-0.265863475839,2.546219
120,0.240000009,3,174000024,0.0012,-1.5688,1.5709,-1.5764,-1.5702,0.0113,-0.0851,-0.1421,0.6703,-3.1239,3.1129,-1.0991,0.000687752512125,-1.56976469803,1.56976469803,-1.57010857428,-1.57010857428,0.000687752512125,0.00832773439085,0.0124916015863,-0.0124916015863,0.00832773439085,0.00832773439085,0.00832773439085,2.33250187159,-12.8085214447,-71.9145205811,9.77490154786,-6.0783168781,0.120873526048,2.640245
121,0.242000103,3,176000118,0.001,-1.5691,1.5724,-1.5826,-1.564,0.005,-0.1201,-0.184,0.7607,-3.1355,3.1184,-3.137,0.000704539000635,-1.56973951829,1.56973951829,-1.57009178779,-1.57009178779,0.000704539000635,0.00845810925491,0.0126871638824,-0.0126871638824,0.00845810925491,0.00845810925491,0.00845810925491,4.81150620727,-9.72710854117,-77.7581485834,9.33160011586,-6.01110943641,0.386843544853,2.226084
122,0.243999958,3,177999973,0.0007,-1.5694,1.5733,-1.5839,-1.5577,-0.0013,-0.1477,-0.1542,0.429,-0.6585,3.1283,-3.1388,0.000721585061551,-1.5697139492,1.5697139492,-1.57007474173,-1.57007474173,0.000721585061551,0.00858933104525,0.0128839965679,-0.0128839965679,0.00858933104525,0.00858933104525,0.00858933104525,8.34497677241,-9.64705754536,-49.4717675928,-1.0389349306,-6.10970274281,0.390704992649,1.215745
123,0.246000051,3,180000066,0.0004,-1.5696,1.5733,-1.5797,-1.5514,-0.0076,-0.1637,-0.1017,0.0164,2.1049,3.1338,-3.1396,0.000738896482235,-1.56968798207,1.56968798207,-1.57005743031,-1.57005743031,0.000738896482235,0.00872142760988,0.0130821414148,-0.0130821414148,0.00872142760988,0.00872142760988,0.00872142760988,11.2497093016,-10.9608888469,-15.0496718635,-12.4236644298,-6.25749664039,0.394987427028,1.240688
124,0.247999906,3,181999921,0.0001,-1.5697,1.5728,-1.5735,-1.5468,-0.0139,-0.1306,-0.0368,-0.2478,3.1351,2.3111,-3.1403,0.00075647085737,-1.56966162051,1.56966162051,-1.57003985594,-1.57003985594,0.00075647085737,0.00885436406576,0.0132815460986,-0.0132815460986,0.00885436406576,0.00885436406576,0.00885436406576,10.2653315802,-14.4419143342,4.43072395013,-16.0517101403,-4.73783006476,0.403477580625,1.277246
125,0.25,3,184000015,0.0001,-1.5696,1.5719,-1.5672,-1.548,-0.018,-0.0134,0.0561,-0.4575,3.1343,-0.5951,-2.0847,0.000774314086941,-1.56963485566,1.56963485566,-1.57002201271,-1.57002201271,0.000774314086941,0.00898816867902,0.0134822530185,-0.0134822530185,0.00898816867902,0.00898816867902,0.00898816867902,4.04698996386,-20.3869010637,16.7229663925,-14.8889640398,1.01817285942,0.284189172636,2.287494
126,0.252000093,3,186000108,0.0003,-1.5693,1.5705,-1.5609,-1.5543,-0.0159,0.1016,0.1572,-0.6898,3.1289,-3.1332,1.0508,0.000792425778688,-1.56960768813,1.56960768813,-1.57000390102,-1.57000390102,0.000792425778688,0.00912282210756,0.0136842331613,-0.0136842331613,0.00912282210756,0.00912282210756,0.00912282210756,-2.25746395426,-27.0385366256,30.5230921235,-13.5226827475,6.0300840074,-0.109008676871,2.245295
127,0.253999948,3,187999963,0.0006,-1.5689,1.5689,-1.5546,-1.5606,-0.0096,0.1384,0.2125,-0.8091,3.1404,-3.1346,3.1392,0.000810805432395,-1.56958011865,1.56958011865,-1.56998552136,-1.56998552136,0.000810805432395,0.00925830480967,0.0138874572145,-0.0138874572145,0.00925830480967,0.00925830480967,0.00925830480967,-4.82294133894,-31.098790771,38.0646775841,-12.8846711756,5.93648759242,-0.381283026602,2.335145
128,0.256000042,3,190000057,0.0009,-1.5685,1.5677,-1.5519,-1.5668,-0.0034,0.167,0.202,-0.5924,1.3617,-3.1226,3.1378,0.000829459119507,-1.56955213812,1.56955213812,-1.56996686768,-1.56996686768,0.000829459119507,0.00939464567057,0.0140919685058,-0.0140919685058,0.00939464567057,0.00939464567057,0.00939464567057,-7.98940139454,-31.9652648211,19.1474936873,-5.32037621998,5.95193612513,-0.384395719788,1.304987
129,0.257999897,3,191999912,0.0013,-1.5682,1.5674,-1.5547,-1.573,0.0029,0.1838,0.1488,-0.1866,-1.377,-3.0872,3.1327,0.000848384062253,-1.5695237507,1.5695237507,-1.56994794273,-1.56994794273,0.000848384062253,0.00953180868043,0.0142977130206,-0.0142977130206,0.00953180868043,0.00953180868043,0.00953180868043,-10.972103499,-30.5273479789,-14.689680141,5.96128529951,6.01036351184,-0.387988177035,1.249764
130,0.25999999,3,194000005,0.0016,-1.568,1.5677,-1.5609,-1.5782,0.0091,0.164,0.0816,0.1556,-3.134,-2.6054,3.1206,0.000867586448025,-1.56949494712,1.56949494712,-1.56992874035,-1.56992874035,0.000867586448025,0.00966982313187,0.0145047346978,-0.0145047346978,0.00966982313187,0.00966982313187,0.00966982313187,-11.0706414421,-27.3934943248,-41.4096725765,12.7546872186,5.20176720489,-0.393201858942,1.246329
131,0.262000084,3,196000099,0.0017,-1.568,1.5684,-1.5672,-1.5777,0.0134,0.0504,-0.0077,0.3571,-3.1212,0.2414,2.1351,0.000887065717701,-1.56946572822,1.56946572822,-1.56990926108,-1.56990926108,0.000887065717701,0.00980866940184,0.0147130041028,-0.0147130041028,0.00980866940184,0.00980866940184,0.00980866940184,-5.05613592269,-21.6698830993,-53.1751398902,11.5863860966,-0.434023316306,-0.282683219254,2.195998
132,0.263999939,3,197999954,0.0016,-1.5682,1.5696,-1.5734,-1.5715,0.0115,-0.076,-0.1122,0.5922,-3.122,3.1126,-0.96,0.000906821144259,-1.56943609508,1.56943609508,-1.56988950565,-1.56988950565,0.000906821144259,0.00994832726685,0.0149224909003,-0.0149224909003,0.00994832726685,0.00994832726685,0.00994832726685,1.84354422921,-14.8198482262,-67.07229462,10.2507482556,-6.11797889597,0.103682730081,3.113469
133,0.266000032,3,200000047,0.0013,-1.5686,1.5711,-1.5797,-1.5652,0.0052,-0.117,-0.1776,0.7474,-3.1288,3.1131,-3.1361,0.000926859092671,-1.56940603816,1.56940603816,-1.5698694677,-1.5698694677,0.000926859092671,0.0100888266264,0.0151332399396,-0.0151332399396,0.0100888266264,0.0100888266264,0.0100888266264,4.71449935976,-10.0468658377,-76.789654326,9.34625587282,-5.99407255549,0.387105755048,2.221524
134,0.267999887,3,201999902,0.001,-1.569,1.5724,-1.5837,-1.559,-0.0011,-0.1496,-0.1883,0.6478,-1.9975,3.1221,-3.1372,0.000947176440216,-1.56937556213,1.56937556213,-1.56984915035,-1.56984915035,0.000947176440216,0.0102301306369,0.0153451959553,-0.0153451959553,0.0102301306369,0.0102301306369,0.0102301306369,7.78862387943,-8.17475218372,-67.2094753992,4.31625363358,-6.00438363409,0.390164942322,1.106429
135,0.269999981,3,203999996,0.0007,-1.5693,1.5729,-1.5822,-1.5527,-0.0073,-0.1714,-0.1452,0.2581,0.7522,3.1311,-3.1393,0.00096777967269,-1.56934465729,1.56934465729,-1.56982854712,-1.56982854712,0.00096777967269,0.0103722695995,0.0155584043993,-0.0155584043993,0.0103722695995,0.0103722695995,0.0103722695995,11.0806240709,-8.7996527088,-34.3686338426,-7.10565793408,-6.13462723905,0.394312684636,1.338901
136,0.272000074,3,206000089,0.0003,-1.5694,1.5726,-1.5759,-1.5468,-0.0136,-0.1665,-0.0811,-0.1393,3.1385,2.9532,-3.1401,0.000988668001254,-1.56931332479,1.56931332479,-1.56980765879,-1.56980765879,0.000988668001254,0.0105152232053,0.0157728348079,-0.0157728348079,0.0105152232053,0.0105152232053,0.0105152232053,12.4390600307,-11.2447808262,-2.13489845122,-16.7227236917,-5.94320141458,0.399819282723,1.250344
137,0.273999929,3,207999944,0.0002,-1.5694,1.5719,-1.5696,-1.5467,-0.0181,-0.0534,0.0034,-0.329,3.1332,0.0566,-2.2268,0.00100984052541,-1.56928156601,1.56928156601,-1.56978648627,-1.56978648627,0.00100984052541,0.0106589709743,0.0159884564615,-0.0159884564615,0.0106589709743,0.0106589709743,0.0106589709743,6.51458597999,-16.5560168996,8.90641602384,-15.6765412185,-0.198099942537,0.298917911812,1.207577
138,0.276000023,3,210000038,0.0004,-1.5692,1.5708,-1.5634,-1.5524,-0.0162,0.0725,0.106,-0.5605,3.1303,-2.8694,0.9191,0.00103130391455,-1.56924937092,1.56924937092,-1.56976502288,-1.56976502288,0.00103130391455,0.0108035438025,0.0162053157038,-0.0162053157038,0.0108035438025,0.0108035438025,0.0108035438025,-0.313134492706,-23.1998998713,22.5092521167,-14.3533084644,5.60111350669,-0.093785666606,2.301173
139,0.277999878,3,211999893,0.0006,-1.5688,1.5693,-1.5571,-1.5587,-0.01,0.1237,0.1854,-0.7436,3.1338,-3.1309,3.1373,0.00105305465128,-1.56921674482,1.56921674482,-1.56974327214,-1.56974327214,0.00105305465128,0.0109489037519,0.0164233556279,-0.0164233556279,0.0109489037519,0.0109489037519,0.0109489037519,-3.63616951176,-28.8949772974,33.7754304569,-13.2580183968,5.99189526993,-0.381181490035,2.358232
140,0.279999971,3,213999986,0.001,-1.5684,1.5678,-1.5519,-1.565,-0.0037,0.1594,0.2159,-0.7448,2.5826,-3.1325,3.1375,0.00107509952894,-1.5691836775,1.5691836775,-1.56972122727,-1.56972122727,0.00107509952894,0.0110950821096,0.0166426231644,-0.0166426231644,0.0110950821096,0.0110950821096,0.0110950821096,-6.57928889782,-31.6613992935,32.2510308981,-10.5281189948,5.94927970183,-0.383752946125,1.285712
141,0.282000065,3,216000080,0.0013,-1.568,1.5671,-1.5522,-1.5712,0.0026,0.186,0.1773,-0.3701,-0.1317,-3.1131,3.1371,0.00109743758652,-1.56915017042,1.56915017042,-1.56969888921,-1.56969888921,0.00109743758652,0.0112420583182,0.0168630874773,-0.0168630874773,0.0112420583182,0.0112420583182,0.0112420583182,-10.1838207001,-31.2944226081,0.458896241208,0.791030695648,6.00443901549,-0.387540275867,1.249244
142,0.28399992,3,217999935,0.0017,-1.5678,1.5672,-1.558,-1.5773,0.0088,0.1913,0.114,0.0593,-2.8997,-3.0565,3.125,0.00112006768318,-1.56911622527,1.56911622527,-1.56967625911,-1.56967625911,0.00112006768318,0.0113898112241,0.0170847168362,-0.0170847168362,0.0113898112241,0.0113898112241,0.0113898112241,-12.3703011109,-29.139074255,-35.013308294,12.1229638201,6.05444110444,-0.390596081052,1.300800
143,0.286000013,3,220000028,0.0019,-1.5677,1.5677,-1.5642,-1.5782,0.0134,0.0946,0.0395,0.2542,-3.1198,-0.4592,2.2728,0.0011429968017,-1.56908183159,1.56908183159,-1.56965332999,-1.56965332999,0.0011429968017,0.0115383726969,0.0173075590453,-0.0173075590453,0.0115383726969,0.0115383726969,0.0115383726969,-7.52625500839,-24.662849528,-47.2265274003,12.1753462058,0.90574447794,-0.29600476281,1.214112
144,0.287999868,3,221999883,0.0019,-1.5678,1.5687,-1.5705,-1.5734,0.0118,-0.0261,-0.0565,0.4717,-3.125,2.4078,-0.8199,0.00116622106356,-1.5690469952,1.5690469952,-1.56963010573,-1.56963010573,0.00116622106356,0.0116877040136,0.0175315560203,-0.0175315560203,0.0116877040136,0.0116877040136,0.0116877040136,-1.0504697133,-18.4623161735,-60.0614905296,10.9869363413,-4.7797100576,0.0901386492436,2.305966
145,0.289999962,3,223999977,0.0017,-1.5681,1.57,-1.5767,-1.5672,0.0055,-0.0902,-0.1411,0.6741,-3.1198,3.111,-3.1353,0.00118974758026,-1.56901170542,1.56901170542,-1.56960657921,-1.56960657921,0.00118974758026,0.0118378374292,0.0177567561437,-0.0177567561437,0.0118378374292,0.0118378374292,0.0118378374292,2.92454149978,-12.521470741,-72.4002021784,9.73749721771,-6.05909370441,0.388152284228,2.609106
146,0.292000055,3,226000070,0.0014,-1.5685,1.5715,-1.583,-1.5609,-0.0008,-0.1264,-0.1837,0.7633,-3.1151,3.1173,-3.1366,0.00121357514745,-1.56897596407,1.56897596407,-1.56958275165,-1.56958275165,0.00121357514745,0.0119887517087,0.017983127563,-0.017983127563,0.0119887517087,0.0119887517087,0.0119887517087,5.57992654477,-9.32054787305,-78.1165250358,9.22064420481,-5.99746621597,0.390687959333,1.534041
147,0.29399991,3,227999925,0.0011,-1.5688,1.5724,-1.5841,-1.5547,-0.0071,-0.1543,-0.1531,0.4255,-0.5952,3.1288,-3.1387,0.00123770244599,-1.56893977313,1.56893977313,-1.56955862435,-1.56955862435,0.00123770244599,0.0121404254743,0.0182106382114,-0.0182106382114,0.0121404254743,0.0121404254743,0.0121404254743,9.16389241044,-9.25658988635,-49.3168893098,-1.33196230179,-6.09927562978,0.394596308565,1.230579
148,0.296000004,3,230000019,0.0008,-1.569,1.5724,-1.5798,-1.5484,-0.0134,-0.1647,-0.0982,0.0082,2.1789,3.1367,-3.1399,0.00126213678262,-1.56890312162,1.56890312162,-1.56953419001,-1.56953419001,0.00126213678262,0.0122928915515,0.0184393373273,-0.0184393373273,0.0122928915515,0.0122928915515,0.0122928915515,11.6595485665,-10.7235665357,-14.5965630583,-12.7440004284,-6.26612180418,0.399060824589,1.558349
149,0.298000097,3,232000112,0.0006,-1.569,1.5719,-1.5735,-1.5465,-0.0181,-0.0853,-0.0222,-0.2614,3.1308,0.9258,-2.383,0.00128687682476,-1.56886601156,1.56886601156,-1.56950944997,-1.56950944997,0.00128687682476,0.0124461284355,0.0186691926532,-0.0186691926532,0.0124461284355,0.0124461284355,0.0124461284355,8.23131331447,-14.7847982546,4.65285655991,-16.0071815288,-1.91293406183,0.315116916719,1.254728
150,0.299999952,3,233999967,0.0007,-1.5689,1.5709,-1.5673,-1.5505,-0.0166,0.0326,0.0699,-0.4746,3.1325,-1.9845,0.758,0.00131192112423,-1.56882844511,1.56882844511,-1.56948440567,-1.56948440567,0.00131192112423,0.0126001144866,0.0189001717299,-0.0189001717299,0.0126001144866,0.0126001144866,0.0126001144866,1.98961231672,-20.6142552601,17.194728245,-14.8303944237,3.86690963504,-0.0770815313606,2.156629
151,0.302000046,3,236000061,0.0009,-1.5686,1.5695,-1.561,-1.5568,-0.0103,0.1132,0.1665,-0.6993,3.1323,-3.1306,3.1367,0.0013372771864,-1.56879041102,1.56879041102,-1.56945904961,-1.56945904961,0.0013372771864,0.0127548830938,0.0191323246407,-0.0191323246407,0.0127548830938,0.0127548830938,0.0127548830938,-2.80754446137,-27.2723501454,30.766087127,-13.4793148758,6.03302615405,-0.381043881948,2.412963
152,0.303999901,3,237999916,0.0012,-1.5681,1.5679,-1.5547,-1.563,-0.0041,0.1492,0.2216,-0.8178,3.1391,-3.134,3.1388,0.0013629404762,-1.56875191608,1.56875191608,-1.56943338632,-1.56943338632,0.0013629404762,0.0129103939335,0.0193655909003,-0.0193655909003,0.0129103939335,0.0129103939335,0.0129103939335,-5.35593784809,-31.3649007073,38.2437857852,-12.8214333189,5.95200030191,-0.383438383112,1.303735
153,0.305999994,3,240000009,0.0016,-1.5677,1.5667,-1.5521,-1.5693,0.0022,0.1781,0.2099,-0.593,1.301,-3.1222,3.1373,0.00138891863285,-1.56871294885,1.56871294885,-1.56940740816,-1.56940740816,0.00138891863285,0.013066680765,0.0196000211476,-0.0196000211476,0.013066680765,0.013066680765,0.013066680765,-8.60779356668,-32.1841552512,18.630764719,-5.00729637625,5.96978699915,-0.386591974419,1.303458
154,0.308000087,3,242000102,0.0019,-1.5674,1.5664,-1.555,-1.5754,0.0085,0.1898,0.1555,-0.1853,-1.435,-3.0746,3.1286,0.00141521013249,-1.5686735116,1.5686735116,-1.56938111666,-1.56938111666,0.00141521013249,0.0132237217979,0.0198355826968,-0.0198355826968,0.0132237217979,0.0132237217979,0.0132237217979,-11.1802967274,-30.6672774496,-15.3036834432,6.25223405953,6.01484816494,-0.389884803148,1.198604
155,0.309999943,3,243999958,0.0022,-1.5672,1.5667,-1.5612,-1.5781,0.0134,0.1286,0.0776,0.1611,-3.1323,-1.3076,2.4472,0.00144181330884,-1.56863360683,1.56863360683,-1.56935451349,-1.56935451349,0.00144181330884,0.0133814949655,0.0200722424482,-0.0200722424482,0.0133814949655,0.0133814949655,0.0133814949655,-9.15578580238,-26.9762883304,-41.8069112622,12.7756539024,2.5789373544,-0.313726332766,1.297565
156,0.312000036,3,246000051,0.0022,-1.5673,1.5674,-1.5675,-1.575,0.0121,0.0124,-0.0118,0.3644,-3.1247,1.5535,-0.6454,0.00146873596568,-1.56859322285,1.56859322285,-1.56932759083,-1.56932759083,0.00146873596568,0.0135400343424,0.0203100515136,-0.0203100515136,0.0135400343424,0.0135400343424,0.0135400343424,-2.97751592064,-21.2395488374,-53.6910497826,11.6245222386,-3.09590728549,0.0724485869531,2.267402
157,0.313999891,3,247999906,0.0021,-1.5675,1.5686,-1.5737,-1.5687,0.0058,-0.0771,-0.1086,0.5921,-3.1205,3.1116,-3.1365,0.00149597320041,-1.56855236699,1.56855236699,-1.56930035359,-1.56930035359,0.00149597320041,0.0136992989608,0.0205489484412,-0.0205489484412,0.0136992989608,0.0136992989608,0.0136992989608,2.18167864593,-14.653274613,-67.3748747362,10.2514997842,-6.10607555611,0.389219171313,2.205542
158,0.315999985,3,250000000,0.0018,-1.5678,1.5701,-1.58,-1.5625,-0.0005,-0.1185,-0.1736,0.7459,-3.1271,3.1124,-3.1357,0.0015235329949,-1.5685110273,1.5685110273,-1.5692727938,-1.5692727938,0.0015235329949,0.013859323496,0.020788985244,-0.020788985244,0.013859323496,0.013859323496,0.013859323496,5.13712505894,-9.93063773311,-77.0181413615,9.35433655103,-5.98914065748,0.391105056966,1.343468
159,0.318000078,3,252000093,0.0015,-1.5682,1.5714,-1.5839,-1.5562,-0.0067,-0.1514,-0.1833,0.6375,-1.9371,3.1221,-3.1375,0.00155141357769,-1.56846920643,1.56846920643,-1.56924491322,-1.56924491322,0.00155141357769,0.0140200855695,0.0210301283542,-0.0210301283542,0.0140200855695,0.0140200855695,0.0140200855695,8.27065503251,-8.07226310066,-66.7075298501,4.08229174658,-6.0033623274,0.394210054316,1.224811
160,0.319999933,3,253999948,0.0012,-1.5685,1.5718,-1.5822,-1.5499,-0.013,-0.1688,-0.138,0.2434,0.8242,3.133,-3.1398,0.00157961305926,-1.56842690721,1.56842690721,-1.56921671374,-1.56921671374,0.00157961305926,0.0141815626952,0.0212723440428,-0.0212723440428,0.0141815626952,0.0141815626952,0.0141815626952,11.2452598689,-8.83752436907,-33.552273885,-7.37249595464,-6.14901287398,0.398550598763,1.243533
161,0.322000026,3,256000041,0.001,-1.5686,1.5715,-1.5759,-1.5464,-0.0182,-0.1242,-0.0647,-0.1574,3.1373,1.7514,-2.576,0.00160813961683,-1.56838411737,1.56838411737,-1.56918818718,-1.56918818718,0.00160813961683,0.0143437900068,0.0215156850101,-0.0215156850101,0.0143437900068,0.0143437900068,0.0143437900068,10.475615874,-11.7256019953,-1.61291399048,-16.6529722382,-3.49914344911,0.336013145457,1.224142
162,0.323999882,3,257999897,0.0009,-1.5685,1.5708,-1.5697,-1.5487,-0.017,-0.0106,0.0204,-0.3489,3.1285,-1.1497,0.5632,0.00163698793431,-1.56834084489,1.56834084489,-1.56915933886,-1.56915933886,0.00163698793431,0.0145067256812,0.0217600885218,-0.0217600885218,0.0145067256812,0.0145067256812,0.0145067256812,4.57861981225,-17.0942211066,9.50930576326,-15.5765841598,2.26769890134,-0.0560450801358,2.267073
163,0.325999975,3,259999990,0.0011,-1.5683,1.5697,-1.5634,-1.555,-0.0108,0.0896,0.1167,-0.5743,3.1238,-3.1321,3.135,0.0016661663013,-1.56829707734,1.56829707734,-1.56913016049,-1.56913016049,0.0016661663013,0.0146704050442,0.0220056075663,-0.0220056075663,0.0146704050442,0.0146704050442,0.0146704050442,-1.05689822907,-23.4718633626,22.9146276357,-14.2438920606,6.1502372383,-0.381265229791,2.172847
164,0.328000068,3,262000083,0.0014,-1.5679,1.5682,-1.5572,-1.5613,-0.0045,0.134,0.1946,-0.7549,3.1342,-3.1312,3.1373,0.00169567276396,-1.56825281765,1.56825281765,-1.56910065403,-1.56910065403,0.00169567276396,0.0148348055401,0.0222522083102,-0.0222522083102,0.0148348055401,0.0148348055401,0.0148348055401,-4.14696553172,-29.1208494101,34.0941277554,-13.1857492846,6.01249877076,-0.38329528658,1.370555
165,0.329999923,3,263999938,0.0017,-1.5675,1.5667,-1.5521,-1.5675,0.0018,0.1701,0.2242,-0.7462,2.5247,-3.137,3.1391,0.00172550519134,-1.56820806901,1.56820806901,-1.5690708216,-1.5690708216,0.00172550519134,0.0149999041929,0.0224998562894,-0.0224998562894,0.0149999041929,0.0149999041929,0.0149999041929,-7.1149617315,-31.8766819625,31.7608727686,-10.223902002,5.9809382233,-0.386076742165,1.214097
166,0.332000017,3,266000032,0.0021,-1.5671,1.5659,-1.5525,-1.5737,0.0081,0.191,0.1831,-0.3681,-0.1889,-3.1009,3.1338,0.00175567213159,-1.5681628186,1.5681628186,-1.56904065466,-1.56904065466,0.00175567213159,0.0151657371008,0.0227486056512,-0.0227486056512,0.0151657371008,0.0151657371008,0.0151657371008,-10.3370942503,-31.3277412682,-0.190773794254,1.07622034721,6.01451579325,-0.389414798177,1.150644
167,0.333999872,3,267999887,0.0024,-1.5669,1.5661,-1.5584,-1.578,0.0134,0.1649,0.1115,0.0702,-2.9494,-2.1158,2.6609,0.00178616780071,-1.56811707509,1.56811707509,-1.56901015899,-1.56901015899,0.00178616780071,0.015332261355,0.0229983920325,-0.0229983920325,0.015332261355,0.015332261355,0.015332261355,-10.8633749396,-28.7696569308,-36.0120393047,12.3549646934,4.17233498039,-0.336698363143,1.643373
168,0.335999965,3,269999980,0.0026,-1.5668,1.5666,-1.5646,-1.5765,0.0125,0.0585,0.0348,0.2628,-3.1216,0.7393,-0.4292,0.0018170008914,-1.56807082546,1.56807082546,-1.5689793259,-1.5689793259,0.0018170008914,0.0154995134005,0.0232492701007,-0.0232492701007,0.0154995134005,0.0154995134005,0.0154995134005,-5.51961367285,-24.1616992403,-47.8646123113,12.1930850501,-1.51066155908,0.0493205633059,2.235385
169,0.338000059,3,272000074,0.0025,-1.5669,1.5676,-1.5709,-1.5703,0.0062,-0.049,-0.0587,0.4783,-3.1205,3.1142,-3.1367,0.00184816922274,-1.56802407296,1.56802407296,-1.56894815757,-1.56894815757,0.00184816922274,0.0156674702762,0.0235012054143,-0.0235012054143,0.0156674702762,0.0156674702762,0.0156674702762,0.386075410051,-18.0310684316,-60.6521437448,10.9632133721,-6.20415974657,0.390592413198,2.301372
170,0.339999914,3,273999929,0.0023,-1.5672,1.5689,-1.5771,-1.564,0,-0.0932,-0.1386,0.676,-3.1221,3.1093,-3.1352,0.00187967040084,-1.56797682119,1.56797682119,-1.56891665639,-1.56891665639,0.00187967040084,0.0158361084375,0.0237541626563,-0.0237541626563,0.0158361084375,0.0158361084375,0.0158361084375,3.46584768584,-12.2673968481,-72.872730672,9.74567879243,-6.04955318159,0.392100504008,1.221241
171,0.342000007,3,276000022,0.002,-1.5676,1.5704,-1.5832,-1.5578,-0.0063,-0.1294,-0.1799,0.756,-3.0589,3.1176,-3.1365,0.00191151333865,-1.56792905679,1.56792905679,-1.56888481346,-1.56888481346,0.00191151333865,0.0160054648455,0.0240081972682,-0.0240081972682,0.0160054648455,0.0160054648455,0.0160054648455,6.15874967782,-9.10231821292,-77.8355123785,8.98813530569,-5.99362395977,0.394657575189,1.204538
172,0.344000101,3,278000116,0.0017,-1.5679,1.5712,-1.5842,-1.5515,-0.0126,-0.1537,-0.1461,0.4066,-0.4817,3.1296,-3.1387,0.00194369571674,-1.56788078322,1.56788078322,-1.56885263108,-1.56885263108,0.00194369571674,0.0161755162996,0.0242632744494,-0.0242632744494,0.0161755162996,0.0161755162996,0.0161755162996,9.51361833978,-9.21350752476,-48.1316064129,-1.77908870042,-6.10925015988,0.398691803275,1.342713
173,0.345999956,3,279999971,0.0014,-1.568,1.5712,-1.5796,-1.5465,-0.0182,-0.1413,-0.0847,-0.0205,2.3029,2.5167,-2.7879,0.00197621499925,-1.5678320043,1.5678320043,-1.5688201118,-1.5688201118,0.00197621499925,0.0163462390175,0.0245193585262,-0.0245193585262,0.0163462390175,0.0163462390175,0.0163462390175,10.8039162133,-11.0265011627,-12.9205773986,-13.2166555507,-5.0145019901,0.360185068129,1.233176
174,0.348000049,3,282000064,0.0014,-1.568,1.5706,-1.5733,-1.5472,-0.0175,-0.0387,-0.0036,-0.284,3.1311,-0.3513,0.331,0.00200908032243,-1.56778270631,1.56778270631,-1.56878724647,-1.56878724647,0.00200908032243,0.0165176704691,0.0247765057036,-0.0247765057036,0.0165176704691,0.0165176704691,0.0165176704691,6.07889413785,-15.3862369973,5.41692682077,-15.9221742517,0.682547541965,-0.0292975766817,2.227836
175,0.349999904,3,283999919,0.0015,-1.5679,1.5696,-1.5671,-1.5534,-0.0112,0.0857,0.0911,-0.4988,3.1353,-3.1366,3.1357,0.00204228523808,-1.56773289894,1.56773289894,-1.56875404156,-1.56875404156,0.00204228523808,0.0166897666105,0.0250346499157,-0.0250346499157,0.0166897666105,0.0166897666105,0.0166897666105,-0.73995071302,-21.420868805,18.0414949399,-14.7460882288,6.20587910884,-0.38113322357,2.230468
176,0.351999998,3,286000013,0.0018,-1.5675,1.5682,-1.5608,-1.5597,-0.0049,0.1213,0.1773,-0.7134,3.1289,-3.1277,3.137,0.0020758390335,-1.56768256824,1.56768256824,-1.56872048776,-1.56872048776,0.0020758390335,0.0168625652481,0.0252938478722,-0.0252938478722,0.0168625652481,0.0168625652481,0.0168625652481,-3.13319955744,-27.6308701592,31.2383004406,-13.3717035207,6.05447450905,-0.38308875049,1.232207
177,0.354000091,3,288000106,0.0021,-1.567,1.5665,-1.5545,-1.566,0.0013,0.161,0.2323,-0.8288,3.1395,-3.1359,3.1384,0.0021097391047,-1.56763171814,1.56763171814,-1.56868658769,-1.56868658769,0.0021097391047,0.0170360425308,0.0255540637961,-0.0255540637961,0.0170360425308,0.0170360425308,0.0170360425308,-5.95450942597,-31.7108650348,38.5479339143,-12.7534500455,5.97797421893,-0.385302753139,1.255160
178,0.355999946,3,289999961,0.0024,-1.5666,1.5654,-1.5521,-1.5722,0.0076,0.1874,0.2167,-0.5844,1.1933,-3.12,3.1372,0.00214398272665,-1.5675803527,1.5675803527,-1.56865234407,-1.56865234407,0.00214398272665,0.0172101745471,0.0258152618206,-0.0258152618206,0.0172101745471,0.0172101745471,0.0172101745471,-9.05369516492,-32.3417770344,17.3592316784,-4.51823556298,5.99942051388,-0.388622188408,1.203564
179,0.35800004,3,292000055,0.0028,-1.5663,1.565,-1.5552,-1.578,0.0134,0.1876,0.1574,-0.1707,-1.5435,-2.8693,2.9128,0.00217857941499,-1.56752845767,1.56752845767,-1.56861774738,-1.56861774738,0.00217857941499,0.0173849996009,0.0260774994014,-0.0260774994014,0.0173849996009,0.0173849996009,0.0173849996009,-10.9624602795,-30.5036811131,-16.8546163885,6.72376631107,5.64320803775,-0.36477425295,1.214684
180,0.359999895,3,293999910,0.003,-1.5661,1.5654,-1.5615,-1.578,0.0131,0.0882,0.0708,0.1749,-3.1358,-0.0263,-0.1745,0.00221352224253,-1.56747604343,1.56747604343,-1.56858280455,-1.56858280455,0.00221352224253,0.0175604726854,0.0263407090282,-0.0263407090282,0.0175604726854,0.0175604726854,0.0175604726854,-6.87428263608,-26.3494170612,-42.7516570815,12.7715237588,0.0165273209949,0.0205376565365,2.230104
181,0.361999988,3,296000003,0.0029,-1.5662,1.5661,-1.5677,-1.5723,0.0068,-0.0296,-0.0198,0.38,-3.1243,2.8517,-3.1379,0.00224882087825,-1.56742309548,1.56742309548,-1.56854750592,-1.56854750592,0.00224882087825,0.0177366324313,0.026604948647,-0.026604948647,0.0177366324313,0.0177366324313,0.0177366324313,-0.559251003162,-20.5255375604,-54.723488322,11.5876135509,-5.71227242369,0.392794685676,2.326625
182,0.364000082,3,298000097,0.0028,-1.5664,1.5674,-1.574,-1.5661,0.0005,-0.082,-0.1089,0.6014,-3.119,3.1094,-3.1352,0.00228447253093,-1.567369618,1.567369618,-1.56851185426,-1.56851185426,0.00228447253093,0.0179134548654,0.0268701822981,-0.0268701822981,0.0179134548654,0.0179134548654,0.0179134548654,2.87455687254,-14.2037423596,-68.3091076827,10.1881947137,-6.08006311776,0.392914703142,1.152856
183,0.365999937,3,299999952,0.0025,-1.5667,1.5689,-1.5802,-1.5598,-0.0057,-0.1238,-0.173,0.7515,-3.128,3.1126,-3.1355,0.00232047418132,-1.56731561552,1.56731561552,-1.56847585261,-1.56847585261,0.00232047418132,0.0180909154377,0.0271363731566,-0.0271363731566,0.0180909154377,0.0180909154377,0.0180909154377,5.86561672257,-9.53443334288,-77.7352050823,9.32629942944,-5.96966331591,0.394886894574,1.390438
184,0.36800003,3,302000045,0.0022,-1.5671,1.5701,-1.5839,-1.5536,-0.012,-0.1554,-0.1788,0.6245,-1.8318,3.122,-3.1371,0.00235683573166,-1.5672610732,1.5672610732,-1.56843949106,-1.56843949106,0.00235683573166,0.0182690532648,0.0274035798972,-0.0274035798972,0.0182690532648,0.0182690532648,0.0182690532648,8.97358772778,-7.86402608467,-65.9248141551,3.63623104366,-5.99117668336,0.398113325553,1.345686
185,0.369999885,3,303999900,0.0019,-1.5674,1.5705,-1.582,-1.5473,-0.0181,-0.1675,-0.1306,0.223,0.9481,3.1339,-3.0242,0.00239354983717,-1.56720600204,1.56720600204,-1.56840277696,-1.56840277696,0.00239354983717,0.0184478227458,0.0276717341186,-0.0276717341186,0.0184478227458,0.0184478227458,0.0184478227458,11.5722923715,-8.80761061166,-32.2784068843,-7.87005044628,-6.15369718325,0.387575904473,1.276350
186,0.371999979,3,305999994,0.0017,-1.5675,1.5702,-1.5757,-1.5462,-0.0179,-0.0816,-0.0472,-0.178,3.139,0.5566,0.0693,0.00243062655773,-1.56715038696,1.56715038696,-1.56836570024,-1.56836570024,0.00243062655773,0.0186272633181,0.0279408949772,-0.0279408949772,0.0186272633181,0.0186272633181,0.0186272633181,8.63480302621,-12.2382495427,-1.00339575077,-16.5867953701,-1.07077291889,0.000294167168933,2.322930
187,0.374000072,3,308000087,0.0018,-1.5674,1.5694,-1.5695,-1.5509,-0.0117,0.0337,0.0399,-0.3744,3.134,-2.3451,3.1351,0.00246806280463,-1.56709423259,1.56709423259,-1.56832826399,-1.56832826399,0.00246806280463,0.0188073503672,0.0282110255508,-0.0282110255508,0.0188073503672,0.0188073503672,0.0188073503672,2.56446806266,-17.7323948591,10.4402768144,-15.4953049126,4.71176316111,-0.38509483153,2.285115
188,0.375999927,3,309999942,0.002,-1.5671,1.5683,-1.5632,-1.5571,-0.0054,0.1002,0.1311,-0.5935,3.123,-3.1298,3.1371,0.00250585536714,-1.56703754374,1.56703754374,-1.56829047143,-1.56829047143,0.00250585536714,0.0189880592433,0.028482088865,-0.028482088865,0.0189880592433,0.0189880592433,0.0189880592433,-1.51281778214,-24.0704212892,23.6502797683,-14.1160412787,6.16027001931,-0.383401824386,1.298430
189,0.378000021,3,312000036,0.0023,-1.5667,1.5667,-1.5569,-1.5634,0.0009,0.1459,0.208,-0.7721,3.1341,-3.1315,3.1372,0.00254401454321,-1.56698030498,1.56698030498,-1.56825231225,-1.56825231225,0.00254401454321,0.0191694298584,0.0287541447876,-0.0287541447876,0.0191694298584,0.0191694298584,0.0191694298584,-4.6988608529,-29.6317555052,34.7361306849,-13.0752280328,6.02652688665,-0.385114739312,1.178268
190,0.379999876,3,313999891,0.0027,-1.5662,1.5652,-1.5521,-1.5697,0.0072,0.1823,0.2351,-0.7468,2.4206,-3.1341,3.1384,0.00258253249012,-1.56692252806,1.56692252806,-1.5682137943,-1.5682137943,0.00258253249012,0.0193514156806,0.0290271235209,-0.0290271235209,0.0193514156806,0.0193514156806,0.0193514156806,-7.78262909605,-32.328468771,31.0346487988,-9.68902768549,5.99269315915,-0.387847307928,1.238492
191,0.381999969,3,315999984,0.0031,-1.5658,1.5645,-1.5527,-1.5759,0.0134,0.199,0.1914,-0.3648,-0.2944,-3.094,3.1302,0.00262141966554,-1.5668641973,1.5668641973,-1.56817490713,-1.56817490713,0.00262141966554,0.0195340569331,0.0293010853997,-0.0293010853997,0.0195340569331,0.0195340569331,0.0195340569331,-10.6958763895,-31.5866932029,-1.17303986263,1.59498644422,6.02962506999,-0.390869126716,1.210203
192,0.384000063,3,318000078,0.0033,-1.5656,1.5647,-1.5588,-1.5779,0.0135,0.135,0.1095,0.0861,-3.0573,-0.9956,0.0549,0.00266067279135,-1.56680531761,1.56680531761,-1.568135654,-1.568135654,0.00266067279135,0.0197173289084,0.0295759933626,-0.0295759933626,0.0197173289084,0.0197173289084,0.0197173289084,-9.27257889237,-28.5408955318,-37.5299786843,12.8615380218,1.92524272351,-0.0037414922172,2.283604
193,0.385999918,3,319999933,0.0034,-1.5656,1.5652,-1.565,-1.5741,0.0075,0.0265,0.0322,0.2686,-3.1182,1.8755,-3.0469,0.00270028834996,-1.56674589427,1.56674589427,-1.56809603844,-1.56809603844,0.00270028834996,0.0199012063276,0.0298518094914,-0.0298518094914,0.0199012063276,0.0199012063276,0.0199012063276,-3.70046903519,-23.7611147591,-48.3838112571,12.2019768614,-3.80781413863,0.386655336616,2.287733
194,0.388000011,3,322000026,0.0033,-1.5657,1.5662,-1.5713,-1.5679,0.0012,-0.049,-0.0554,0.4807,-3.1205,3.112,-3.1358,0.00274027704177,-1.56668591123,1.56668591123,-1.56805604975,-1.56805604975,0.00274027704177,0.020085729877,0.0301285948155,-0.0301285948155,0.020085729877,0.020085729877,0.020085729877,0.735884304406,-17.8007718166,-61.2011693966,10.957384864,-6.18849817017,0.394385303573,1.205584
195,0.389999866,3,323999881,0.0031,-1.5659,1.5675,-1.5775,-1.5616,-0.0051,-0.0943,-0.1354,0.6766,-3.1202,3.109,-3.1347,0.00278063059505,-1.5666253809,1.5666253809,-1.5680156962,-1.5680156962,0.00278063059505,0.0202708524753,0.030406278713,-0.030406278713,0.0202708524753,0.0202708524753,0.0202708524753,3.9034591589,-12.0532771078,-73.3055709224,9.74288269952,-6.03600805734,0.395987633801,1.216864
196,0.39199996,3,325999975,0.0028,-1.5663,1.569,-1.5834,-1.5554,-0.0114,-0.131,-0.1748,0.7414,-2.9549,3.1167,-3.1363,0.00282135987409,-1.56656428698,1.56656428698,-1.56797496692,-1.56797496692,0.00282135987409,0.0204566151146,0.0306849226719,-0.0306849226719,0.0204566151146,0.0204566151146,0.0204566151146,6.69790450651,-8.92985069838,-77.0029824359,8.56305485098,-5.98173166777,0.398615505078,1.555790
197,0.394000053,3,328000068,0.0025,-1.5666,1.5697,-1.584,-1.5491,-0.0176,-0.1513,-0.1367,0.3721,-0.2663,3.1299,-3.1389,0.00286246129059,-1.56650263486,1.56650263486,-1.5679338655,-1.5679338655,0.00286246129059,0.0206429924551,0.0309644886826,-0.0309644886826,0.0206429924551,0.0206429924551,0.0206429924551,9.82536967726,-9.24494286453,-45.7049219755,-2.64534397055,-6.11493815151,0.402781503095,1.252128
198,0.395999908,3,329999923,0.0023,-1.5667,1.5696,-1.5789,-1.5461,-0.0179,-0.1039,-0.0661,-0.0663,2.5192,1.4756,-0.137,0.00290393113375,-1.56644043009,1.56644043009,-1.56789239566,-1.56789239566,0.00290393113375,0.0208299591468,0.0312449387202,-0.0312449387202,0.0208299591468,0.0208299591468,0.0208299591468,9.33502296966,-11.466846452,-10.0003947193,-14.0724967275,-2.90456498561,0.0231664919602,2.109519
199,0.398000002,3,332000017,0.0023,-1.5667,1.569,-1.5727,-1.5489,-0.0119,0.0002,0.0139,-0.3066,3.1299,-1.3976,3.0215,0.00294578051521,-1.56637765602,1.56637765602,-1.56785054628,-1.56785054628,0.00294578051521,0.0210175566335,0.0315263349502,-0.0315263349502,0.0210175566335,0.0210175566335,0.0210175566335,4.39963947221,-15.9131610009,6.18498013149,-15.8249342116,2.82425841327,-0.374501809795,2.308885
200,0.400000095,3,334000110,0.0025,-1.5665,1.568,-1.5664,-1.5552,-0.0056,0.0871,0.1021,-0.515,3.1329,-3.1345,3.1373,0.00298800569396,-1.56631431825,1.56631431825,-1.5678083211,-1.5678083211,0.00298800569396,0.0212057593653,0.0318086390479,-0.0318086390479,0.0212057593653,0.0212057593653,0.0212057593653,-0.492948213507,-21.7721650048,18.6284016525,-14.6350972446,6.23748726875,-0.383449197943,1.250758
201,0.40199995,3,335999965,0.0028,-1.5661,1.5665,-1.5601,-1.5615,0.0007,0.134,0.1891,-0.728,3.1284,-3.1281,3.1368,0.00303060280652,-1.56625042259,1.56625042259,-1.56776572399,-1.56776572399,0.00303060280652,0.0213945417894,0.0320918126841,-0.0320918126841,0.0213945417894,0.0213945417894,0.0213945417894,-3.73569992391,-28.0137514029,31.726499702,-13.2831984454,6.06785302172,-0.384931795995,1.227556
202,0.404000044,3,338000059,0.0031,-1.5656,1.5648,-1.5538,-1.5678,0.0069,0.1698,0.2406,-0.8356,3.14,-3.135,3.1388,0.00307358321451,-1.56618595197,1.56618595197,-1.56772274358,-1.56772274358,0.00307358321451,0.0215839457944,0.0323759186916,-0.0323759186916,0.0215839457944,0.0215839457944,0.0215839457944,-6.27143555766,-31.8414792237,38.5778639527,-12.7217847683,6.00138900463,-0.387340537812,1.223328
203,0.405999899,3,339999914,0.0035,-1.5652,1.5637,-1.5518,-1.574,0.0132,0.1916,0.2174,-0.5563,1.0004,-3.115,3.1353,0.00311693784081,-1.56612092003,1.56612092003,-1.56767938895,-1.56767938895,0.00311693784081,0.0217739229796,0.0326608844694,-0.0326608844694,0.0217739229796,0.0217739229796,0.0217739229796,-9.1798666333,-32.0820305721,14.6358437763,-3.7261761585,6.03524670477,-0.390555834562,1.326168
204,0.407999992,3,342000007,0.0038,-1.5649,1.5635,-1.5553,-1.5778,0.0136,0.1596,0.1501,-0.1323,-1.7322,-1.8894,0.1887,0.00316067821461,-1.56605530947,1.56605530947,-1.56763564858,-1.56763564858,0.00316067821461,0.0219645155254,0.0329467732881,-0.0329467732881,0.0219645155254,0.0219645155254,0.0219645155254,-9.45638953542,-29.8988444912,-20.049599422,7.47694406284,3.69754421563,-0.0160123628284,2.351037
205,0.410000086,3,344000101,0.0039,-1.5647,1.5638,-1.5616,-1.5758,0.0078,0.0595,0.0644,0.1921,-3.1304,0.9691,-2.9131,0.00320480040359,-1.56598912619,1.56598912619,-1.56759152639,-1.56759152639,0.00320480040359,0.0221556978257,0.0332335467386,-0.0332335467386,0.0221556978257,0.0221556978257,0.0221556978257,-5.19736716498,-25.6459547679,-43.9762861656,12.682310793,-1.98171688498,0.374337608098,2.238353
206,0.411999941,3,345999956,0.0039,-1.5648,1.5646,-1.5678,-1.5696,0.0015,-0.0376,-0.0227,0.3955,-3.1218,3.1151,-3.1373,0.00324930022118,-1.56592237646,1.56592237646,-1.56754702657,-1.56754702657,0.00324930022118,0.0223474437109,0.0335211655663,-0.0335211655663,0.0223474437109,0.0223474437109,0.0223474437109,0.152542020367,-19.9026596702,-56.0298743276,11.4856135116,-6.23222067276,0.395624867303,1.227913
207,0.414000034,3,348000049,0.0037,-1.565,1.5659,-1.5741,-1.5633,-0.0048,-0.0831,-0.1103,0.6157,-3.1158,3.1077,-3.1346,0.00329418945097,-1.56585504262,1.56585504262,-1.56750213734,-1.56750213734,0.00329418945097,0.022539795795,0.0338096936925,-0.0338096936925,0.022539795795,0.022539795795,0.022539795795,3.30914861529,-13.6293079727,-69.5935826914,10.0784392556,-6.05807856645,0.396923548143,1.269346
208,0.415999889,3,349999904,0.0034,-1.5653,1.5674,-1.5803,-1.5571,-0.011,-0.1239,-0.1708,0.7566,-3.1281,3.1127,-3.1356,0.00333945857326,-1.56578713894,1.56578713894,-1.56745686822,-1.56745686822,0.00333945857326,0.0227327051847,0.0340990577771,-0.0340990577771,0.0227327051847,0.0227327051847,0.0227327051847,6.24066287493,-9.21156691007,-78.485423937,9.29537343154,-5.95715442555,0.399052792685,1.224530
209,0.417999983,3,351999998,0.0031,-1.5657,1.5686,-1.5836,-1.5508,-0.0173,-0.1511,-0.1693,0.5949,-1.6481,3.1239,-3.1378,0.00338511954325,-1.56571864748,1.56571864748,-1.56741120725,-1.56741120725,0.00338511954325,0.0229262147805,0.0343893221707,-0.0343893221707,0.0229262147805,0.0229262147805,0.0229262147805,9.13833526803,-7.89829837563,-63.9708242361,2.8922791278,-6.00424876841,0.402542303771,1.225340
210,0.420000076,3,354000091,0.0029,-1.5659,1.5689,-1.5813,-1.5462,-0.0178,-0.134,-0.1121,0.1809,1.1339,2.3124,-0.2534,0.00343116810213,-1.56564957464,1.56564957464,-1.56736515869,-1.56736515869,0.00343116810213,0.0231202983567,0.034680447535,-0.034680447535,0.0231202983567,0.0231202983567,0.0231202983567,10.2305508227,-9.32193021085,-29.7214609839,-8.58910092987,-4.50081100911,0.0341798659344,2.175905
211,0.421999931,3,355999946,0.0028,-1.566,1.5685,-1.5751,-1.5472,-0.0121,-0.0384,-0.0262,-0.206,3.139,-0.5132,2.8757,0.00347759986876,-1.56557992699,1.56557992699,-1.56731872693,-1.56731872693,0.00347759986876,0.0233149297085,0.0349723945627,-0.0349723945627,0.0233149297085,0.0233149297085,0.0233149297085,6.64515483175,-13.01888663,0.0329213169697,-16.4619054039,1.10236837206,-0.359727462929,2.255547
212,0.424000025,3,358000040,0.0029,-1.5658,1.5677,-1.5688,-1.5535,-0.0058,0.0691,0.0612,-0.4054,3.1322,-3.1384,3.1362,0.00352442705702,-1.56550968621,1.56550968621,-1.56727189974,-1.56727189974,0.00352442705702,0.0235101521589,0.0352652282383,-0.0352652282383,0.0235101521589,0.0235101521589,0.0235101521589,0.902307173458,-18.6367888919,11.7004918951,-15.3289783716,6.34348941682,-0.383547432874,1.267317
213,0.42599988,3,359999895,0.0032,-1.5655,1.5665,-1.5625,-1.5598,0.0005,0.1147,0.1505,-0.623,3.1306,-3.1277,3.1359,0.00357163960813,-1.56543886738,1.56543886738,-1.56722468719,-1.56722468719,0.00357163960813,0.0237059159558,0.0355588739336,-0.0355588739336,0.0237059159558,0.0237059159558,0.0237059159558,-2.23386098423,-25.0169120768,24.9990843533,-13.9690272125,6.16587472978,-0.385078438296,1.206096
214,0.427999973,3,361999988,0.0035,-1.5651,1.5649,-1.5563,-1.5661,0.0067,0.1597,0.2244,-0.7944,3.1358,-3.1309,3.1378,0.0036192499092,-1.56536745193,1.56536745193,-1.56717707689,-1.56717707689,0.0036192499092,0.0239022646992,0.0358533970487,-0.0358533970487,0.0239022646992,0.0239022646992,0.0239022646992,-5.37666216287,-30.3567670392,35.6316287666,-12.9447904333,6.04073687937,-0.387001603791,1.169226
215,0.430000067,3,364000082,0.0039,-1.5646,1.5634,-1.5517,-1.5723,0.013,0.1919,0.2445,-0.7392,2.2578,-3.129,3.1366,0.00366725350926,-1.56529544653,1.56529544653,-1.56712907329,-1.56712907329,0.00366725350926,0.0240991721346,0.0361487582019,-0.0361487582019,0.0240991721346,0.0240991721346,0.0240991721346,-8.25055563789,-32.6765232556,29.5824398507,-8.91611374752,6.01615257636,-0.389609017615,1.378829
216,0.431999922,3,365999937,0.0043,-1.5642,1.5627,-1.5526,-1.5777,0.0137,0.1919,0.1949,-0.3491,-0.4562,-2.7164,0.3507,0.00371564569185,-1.56522285826,1.56522285826,-1.5670806811,-1.5670806811,0.00371564569185,0.0242966114502,0.0364449171753,-0.0364449171753,0.0242966114502,0.0242966114502,0.0242966114502,-10.2656942449,-31.5989353888,-3.01884791095,2.33595561067,5.31335126943,-0.0319855287945,2.292783
217,0.434000015,3,368000030,0.0045,-1.564,1.5629,-1.5589,-1.5775,0.0082,0.1023,0.1056,0.103,-3.1391,0.1305,-2.7453,0.00376443910693,-1.56514966813,1.56514966813,-1.56703188769,-1.56703188769,0.00376443910693,0.0244946266573,0.036741939986,-0.036741939986,0.0244946266573,0.0244946266573,0.0244946266573,-7.46860384603,-28.1095004527,-39.0222790641,13.2278078784,-0.325060194306,0.357603655413,2.274534
218,0.43599987,3,369999885,0.0045,-1.5639,1.5635,-1.5652,-1.5715,0.002,-0.008,0.0268,0.2817,-3.1177,3.0168,-3.1381,0.00381362324375,-1.56507589193,1.56507589193,-1.56698270355,-1.56698270355,0.00381362324375,0.0246931675542,0.0370397513313,-0.0370397513313,0.0246931675542,0.0246931675542,0.0246931675542,-1.64773639938,-23.1873614906,-49.4007366059,12.1735454735,-6.11386971999,0.397607300328,1.234214
219,0.437999964,3,371999979,0.0043,-1.5641,1.5644,-1.5714,-1.5652,-0.0043,-0.0528,-0.0558,0.4908,-3.1166,3.1092,-3.1347,0.00386321092945,-1.5650015104,1.5650015104,-1.56693311587,-1.56693311587,0.00386321092945,0.0248922784237,0.0373384176355,-0.0373384176355,0.0248922784237,0.0248922784237,0.0248922784237,1.39924459383,-17.2959357372,-62.2040352457,10.8792622202,-6.1575662754,0.398506542178,1.222148
220,0.440000057,3,374000072,0.0042,-1.5643,1.5658,-1.5776,-1.559,-0.0106,-0.0988,-0.1348,0.6833,-3.1231,3.1088,-3.1345,0.00391319737426,-1.56492653073,1.56492653073,-1.56688312942,-1.56688312942,0.00391319737426,0.0250919324017,0.0376378986026,-0.0376378986026,0.0250919324017,0.0250919324017,0.0250919324017,4.59110760498,-11.6141115025,-74.154400543,9.71971220062,-6.0103229687,0.400233053553,1.190472
221,0.441999912,3,375999927,0.0039,-1.5647,1.5673,-1.5833,-1.5527,-0.0169,-0.1339,-0.1697,0.7228,-2.8032,3.1174,-3.1364,0.00396357766675,-1.56485096029,1.56485096029,-1.56683274913,-1.56683274913,0.00396357766675,0.0252921026684,0.0379381540026,-0.0379381540026,0.0252921026684,0.0252921026684,0.0252921026684,7.36233775174,-8.67748725125,-75.8087469588,7.91751450258,-5.96988420769,0.402997604019,1.209907
222,0.444000005,3,378000020,0.0036,-1.5649,1.5679,-1.5833,-1.5465,-0.0177,-0.1477,-0.1271,0.3358,-0.0274,3.0869,-0.4044,0.00401436487546,-1.56477477948,1.56477477948,-1.56678196192,-1.56678196192,0.00401436487546,0.0254928338065,0.0382392507097,-0.0382392507097,0.0254928338065,0.0254928338065,0.0254928338065,10.1580093518,-9.24194816351,-43.1482991249,-3.63200568349,-6.04012607136,0.0506713610698,2.156115
223,0.446000099,3,380000114,0.0035,-1.565,1.5677,-1.5778,-1.5458,-0.0122,-0.0652,-0.0466,-0.1165,2.7623,0.3872,2.7135,0.00406555412537,-1.56469799561,1.56469799561,-1.56673077267,-1.56673077267,0.00406555412537,0.0256940990692,0.0385411486037,-0.0385411486037,0.0256940990692,0.0256940990692,0.0256940990692,7.83232605579,-11.92722423,-6.77740235708,-15.0444801389,-0.695556292178,-0.342442957179,2.252423
224,0.447999954,3,381999969,0.0035,-1.5649,1.567,-1.5715,-1.5507,-0.006,0.0404,0.0338,-0.3331,3.1352,-2.4856,3.1344,0.00411714026711,-1.56462061639,1.56462061639,-1.56667918653,-1.56667918653,0.00411714026711,0.0258958711574,0.0388438067362,-0.0388438067362,0.0258958711574,0.0258958711574,0.0258958711574,2.61682285058,-16.6492455092,7.18255863347,-15.7434995898,5.06182882092,-0.386114707186,1.235416
225,0.450000047,3,384000062,0.0037,-1.5647,1.566,-1.5653,-1.557,0.0003,0.0973,0.1157,-0.5357,3.1266,-3.1315,3.1383,0.0041691366634,-1.5645426218,1.5645426218,-1.56662719013,-1.56662719013,0.0041691366634,0.0260981951477,0.0391472927215,-0.0391472927215,0.0260981951477,0.0260981951477,0.0260981951477,-0.867634347814,-22.2833566989,19.4345208607,-14.4808258242,6.25028917623,-0.385485999058,1.229098
226,0.451999902,3,385999917,0.004,-1.5643,1.5645,-1.559,-1.5633,0.0066,0.1444,0.2037,-0.7463,3.1288,-3.1296,3.1369,0.00422153199225,-1.56446402881,1.56446402881,-1.5665747948,-1.5665747948,0.00422153199225,0.0263010198439,0.0394515297659,-0.0394515297659,0.0263010198439,0.0263010198439,0.0263010198439,-4.11316961335,-28.6157706751,32.3856998988,-13.1803581777,6.0905756844,-0.386830444032,1.226000
227,0.453999996,3,388000011,0.0044,-1.5638,1.5628,-1.5527,-1.5696,0.0128,0.1809,0.2513,-0.8454,3.1396,-3.1365,3.1376,0.00427433979781,-1.5643848171,1.5643848171,-1.566521987,-1.566521987,0.00427433979781,0.0265043905822,0.0397565858733,-0.0397565858733,0.0265043905822,0.0265043905822,0.0265043905822,-6.74638794889,-32.1439713549,38.7244394819,-12.6732209114,6.02663697168,-0.389085997075,1.223110
228,0.456000089,3,390000104,0.0048,-1.5634,1.5617,-1.5511,-1.5758,0.0139,0.1972,0.2197,-0.527,0.7827,-3.0977,0.5144,0.00432755485657,-1.56430499451,1.56430499451,-1.56646877194,-1.56646877194,0.00432755485657,0.0267082800145,0.0400624200217,-0.0400624200217,0.0267082800145,0.0267082800145,0.0267082800145,-9.44775580977,-31.9737419148,11.7055550433,-2.82131630135,6.05534472385,-0.0507089344716,2.885211
229,0.457999944,3,391999959,0.0051,-1.5631,1.5615,-1.5551,-1.5775,0.0087,0.1316,0.1424,-0.0906,-1.9541,-0.8578,-2.5646,0.00438117182424,-1.56422456906,1.56422456906,-1.56641515497,-1.56641515497,0.00438117182424,0.0269126608547,0.040368991282,-0.040368991282,0.0269126608547,0.0269126608547,0.0269126608547,-8.00244400809,-29.2855062299,-23.5406317246,8.38020589703,1.64658208525,0.339519039688,4.153065
230,0.460000038,3,394000053,0.0051,-1.563,1.562,-1.5613,-1.5734,0.0025,0.0301,0.0581,0.2105,-3.1317,2.0126,-3.1394,0.00443520451813,-1.56414352002,1.56414352002,-1.56636112228,-1.56636112228,0.00443520451813,0.0271175788217,0.0406763682325,-0.0406763682325,0.0271175788217,0.0271175788217,0.0271175788217,-3.44677848755,-24.911206884,-45.3692405062,12.6097056907,-4.08577631103,0.403193436506,1.568958
231,0.461999893,3,395999908,0.005,-1.563,1.5628,-1.5676,-1.5672,-0.0038,-0.0372,-0.024,0.4108,-3.1215,3.1135,-3.1364,0.00448964104726,-1.56406186522,1.56406186522,-1.56630668575,-1.56630668575,0.00448964104726,0.027322981917,0.0409844728756,-0.0409844728756,0.027322981917,0.027322981917,0.027322981917,0.508206277974,-19.3327807686,-57.4318137763,11.378872215,-6.20534667915,0.399803039929,1.285471
232,0.463999986,3,398000001,0.0049,-1.5632,1.564,-1.5738,-1.561,-0.0101,-0.0846,-0.1125,0.6327,-3.1201,3.1075,-3.1346,0.0045444954117,-1.56397958368,1.56397958368,-1.56625183138,-1.56625183138,0.0045444954117,0.0275289161106,0.0412933741659,-0.0412933741659,0.0275289161106,0.0275289161106,0.0275289161106,3.77479783257,-12.9911218844,-71.0831577619,9.98463729023,-6.02907807177,0.401184646708,1.285159
233,0.46600008,3,400000095,0.0046,-1.5636,1.5656,-1.5801,-1.5547,-0.0164,-0.1244,-0.1691,0.7631,-3.1295,3.113,-3.1353,0.00459976219561,-1.5638966835,1.5638966835,-1.5661965646,-1.5661965646,0.00459976219561,0.027735354073,0.0416030311095,-0.0416030311095,0.027735354073,0.027735354073,0.027735354073,6.65070209912,-8.80484701064,-79.3683789648,9.25680425121,-5.93684583654,0.403403069159,1.287276
234,0.467999935,3,401999950,0.0043,-1.5639,1.5667,-1.5829,-1.5484,-0.0174,-0.1463,-0.1593,0.5619,-1.4367,3.1266,-0.5298,0.00465543569782,-1.56381317325,1.56381317325,-1.5661408911,-1.5661408911,0.00465543569782,0.0279422679291,0.0419134018936,-0.0419134018936,0.0279422679291,0.0279422679291,0.0279422679291,9.34673068924,-7.92127790751,-61.7452791223,2.02424731815,-6.0228008124,0.0667238531735,2.168372
235,0.470000028,3,404000043,0.0041,-1.5641,1.567,-1.5802,-1.5457,-0.0122,-0.0971,-0.0923,0.1332,1.352,1.3602,2.607,0.00471153019535,-1.5637290315,1.5637290315,-1.5660847966,-1.5660847966,0.00471153019535,0.028149704021,0.0422245560314,-0.0422245560314,0.028149704021,0.028149704021,0.028149704021,8.79664274216,-9.82153742613,-26.782545176,-9.44809437826,-2.57231667428,-0.333148886413,2.244277
236,0.471999883,3,405999898,0.0041,-1.5641,1.5665,-1.574,-1.5487,-0.0059,-0.0001,-0.0061,-0.2337,3.1394,-1.4644,3.1294,0.0047680333304,-1.5636442768,1.5636442768,-1.56602829346,-1.56602829346,0.0047680333304,0.0283576099753,0.042536414963,-0.042536414963,0.0283576099753,0.0283576099753,0.0283576099753,4.91869852356,-13.7579318862,1.04264808352,-16.3426475048,3.05517042675,-0.390215360707,2.281951
237,0.473999977,3,407999992,0.0043,-1.5639,1.5656,-1.5677,-1.5549,0.0003,0.0811,0.0763,-0.4321,3.1304,-3.1342,3.1381,0.00482495956648,-1.56355888745,1.56355888745,-1.56597136723,-1.56597136723,0.00482495956648,0.0285660323794,0.0428490485691,-0.0428490485691,0.0285660323794,0.0285660323794,0.0285660323794,0.382901888675,-19.1967629621,12.8495614469,-15.1578250286,6.34519013559,-0.385675796258,1.200618
238,0.47600007,3,410000085,0.0046,-1.5636,1.5643,-1.5614,-1.5612,0.0066,0.1277,0.1688,-0.6544,3.1317,-3.1273,3.1364,0.00488230312733,-1.5634728721,1.5634728721,-1.56591402367,-1.56591402367,0.00488230312733,0.0287749433129,0.0431624149694,-0.0431624149694,0.0287749433129,0.0287749433129,0.0287749433129,-2.80898586362,-25.8162489486,26.4459205526,-13.7788811053,6.17068158329,-0.386955754197,1.222357
239,0.477999925,3,411999940,0.0049,-1.5631,1.5627,-1.5552,-1.5675,0.0129,0.1724,0.2404,-0.8181,3.1331,-3.1322,3.1361,0.00494005811737,-1.56338623962,1.56338623962,-1.56585626868,-1.56585626868,0.00494005811737,0.0289843149394,0.043476472409,-0.043476472409,0.0289843149394,0.0289843149394,0.0289843149394,-5.93530921044,-31.0335541485,36.5919537923,-12.7877975359,6.05348217682,-0.388678835493,1.220431
240,0.480000019,3,414000034,0.0053,-1.5626,1.5612,-1.551,-1.5737,0.0141,0.2029,0.2535,-0.7275,2.0611,-3.1298,0.5961,0.00499823928071,-1.56329896787,1.56329896787,-1.56579808751,-1.56579808751,0.00499823928071,0.0291941942073,0.043791291311,-0.043791291311,0.0291941942073,0.0291941942073,0.0291941942073,-8.85832354748,-33.0191256733,27.7523335016,-7.99883083821,6.05244307979,-0.0600562009078,2.146432
241,0.481999874,3,415999889,0.0057,-1.5622,1.5606,-1.5523,-1.5774,0.0092,0.1705,0.1951,-0.3265,-0.6508,-1.8291,-2.4638,0.00505683367482,-1.56321107628,1.56321107628,-1.56573949312,-1.56573949312,0.00505683367482,0.0294045279719,0.0441067919579,-0.0441067919579,0.0294045279719,0.0294045279719,0.0294045279719,-9.13977732028,-31.5042648196,-5.34652528689,3.21940290455,3.54474716205,0.332096050202,2.206229
242,0.483999967,3,417999982,0.0058,-1.562,1.5608,-1.5586,-1.5753,0.0029,0.0791,0.1061,0.1067,-3.1389,1.0269,-3.1397,0.00511585623143,-1.56312254245,1.56312254245,-1.56568047056,-1.56568047056,0.00511585623143,0.0296153634183,0.0444230451275,-0.0444230451275,0.0296153634183,0.0296153634183,0.0296153634183,-6.03159003681,-27.8690248978,-39.5506010611,13.2454414132,-2.13679895331,0.409069969175,2.181417
243,0.486000061,3,420000076,0.0058,-1.5619,1.5614,-1.5649,-1.5691,-0.0034,-0.0108,0.0294,0.2875,-3.1217,3.1175,-3.1373,0.00517530098259,-1.56303337532,1.56303337532,-1.56562102581,-1.56562102581,0.00517530098259,0.0298266726702,0.0447400090053,-0.0447400090053,0.0298266726702,0.0298266726702,0.0298266726702,-1.12815658134,-22.9276034996,-50.21583379,12.1613050898,-6.29924502836,0.40154100073,1.259730
244,0.487999916,3,421999931,0.0057,-1.562,1.5624,-1.5711,-1.5628,-0.0097,-0.0538,-0.0547,0.5003,-3.1182,3.108,-3.1343,0.00523516166417,-1.5629435843,1.5629435843,-1.56556116513,-1.56556116513,0.00523516166417,0.0300384273127,0.045057640969,-0.045057640969,0.0300384273127,0.0300384273127,0.0300384273127,1.82780637498,-16.9336667027,-63.2812071281,10.8221129898,-6.13120534266,0.402922248146,1.173355
245,0.490000009,3,424000024,0.0055,-1.5623,1.5637,-1.5773,-1.5566,-0.0159,-0.1002,-0.1321,0.6869,-3.1225,3.1082,-3.1344,0.00529545349209,-1.56285314656,1.56285314656,-1.5655008733,-1.5655008733,0.00529545349209,0.0302506748816,0.0453760123225,-0.0453760123225,0.0302506748816,0.0302506748816,0.0302506748816,5.0944721111,-11.3139143927,-74.8389810314,9.69436902878,-5.98583449398,0.404641163788,1.296014
246,0.492000103,3,426000118,0.0052,-1.5626,1.5651,-1.5826,-1.5503,-0.0171,-0.1314,-0.1611,0.6951,-2.6166,3.1182,-0.5777,0.00535617033066,-1.5627620713,1.5627620713,-1.56544015646,-1.56544015646,0.00535617033066,0.0304633873436,0.0456950810154,-0.0456950810154,0.0304633873436,0.0304633873436,0.0304633873436,7.74683710603,-8.65878489047,-73.9663333663,7.14651723541,-5.97562746794,0.0736508821198,2.128272
247,0.493999958,3,427999973,0.005,-1.5629,1.5657,-1.5822,-1.5458,-0.0119,-0.1181,-0.1115,0.2984,0.1648,2.2691,2.5767,0.00541730574478,-1.56267036818,1.56267036818,-1.56537902105,-1.56537902105,0.00541730574478,0.0306765361286,0.0460148041929,-0.0460148041929,0.0306765361286,0.0306765361286,0.0306765361286,9.13349982385,-9.4874731383,-40.8641700106,-4.41579096049,-4.3749933145,-0.333005757388,2.362142
248,0.496000051,3,430000066,0.0049,-1.5629,1.5654,-1.5763,-1.5468,-0.0057,-0.0323,-0.0283,-0.1601,2.9664,-0.5164,3.1251,0.00547887523665,-1.56257801394,1.56257801394,-1.56531745156,-1.56531745156,0.00547887523665,0.0308901691169,0.0463352536754,-0.0463352536754,0.0308901691169,0.0308901691169,0.0308901691169,6.59427929537,-12.3788131546,-4.06954425777,-15.8564210669,1.16433676463,-0.393744592962,2.253623
249,0.497999906,3,431999921,0.0051,-1.5628,1.5647,-1.57,-1.5531,0.0006,0.0675,0.0494,-0.3544,3.1338,-3.1285,3.1356,0.00554086506797,-1.56248502919,1.56248502919,-1.56525546173,-1.56525546173,0.00554086506797,0.0311042325115,0.0466563487673,-0.0466563487673,0.0311042325115,0.0311042325115,0.0311042325115,1.4408056218,-17.1123606161,7.8886818286,-15.6471141893,6.40398037817,-0.385518872733,1.289863
250,0.5,3,434000015,0.0053,-1.5625,1.5636,-1.5638,-1.5594,0.0069,0.1075,0.1305,-0.5557,3.1261,-3.1282,3.1374,0.00560329093353,-1.56239139039,1.56239139039,-1.56519303586,-1.56519303586,0.00560329093353,0.0313187744193,0.046978161629,-0.046978161629,0.0313187744193,0.0313187744193,0.0313187744193,-1.25851669676,-22.8846047617,20.1817115139,-14.3656702102,6.27062194141,-0.387478951721,1.234601
251,0.502000093,3,436000108,0.0056,-1.5621,1.5621,-1.5575,-1.5656,0.0131,0.1544,0.2158,-0.7608,3.1301,-3.1292,3.1373,0.00566614632206,-1.56229710731,1.56229710731,-1.56513018047,-1.56513018047,0.00566614632206,0.0315337662298,0.0473006493448,-0.0473006493448,0.0315337662298,0.0315337662298,0.0315337662298,-4.49252088623,-29.0072279128,32.8094588831,-13.1119805352,6.11991636513,-0.38895023183,1.222572
252,0.503999948,3,437999963,0.006,-1.5616,1.5604,-1.5513,-1.5719,0.0143,0.1865,0.2595,-0.8507,3.1361,-3.1325,0.6002,0.00572942460548,-1.56220218989,1.56220218989,-1.56506690219,-1.56506690219,0.00572942460548,0.031749179444,0.047623769166,-0.047623769166,0.031749179444,0.031749179444,0.031749179444,-6.86486303993,-32.2717121022,38.5923213176,-12.6376341751,6.07166007213,-0.0601757213514,2.238630
253,0.506000042,3,440000057,0.0063,-1.5612,1.5594,-1.5501,-1.5773,0.0094,0.1878,0.2187,-0.4971,0.5985,-2.7029,-2.4424,0.00579314176821,-1.56210661414,1.56210661414,-1.56500318503,-1.56500318503,0.00579314176821,0.0319650625025,0.0479475937538,-0.0479475937538,0.0319650625025,0.0319650625025,0.0319650625025,-8.83161029953,-31.677777227,8.88772980515,-2.07649161487,5.3191063924,0.334029797282,2.248068
254,0.507999897,3,441999912,0.0065,-1.5609,1.5593,-1.5543,-1.577,0.0032,0.1026,0.1352,-0.0536,-2.1369,0.1431,-3.1409,0.00585728346771,-1.56201040159,1.56201040159,-1.56493904333,-1.56493904333,0.00585728346771,0.0321813608766,0.0482720413149,-0.0482720413149,0.0321813608766,0.0321813608766,0.0321813608766,-6.30612381331,-28.65251514,-26.6930350721,9.0997515945,-0.34236088666,0.414125079189,2.230772
255,0.50999999,3,444000005,0.0065,-1.5608,1.5597,-1.5606,-1.571,-0.0031,-0.0007,0.0518,0.2287,-3.1288,3.0317,-3.1395,0.00592186588196,-1.56191352797,1.56191352797,-1.56487446091,-1.56487446091,0.00592186588196,0.0323981232253,0.0485971848379,-0.0485971848379,0.0323981232253,0.0323981232253,0.0323981232253,-1.52178179427,-24.1966731579,-46.7322486664,12.5154955889,-6.13206479864,0.403225508209,1.233775
256,0.512000084,3,446000099,0.0065,-1.5608,1.5606,-1.5668,-1.5647,-0.0094,-0.0402,-0.0247,0.4246,-3.1158,3.1105,-3.1352,0.00598688230951,-1.56181600333,1.56181600333,-1.56480944449,-1.56480944449,0.00598688230951,0.032615321014,0.048922981521,-0.048922981521,0.032615321014,0.032615321014,0.032615321014,1.10491145362,-18.8001312879,-58.740050305,11.2470856726,-6.16708633193,0.404262631769,1.212926
257,0.513999939,3,447999954,0.0063,-1.5611,1.5619,-1.5731,-1.5585,-0.0157,-0.0872,-0.1135,0.6472,-3.1204,3.1061,-3.1337,0.00605232573891,-1.56171783819,1.56171783819,-1.56474400106,-1.56474400106,0.00605232573891,0.0328329251792,0.0492493877688,-0.0492493877688,0.0328329251792,0.0328329251792,0.0328329251792,4.37177038033,-12.3943329931,-72.483119988,9.87777009597,-5.99319506985,0.405677098775,1.213387
258,0.516000032,3,450000047,0.006,-1.5614,1.5634,-1.5793,-1.5522,-0.0168,-0.1235,-0.166,0.7673,-3.1314,3.1141,-0.5604,0.00611821264105,-1.56161900783,1.56161900783,-1.56467811415,-1.56467811415,0.00611821264105,0.0330509847031,0.0495764770546,-0.0495764770546,0.0330509847031,0.0330509847031,0.0330509847031,7.0584034034,-8.51318309912,-80.147555359,9.22596605945,-5.9280081842,0.0720455762404,2.122171
259,0.517999887,3,451999902,0.0058,-1.5617,1.5645,-1.5819,-1.5461,-0.0115,-0.1389,-0.1481,0.5317,-1.2622,3.0797,2.6242,0.00618452819146,-1.56151953451,1.56151953451,-1.5646117986,-1.5646117986,0.00618452819146,0.0332694447744,0.0499041671617,-0.0499041671617,0.0332694447744,0.0332694447744,0.0332694447744,9.40365713555,-8.04081772234,-59.8843845105,1.31737186678,-5.939926001,-0.342808212728,2.234228
260,0.519999981,3,453999996,0.0056,-1.5618,1.5646,-1.5788,-1.5453,-0.0053,-0.059,-0.0715,0.0889,1.5293,0.3873,3.1236,0.00625128905807,-1.56141939321,1.56141939321,-1.56454503774,-1.56454503774,0.00625128905807,0.0334883545881,0.0502325318822,-0.0502325318822,0.0334883545881,0.0334883545881,0.0334883545881,7.2293553629,-10.4643273535,-24.1920172895,-10.120985437,-0.590388966449,-0.397810615279,1.222555
261,0.522000074,3,456000089,0.0057,-1.5618,1.5641,-1.5725,-1.5502,0.001,0.0401,0.0154,-0.2626,3.1389,-2.4371,3.1298,0.00631848815243,-1.56131859457,1.56131859457,-1.56447783864,-1.56447783864,0.00631848815243,0.0337076850435,0.0505615275653,-0.0505615275653,0.0337076850435,0.0337076850435,0.0337076850435,3.07295113973,-14.5872538465,2.08705680633,-16.2163796109,5.05277179278,-0.388031594386,1.229563
262,0.523999929,3,457999944,0.0059,-1.5616,1.5632,-1.5663,-1.5564,0.0072,0.0965,0.0957,-0.4597,3.1299,-3.1325,3.1389,0.00638611827173,-1.56121714939,1.56121714939,-1.56441020852,-1.56441020852,0.00638611827173,0.033927407172,0.0508911107581,-0.0508911107581,0.033927407172,0.033927407172,0.033927407172,-0.336949913559,-20.0982592223,13.964291623,-14.9940262109,6.3486393334,-0.38785197979,1.130575
263,0.526000023,3,460000038,0.0062,-1.5612,1.5618,-1.56,-1.5627,0.0135,0.145,0.1895,-0.6855,3.131,-3.1285,3.1364,0.00645419637999,-1.56111503222,1.56111503222,-1.56434213041,-1.56434213041,0.00645419637999,0.0341475704813,0.051221355722,-0.051221355722,0.0341475704813,0.0341475704813,0.0341475704813,-3.66068956986,-26.8344465518,27.7868602505,-13.5883007624,6.17439664808,-0.388952724477,1.323670
264,0.527999878,3,461999893,0.0066,-1.5607,1.5601,-1.5537,-1.569,0.0146,0.1877,0.2585,-0.8431,3.1349,-3.1332,0.5341,0.00652270703413,-1.56101226624,1.56101226624,-1.56427361976,-1.56427361976,0.00652270703413,0.034368119459,0.0515521791884,-0.0515521791884,0.034368119459,0.034368119459,0.034368119459,-6.73040663832,-31.8704990268,37.6104164323,-12.6489961349,6.0726252999,-0.0511396587601,2.211366
265,0.529999971,3,463999986,0.007,-1.5602,1.5587,-1.5499,-1.5752,0.0096,0.2099,0.2643,-0.7233,1.9047,-3.126,-2.5138,0.00659166739596,-1.5609088257,1.5609088257,-1.5642046594,-1.5642046594,0.00659166739596,0.0345891038171,0.0518836557256,-0.0518836557256,0.0345891038171,0.0345891038171,0.0345891038171,-9.14211351532,-33.4647814847,26.466998581,-7.24146705389,6.0917858827,0.346562514243,2.707616
266,0.532000065,3,466000080,0.0073,-1.5598,1.5581,-1.5515,-1.5771,0.0033,0.1502,0.1967,-0.3111,-0.8052,-0.9207,-3.1411,0.00666107018864,-1.56080472151,1.56080472151,-1.56413525661,-1.56413525661,0.00666107018864,0.0348104945549,0.0522157418324,-0.0522157418324,0.0348104945549,0.0348104945549,0.0348104945549,-7.99861768663,-31.4526346655,-7.12860966345,3.93944845159,1.72438988,0.420739979628,1.311779
267,0.53399992,3,467999935,0.0074,-1.5596,1.5583,-1.5578,-1.5732,-0.003,0.056,0.1071,0.1084,-3.136,1.9512,-3.1401,0.00673090781477,-1.56069996507,1.56069996507,-1.56406541898,-1.56406541898,0.00673090781477,0.0350322621503,0.0525483932255,-0.0525483932255,0.0350322621503,0.0350322621503,0.0350322621503,-4.6010746341,-27.6458088726,-39.9662353275,13.257161607,-4.00491267873,0.410030164162,1.218475
268,0.536000013,3,470000028,0.0074,-1.5595,1.5589,-1.564,-1.5669,-0.0093,-0.009,0.0331,0.2905,-3.1231,3.1157,-3.137,0.00680119773536,-1.56059453019,1.56059453019,-1.56399512906,-1.56399512906,0.00680119773536,0.0352544566177,0.0528816849265,-0.0528816849265,0.0352544566177,0.0352544566177,0.0352544566177,-0.861818665668,-22.6957209026,-50.8913364882,12.140638646,-6.27463234306,0.406537423846,1.231397
269,0.537999868,3,471999883,0.0073,-1.5596,1.5599,-1.5703,-1.5607,-0.0155,-0.0552,-0.0538,0.5082,-3.1175,3.1084,-3.1348,0.00687192402013,-1.56048844076,1.56048844076,-1.56392440277,-1.56392440277,0.00687192402013,0.0354770222011,0.0532155333016,-0.0532155333016,0.0354770222011,0.0354770222011,0.0354770222011,2.33005804191,-16.4910024807,-64.2368065115,10.760781132,-6.10030050362,0.407870910834,1.240676
270,0.539999962,3,473999977,0.0071,-1.5599,1.5613,-1.5765,-1.5544,-0.0165,-0.1008,-0.13,0.6914,-3.1249,3.1076,-0.4732,0.00694310433121,-1.5603816703,1.5603816703,-1.56385322246,-1.56385322246,0.00694310433121,0.0357000091138,0.0535500136707,-0.0535500136707,0.0357000091138,0.0357000091138,0.0357000091138,5.60328710475,-10.936435402,-75.6398239474,9.66702686047,-5.96600465834,0.0623164909225,2.187647
271,0.542000055,3,476000070,0.0068,-1.5602,1.5626,-1.5815,-1.5482,-0.011,-0.1289,-0.1546,0.6747,-2.4698,3.119,2.7714,0.00701473099354,-1.5602742303,1.5602742303,-1.5637815958,-1.5637815958,0.00701473099354,0.0359233878002,0.0538850817003,-0.0538850817003,0.0359233878002,0.0359233878002,0.0359233878002,8.13221754811,-8.45341290698,-72.740955354,6.52131761367,-5.97457027697,-0.361465432627,2.230997
272,0.54399991,3,477999925,0.0067,-1.5604,1.5632,-1.5808,-1.5453,-0.0047,-0.0891,-0.0978,0.2689,0.3142,1.4328,3.1255,0.0070867962205,-1.56016613246,1.56016613246,-1.56370953057,-1.56370953057,0.0070867962205,0.0361471288564,0.0542206932846,-0.0542206932846,0.0361471288564,0.0361471288564,0.0361471288564,8.09763939392,-9.6572935579,-39.2453411774,-5.0386927504,-2.65289771749,-0.40269961837,1.796994
273,0.546000004,3,480000019,0.0067,-1.5604,1.5628,-1.5746,-1.548,0.0016,-0.0029,-0.0131,-0.1942,3.1245,-1.3462,3.1247,0.00715931797639,-1.56005734983,1.56005734983,-1.56363700882,-1.56363700882,0.00715931797639,0.0363712827878,0.0545569241817,-0.0545569241817,0.0363712827878,0.0363712827878,0.0363712827878,5.49922780181,-12.6396207071,-2.11855278491,-16.496669022,2.8865967173,-0.392419387536,2.158660
274,0.548000097,3,482000112,0.0068,-1.5603,1.562,-1.5683,-1.5543,0.0078,0.0751,0.0598,-0.3674,3.1324,-3.1342,3.138,0.00723228840841,-1.55994789418,1.55994789418,-1.56356403839,-1.56356403839,0.00723228840841,0.036595819909,0.0548937298635,-0.0548937298635,0.036595819909,0.036595819909,0.036595819909,1.30408908276,-17.3362582045,8.18968859145,-15.5759947695,6.44762983642,-0.388203682768,1.327297
275,0.549999952,3,483999967,0.007,-1.56,1.5609,-1.5621,-1.5605,0.0141,0.1249,0.142,-0.5727,3.124,-3.1289,3.1379,0.00730569955316,-1.55983777747,1.55983777747,-1.56349062724,-1.56349062724,0.00730569955316,0.0368207106921,0.0552310660382,-0.0552310660382,0.0368207106921,0.0368207106921,0.0368207106921,-2.13461943954,-23.1417697583,20.7048182545,-14.2673815009,6.28056414027,-0.389719488495,1.658380
276,0.552000046,3,486000061,0.0074,-1.5595,1.5593,-1.5558,-1.5668,0.0149,0.1632,0.2271,-0.7745,3.1309,-3.1294,0.3947,0.00737956967882,-1.55972697228,1.55972697228,-1.56341675712,-1.56341675712,0.00737956967882,0.0370460059287,0.055569008893,-0.055569008893,0.0370460059287,0.0370460059287,0.0370460059287,-4.80506380516,-29.3372231321,33.1731346159,-13.0438274647,6.15785352159,-0.0333983751615,2.361269
277,0.553999901,3,487999916,0.0078,-1.559,1.5577,-1.5498,-1.5731,0.0095,0.1921,0.2668,-0.8425,3.0062,-3.1335,-2.6857,0.00745388188344,-1.55961550397,1.55961550397,-1.56334244491,-1.56334244491,0.00745388188344,0.0372716489308,0.0559074733962,-0.0559074733962,0.0372716489308,0.0372716489308,0.0372716489308,-7.02381142319,-32.4277244019,37.1655908905,-12.0484797216,6.12749495661,0.369424406219,2.260067
278,0.555999994,3,490000009,0.0081,-1.5586,1.5567,-1.5491,-1.577,0.0032,0.1694,0.2161,-0.4595,0.3318,-1.9316,-3.1405,0.00752865463807,-1.55950334484,1.55950334484,-1.56326767216,-1.56326767216,0.00752865463807,0.0374976906768,0.0562465360152,-0.0562465360152,0.0374976906768,0.0374976906768,0.0374976906768,-7.81543040277,-31.3868339716,5.35832744205,-0.942018839764,3.79184235032,0.426149193879,1.202861
279,0.558000087,3,492000102,0.0083,-1.5583,1.5567,-1.5539,-1.5751,-0.003,0.0831,0.1314,-0.0151,-2.3996,0.9345,-3.1404,0.00760387986678,-1.55939050699,1.55939050699,-1.56319244693,-1.56319244693,0.00760387986678,0.0377241014977,0.0565861522465,-0.0565861522465,0.0377241014977,0.0377241014977,0.0377241014977,-5.21099914838,-28.2651476712,-30.2952165731,10.2192258353,-1.92533544434,0.415760071154,1.324129
280,0.559999943,3,493999958,0.0083,-1.5582,1.5572,-1.5602,-1.5688,-0.0093,-0.0024,0.0549,0.2333,-3.1253,3.1212,-3.1383,0.00767954931056,-1.55927700283,1.55927700283,-1.56311677748,-1.56311677748,0.00767954931056,0.0379508516663,0.0569262774995,-0.0569262774995,0.0379508516663,0.0379508516663,0.0379508516663,-1.07557913511,-23.9460511745,-47.5489119912,12.471369711,-6.28947569729,0.407943649383,1.364977
281,0.562000036,3,496000051,0.0082,-1.5583,1.558,-1.5664,-1.5626,-0.0156,-0.0406,-0.0218,0.4312,-3.1178,3.1112,-3.1354,0.00775568163398,-1.55916280434,1.55916280434,-1.56304064516,-1.56304064516,0.00775568163398,0.038177992097,0.0572669881455,-0.0572669881455,0.038177992097,0.038177992097,0.038177992097,1.55389682695,-18.4811861669,-59.6853673388,11.2163053054,-6.13771837638,0.409527817036,1.266765
282,0.563999891,3,497999906,0.008,-1.5585,1.5593,-1.5727,-1.5563,-0.0162,-0.0859,-0.1093,0.6493,-3.1222,3.1072,-0.2959,0.00783225947995,-1.55904793757,1.55904793757,-1.56296406731,-1.56296406731,0.00783225947995,0.0384054660208,0.0576081990312,-0.0576081990312,0.0384054660208,0.0384054660208,0.0384054660208,4.76476362376,-12.1755564159,-73.1712228415,9.87430266488,-5.98109411174,0.0405917112364,2.241317
283,0.565999985,3,500000000,0.0078,-1.5588,1.5608,-1.5789,-1.5501,-0.0102,-0.1179,-0.1567,0.7563,-3.1329,3.1152,2.9966,0.00790930183228,-1.55893237405,1.55893237405,-1.56288702496,-1.56288702496,0.00790930183228,0.0386333248729,0.0579499873093,-0.0579499873093,0.0386333248729,0.0386333248729,0.0386333248729,7.13481216614,-8.63669477118,-80.0646543124,9.30757663235,-5.9340022162,-0.390079926629,2.251133
284,0.568000078,3,502000093,0.0075,-1.559,1.5618,-1.581,-1.5454,-0.0039,-0.11,-0.1255,0.4723,-1.0189,2.3683,3.1258,0.00798680024029,-1.55881612643,1.55881612643,-1.56280952655,-1.56280952655,0.00798680024029,0.0388615385574,0.0582923078361,-0.0582923078361,0.0388615385574,0.0388615385574,0.0388615385574,8.41026944489,-8.80489755442,-56.1630099994,0.436985223238,-4.49129020047,-0.40693194093,1.235320
285,0.569999933,3,503999948,0.0075,-1.5591,1.5618,-1.5774,-1.5462,0.0023,-0.0267,-0.0469,0.024,1.7794,-0.4011,3.1234,0.00806474614608,-1.55869920758,1.55869920758,-1.56273158065,-1.56273158065,0.00806474614608,0.0390900771552,0.0586351157328,-0.0586351157328,0.0390900771552,0.0390900771552,0.0390900771552,5.98336338985,-11.3321223734,-20.1026496016,-11.0116914985,1.02506109406,-0.396588353035,1.284263
286,0.572000026,3,506000041,0.0076,-1.559,1.5612,-1.5711,-1.5524,0.0086,0.0711,0.0387,-0.3007,3.1377,-3.1223,3.1317,0.00814315880352,-1.55858158859,1.55858158859,-1.56265316799,-1.56265316799,0.00814315880352,0.0393189922525,0.0589784883788,-0.0589784883788,0.0393189922525,0.0393189922525,0.0393189922525,1.72508329439,-15.6222927989,3.73468205296,-16.0000786376,6.47133214202,-0.387511791486,1.271560
287,0.573999882,3,507999897,0.0079,-1.5588,1.5602,-1.5649,-1.5587,0.0149,0.1104,0.1164,-0.4957,3.1281,-3.1308,3.1387,0.00822202028651,-1.55846329637,1.55846329637,-1.56257430651,-1.56257430651,0.00822202028651,0.0395482266794,0.0593223400191,-0.0593223400191,0.0395482266794,0.0395482266794,0.0395482266794,-0.95493030396,-21.0889455731,15.620485582,-14.7552291729,6.36144986407,-0.390143405049,1.215571
288,0.575999975,3,509999990,0.0082,-1.5584,1.5588,-1.5586,-1.5649,0.0152,0.1566,0.2097,-0.7215,3.1276,-3.1282,0.1752,0.00830134997676,-1.55834430183,1.55834430183,-1.56249497682,-1.56249497682,0.00830134997676,0.0397778319662,0.0596667479493,-0.0596667479493,0.0397778319662,0.0397778319662,0.0397778319662,-4.16701034853,-27.7967442056,29.4487995291,-13.3390097255,6.20493927721,-0.00478733181474,2.223613
289,0.578000068,3,512000083,0.0086,-1.5578,1.5571,-1.5523,-1.5712,0.0093,0.1949,0.273,-0.8656,3.1358,-3.1358,-2.9292,0.00838113924034,-1.55822461793,1.55822461793,-1.56241518755,-1.56241518755,0.00838113924034,0.0400077781688,0.0600116672532,-0.0600116672532,0.0400077781688,0.0400077781688,0.0400077781688,-6.92874527789,-32.4619763353,38.4820033099,-12.5117092815,6.12774555846,0.40195810665,2.814976
290,0.579999923,3,513999938,0.009,-1.5573,1.5557,-1.549,-1.5768,0.0031,0.2042,0.2675,-0.7014,1.6842,-2.8023,-3.1406,0.00846137917965,-1.55810425803,1.55810425803,-1.56233494762,-1.56233494762,0.00846137917965,0.0402380350702,0.0603570526053,-0.0603570526053,0.0402380350702,0.0402380350702,0.0402380350702,-8.70387940357,-33.4811479484,23.9674744522,-6.24975083118,5.48956957703,0.431841305601,1.251782
291,0.582000017,3,516000032,0.0092,-1.5569,1.5551,-1.551,-1.5767,-0.0032,0.1223,0.1916,-0.2775,-1.0239,0.0523,-3.1414,0.00854208960708,-1.55798319238,1.55798319238,-1.56225423719,-1.56225423719,0.00854208960708,0.0404686548007,0.060702982201,-0.060702982201,0.0404686548007,0.0404686548007,0.0404686548007,-6.36312254093,-30.9999103756,-10.1972941506,4.88349876031,-0.207459964568,0.421901706077,1.277055
292,0.583999872,3,517999887,0.0093,-1.5567,1.5554,-1.5573,-1.5708,-0.0095,0.0249,0.101,0.1231,-3.1361,2.9465,-3.1403,0.00862325190146,-1.55786144894,1.55786144894,-1.56217307489,-1.56217307489,0.00862325190146,0.0406995794588,0.0610493691882,-0.0610493691882,0.0406995794588,0.0406995794588,0.0406995794588,-2.63764726884,-26.9445410689,-41.1674118437,13.2133292353,-5.99699669373,0.411003729437,1.209042
293,0.585999965,3,519999980,0.0092,-1.5567,1.556,-1.5635,-1.5646,-0.0158,-0.0133,0.0303,0.3055,-3.1154,3.1116,-3.1355,0.00870488608335,-1.55773899767,1.55773899767,-1.56209144071,-1.56209144071,0.00870488608335,0.0409308613415,0.0613962920123,-0.0613962920123,0.0409308613415,0.0409308613415,0.0409308613415,-0.109879054853,-21.9721068783,-52.2663289916,12.0082590791,-6.22139128259,0.411738368996,1.245443
294,0.588000059,3,522000074,0.0091,-1.5568,1.557,-1.5698,-1.5583,-0.0159,-0.0599,-0.0584,0.5282,-3.1188,3.1053,-0.0431,0.00878698321913,-1.55761585197,1.55761585197,-1.56200934358,-1.56200934358,0.00878698321913,0.0411624703237,0.0617437054855,-0.0617437054855,0.0411624703237,0.0411624703237,0.0411624703237,3.17241848066,-15.6238556118,-65.9529135636,10.6385352957,-6.05736276287,0.00977970231004,2.094544
295,0.589999914,3,523999929,0.0089,-1.557,1.5584,-1.576,-1.5521,-0.0096,-0.1033,-0.1313,0.7025,-3.125,3.1082,3.1141,0.00886953402608,-1.55749202576,1.55749202576,-1.56192679277,-1.56192679277,0.00886953402608,0.0413943757808,0.0620915636713,-0.0620915636713,0.0413943757808,0.0413943757808,0.0413943757808,6.30679085552,-10.3262117388,-76.829469677,9.59805377627,-5.94076739373,-0.404098751279,2.609709
296,0.592000007,3,526000022,0.0087,-1.5573,1.5597,-1.5805,-1.5458,-0.0034,-0.1276,-0.1483,0.6482,-2.2576,3.1207,3.1274,0.00895255883925,-1.55736748854,1.55736748854,-1.56184376796,-1.56184376796,0.00895255883925,0.0416266302557,0.0624399453836,-0.0624399453836,0.0416266302557,0.0416266302557,0.0416266302557,8.5834810379,-8.21575874876,-70.9463736015,5.61312857931,-5.96250796984,-0.410193491067,1.392901
297,0.594000101,3,528000116,0.0085,-1.5575,1.5602,-1.5795,-1.5448,0.0029,-0.0571,-0.0822,0.2283,0.5343,0.5287,3.1211,0.00903604854397,-1.55724225398,1.55724225398,-1.56176027825,-1.56176027825,0.00903604854397,0.0418592035182,0.0627888052773,-0.0627888052773,0.0418592035182,0.0418592035182,0.0418592035182,6.99218268132,-9.87253902878,-36.7320985592,-5.94005709554,-0.790641403935,-0.400549336444,1.354165
298,0.595999956,3,529999971,0.0086,-1.5575,1.5598,-1.5732,-1.5493,0.0091,0.0318,0.0035,-0.2166,3.1378,-2.2479,3.1256,0.00911999367346,-1.55711633628,1.55711633628,-1.56167633312,-1.56167633312,0.00911999367346,0.0420920648415,0.0631380972622,-0.0631380972622,0.0420920648415,0.0420920648415,0.0420920648415,4.06578913737,-13.0885470763,-1.42455741514,-16.4703986407,4.75624758388,-0.390811289633,2.662702
299,0.598000049,3,532000064,0.0088,-1.5574,1.559,-1.5669,-1.5556,0.0154,0.087,0.0744,-0.3888,3.1299,-3.1348,3.1393,0.00920441487875,-1.55698970448,1.55698970448,-1.56159191192,-1.56159191192,0.00920441487875,0.0423252670079,0.0634879005119,-0.0634879005119,0.0423252670079,0.0423252670079,0.0423252670079,0.862524126671,-17.8485483914,8.91317930862,-15.4351913231,6.47165275298,-0.390674450985,1.425081
300,0.599999904,3,533999919,0.0091,-1.557,1.5578,-1.5607,-1.5618,0.0155,0.1307,0.1597,-0.601,3.1298,-3.1289,0.0637,0.00928929269194,-1.55686238776,1.55686238776,-1.5615070341,-1.5615070341,0.00928929269194,0.0425587517636,0.0638381276454,-0.0638381276454,0.0425587517636,0.0425587517636,0.0425587517636,-2.19324899372,-23.9466322756,21.8999258797,-14.1155384619,6.32246358314,0.00915805740457,2.721330
301,0.601999998,3,536000013,0.0094,-1.5565,1.5562,-1.5544,-1.5681,0.0094,0.1758,0.2427,-0.7966,3.1312,-3.1313,-3.0576,0.00937464797622,-1.55673435483,1.55673435483,-1.56142167882,-1.56142167882,0.00937464797622,0.0427925720479,0.0641888580719,-0.0641888580719,0.0427925720479,0.0427925720479,0.0427925720479,-5.36248826396,-29.96877043,33.9628379993,-12.9085617646,6.194967997,0.418565638037,3.388480
302,0.604000091,3,538000106,0.0098,-1.556,1.5545,-1.5488,-1.5744,0.0031,0.2028,0.2763,-0.8322,2.8135,-3.132,-3.1404,0.00946047118538,-1.55660562002,1.55660562002,-1.56133585561,-1.56133585561,0.00946047118538,0.0430266971114,0.0645400456671,-0.0645400456671,0.0430266971114,0.0430266971114,0.0430266971114,-7.49028615409,-32.7622355132,35.3636412532,-11.1376426966,6.16167687469,0.434104162621,1.651627
303,0.605999946,3,539999961,0.0101,-1.5556,1.5536,-1.5485,-1.5765,-0.0032,0.1527,0.218,-0.4393,0.1329,-1.0856,-3.1407,0.00954675267293,-1.55647619779,1.55647619779,-1.56124957412,-1.56124957412,0.00954675267293,0.0432610964141,0.0648916446212,-0.0648916446212,0.0432610964141,0.0432610964141,0.0432610964141,-6.87745901309,-31.3569167362,3.07091161571,-0.0197851751695,2.09768395512,0.428112076145,1.369474
304,0.60800004,3,542000055,0.0102,-1.5553,1.5537,-1.5537,-1.5729,-0.0094,0.0647,0.1315,0.008,-2.5919,1.7992,-3.1407,0.00963351362037,-1.55634605636,1.55634605636,-1.56116281317,-1.56116281317,0.00963351362037,0.0434958231254,0.0652437346881,-0.0652437346881,0.0434958231254,0.0434958231254,0.0434958231254,-4.13172875596,-28.1022908091,-32.7621280228,11.0957641388,-3.66754943509,0.417576519163,1.446228
305,0.609999895,3,543999910,0.0103,-1.5552,1.5541,-1.5599,-1.5667,-0.0157,0.003,0.0607,0.2326,-3.122,3.1188,-3.1279,0.00972073388877,-1.55621522596,1.55621522596,-1.56107559291,-1.56107559291,0.00972073388877,0.0437308184134,0.0655962276201,-0.0655962276201,0.0437308184134,0.0437308184134,0.0437308184134,-1.04339445764,-23.8428993081,-48.0521981455,12.4710995003,-6.26638884474,0.412312343946,1.378502
306,0.611999988,3,546000003,0.0102,-1.5552,1.555,-1.5662,-1.5604,-0.0155,-0.0359,-0.0184,0.4355,-3.1222,3.1101,0.1005,0.00980843487193,-1.55608367449,1.55608367449,-1.56098789192,-1.56098789192,0.00980843487193,0.043966135597,0.0659492033955,-0.0659492033955,0.043966135597,0.043966135597,0.043966135597,1.7008824092,-18.2210307268,-60.5510223135,11.219185183,-6.12517352183,-0.00713985662922,2.243800
307,0.614000082,3,548000097,0.01,-1.5554,1.5563,-1.5724,-1.5542,-0.0093,-0.0816,-0.1038,0.6468,-3.1165,3.1062,3.1094,0.00989660684722,-1.55595141652,1.55595141652,-1.56089971995,-1.56089971995,0.00989660684722,0.0442017441175,0.0663026161762,-0.0663026161762,0.0442017441175,0.0442017441175,0.0442017441175,4.96515335209,-12.0490819109,-73.5964525949,9.86938525494,-5.97044275141,-0.401970299361,2.197945
308,0.615999937,3,549999952,0.0098,-1.5557,1.5578,-1.5787,-1.5479,-0.003,-0.1112,-0.148,0.7464,-3.1343,3.1159,3.1244,0.00998523973007,-1.5558184672,1.5558184672,-1.56081108706,-1.56081108706,0.00998523973007,0.044437612928,0.066656419392,-0.066656419392,0.044437612928,0.044437612928,0.044437612928,7.0929455185,-8.74830539378,-80.0737589509,9.39221451215,-5.92532827634,-0.408847608171,1.263403
309,0.61800003,3,552000045,0.0096,-1.5559,1.5586,-1.5804,-1.5448,0.0032,-0.0778,-0.1058,0.425,-0.8386,1.5851,3.1246,0.0100743552348,-1.55568479394,1.55568479394,-1.56072197156,-1.56072197156,0.0100743552348,0.0446737955676,0.0670106933515,-0.0670106933515,0.0446737955676,0.0446737955676,0.0446737955676,7.14598139963,-9.36728950563,-53.3996126722,-0.19340336198,-2.88894721308,-0.405213474399,1.295586
310,0.619999885,3,553999900,0.0097,-1.556,1.5586,-1.5764,-1.5471,0.0095,0.0054,-0.0261,-0.027,1.9686,-1.176,3.1228,0.0101639327217,-1.55555042771,1.55555042771,-1.56063239407,-1.56063239407,0.0101639327217,0.0449102331123,0.0673653496685,-0.0673653496685,0.0449102331123,0.0449102331123,0.0449102331123,4.70648587894,-11.9559890047,-17.0857401346,-11.6717494612,2.62176970126,-0.39498476044,1.146187
311,0.621999979,3,555999994,0.0098,-1.5559,1.5579,-1.5701,-1.5534,0.0157,0.0822,0.0541,-0.3266,3.1348,-3.1305,3.1325,0.0102539941203,-1.55541533561,1.55541533561,-1.56054233267,-1.56054233267,0.0102539941203,0.045146979245,0.0677204688675,-0.0677204688675,0.045146979245,0.045146979245,0.045146979245,1.33972164944,-16.1764428144,4.74352855872,-15.8120695374,6.50947538558,-0.389494400727,1.336948
312,0.624000072,3,558000087,0.0101,-1.5556,1.5569,-1.5639,-1.5597,0.0159,0.1189,0.1308,-0.524,3.1269,-3.1301,0.0692,0.0103445292661,-1.5552795329,1.5552795329,-1.56045179753,-1.56045179753,0.0103445292661,0.0453840028996,0.0680760043494,-0.0680760043494,0.0453840028996,0.0453840028996,0.0453840028996,-1.21437950018,-21.5973074257,16.8021541075,-14.5563420464,6.39682656211,0.00848860417315,2.304756
313,0.625999927,3,559999942,0.0104,-1.5551,1.5554,-1.5576,-1.5659,0.0098,0.1656,0.2237,-0.7507,3.1291,-3.1273,-3.0402,0.0104355278987,-1.55514303495,1.55514303495,-1.5603607989,-1.5603607989,0.0104355278987,0.0456212732369,0.0684319098553,-0.0684319098553,0.0456212732369,0.0456212732369,0.0456212732369,-4.46313102374,-28.2943729465,30.7194085558,-13.1449842607,6.23929773953,0.416511587447,2.303510
314,0.628000021,3,562000036,0.0108,-1.5546,1.5536,-1.5513,-1.5722,0.0035,0.2027,0.285,-0.8838,3.1354,-3.1367,-3.1382,0.0105270122705,-1.55500580839,1.55500580839,-1.56026931452,-1.56026931452,0.0105270122705,0.0458588441501,0.0687882662251,-0.0687882662251,0.0458588441501,0.0458588441501,0.0458588441501,-7.07411516286,-32.7954785387,39.0846329246,-12.3820421533,6.16306259342,0.434613458579,1.335297
315,0.629999876,3,563999891,0.0112,-1.554,1.5522,-1.5483,-1.5764,-0.0028,0.1864,0.268,-0.6837,1.5225,-2.0749,-3.1404,0.0106189610594,-1.55486788521,1.55486788521,-1.56017736574,-1.56017736574,0.0106189610594,0.046096656167,0.0691449842505,-0.0691449842505,0.046096656167,0.046096656167,0.046096656167,-7.58840768191,-33.3183801816,21.9980598963,-5.49799546104,4.04913196923,0.433999119825,1.252239
316,0.631999969,3,565999984,0.0114,-1.5537,1.5517,-1.5507,-1.5747,-0.009,0.1027,0.1902,-0.2564,-1.1773,0.8046,-3.1406,0.0107113967327,-1.5547292317,1.5547292317,-1.56008493006,-1.56008493006,0.0107113967327,0.0463347633175,0.0695021449763,-0.0695021449763,0.0463347633175,0.0463347633175,0.0463347633175,-5.135902774,-30.6606397087,-12.3694606116,5.57740030312,-1.70832566503,0.423743371851,2.249593
317,0.634000063,3,568000078,0.0114,-1.5535,1.552,-1.5569,-1.5685,-0.0153,0.0206,0.1033,0.127,-3.1335,3.1228,-3.1389,0.0108043089536,-1.55458986336,1.55458986336,-1.55999201784,-1.55999201784,0.0108043089536,0.0465731347469,0.0698597021204,-0.0698597021204,0.0465731347469,0.0465731347469,0.0465731347469,-2.00097016661,-26.6231717073,-41.8818945806,13.1988821513,-6.32570848535,0.41535045907,1.501058
318,0.635999918,3,569999933,0.0114,-1.5534,1.5526,-1.5632,-1.5622,-0.0152,-0.013,0.0311,0.314,-3.1165,3.1098,0.0783,0.0108976870138,-1.55444979627,1.55444979627,-1.55989863978,-1.55989863978,0.0108976870138,0.0468117391209,0.0702176086813,-0.0702176086813,0.0468117391209,0.0468117391209,0.0468117391209,0.350117503039,-21.5182170394,-53.3141957712,11.9734596309,-6.1962102815,-0.00237725307719,2.283011
319,0.638000011,3,572000026,0.0113,-1.5535,1.5537,-1.5694,-1.556,-0.009,-0.0603,-0.0588,0.5392,-3.1177,3.1041,3.1081,0.0109915537052,-1.55430899624,1.55430899624,-1.55980477309,-1.55980477309,0.0109915537052,0.0470506306701,0.0705759460052,-0.0705759460052,0.0470506306701,0.0470506306701,0.0470506306701,3.6851685998,-15.0751027694,-67.1709845105,10.5703837164,-6.02901089126,-0.399981820583,2.262918
320,0.639999866,3,573999881,0.0111,-1.5538,1.5551,-1.5757,-1.5498,-0.0027,-0.1012,-0.1287,0.7065,-3.1255,3.1088,3.1167,0.0110858872036,-1.55416749599,1.55416749599,-1.55971043959,-1.55971043959,0.0110858872036,0.0472897498653,0.0709346247979,-0.0709346247979,0.0472897498653,0.0472897498653,0.0472897498653,6.57400367057,-9.95991468172,-77.636113787,9.58837465836,-5.91381962869,-0.406561601515,1.290479
321,0.64199996,3,575999975,0.0109,-1.554,1.5563,-1.5799,-1.5448,0.0035,-0.1038,-0.1359,0.621,-2.1097,2.4933,3.1228,0.011180710519,-1.55402526102,1.55402526102,-1.55961561628,-1.55961561628,0.011180710519,0.0475291510681,0.0712937266022,-0.0712937266022,0.0475291510681,0.0475291510681,0.0475291510681,7.80892615821,-8.32093792206,-69.4753755377,5.02285179612,-4.66178867378,-0.40869811658,1.357608
322,0.644000053,3,578000068,0.0108,-1.5542,1.5567,-1.5785,-1.5453,0.0098,-0.0271,-0.0669,0.1948,0.691,-0.2541,3.121,0.0112760128628,-1.5538823075,1.5538823075,-1.55952031393,-1.55952031393,0.0112760128628,0.0477688029285,0.0716532043927,-0.0716532043927,0.0477688029285,0.0477688029285,0.0477688029285,5.86017362369,-10.1303217506,-34.8592728039,-6.5472647028,0.83338512433,-0.398831486124,1.314603
323,0.645999908,3,579999923,0.0109,-1.5541,1.5563,-1.5722,-1.5514,0.016,0.0635,0.0193,-0.2359,3.1363,-3.0348,3.1257,0.0113717833551,-1.55373865176,1.55373865176,-1.55942454344,-1.55942454344,0.0113717833551,0.0480086743397,0.0720130115095,-0.0720130115095,0.0480086743397,0.0480086743397,0.0480086743397,2.74101592076,-13.5404404076,-0.962951061434,-16.3680357739,6.40201841516,-0.389040001759,2.321242
324,0.648000002,3,582000017,0.0111,-1.554,1.5554,-1.566,-1.5576,0.0162,0.096,0.0863,-0.4082,3.1302,-3.1328,0.0739,0.0114680453327,-1.5535942588,1.5535942588,-1.55932828146,-1.55932828146,0.0114680453327,0.0482488198548,0.0723732297822,-0.0723732297822,0.0482488198548,0.0482488198548,0.0482488198548,0.575763970789,-18.1817820388,9.56929413098,-15.2973187224,6.51867138024,0.00762104819188,2.295123
325,0.650000095,3,584000110,0.0114,-1.5536,1.5542,-1.5597,-1.5639,0.0101,0.1417,0.1758,-0.6241,3.1302,-3.1291,-3.0196,0.0115647878187,-1.55344914507,1.55344914507,-1.55923153898,-1.55923153898,0.0115647878187,0.0484892080446,0.0727338120668,-0.0727338120668,0.0484892080446,0.0484892080446,0.0484892080446,-2.61221179416,-24.609670597,22.745101966,-13.9568814876,6.36825369618,0.413513443864,2.263651
326,0.65199995,3,585999965,0.0118,-1.5531,1.5526,-1.5534,-1.5702,0.0039,0.1853,0.2564,-0.8151,3.1322,-3.1322,-3.1305,0.0116619997463,-1.55330332718,1.55330332718,-1.55913432705,-1.55913432705,0.0116619997463,0.0487298077284,0.0730947115926,-0.0730947115926,0.0487298077284,0.0487298077284,0.0487298077284,-5.63799871019,-30.4342566469,34.5289330253,-12.7857324375,6.23701927605,0.433601049202,1.124505
327,0.654000044,3,588000059,0.0122,-1.5525,1.5509,-1.5481,-1.576,-0.0024,0.2031,0.2839,-0.8261,2.6827,-2.9163,-3.1403,0.0117597047802,-1.55315676962,1.55315676962,-1.55903662201,-1.55903662201,0.0117597047802,0.0489706736448,0.0734560104671,-0.0734560104671,0.0489706736448,0.0489706736448,0.0489706736448,-7.31976646464,-32.9808958792,34.0378829069,-10.4913320273,5.77194649735,0.438592916091,1.301809
328,0.655999899,3,589999914,0.0125,-1.5521,1.5501,-1.548,-1.5763,-0.0087,0.1287,0.2188,-0.4266,0.0105,-0.1244,-3.1415,0.0118578800423,-1.55300950673,1.55300950673,-1.55893844675,-1.55893844675,0.0118578800423,0.0492117455849,0.0738176183773,-0.0738176183773,0.0492117455849,0.0492117455849,0.0492117455849,-5.46034390838,-31.2308016426,1.49676738167,0.576893869375,0.18152337445,0.429241250645,1.292216
329,0.657999992,3,592000007,0.0125,-1.5518,1.5501,-1.5534,-1.5707,-0.015,0.0394,0.131,0.0229,-2.7061,2.7868,-3.141,0.0119565494157,-1.55286150267,1.55286150267,-1.55883977738,-1.55883977738,0.0119565494157,0.0494530784074,0.0741796176112,-0.0741796176112,0.0494530784074,0.0494530784074,0.0494530784074,-2.60720067334,-27.8811468693,-34.4129129219,11.6447269403,-5.65227252086,0.418519820354,2.285047
330,0.660000086,3,594000101,0.0126,-1.5517,1.5506,-1.5597,-1.5644,-0.0149,0.0054,0.0664,0.2312,-3.1195,3.1162,0.0487,0.012055701757,-1.55271277416,1.55271277416,-1.55874062504,-1.55874062504,0.012055701757,0.0496946409202,0.0745419613803,-0.0745419613803,0.0496946409202,0.0496946409202,0.0496946409202,-0.702972651065,-23.7459652364,-48.5503786097,12.4861159352,-6.24598323827,0.00307787176034,2.176834
331,0.661999941,3,595999956,0.0125,-1.5517,1.5514,-1.5659,-1.5582,-0.0087,-0.0348,-0.0142,0.4363,-3.1135,3.1082,3.1085,0.0121553255385,-1.55256333849,1.55256333849,-1.55864100126,-1.55864100126,0.0121553255385,0.0499364014632,0.0749046021947,-0.0749046021947,0.0499364014632,0.0499364014632,0.0499364014632,2.13863122184,-18.0019026697,-61.1294719102,11.1885992032,-6.10041004177,-0.398144308996,2.367063
332,0.664000034,3,598000049,0.0123,-1.5519,1.5527,-1.5722,-1.5519,-0.0024,-0.0798,-0.0985,0.6457,-3.1253,3.1066,3.1099,0.0122554449732,-1.55241315934,1.55241315934,-1.55854088182,-1.55854088182,0.0122554449732,0.050178415071,0.0752676226065,-0.0752676226065,0.050178415071,0.050178415071,0.050178415071,5.2817172205,-11.9250572068,-74.1189117749,9.94459544169,-5.94363437076,-0.404042546475,1.267591
333,0.665999889,3,599999904,0.0121,-1.5522,1.5542,-1.5784,-1.5457,0.0038,-0.1059,-0.1397,0.738,-3.1343,3.1165,3.1273,0.0123560366797,-1.55226227178,1.55226227178,-1.55844029012,-1.55844029012,0.0123560366797,0.0504206215224,0.0756309322835,-0.0756309322835,0.0504206215224,0.0504206215224,0.0504206215224,7.16462364074,-8.821264966,-80.142025639,9.46822040936,-5.90875934474,-0.411059969757,1.228263
334,0.667999983,3,601999998,0.012,-1.5524,1.555,-1.5799,-1.5443,0.01,-0.0432,-0.087,0.3892,-0.7272,0.6905,3.1201,0.0124571250918,-1.55211063916,1.55211063916,-1.5583392017,-1.5583392017,0.0124571250918,0.0506630759664,0.0759946139496,-0.0759946139496,0.0506630759664,0.0506630759664,0.0506630759664,5.75718803963,-9.89490124313,-51.6207254795,-0.548541310289,-1.04952652849,-0.402234656584,1.244961
335,0.670000076,3,604000091,0.0121,-1.5524,1.5548,-1.5757,-1.5484,0.0163,0.0406,-0.006,-0.067,2.0919,-2.0674,3.1223,0.0125586986016,-1.55195827889,1.55195827889,-1.55823762819,-1.55823762819,0.0125586986016,0.0509057467314,0.0763586200971,-0.0763586200971,0.0509057467314,0.0509057467314,0.0509057467314,3.29192251953,-12.5929701396,-14.9664738455,-12.0584075272,4.46770146382,-0.392463884203,1.214041
336,0.671999931,3,605999946,0.0123,-1.5522,1.5542,-1.5694,-1.5547,0.0164,0.0926,0.0685,-0.3476,3.1332,-3.1295,0.0756,0.0126607455164,-1.55180520852,1.55180520852,-1.55813558128,-1.55813558128,0.0126607455164,0.0511486024103,0.0767229036154,-0.0767229036154,0.0511486024103,0.0511486024103,0.0511486024103,0.93943611274,-16.7488227285,5.42409945937,-15.6502287636,6.54883237338,0.0078955792827,2.298439
337,0.674000025,3,608000040,0.0126,-1.5519,1.5531,-1.5632,-1.561,0.0104,0.1306,0.1463,-0.5484,3.1291,-3.1295,-3.003,0.0127632906015,-1.55165139089,1.55165139089,-1.55803303619,-1.55803303619,0.0127632906015,0.0513916983189,0.0770875474783,-0.0770875474783,0.0513916983189,0.0513916983189,0.0513916983189,-1.70305267596,-22.2334792482,17.7204468122,-14.3886231625,6.43299979535,0.411567181044,2.389826
338,0.67599988,3,609999895,0.0129,-1.5515,1.5515,-1.5569,-1.5672,0.0042,0.1783,0.2412,-0.7759,3.1275,-3.1286,-3.1249,0.0128663097696,-1.55149686214,1.55149686214,-1.55793001703,-1.55793001703,0.0128663097696,0.0516349737547,0.0774524606321,-0.0774524606321,0.0516349737547,0.0516349737547,0.0516349737547,-4.95192360755,-29.0395006273,31.6727522383,-12.9523695595,6.26618538117,0.433314009958,1.256353
339,0.677999973,3,611999988,0.0133,-1.5509,1.5497,-1.5506,-1.5735,-0.0021,0.2099,0.2983,-0.9028,3.1395,-3.136,-3.1399,0.0129698280067,-1.55134158478,1.55134158478,-1.55782649879,-1.55782649879,0.0129698280067,0.0518784841413,0.077817726212,-0.077817726212,0.0518784841413,0.0518784841413,0.0518784841413,-7.15311493907,-33.2596912472,39.702442016,-12.2584672324,6.20124288913,0.440533106542,1.171780
340,0.680000067,3,614000082,0.0137,-1.5503,1.5483,-1.5478,-1.576,-0.0084,0.1671,0.2704,-0.676,1.4262,-1.2367,-3.1414,0.0130738335433,-1.55118557648,1.55118557648,-1.55772249325,-1.55772249325,0.0130738335433,0.0521221980631,0.0781832970946,-0.0781832970946,0.0521221980631,0.0521221980631,0.0521221980631,-6.39499569238,-33.2524989352,20.8299980663,-4.99841592751,2.37970107374,0.435894850869,1.208976
341,0.681999922,3,615999937,0.0138,-1.5499,1.5479,-1.5503,-1.5727,-0.0147,0.0814,0.1906,-0.2463,-1.2631,1.6677,-3.1408,0.0131783142164,-1.55102885547,1.55102885547,-1.55761801258,-1.55761801258,0.0131783142164,0.0523660836457,0.0785491254685,-0.0785491254685,0.0523660836457,0.0523660836457,0.0523660836457,-3.78041825847,-30.4789367407,-13.6673533706,6.00851470303,-3.43748719177,0.425408124308,1.212615
342,0.684000015,3,618000030,0.0139,-1.5497,1.5481,-1.5566,-1.5664,-0.0147,0.0231,0.1086,0.1253,-3.1315,3.1209,-0.0054,0.0132832953451,-1.55087138378,1.55087138378,-1.55751303145,-1.55751303145,0.0132832953451,0.05261019647,0.0789152947051,-0.0789152947051,0.05261019647,0.05261019647,0.05261019647,-1.68242100778,-26.5209824179,-42.3180067463,13.2246128598,-6.30414013353,0.0119151077573,2.171606
343,0.68599987,3,619999885,0.0139,-1.5497,1.5487,-1.5628,-1.5602,-0.0085,-0.0129,0.0343,0.3171,-3.1149,3.1092,3.1084,0.0133887523388,-1.55071319829,1.55071319829,-1.55740757446,-1.55740757446,0.0133887523388,0.0528544758544,0.0792817137815,-0.0792817137815,0.0528544758544,0.0528544758544,0.0528544758544,0.843902597552,-21.2249512146,-54.0340551922,11.9669324127,-6.1680461454,-0.396111236724,2.330144
344,0.687999964,3,621999979,0.0137,-1.5498,1.5498,-1.569,-1.5539,-0.0022,-0.0608,-0.0572,0.5453,-3.1128,3.1047,3.1077,0.01349471074,-1.55055426068,1.55055426068,-1.55730161605,-1.55730161605,0.01349471074,0.0530989774815,0.0796484662223,-0.0796484662223,0.0530989774815,0.0530989774815,0.0530989774815,4.1886066687,-14.6686991618,-68.0517218615,10.5285346321,-5.9895160696,-0.401871368577,1.263515
345,0.690000057,3,624000072,0.0135,-1.55,1.5512,-1.5753,-1.5477,0.004,-0.0979,-0.1253,0.709,-3.1281,3.1098,3.1184,0.013601158305,-1.55039458934,1.55039458934,-1.55719516849,-1.55719516849,0.013601158305,0.0533436694689,0.0800155042034,-0.0800155042034,0.0533436694689,0.0533436694689,0.0533436694689,6.79687080393,-9.70972157448,-78.3415459446,9.60772991838,-5.88523484515,-0.408560389156,1.317669
346,0.691999912,3,625999927,0.0134,-1.5503,1.5525,-1.5793,-1.5442,0.0102,-0.0756,-0.1237,0.6016,-2.0252,1.7134,3.1192,0.013708082711,-1.55023420273,1.55023420273,-1.55708824408,-1.55708824408,0.013708082711,0.0535885202137,0.0803827803206,-0.0803827803206,0.0535885202137,0.0535885202137,0.0535885202137,6.79718204864,-8.41460683394,-68.7489213428,4.70049725683,-3.04059326667,-0.406337973126,1.245401
347,0.694000005,3,628000020,0.0134,-1.5504,1.5528,-1.5778,-1.5463,0.0165,0.002,-0.0535,0.1713,0.7874,-1.0301,3.1204,0.0138155097811,-1.55007306212,1.55007306212,-1.55698081701,-1.55698081701,0.0138155097811,0.0538335854244,0.0807503781366,-0.0807503781366,0.0538335854244,0.0538335854244,0.0538335854244,4.76543365017,-10.3249762641,-33.8276598576,-6.90264198386,2.45647783891,-0.39679391293,1.307879
348,0.696000099,3,630000114,0.0135,-1.5503,1.5523,-1.5715,-1.5525,0.0166,0.0733,0.029,-0.2465,3.1399,-3.118,0.0743,0.0139234272417,-1.54991118593,1.54991118593,-1.55687289955,-1.55687289955,0.0139234272417,0.0540788335287,0.081118250293,-0.081118250293,0.0540788335287,0.0540788335287,0.0540788335287,2.45356209599,-13.7079983491,-0.873307830482,-16.3008332023,6.62575612012,0.00804717432982,2.249362
349,0.697999954,3,631999969,0.0138,-1.5501,1.5515,-1.5652,-1.5588,0.0106,0.1124,0.0988,-0.4218,3.1292,-3.1332,-2.9924,0.0140318224187,-1.54974859317,1.54974859317,-1.55676450438,-1.55676450438,0.0140318224187,0.0543242325034,0.0814863487551,-0.0814863487551,0.0543242325034,0.0543242325034,0.0543242325034,-0.297817316943,-18.598977754,9.77378049667,-15.1914127967,6.55256092493,0.410142017038,2.210315
350,0.700000047,3,634000062,0.0141,-1.5497,1.5502,-1.559,-1.5651,0.0044,0.1527,0.1884,-0.6418,3.129,-3.1287,-3.1276,0.0141407215237,-1.54958524451,1.54958524451,-1.55665560527,-1.55665560527,0.0141407215237,0.0545698383218,0.0818547574827,-0.0818547574827,0.0545698383218,0.0545698383218,0.0545698383218,-3.00493998541,-25.0117240434,23.2299538656,-13.8165694061,6.40028694174,0.433401241432,1.225694
351,0.701999902,3,635999917,0.0145,-1.5492,1.5485,-1.5527,-1.5714,-0.0019,0.1934,0.2684,-0.8308,3.135,-3.1332,-3.1311,0.0142500989926,-1.54942117831,1.54942117831,-1.5565462278,-1.5565462278,0.0142500989926,0.0548155899782,0.0822233849673,-0.0822233849673,0.0548155899782,0.0548155899782,0.0548155899782,-5.80357454702,-30.7968541128,34.9308818933,-12.6759254345,6.27894376323,0.43960286379,1.265827
352,0.703999996,3,638000011,0.0148,-1.5486,1.5469,-1.5475,-1.5757,-0.0082,0.1879,0.2886,-0.8242,2.6125,-2.1861,-3.1409,0.0143599812618,-1.5492563549,1.5492563549,-1.55643634553,-1.55643634553,0.0143599812618,0.0550615435381,0.0825923153071,-0.0825923153071,0.0550615435381,0.0550615435381,0.0550615435381,-6.31326356148,-33.0367960407,33.2427235959,-10.0937077465,4.32165640861,0.441171907684,1.270105
353,0.706000089,3,640000104,0.015,-1.5482,1.546,-1.5476,-1.5743,-0.0144,0.1097,0.2232,-0.4244,-0.052,0.7079,-3.1415,0.0144703555763,-1.54909079343,1.54909079343,-1.55632597122,-1.55632597122,0.0144703555763,0.0553076669723,0.0829615004584,-0.0829615004584,0.0553076669723,0.0553076669723,0.0553076669723,-4.2106458181,-31.2889251569,0.74628877497,0.945825911408,-1.4895240362,0.431173509156,1.239202
354,0.707999944,3,641999959,0.0151,-1.5479,1.5461,-1.5531,-1.5681,-0.0145,0.034,0.137,0.0226,-2.7572,3.1268,-0.0467,0.0145812091067,-1.54892451313,1.54892451313,-1.55621511769,-1.55621511769,0.0145812091067,0.0555539285435,0.0833308928153,-0.0833308928153,0.0555539285435,0.0555539285435,0.0555539285435,-1.95982166636,-27.9100947528,-35.0987091003,11.9469015214,-6.3353315528,0.0188090537807,2.353414
355,0.710000038,3,644000053,0.0151,-1.5478,1.5465,-1.5593,-1.5618,-0.0083,0.0085,0.0739,0.2251,-3.1178,3.115,3.1107,0.0146925686261,-1.54875747386,1.54875747386,-1.55610375817,-1.55610375817,0.0146925686261,0.0558003844507,0.083700576676,-0.083700576676,0.0558003844507,0.0558003844507,0.0558003844507,-0.368935277994,-23.7610496821,-48.7415644901,12.5431745452,-6.23041465896,-0.394541544221,2.229397
356,0.711999893,3,645999908,0.0151,-1.5478,1.5474,-1.5656,-1.5556,-0.0021,-0.0327,-0.0077,0.4333,-3.1182,3.1074,3.1079,0.014804407848,-1.54858971502,1.54858971502,-1.55599191895,-1.55599191895,0.014804407848,0.056046973259,0.0840704598885,-0.0840704598885,0.056046973259,0.056046973259,0.056046973259,2.44485107815,-17.9603102616,-61.5534467663,11.258285928,-6.07200437533,-0.399691699026,2.213286
357,0.713999986,3,648000001,0.0149,-1.548,1.5487,-1.5718,-1.5493,0.0041,-0.0754,-0.0907,0.6387,-3.1203,3.1068,3.1114,0.0149167537699,-1.54842119614,1.54842119614,-1.55587957302,-1.55587957302,0.0149167537699,0.056293751253,0.0844406268795,-0.0844406268795,0.056293751253,0.056293751253,0.056293751253,5.42703974396,-11.9558989624,-74.2775581052,9.98861046496,-5.92364622464,-0.405738123953,1.519990
358,0.71600008,3,650000095,0.0148,-1.5482,1.5501,-1.578,-1.5441,0.0104,-0.0848,-0.1266,0.7211,-3.1049,2.5945,3.1211,0.0150295934851,-1.54825193657,1.54825193657,-1.55576673331,-1.55576673331,0.0150295934851,0.0565406866922,0.0848110300383,-0.0848110300383,0.0565406866922,0.0565406866922,0.0565406866922,6.45270136805,-9.12900586297,-79.7072190603,9.43210943645,-4.82339201646,-0.409360751703,1.177749
359,0.717999935,3,651999950,0.0147,-1.5484,1.5508,-1.5793,-1.5444,0.0166,-0.0109,-0.0702,0.3596,-0.6406,-0.1407,3.1179,0.0151429136773,-1.54808195628,1.54808195628,-1.55565341312,-1.55565341312,0.0151429136773,0.0567877473948,0.0851816210922,-0.0851816210922,0.0567877473948,0.0567877473948,0.0567877473948,4.48698291608,-10.3306099076,-50.2606644562,-0.807831131792,0.672884322337,-0.399539378975,1.526915
360,0.720000028,3,654000043,0.0149,-1.5483,1.5506,-1.5749,-1.5502,0.0168,0.0724,0.0115,-0.0997,2.1937,-2.8912,0.0805,0.015256741682,-1.54791121427,1.54791121427,-1.55553958511,-1.55553958511,0.015256741682,0.0570349897697,0.0855524846545,-0.0855524846545,0.0570349897697,0.0570349897697,0.0570349897697,1.97458144119,-13.109794179,-13.3650072001,-12.377133125,6.19994063191,0.00696804340477,2.377972
361,0.721999883,3,655999898,0.0151,-1.5482,1.5499,-1.5686,-1.5565,0.0108,0.1021,0.0809,-0.364,3.1321,-3.1364,-2.9958,0.0153710507115,-1.54773975073,1.54773975073,-1.55542527608,-1.55542527608,0.0153710507115,0.0572823524609,0.0859235286913,-0.0859235286913,0.0572823524609,0.0572823524609,0.0572823524609,0.616577362302,-17.1205276021,5.86149387147,-15.5141467823,6.61761921509,0.411075742189,2.220202
362,0.723999977,3,657999992,0.0154,-1.5478,1.5488,-1.5624,-1.5627,0.0045,0.1451,0.1612,-0.5661,3.1244,-3.1297,-3.1291,0.0154858683277,-1.5475675243,1.5475675243,-1.55531045847,-1.55531045847,0.0154858683277,0.0575298919575,0.0862948379362,-0.0862948379362,0.0575298919575,0.0575298919575,0.0575298919575,-2.33526450379,-22.8186513152,18.1838025883,-14.2290608405,6.46459140482,0.43409702736,1.226268
363,0.72600007,3,660000085,0.0157,-1.5473,1.5472,-1.5561,-1.569,-0.0017,0.1876,0.255,-0.7926,3.1319,-3.1299,-3.1248,0.0156011811337,-1.54739455509,1.54739455509,-1.55519514566,-1.55519514566,0.0156011811337,0.0577775760747,0.086666364112,-0.086666364112,0.0577775760747,0.0577775760747,0.0577775760747,-5.18034728155,-29.5804936607,32.111443898,-12.8443319458,6.31266487955,0.439422506491,1.281088
364,0.727999925,3,661999940,0.0162,-1.5467,1.5453,-1.5498,-1.575,-0.008,0.2114,0.3077,-0.9131,3.137,-3.0067,-3.1411,0.0157169756635,-1.5472208633,1.5472208633,-1.55507935113,-1.55507935113,0.0157169756635,0.0580253729341,0.0870380594011,-0.0870380594011,0.0580253729341,0.0580253729341,0.0580253729341,-6.93855829285,-33.499657501,39.8017135649,-12.1482444143,5.99013747853,0.446117833105,1.274828
365,0.730000019,3,664000034,0.0165,-1.5462,1.544,-1.5472,-1.5757,-0.0143,0.143,0.2707,-0.6648,1.3432,-0.3224,-3.141,0.0158332798185,-1.54704640707,1.54704640707,-1.55496304698,-1.55496304698,0.0158332798185,0.0582733391401,0.0874100087101,-0.0874100087101,0.0582733391401,0.0582733391401,0.0582733391401,-4.8874523251,-33.0344650752,19.487868681,-4.58355993108,0.567565894883,0.437568235078,1.232678
366,0.731999874,3,665999889,0.0166,-1.5458,1.5435,-1.5498,-1.5704,-0.0144,0.0566,0.1896,-0.234,-1.334,2.6119,-0.0539,0.0159500660803,-1.54687122767,1.54687122767,-1.55484626071,-1.55484626071,0.0159500660803,0.0585214129362,0.0877821194043,-0.0877821194043,0.0585214129362,0.0585214129362,0.0585214129362,-2.1752044851,-30.1422543054,-15.011547868,6.35902670079,-5.33881298683,0.0240672097391,2.257209
367,0.733999967,3,667999982,0.0166,-1.5456,1.5438,-1.5561,-1.5642,-0.0082,0.0237,0.1129,0.1262,-3.1311,3.1184,3.1173,0.016067362576,-1.54669528293,1.54669528293,-1.55472896422,-1.55472896422,0.016067362576,0.0587696510004,0.0881544765006,-0.0881544765006,0.0587696510004,0.0587696510004,0.0587696510004,-1.18164485723,-26.3011821195,-42.9354734007,13.2417302756,-6.27201898944,-0.393470079106,2.306597
368,0.736000061,3,670000076,0.0166,-1.5455,1.5444,-1.5623,-1.558,-0.002,-0.014,0.0369,0.3205,-3.112,3.1088,3.1087,0.0161851557626,-1.54651859315,1.54651859315,-1.55461117103,-1.55461117103,0.0161851557626,0.059018021454,0.088527032181,-0.088527032181,0.059018021454,0.059018021454,0.059018021454,1.40291243259,-20.9220710043,-54.7831003964,11.9567312333,-6.12417900458,-0.397719179795,1.241539
369,0.737999916,3,671999931,0.0165,-1.5456,1.5455,-1.5686,-1.5517,0.0043,-0.0608,-0.0548,0.5506,-3.1184,3.1039,3.1065,0.016303431679,-1.54634117928,1.54634117928,-1.55449289512,-1.55449289512,0.016303431679,0.0592664919868,0.0888997379801,-0.0888997379801,0.0592664919868,0.0592664919868,0.0592664919868,4.63050458985,-14.3513257076,-68.9552836118,10.5501587907,-5.94712895281,-0.403251953125,1.214831
370,0.740000009,3,674000024,0.0163,-1.5458,1.547,-1.5748,-1.5455,0.0105,-0.0944,-0.1203,0.7086,-3.1314,3.1098,3.1201,0.0164222187927,-1.54616299861,1.54616299861,-1.554374108,-1.554374108,0.0164222187927,0.0595151193831,0.0892726790746,-0.0892726790746,0.0595151193831,0.0595151193831,0.0595151193831,6.9880301929,-9.56655855038,-78.9360924314,9.64959819647,-5.85449644705,-0.410215960412,1.390168
371,0.742000103,3,676000118,0.0162,-1.5461,1.5481,-1.5787,-1.5438,0.0167,-0.0435,-0.1092,0.5796,-1.9547,0.853,3.1147,0.0165415033694,-1.54598407174,1.54598407174,-1.55425482343,-1.55425482343,0.0165415033694,0.0597638717286,0.0896458075929,-0.0896458075929,0.0597638717286,0.0597638717286,0.0597638717286,5.56442343589,-8.69223293776,-67.914511655,4.47338227601,-1.25541769307,-0.403125466396,1.282424
372,0.743999958,3,677999973,0.0163,-1.5461,1.5484,-1.577,-1.5475,0.0169,0.0337,-0.0374,0.1441,0.8743,-1.8795,0.0804,0.0166612712538,-1.54580441991,1.54580441991,-1.55413505554,-1.55413505554,0.0166612712538,0.0600127166802,0.0900190750204,-0.0900190750204,0.0600127166802,0.0600127166802,0.0600127166802,3.47911038371,-10.7500663731,-32.6228338485,-7.18095104124,4.24167584864,0.00262134690615,2.470305
373,0.746000051,3,680000066,0.0164,-1.5461,1.5479,-1.5707,-1.5538,0.0109,0.0828,0.0407,-0.2608,3.1399,-3.1244,-2.997,0.0167815512546,-1.54562399991,1.54562399991,-1.55401477554,-1.55401477554,0.0167815512546,0.0602617111236,0.0903925666854,-0.0903925666854,0.0602617111236,0.0602617111236,0.0602617111236,2.14483359535,-14.0288644927,-0.597885557212,-16.1848768087,6.6923145576,0.411341095974,2.218209
374,0.747999906,3,681999921,0.0167,-1.5458,1.547,-1.5644,-1.56,0.0046,0.123,0.1129,-0.4407,3.1293,-3.1323,-3.1297,0.0169023149837,-1.54544285432,1.54544285432,-1.55389401181,-1.55389401181,0.0169023149837,0.0605107933369,0.0907661900053,-0.0907661900053,0.0605107933369,0.0605107933369,0.0605107933369,-0.617372695352,-19.1179190756,10.3307358669,-15.0438256092,6.58772181378,0.434178266877,1.216839
375,0.75,3,684000015,0.017,-1.5454,1.5457,-1.5582,-1.5663,-0.0016,0.1649,0.2035,-0.6639,3.1284,-3.128,-3.1269,0.0170235914781,-1.54526093958,1.54526093958,-1.55377273532,-1.55377273532,0.0170235914781,0.0607600202702,0.0911400304052,-0.0911400304052,0.0607600202702,0.0607600202702,0.0607600202702,-3.43449168703,-25.5868233148,23.9707911516,-13.6445516135,6.43076525013,0.439643340064,1.408222
376,0.752000093,3,686000108,0.0174,-1.5449,1.544,-1.5519,-1.5726,-0.0079,0.2023,0.2822,-0.8496,3.1327,-3.1344,-3.1344,0.0171453665016,-1.54507827704,1.54507827704,-1.55365096029,-1.55365096029,0.0171453665016,0.0610093595816,0.0915140393724,-0.0915140393724,0.0610093595816,0.0610093595816,0.0610093595816,-5.98316067181,-31.2831683868,35.4687972546,-12.51678164,6.32239792936,0.44629434243,1.259565
377,0.753999948,3,687999963,0.0177,-1.5443,1.5423,-1.5468,-1.5753,-0.0142,0.171,0.2942,-0.825,2.5456,-1.3813,-3.1357,0.0172676257579,-1.54489488816,1.54489488816,-1.55352870104,-1.55352870104,0.0172676257579,0.0612587792534,0.0918881688801,-0.0918881688801,0.0612587792534,0.0612587792534,0.0612587792534,-5.22016698353,-33.1581520366,32.6581735373,-9.68300237844,2.71943023783,0.443002029579,1.377012
378,0.756000042,3,690000057,0.0179,-1.5438,1.5415,-1.547,-1.5723,-0.0142,0.0929,0.2268,-0.4248,-0.1071,1.5406,-0.033,0.0173903986258,-1.54471072886,1.54471072886,-1.55340592817,-1.55340592817,0.0173903986258,0.0615083363281,0.0922625044921,-0.0922625044921,0.0615083363281,0.0615083363281,0.0615083363281,-3.07937092654,-31.2614879744,0.151562305333,1.2925675608,-3.17465298027,0.0278459277477,2.310993
379,0.757999897,3,691999912,0.018,-1.5435,1.5415,-1.5526,-1.566,-0.008,0.0393,0.1458,0.0189,-2.803,3.1237,3.1286,0.0175136559767,-1.54452584283,1.54452584283,-1.55328267082,-1.55328267082,0.0175136559767,0.06175796872,0.0926369530799,-0.0926369530799,0.06175796872,0.06175796872,0.06175796872,-1.83251844681,-28.0858397667,-35.6049641864,12.2345507754,-6.31456636108,-0.393134849664,2.232893
380,0.75999999,3,694000005,0.018,-1.5434,1.542,-1.5589,-1.5598,-0.0017,0.0116,0.0812,0.2196,-3.1169,3.1133,3.1111,0.0176374274172,-1.54434018567,1.54434018567,-1.55315889938,-1.55315889938,0.0176374274172,0.0620077335299,0.0930116002949,-0.0930116002949,0.0620077335299,0.0620077335299,0.0620077335299,-0.124096979673,-23.797736681,-48.9961776228,12.6065332655,-6.19472258764,-0.395981379245,1.387046
381,0.762000084,3,696000099,0.018,-1.5434,1.5428,-1.5651,-1.5535,0.0045,-0.0302,-0.0018,0.4312,-3.1206,3.1067,3.1065,0.0177616985734,-1.54415377893,1.54415377893,-1.55303462822,-1.55303462822,0.0177616985734,0.0622575987437,0.0933863981155,-0.0933863981155,0.0622575987437,0.0622575987437,0.0622575987437,2.73146710199,-17.8910584312,-61.9962878701,11.316041266,-6.03617699846,-0.400924862678,1.290702
382,0.763999939,3,697999954,0.0178,-1.5435,1.5441,-1.5714,-1.5473,0.0107,-0.0703,-0.0835,0.6344,-3.1216,3.1062,3.113,0.0178864546425,-1.54396664483,1.54396664483,-1.55290987215,-1.55290987215,0.0178864546425,0.0625075319283,0.0937612978924,-0.0937612978924,0.0625075319283,0.0625075319283,0.0625075319283,5.52623700777,-12.009182959,-74.6024721508,10.0567606988,-5.89380048048,-0.407285667094,1.268618
383,0.766000032,3,700000047,0.0177,-1.5438,1.5455,-1.5775,-1.5436,0.0169,-0.0548,-0.1127,0.7014,-3.0468,1.8365,3.1171,0.0180117255738,-1.54377873843,1.54377873843,-1.55278460122,-1.55278460122,0.0180117255738,0.0627575902682,0.0941363854023,-0.0941363854023,0.0627575902682,0.0627575902682,0.0627575902682,5.30973889232,-9.39398940194,-79.0510649434,9.26197942312,-3.24694409989,-0.406573727636,1.212541
384,0.767999887,3,701999902,0.0178,-1.5439,1.5461,-1.5785,-1.5454,0.0171,0.0172,-0.0549,0.3308,-0.5257,-0.8857,0.0933,0.0181374817426,-1.54359010418,1.54359010418,-1.55265884505,-1.55265884505,0.0181374817426,0.0630077118276,0.0945115677414,-0.0945115677414,0.0630077118276,0.0630077118276,0.0630077118276,3.39017502536,-10.6953167816,-48.8277908656,-1.20765954113,2.24572988903,-0.00256262646206,2.259632
385,0.769999981,3,703999996,0.0179,-1.5438,1.5459,-1.5738,-1.5516,0.0112,0.0856,0.0246,-0.1288,2.3304,-3.0978,-2.9702,0.0182637533279,-1.5434006968,1.5434006968,-1.55253257347,-1.55253257347,0.0182637533279,0.0632579538438,0.0948869307657,-0.0948869307657,0.0632579538438,0.0632579538438,0.0632579538438,1.63311434204,-13.4117649959,-11.7446208845,-12.8680475887,6.67887579919,0.408511728245,2.251341
386,0.772000074,3,706000089,0.0181,-1.5436,1.5451,-1.5676,-1.5578,0.0049,0.1113,0.0926,-0.3776,3.1306,-3.1354,-3.1319,0.0183905254458,-1.54321053863,1.54321053863,-1.55240580135,-1.55240580135,0.0183905254458,0.063508283888,0.095262425832,-0.095262425832,0.063508283888,0.063508283888,0.063508283888,0.412851737987,-17.5001573631,6.11832858187,-15.3927495015,6.66110336229,0.434937403101,1.213900
387,0.773999929,3,707999944,0.0185,-1.5433,1.544,-1.5613,-1.5641,-0.0014,0.1518,0.1741,-0.5819,3.1261,-3.1296,-3.1297,0.0185177831586,-1.54301965206,1.54301965206,-1.55227854364,-1.55227854364,0.0185177831586,0.0637586698688,0.0956380048032,-0.0956380048032,0.0637586698688,0.0637586698688,0.0637586698688,-2.367693321,-23.2516208806,18.5806463165,-14.1111439266,6.51409875753,0.440413662061,1.229501
388,0.776000023,3,710000038,0.0188,-1.5427,1.5424,-1.5551,-1.5704,-0.0076,0.1942,0.2662,-0.8059,3.1295,-3.13,-3.1289,0.018645556989,-1.54282799131,1.54282799131,-1.55215076981,-1.55215076981,0.018645556989,0.0640091690983,0.0960137536475,-0.0960137536475,0.0640091690983,0.0640091690983,0.0640091690983,-5.20883201513,-29.9133610584,32.3438875936,-12.7201732069,6.36443580803,0.446184688691,1.281403
389,0.777999878,3,711999893,0.0192,-1.5421,1.5405,-1.5488,-1.575,-0.0139,0.1948,0.3119,-0.9165,3.1369,-2.2953,-3.1342,0.0187738165646,-1.54263560195,1.54263560195,-1.55202251023,-1.55202251023,0.0187738165646,0.064259719305,0.0963895789575,-0.0963895789575,0.064259719305,0.064259719305,0.064259719305,-5.74800490324,-33.4801456448,39.5847115821,-12.0683551849,4.59014339308,0.448125553974,1.251049
390,0.779999971,3,713999986,0.0195,-1.5416,1.5392,-1.5463,-1.5738,-0.014,0.1204,0.2698,-0.6477,1.2322,0.6018,-0.0405,0.0189025926367,-1.54244243784,1.54244243784,-1.55189373416,-1.55189373416,0.0189025926367,0.064510377848,0.096765566772,-0.096765566772,0.064510377848,0.064510377848,0.064510377848,-3.41389787372,-32.7647203174,17.6887154732,-4.06642948171,-1.28764533954,0.0347727329516,2.128212
391,0.782000065,3,716000080,0.0196,-1.5412,1.5388,-1.5492,-1.5675,-0.0077,0.045,0.1907,-0.2189,-1.4321,3.129,3.1345,0.0190318701904,-1.54224852151,1.54224852151,-1.5517644566,-1.5517644566,0.0190318701904,0.0647611126419,0.0971416689629,-0.0971416689629,0.0647611126419,0.0647611126419,0.0647611126419,-1.20630501708,-29.9196103204,-16.7587218538,6.80868400535,-6.37197688138,-0.392065928554,2.298540
392,0.78399992,3,717999935,0.0196,-1.541,1.539,-1.5554,-1.5612,-0.0015,0.0255,0.1172,0.1282,-3.127,3.1166,3.1139,0.0191616337736,-1.54205387613,1.54205387613,-1.55163469302,-1.55163469302,0.0191616337736,0.0650118911932,0.0975178367898,-0.0975178367898,0.0650118911932,0.0650118911932,0.0650118911932,-0.832920281622,-26.1217581384,-43.6048175097,13.2371679976,-6.23656298457,-0.394468042975,1.270331
393,0.786000013,3,720000028,0.0196,-1.5409,1.5397,-1.5617,-1.555,0.0048,-0.0123,0.0407,0.3248,-3.1147,3.1085,3.107,0.0192919144818,-1.54185845507,1.54185845507,-1.55150441231,-1.55150441231,0.0192919144818,0.0652627709271,0.0978941563906,-0.0978941563906,0.0652627709271,0.0652627709271,0.0652627709271,1.75618154295,-20.7095314442,-55.6486317459,11.970372363,-6.09030721488,-0.399007223643,1.238875
394,0.787999868,3,721999883,0.0195,-1.541,1.5408,-1.5679,-1.5488,0.011,-0.0564,-0.0503,0.5531,-3.1127,3.1033,3.1077,0.0194226814499,-1.54166230462,1.54166230462,-1.55137364534,-1.55137364534,0.0194226814499,0.0655136897516,0.0982705346275,-0.0982705346275,0.0655136897516,0.0655136897516,0.0655136897516,4.79037057106,-14.1703477913,-69.6944524473,10.5295546704,-5.91787643642,-0.404786336555,1.238839
395,0.789999962,3,723999977,0.0193,-1.5412,1.5422,-1.5742,-1.5433,0.0172,-0.075,-0.1101,0.7014,-3.1277,2.7267,3.112,0.019553966004,-1.54146537779,1.54146537779,-1.55124236079,-1.55124236079,0.019553966004,0.0657647051336,0.0986470577004,-0.0986470577004,0.0657647051336,0.0657647051336,0.0657647051336,6.3315730116,-9.70035605725,-79.1617302302,9.69030545845,-5.05216015402,-0.408677858303,1.276911
396,0.792000055,3,726000070,0.0193,-1.5414,1.5433,-1.5779,-1.5433,0.0174,-0.0097,-0.092,0.5494,-1.8493,0.0049,0.1245,0.019685752611,-1.54126769788,1.54126769788,-1.55111057418,-1.55111057418,0.019685752611,0.0660157845863,0.0990236768795,-0.0990236768795,0.0660157845863,0.0660157845863,0.0660157845863,4.16327667957,-9.18142227619,-66.4963785695,4.12570429192,0.509979918954,-0.0101327101446,2.219031
397,0.79399991,3,727999925,0.0194,-1.5414,1.5435,-1.5759,-1.5487,0.0116,0.0683,-0.0185,0.1087,0.9927,-2.7184,-2.9206,0.019818025691,-1.54106928826,1.54106928826,-1.5509783011,-1.5509783011,0.019818025691,0.0662668959731,0.0994003439597,-0.0994003439597,0.0662668959731,0.0662668959731,0.0662668959731,2.03276212801,-11.3407645736,-30.8237183867,-7.5640726408,5.99964734577,0.400591637836,2.248785
398,0.796000004,3,730000019,0.0196,-1.5413,1.543,-1.5696,-1.555,0.0053,0.0959,0.0554,-0.2795,3.1365,-3.1263,-3.1406,0.0199508169149,-1.54087010142,1.54087010142,-1.55084550988,-1.55084550988,0.0199508169149,0.0665180968184,0.0997771452276,-0.0997771452276,0.0665180968184,0.0665180968184,0.0665180968184,1.64284511648,-14.6240695247,-0.0945049965338,-16.023494189,6.73108375244,0.436208621,1.210453
399,0.798000097,3,732000112,0.0199,-1.5411,1.542,-1.5633,-1.5613,-0.0009,0.1316,0.1283,-0.4638,3.1299,-3.1343,-3.1273,0.0200841105549,-1.54067016096,1.54067016096,-1.55071221624,-1.55071221624,0.0200841105549,0.0667693546239,0.100154031936,-0.100154031936,0.0667693546239,0.0667693546239,0.0667693546239,-0.764233390316,-19.7178225029,11.1505877936,-14.8687250649,6.63519409338,0.440039014401,1.207670
400,0.799999952,3,733999967,0.0203,-1.5406,1.5407,-1.5571,-1.5675,-0.0072,0.1764,0.221,-0.6882,3.1298,-3.1294,-3.1275,0.0202178908381,-1.54046949054,1.54046949054,-1.55057843596,-1.55057843596,0.0202178908381,0.0670206372447,0.100530955867,-0.100530955867,0.0670206372447,0.0670206372447,0.0670206372447,-3.823235995,-26.383210147,24.8372425887,-13.4670015191,6.46787723587,0.446033390994,1.255534
401,0.802000046,3,736000061,0.0207,-1.54,1.5389,-1.5508,-1.5738,-0.0135,0.2107,0.2962,-0.8684,3.133,-3.1263,-3.135,0.0203521897808,-1.54026804212,1.54026804212,-1.55044413701,-1.55044413701,0.0203521897808,0.067272002258,0.100908003387,-0.100908003387,0.067272002258,0.067272002258,0.067272002258,-6.15258346615,-31.8505947741,36.0410468162,-12.3665099453,6.34941530357,0.452563010441,1.245830
402,0.803999901,3,737999916,0.021,-1.5394,1.5373,-1.5459,-1.575,-0.0136,0.1543,0.2988,-0.8201,2.4523,-0.5813,-0.0746,0.0204869753895,-1.54006586371,1.54006586371,-1.55030935141,-1.55030935141,0.0204869753895,0.0675233872363,0.101285080854,-0.101285080854,0.0675233872363,0.0675233872363,0.0675233872363,-4.11097941142,-33.2805719702,31.6002475095,-9.1779638153,1.12148213302,0.0459234474175,2.171099
403,0.805999994,3,740000009,0.0211,-1.539,1.5364,-1.5463,-1.5702,-0.0073,0.0749,0.2305,-0.4186,-0.1859,2.3664,3.1354,0.0206222799102,-1.53986290693,1.53986290693,-1.55017404688,-1.55017404688,0.0206222799102,0.0677748497888,0.101662274683,-0.101662274683,0.0677748497888,0.0677748497888,0.0677748497888,-1.85481431687,-31.2777104802,-0.908138615642,1.72355816753,-4.83873997514,-0.387001812212,2.251608
404,0.808000087,3,742000102,0.0212,-1.5387,1.5365,-1.552,-1.564,-0.0011,0.0426,0.152,0.0233,-2.8733,3.1222,3.122,0.020758087425,-1.53965919566,1.53965919566,-1.55003823937,-1.55003823937,0.020758087425,0.0680263576549,0.102039536482,-0.102039536482,0.0680263576549,0.0680263576549,0.0680263576549,-1.63869721433,-28.0985638786,-36.6923740428,12.5973652346,-6.27382507448,-0.393675106243,1.218231
405,0.809999943,3,743999958,0.0213,-1.5385,1.5369,-1.5583,-1.5577,0.0051,0.0135,0.0864,0.2207,-3.1235,3.1097,3.1097,0.0208943818405,-1.53945475403,1.53945475403,-1.54990194495,-1.54990194495,0.0208943818405,0.0682778786819,0.102416818023,-0.102416818023,0.0682778786819,0.0682778786819,0.0682778786819,0.176938161873,-23.7203405943,-49.644809189,12.6697177471,-6.14807918502,-0.39714678128,1.231658
406,0.812000036,3,746000051,0.0212,-1.5385,1.5378,-1.5645,-1.5515,0.0113,-0.0288,0.002,0.4335,-3.1104,3.1054,3.1058,0.0210311955443,-1.53924953348,1.53924953348,-1.54976513125,-1.54976513125,0.0210311955443,0.0685294701459,0.102794205219,-0.102794205219,0.0685294701459,0.0685294701459,0.0685294701459,3.10822661903,-17.6904485544,-62.6861555386,11.2826209049,-5.9897039476,-0.40221552927,1.141602
407,0.813999891,3,747999906,0.0211,-1.5386,1.5391,-1.5707,-1.5452,0.0176,-0.0659,-0.0784,0.6351,-3.1278,3.1065,3.1132,0.0211684961232,-1.53904358261,1.53904358261,-1.54962783067,-1.54962783067,0.0211684961232,0.0687810699625,0.103171604944,-0.103171604944,0.0687810699625,0.0687810699625,0.0687810699625,5.64269320323,-11.9001362245,-75.2623465238,10.1141969981,-5.8599489565,-0.408670925748,1.286957
408,0.815999985,3,750000000,0.021,-1.5388,1.5404,-1.5767,-1.5431,0.0179,-0.0273,-0.1,0.6823,-2.9699,1.0926,0.1649,0.0213063164004,-1.53883685219,1.53883685219,-1.54949001039,-1.54949001039,0.0213063164004,0.0690327358117,0.103549103718,-0.103549103718,0.0690327358117,0.0690327358117,0.0690327358117,4.26173343722,-9.63903934429,-78.3504717089,8.99605561013,-1.68128067724,-0.0191527662597,2.226844
409,0.818000078,3,752000093,0.0211,-1.5389,1.541,-1.5774,-1.5463,0.0121,0.0446,-0.0397,0.2974,-0.3695,-1.615,-2.8697,0.0214446399977,-1.5386293668,1.5386293668,-1.5493516868,-1.5493516868,0.0214446399977,0.0692844351746,0.103926652762,-0.103926652762,0.0692844351746,0.0692844351746,0.0692844351746,2.39645835804,-11.0443086182,-46.9939530712,-1.78775946596,3.78958994152,0.389807522402,2.425881
410,0.819999933,3,753999948,0.0213,-1.5388,1.5407,-1.5724,-1.5525,0.0059,0.0943,0.0376,-0.164,2.5166,-3.1172,-3.1396,0.0215834504993,-1.53842115105,1.53842115105,-1.5492128763,-1.5492128763,0.0215834504993,0.0695361358974,0.104304203846,-0.104304203846,0.0695361358974,0.0695361358974,0.0695361358974,1.55148750443,-13.716307135,-9.55981363024,-13.5622192166,6.76047190228,0.436615877161,1.290203
411,0.822000026,3,756000041,0.0215,-1.5386,1.5399,-1.5661,-1.5588,-0.0004,0.1211,0.105,-0.3937,3.1298,-3.1334,-3.1326,0.0217227810047,-1.53821215529,1.53821215529,-1.54907354579,-1.54907354579,0.0217227810047,0.0697878955704,0.104681843356,-0.104681843356,0.0697878955704,0.0697878955704,0.0697878955704,0.144511912613,-17.9112009764,6.50935982155,-15.2646645133,6.69961149245,0.441147607348,1.298715
412,0.823999882,3,757999897,0.0219,-1.5382,1.5387,-1.5599,-1.5651,-0.0067,0.1619,0.1884,-0.6018,3.1276,-3.1295,-3.1296,0.0218625984805,-1.53800242907,1.53800242907,-1.54893372831,-1.54893372831,0.0218625984805,0.0700396520887,0.105059478133,-0.105059478133,0.0700396520887,0.0700396520887,0.0700396520887,-2.64442120798,-23.8354263055,19.2200546339,-13.9642205051,6.55382209148,0.446563035853,1.279185
413,0.825999975,3,759999990,0.0223,-1.5377,1.5371,-1.5536,-1.5713,-0.0129,0.2015,0.279,-0.8234,3.1295,-3.1313,-3.1294,0.0220029361169,-1.53779192262,1.53779192262,-1.54879339068,-1.54879339068,0.0220029361169,0.0702914628117,0.105437194218,-0.105437194218,0.0702914628117,0.0702914628117,0.0702914628117,-5.30705699549,-30.3457084001,32.8428047168,-12.5836096512,6.41315014563,0.452358666869,1.306240
414,0.828000068,3,762000083,0.0226,-1.5371,1.5352,-1.5473,-1.5745,-0.0131,0.1808,0.3179,-0.9231,3.1374,-1.6041,-0.1119,0.0221437774207,-1.53758066066,1.53758066066,-1.54865254937,-1.54865254937,0.0221437774207,0.0705432955984,0.105814943398,-0.105814943398,0.0705432955984,0.0705432955984,0.0705432955984,-4.69060234428,-33.5606470836,39.5505028801,-11.9768649161,3.21273302085,0.056531541233,2.233532
415,0.829999923,3,763999938,0.0228,-1.5365,1.534,-1.5452,-1.5719,-0.0069,0.1048,0.2707,-0.6268,1.0784,1.3346,3.1379,0.0222851055843,-1.53736866842,1.53736866842,-1.54851122121,-1.54851122121,0.0222851055843,0.070795118175,0.106192677262,-0.106192677262,0.070795118175,0.070795118175,0.070795118175,-2.329034535,-32.6554143454,15.4411227781,-3.36603460218,-2.75244151976,-0.381025605054,2.276146
416,0.832000017,3,766000032,0.0229,-1.5361,1.5336,-1.5483,-1.5656,-0.0006,0.0485,0.1946,-0.2015,-1.5756,3.1272,3.13,0.0224269543546,-1.53715589526,1.53715589526,-1.54836937244,-1.54836937244,0.0224269543546,0.0710469883062,0.106570482459,-0.106570482459,0.0710469883062,0.0710469883062,0.0710469883062,-1.05434387291,-29.8637748643,-18.8864012121,7.45260095302,-6.3239947227,-0.392934112502,1.656188
417,0.833999872,3,767999887,0.023,-1.5359,1.5338,-1.5546,-1.5594,0.0056,0.0278,0.1218,0.1321,-3.1321,3.1133,3.1137,0.022569289864,-1.536942392,1.536942392,-1.54822703693,-1.54822703693,0.022569289864,0.0712988435029,0.106948265254,-0.106948265254,0.0712988435029,0.0712988435029,0.0712988435029,-0.546238008982,-26.0044745149,-44.4558255766,13.2686171173,-6.18511476348,-0.395879051319,1.251868
418,0.835999965,3,769999980,0.023,-1.5358,1.5345,-1.5608,-1.5531,0.0118,-0.0102,0.0435,0.3309,-3.1137,3.1075,3.1056,0.0227121460896,-1.53672810766,1.53672810766,-1.54808418071,-1.54808418071,0.0227121460896,0.0715507415454,0.107326112318,-0.107326112318,0.0715507415454,0.0715507415454,0.0715507415454,2.05656748318,-20.441248381,-56.6060818697,11.9535199053,-6.04223567989,-0.400228717122,1.377255
419,0.838000059,3,772000074,0.0229,-1.5359,1.5356,-1.5671,-1.5469,0.018,-0.0518,-0.0471,0.5596,-3.1155,3.1031,3.1082,0.0228555062175,-1.53651306747,1.53651306747,-1.54794082058,-1.54794082058,0.0228555062175,0.0718026502998,0.10770397545,-0.10770397545,0.0718026502998,0.0718026502998,0.0718026502998,4.90343554213,-13.9258644586,-70.7033172663,10.5303892191,-5.87657310214,-0.406199490081,1.274892
420,0.839999914,3,773999929,0.0228,-1.5361,1.537,-1.5733,-1.5427,0.0184,-0.0495,-0.0992,0.6948,-3.1305,2.0656,0.1699,0.0229993529742,-1.53629729733,1.53629729733,-1.54779697382,-1.54779697382,0.0229993529742,0.0720545372531,0.10808180588,-0.10808180588,0.0720545372531,0.0720545372531,0.0720545372531,5.30862333213,-9.8670513404,-79.5089650005,9.74706904782,-3.65202320909,-0.0229829886886,2.693508
421,0.842000007,3,776000022,0.0228,-1.5362,1.538,-1.5767,-1.544,0.0127,0.0165,-0.0764,0.5172,-1.708,-0.6397,-2.8314,0.0231437206837,-1.53608074577,1.53608074577,-1.54765260611,-1.54765260611,0.0231437206837,0.072306460205,0.108459690307,-0.108459690307,0.072306460205,0.072306460205,0.072306460205,3.17360984183,-9.59394483921,-64.787166906,3.61720570504,1.877637832,0.380881312321,2.345171
422,0.844000101,3,778000116,0.023,-1.5362,1.5382,-1.5744,-1.5502,0.0064,0.0879,-0.0023,0.0715,1.1583,-3.0884,-3.1374,0.0232885923391,-1.53586343829,1.53586343829,-1.54750773446,-1.54750773446,0.0232885923391,0.0725583870293,0.108837580544,-0.108837580544,0.0725583870293,0.0725583870293,0.0725583870293,1.38161930007,-11.8178868063,-28.6958859311,-8.15912887713,6.79977114957,0.436484481901,1.187159
423,0.845999956,3,779999971,0.0232,-1.5361,1.5376,-1.5681,-1.5565,0.0002,0.1067,0.0698,-0.2986,3.1354,-3.1297,-3.1364,0.0234339504721,-1.53564540109,1.53564540109,-1.54736237632,-1.54736237632,0.0234339504721,0.0728102852238,0.109215427836,-0.109215427836,0.0728102852238,0.0728102852238,0.0728102852238,1.29632175853,-15.185103024,0.454397465022,-15.8717730814,6.78266697496,0.441831683246,1.308657
424,0.848000049,3,782000064,0.0235,-1.5358,1.5366,-1.5619,-1.5627,-0.0061,0.144,0.1454,-0.4872,3.1272,-3.1323,-3.129,0.0235798297533,-1.53542658216,1.53542658216,-1.54721649704,-1.54721649704,0.0235798297533,0.0730622126027,0.109593318904,-0.109593318904,0.0730622126027,0.0730622126027,0.0730622126027,-1.22337343144,-20.5169807069,11.9316415843,-14.6780317735,6.66859132823,0.446526547773,1.475616
425,0.849999904,3,783999919,0.0238,-1.5353,1.5352,-1.5556,-1.569,-0.0123,0.1885,0.2361,-0.713,3.122,-3.1274,-3.1286,0.0237261954613,-1.5352070336,1.5352070336,-1.54707013133,-1.54707013133,0.0237261954613,0.0733141069465,0.10997116042,-0.10997116042,0.0733141069465,0.0733141069465,0.0733141069465,-4.22991944982,-26.9964732238,25.7354662477,-13.2396315511,6.50410836526,0.452377239826,1.313998
426,0.851999998,3,786000013,0.0242,-1.5347,1.5334,-1.5494,-1.574,-0.0126,0.2004,0.3067,-0.8844,3.1356,-2.5088,-0.1408,0.0238730824987,-1.53498670305,1.53498670305,-1.5469232443,-1.5469232443,0.0238730824987,0.0735660260762,0.110349039114,-0.110349039114,0.0735660260762,0.0735660260762,0.0735660260762,-5.28158247333,-32.2785835069,36.540950466,-12.2210437776,5.12233168258,0.0650570445552,2.202086
427,0.854000091,3,788000106,0.0245,-1.5341,1.5318,-1.5447,-1.5732,-0.0063,0.133,0.3025,-0.8094,2.3184,0.4018,3.1403,0.0240204733171,-1.53476561682,1.53476561682,-1.54677585348,-1.54677585348,0.0240204733171,0.0738179375057,0.110726906259,-0.110726906259,0.0738179375057,0.0738179375057,0.0738179375057,-2.77895724912,-33.4107396157,30.0897610443,-8.49548432219,-0.860013717322,-0.375665184112,2.255514
428,0.855999946,3,789999961,0.0246,-1.5337,1.531,-1.5453,-1.5669,-0.0001,0.0563,0.2326,-0.4072,-0.3074,3.132,3.1374,0.0241683503437,-1.53454380128,1.53454380128,-1.54662797645,-1.54662797645,0.0241683503437,0.0740698091344,0.111104713702,-0.111104713702,0.0740698091344,0.0740698091344,0.0740698091344,-0.630889766669,-31.2346309161,-2.46253460048,2.33283595722,-6.36981610098,-0.392130275754,1.253366
429,0.85800004,3,792000055,0.0247,-1.5333,1.531,-1.5513,-1.5607,0.0062,0.045,0.1577,0.033,-2.9834,3.12,3.1161,0.0243167488282,-1.53432120355,1.53432120355,-1.54647957797,-1.54647957797,0.0243167488282,0.0743216987895,0.111482548184,-0.111482548184,0.0743216987895,0.0743216987895,0.0743216987895,-1.39455106967,-28.1827983529,-38.2347170696,13.1336267815,-6.23728300411,-0.394395260498,1.275628
430,0.859999895,3,793999910,0.0247,-1.5332,1.5315,-1.5575,-1.5544,0.0124,0.0143,0.0916,0.22,-3.1121,3.111,3.1086,0.0244656332787,-1.53409787688,1.53409787688,-1.54633069352,-1.54633069352,0.0244656332787,0.0745735440284,0.111860316043,-0.111860316043,0.0745735440284,0.0745735440284,0.0745735440284,0.634151460463,-23.627468142,-50.1677159911,12.6519337469,-6.11519693448,-0.398535628523,1.261720
431,0.861999988,3,796000003,0.0247,-1.5331,1.5324,-1.5638,-1.5482,0.0186,-0.0263,0.0059,0.437,-3.1144,3.1056,3.1044,0.0246150391754,-1.53387376803,1.53387376803,-1.54618128762,-1.54618128762,0.0246150391754,0.0748254026801,0.11223810402,-0.11223810402,0.0748254026801,0.0748254026801,0.0748254026801,3.39614297609,-17.5385773091,-63.5239117281,11.3162282275,-5.95717126536,-0.40352635199,1.215544
432,0.864000082,3,798000097,0.0246,-1.5333,1.5336,-1.57,-1.5423,0.0189,-0.0565,-0.071,0.6313,-3.1232,2.955,0.1716,0.0247649488695,-1.53364890349,1.53364890349,-1.54603137793,-1.54603137793,0.0247649488695,0.075077242661,0.112615863991,-0.112615863991,0.075077242661,0.075077242661,0.075077242661,5.4814172501,-11.9258522448,-75.6369194799,10.1494670646,-5.51272264066,-0.0253979480716,2.158655
433,0.865999937,3,799999952,0.0246,-1.5335,1.5349,-1.5757,-1.5418,0.0133,0.0041,-0.0839,0.6523,-2.8456,0.2507,-2.796,0.0249153442429,-1.53342331043,1.53342331043,-1.54588098255,-1.54588098255,0.0249153442429,0.0753290315228,0.112993547284,-0.112993547284,0.0753290315228,0.0753290315228,0.0753290315228,3.03243704118,-10.0284079558,-76.8765730722,8.55769639683,0.0742577058874,0.373371768124,2.222204
434,0.86800003,3,802000045,0.0247,-1.5335,1.5354,-1.576,-1.5467,0.0071,0.0771,-0.02,0.2471,-0.1309,-2.4492,-3.1362,0.0250662611229,-1.53319693511,1.53319693511,-1.54573006567,-1.54573006567,0.0250662611229,0.0755808270929,0.113371240639,-0.113371240639,0.0755808270929,0.0755808270929,0.0755808270929,1.21928349376,-11.6072481584,-43.8898665708,-2.67966110819,5.52630638603,0.434181863181,1.239281
435,0.869999885,3,803999900,0.0249,-1.5334,1.535,-1.5704,-1.5529,0.0008,0.1049,0.0542,-0.2133,2.7724,-3.1227,-3.1397,0.0252176635442,-1.53296983148,1.53296983148,-1.54557866325,-1.54557866325,0.0252176635442,0.0758325672224,0.113748850834,-0.113748850834,0.0758325672224,0.0758325672224,0.0758325672224,1.40512596742,-14.2185985122,-6.28450282345,-14.5215548004,6.80275139277,0.442907303593,1.274214
436,0.871999979,3,805999994,0.0252,-1.5331,1.5342,-1.5642,-1.5592,-0.0055,0.1321,0.1199,-0.4162,3.1285,-3.1339,-3.1316,0.0253695875661,-1.53274194545,1.53274194545,-1.54542673923,-1.54542673923,0.0253695875661,0.0760843097347,0.114126464602,-0.114126464602,0.0760843097347,0.0760843097347,0.0760843097347,-0.19774383846,-18.5284740344,7.28731451018,-15.0919441427,6.73519374668,0.447266911213,1.236163
437,0.874000072,3,808000087,0.0256,-1.5327,1.5329,-1.5579,-1.5655,-0.0117,0.1737,0.2056,-0.6269,3.13,-3.1302,-3.1259,0.0255220149907,-1.53251330431,1.53251330431,-1.5452743118,-1.5452743118,0.0255220149907,0.0763360222004,0.114504033301,-0.114504033301,0.0763360222004,0.0763360222004,0.0763360222004,-3.03311219329,-24.626850819,20.1757873242,-13.7929077985,6.58647315063,0.452315052441,1.272142
438,0.875999927,3,809999942,0.026,-1.5321,1.5312,-1.5516,-1.5717,-0.0121,0.2105,0.2933,-0.8433,3.1304,-3.1324,-0.171,0.0256749276041,-1.53228393539,1.53228393539,-1.54512139919,-1.54512139919,0.0256749276041,0.0765876725854,0.114881508878,-0.114881508878,0.0765876725854,0.0765876725854,0.0765876725854,-5.4242953013,-30.9430898429,33.5074933418,-12.4377218578,6.44519458872,0.0724757224629,2.090178
439,0.878000021,3,812000036,0.0263,-1.5315,1.5294,-1.5453,-1.5734,-0.0058,0.164,0.3225,-0.9267,3.141,-0.8165,3.139,0.0258283618123,-1.53205378408,1.53205378408,-1.54496796498,-1.54496796498,0.0258283618123,0.0768393187037,0.115258978056,-0.115258978056,0.0768393187037,0.0768393187037,0.0768393187037,-3.48829760003,-33.6285663343,39.369335459,-11.9202345495,1.63687486172,-0.36873024066,2.485115
440,0.879999876,3,813999891,0.0265,-1.531,1.5282,-1.5436,-1.5691,0.0005,0.0846,0.2678,-0.5911,0.8645,2.1551,3.1385,0.0259822808756,-1.53182290548,1.53182290548,-1.54481404592,-1.54481404592,0.0259822808756,0.07709089821,0.115636347315,-0.115636347315,0.07709089821,0.07709089821,0.07709089821,-1.10669049311,-32.3558145829,12.1643667142,-2.4533288582,-4.38114885181,-0.386309546749,1.354553
441,0.881999969,3,815999984,0.0266,-1.5306,1.5278,-1.5472,-1.5628,0.0067,0.051,0.1945,-0.1677,-1.7802,3.1255,3.1227,0.0261367214305,-1.53159124465,1.53159124465,-1.54465960536,-1.54465960536,0.0261367214305,0.0773424689092,0.116013703364,-0.116013703364,0.0773424689092,0.0773424689092,0.0773424689092,-0.903113781945,-29.5697148739,-22.1738620108,8.30345763311,-6.27377001492,-0.3934502939,1.295388
442,0.884000063,3,818000078,0.0266,-1.5303,1.5281,-1.5534,-1.5565,0.013,0.0285,0.1217,0.1445,-3.1198,3.1141,3.1115,0.0262916651872,-1.53135882901,1.53135882901,-1.54450466161,-1.54450466161,0.0262916651872,0.0775939987873,0.116390998181,-0.116390998181,0.0775939987873,0.0775939987873,0.0775939987873,-0.115881071507,-25.5610234493,-45.7365744945,13.1537272549,-6.13968650299,-0.397144185248,1.259606
443,0.885999918,3,819999933,0.0266,-1.5302,1.5288,-1.5596,-1.5503,0.0192,-0.0099,0.0423,0.348,-3.1121,3.1062,3.1033,0.0264470933795,-1.53112568673,1.53112568673,-1.54434923342,-1.54434923342,0.0264470933795,0.0778454554763,0.116768183214,-0.116768183214,0.0778454554763,0.0778454554763,0.0778454554763,2.51289232801,-19.9271325261,-58.2129753764,11.8610083751,-5.98840742879,-0.401490508497,1.231284
444,0.888000011,3,822000026,0.0265,-1.5303,1.53,-1.5659,-1.5441,0.0196,-0.0496,-0.0479,0.5765,-3.1152,3.103,0.2142,0.0266030429908,-1.53089176231,1.53089176231,-1.5441932838,-1.5441932838,0.0266030429908,0.0780968967636,0.117145345145,-0.117145345145,0.0780968967636,0.0780968967636,0.0780968967636,5.15472749868,-13.4466043327,-72.3326319281,10.4436551512,-5.81897957693,-0.0300075896664,2.274502
445,0.889999866,3,823999881,0.0265,-1.5305,1.5314,-1.5721,-1.5414,0.0141,-0.0226,-0.0901,0.6933,-3.1265,1.3232,-2.7376,0.026759476814,-1.53065711157,1.53065711157,-1.54403684998,-1.54403684998,0.026759476814,0.078348260624,0.117522390936,-0.117522390936,0.078348260624,0.078348260624,0.078348260624,4.27382844777,-9.91889539653,-80.1725689015,9.72962102133,-2.08356152878,0.361971857972,2.242687
446,0.89199996,3,825999975,0.0266,-1.5306,1.5323,-1.5751,-1.5442,0.0078,0.0451,-0.0603,0.4786,-1.5053,-1.3718,-3.1349,0.0269164320645,-1.5304216787,1.5304216787,-1.54387989473,-1.54387989473,0.0269164320645,0.0785996048303,0.117899407245,-0.117899407245,0.0785996048303,0.0785996048303,0.0785996048303,2.16371544669,-9.95380174557,-62.5207799383,2.82939457702,3.41250787023,0.429550088064,1.259637
447,0.894000053,3,828000068,0.0268,-1.5306,1.5324,-1.5724,-1.5504,0.0016,0.0979,0.0125,0.0303,1.3764,-3.1006,-3.138,0.0270738898966,-1.53018549195,1.53018549195,-1.5437224369,-1.5437224369,0.0270738898966,0.0788508970362,0.118276345554,-0.118276345554,0.0788508970362,0.0788508970362,0.0788508970362,1.24272550596,-12.2240162331,-26.0718845695,-8.98140580919,6.85972759433,0.442742303532,1.211274
448,0.895999908,3,829999923,0.027,-1.5304,1.5317,-1.5661,-1.5566,-0.0047,0.1185,0.0856,-0.3209,3.135,-3.1277,-3.1369,0.0272318314565,-1.52994857961,1.52994857961,-1.54356449534,-1.54356449534,0.0272318314565,0.0791021053009,0.118653157951,-0.118653157951,0.0791021053009,0.0791021053009,0.0791021053009,0.909704873144,-15.8807069091,1.20630105191,-15.7048485121,6.81026543293,0.448116511661,1.229961
449,0.898000002,3,832000017,0.0273,-1.5301,1.5307,-1.5598,-1.5629,-0.011,0.1492,0.1633,-0.5178,3.1321,-3.132,-3.1283,0.0273902943062,-1.52971088534,1.52971088534,-1.54340603249,-1.54340603249,0.0273902943062,0.0793532873719,0.119029931058,-0.119029931058,0.0793532873719,0.0793532873719,0.0793532873719,-1.09053989276,-21.3620864336,13.2146619739,-14.4817078165,6.7112334301,0.452573503663,1.350720
450,0.900000095,3,834000110,0.0277,-1.5296,1.5292,-1.5536,-1.5692,-0.0115,0.1976,0.2572,-0.7468,3.1294,-3.1285,-0.2574,0.0275492594059,-1.52947243769,1.52947243769,-1.54324706739,-1.54324706739,0.0275492594059,0.0796044109329,0.119406616399,-0.119406616399,0.0796044109329,0.0796044109329,0.0796044109329,-4.34486772611,-28.0673463193,27.2058268061,-13.033083995,6.52823798425,0.0839335644636,2.215029
451,0.90199995,3,835999965,0.0281,-1.529,1.5274,-1.5473,-1.5728,-0.0053,0.19,0.3193,-0.9048,3.1357,-1.8146,3.0831,0.0277087077103,-1.52923326523,1.52923326523,-1.54308761908,-1.54308761908,0.0277087077103,0.079855444076,0.119783166114,-0.119783166114,0.079855444076,0.079855444076,0.079855444076,-4.48065433789,-32.8715225705,37.3165914741,-12.0380269163,3.72040839488,-0.356040531383,2.397013
452,0.904000044,3,838000059,0.0283,-1.5283,1.5258,-1.543,-1.5705,0.001,0.1174,0.3094,-0.7978,2.1355,1.1355,3.1401,0.0278686771278,-1.5289933111,1.5289933111,-1.54292764967,-1.54292764967,0.0278686771278,0.0801064445189,0.120159666778,-0.120159666778,0.0801064445189,0.0801064445189,0.0801064445189,-1.76766638471,-33.8234200296,28.323748329,-7.58160305056,-2.32528278134,-0.380154381657,1.234774
453,0.905999899,3,839999914,0.0285,-1.5279,1.525,-1.544,-1.5643,0.0072,0.0626,0.2415,-0.3969,-0.4806,3.1301,3.1317,0.0280291292998,-1.52875263285,1.52875263285,-1.5427671975,-1.5427671975,0.0280291292998,0.0803573501216,0.120536025182,-0.120536025182,0.0803573501216,0.0803573501216,0.0803573501216,-0.731436350407,-31.6030682056,-4.25734214164,3.17983656801,-6.33594537618,-0.392570427406,1.403258
454,0.907999992,3,842000007,0.0286,-1.5275,1.5251,-1.5503,-1.558,0.0134,0.0507,0.1642,0.0461,-3.1295,3.1189,3.1147,0.0281901023647,-1.52851117325,1.52851117325,-1.54260622443,-1.54260622443,0.0281901023647,0.0806082185794,0.120912327869,-0.120912327869,0.0806082185794,0.0806082185794,0.0806082185794,-1.44357085811,-28.3484407597,-40.1363675434,13.82721978,-6.20184727387,-0.395370115847,1.167068
455,0.910000086,3,844000101,0.0286,-1.5273,1.5256,-1.5565,-1.5518,0.0197,0.0187,0.0968,0.2221,-3.1115,3.1101,3.1052,0.028351577202,-1.52826896099,1.52826896099,-1.54244474959,-1.54244474959,0.028351577202,0.0808590180073,0.121288527011,-0.121288527011,0.0808590180073,0.0808590180073,0.0808590180073,0.755631474525,-23.6085238908,-50.9062247191,12.6720034612,-6.07707371778,-0.399331545596,1.274263
456,0.911999941,3,845999956,0.0285,-1.5273,1.5264,-1.5627,-1.5455,0.0203,-0.0213,0.0096,0.4428,-3.1128,3.1039,0.3151,0.0285135342055,-1.52802602549,1.52802602549,-1.54228279259,-1.54228279259,0.0285135342055,0.0811097161813,0.121664574272,-0.121664574272,0.0811097161813,0.0811097161813,0.0811097161813,3.44111677161,-17.3765789079,-64.4469834884,11.3077879084,-5.90663269055,-0.0407184434544,2.192340
457,0.914000034,3,848000049,0.0285,-1.5274,1.5277,-1.569,-1.5409,0.015,-0.0302,-0.0609,0.6265,-3.123,2.2925,-2.6289,0.0286760118597,-1.52778230901,1.52778230901,-1.54212031494,-1.54212031494,0.0286760118597,0.0813603707589,0.122040556138,-0.122040556138,0.0813603707589,0.0813603707589,0.0813603707589,4.41848013409,-12.1018749025,-76.0900740194,10.1871446243,-4.1132225701,0.345270043161,2.331839
458,0.915999889,3,849999904,0.0286,-1.5276,1.5289,-1.5743,-1.5417,0.0088,0.0305,-0.0703,0.621,-2.6784,-0.3997,-3.1333,0.0288389713478,-1.52753786977,1.52753786977,-1.54195735545,-1.54195735545,0.0288389713478,0.081610919953,0.12241637993,-0.12241637993,0.081610919953,0.081610919953,0.081610919953,2.08113457715,-10.2856083119,-75.1359275767,7.9156063891,1.44302608867,0.425879359656,1.335848
459,0.917999983,3,851999998,0.0288,-1.5276,1.5293,-1.5739,-1.5479,0.0025,0.103,-0.0016,0.1904,0.1856,-3.0693,-3.1363,0.0290024513854,-1.52729264972,1.52729264972,-1.54179387541,-1.54179387541,0.0290024513854,0.0818614213935,0.12279213209,-0.12279213209,0.0818614213935,0.0818614213935,0.0818614213935,0.360365757593,-12.083622011,-40.0794623136,-3.92355780977,6.83424380596,0.443115896607,1.266114
460,0.920000076,3,854000091,0.029,-1.5274,1.5288,-1.5677,-1.5541,-0.0038,0.1142,0.071,-0.2721,3.1141,-3.1256,-3.1404,0.029166432288,-1.52704667836,1.52704667836,-1.54162989451,-1.54162989451,0.029166432288,0.0821118428808,0.123167764321,-0.123167764321,0.0821118428808,0.0821118428808,0.0821118428808,1.3422584175,-14.728908079,-2.12676317619,-15.862008132,6.84878777805,0.449179550786,1.274575
461,0.921999931,3,855999946,0.0293,-1.5272,1.5279,-1.5615,-1.5604,-0.0101,0.1449,0.1355,-0.4382,3.1296,-3.1354,-3.1297,0.0293308943729,-1.52679998524,1.52679998524,-1.54146543242,-1.54146543242,0.0293308943729,0.0823621526336,0.12354322895,-0.12354322895,0.0823621526336,0.0823621526336,0.0823621526336,-0.697926179693,-19.1929886797,8.07639670159,-14.9431895622,6.77847591067,0.453226422059,1.255319
462,0.924000025,3,858000040,0.0296,-1.5267,1.5266,-1.5552,-1.5667,-0.0108,0.1827,0.2209,-0.651,3.1304,-3.1305,-0.3905,0.0294958767018,-1.52655251174,1.52655251174,-1.54130045009,-1.54130045009,0.0294958767018,0.0826124082362,0.123918612354,-0.123918612354,0.0826124082362,0.0826124082362,0.0826124082362,-3.14838702334,-25.2872715155,21.0916995689,-13.6261674168,6.6260940591,0.101422967892,2.490377
463,0.92599988,3,859999895,0.03,-1.5261,1.5249,-1.5489,-1.5721,-0.0049,0.205,0.3038,-0.859,3.1303,-2.7205,2.956,0.0296613396754,-1.52630431728,1.52630431728,-1.54113498712,-1.54113498712,0.0296613396754,0.0828625477658,0.124293821649,-0.124293821649,0.0828625477658,0.0828625477658,0.0828625477658,-4.76540771195,-31.3495673716,33.9933513944,-12.3054707575,5.64546739825,-0.334736919889,2.389811
464,0.927999973,3,861999988,0.0303,-1.5255,1.523,-1.5427,-1.5717,0.0014,0.1379,0.324,-0.9245,3.1397,0.1987,3.1395,0.0298273225847,-1.52605534292,1.52605534292,-1.54096900421,-1.54096900421,0.0298273225847,0.0831126287743,0.124668943162,-0.124668943162,0.0831126287743,0.0831126287743,0.0831126287743,-1.83928194327,-33.5430056705,38.9234782705,-11.8668974787,-0.385750994603,-0.374479606289,1.290421
465,0.930000067,3,864000082,0.0304,-1.525,1.522,-1.5415,-1.5654,0.0076,0.059,0.26,-0.5374,0.5681,3.1332,3.1398,0.0299938056725,-1.52580561829,1.52580561829,-1.54080252112,-1.54080252112,0.0299938056725,0.0833626195057,0.125043929259,-0.125043929259,0.0833626195057,0.0833626195057,0.0833626195057,0.377237431509,-31.8406678853,7.54399121892,-1.23981403482,-6.32704940771,-0.392128416294,1.247281
466,0.931999922,3,865999937,0.0305,-1.5246,1.5217,-1.5457,-1.5592,0.0139,0.0507,0.19,-0.116,-2.072,3.1224,3.1148,0.0301607686898,-1.52555517376,1.52555517376,-1.54063555811,-1.54063555811,0.0301607686898,0.0836124878758,0.125418731814,-0.125418731814,0.0836124878758,0.0836124878758,0.0836124878758,-0.565441791763,-29.068920023,-26.8673373492,9.47244315719,-6.21128808527,-0.393774644047,1.195099
467,0.934000015,3,868000030,0.0306,-1.5243,1.5221,-1.5519,-1.5529,0.0201,0.027,0.1192,0.165,-3.1194,3.1131,3.1079,0.0303282512726,-1.52530394989,1.52530394989,-1.54046807552,-1.54046807552,0.0303282512726,0.0838622913836,0.125793437075,-0.125793437075,0.0838622913836,0.0838622913836,0.0838622913836,0.434619669889,-24.9647549541,-47.5866340539,13.0406852914,-6.08605484377,-0.397942648526,1.193297
468,0.93599987,3,869999885,0.0306,-1.5243,1.5228,-1.5581,-1.5467,0.021,-0.0111,0.0385,0.3711,-3.1111,3.1047,0.4853,0.0304962133706,-1.52505200674,1.52505200674,-1.54030011342,-1.54030011342,0.0304962133706,0.0841119684838,0.126167952726,-0.126167952726,0.0841119684838,0.0841119684838,0.0841119684838,2.98150444337,-19.1994198035,-60.2103057865,11.7282440997,-5.92327449384,-0.0610364050386,2.216775
469,0.937999964,3,871999979,0.0305,-1.5244,1.524,-1.5644,-1.5405,0.0162,-0.047,-0.0506,0.5984,-3.1196,3.1016,-2.4449,0.0306646948506,-1.52479928452,1.52479928452,-1.54013163194,-1.54013163194,0.0306646948506,0.0843615766375,0.126542364956,-0.126542364956,0.0843615766375,0.0843615766375,0.0843615766375,5.33850888672,-12.7906081004,-74.291244393,10.3449143293,-5.76255618287,0.318922234973,2.305469
470,0.940000057,3,874000072,0.0305,-1.5245,1.5254,-1.5706,-1.5396,0.0099,0.0108,-0.0796,0.6902,-3.1286,0.4276,-3.1326,0.0308336753853,-1.52454581372,1.52454581372,-1.53996265141,-1.53996265141,0.0308336753853,0.0846110837879,0.126916625682,-0.126916625682,0.0846110837879,0.0846110837879,0.0846110837879,2.92251568238,-10.023991033,-80.8142289748,9.74330720806,-0.218087650649,0.422836575495,1.263492
471,0.941999912,3,875999927,0.0307,-1.5246,1.5262,-1.5731,-1.5441,0.0036,0.08,-0.0391,0.4233,-1.2285,-2.2529,-3.1347,0.031003134658,-1.52429162481,1.52429162481,-1.53979319214,-1.53979319214,0.031003134658,0.0848604583049,0.127290687457,-0.127290687457,0.0848604583049,0.0848604583049,0.0848604583049,0.855534578118,-10.5879332211,-59.0498780719,1.76512623827,5.24003984077,0.439471886727,1.251305
472,0.944000005,3,878000020,0.0309,-1.5245,1.5262,-1.5697,-1.5503,-0.0027,0.1109,0.0326,-0.0305,1.6824,-3.1189,-3.1392,0.0311731127951,-1.5240366576,1.5240366576,-1.539623214,-1.539623214,0.0311731127951,0.0851097574645,0.127664636197,-0.127664636197,0.0851097574645,0.0851097574645,0.0851097574645,0.947900749577,-12.9751228022,-21.9942502771,-10.1308881167,6.91897925125,0.449111728223,1.856603
473,0.946000099,3,880000114,0.0312,-1.5243,1.5255,-1.5634,-1.5566,-0.0089,0.1334,0.1064,-0.3535,3.1322,-3.1333,-3.1327,0.0313435895322,-1.5237809425,1.5237809425,-1.53945273726,-1.53945273726,0.0313435895322,0.0853589496317,0.128038424448,-0.128038424448,0.0853589496317,0.0853589496317,0.0853589496317,0.282338036307,-16.9371770019,2.51649278445,-15.4708159542,6.84311407224,0.453715178794,2.206632
474,0.947999954,3,881999969,0.0315,-1.5239,1.5243,-1.5572,-1.5629,-0.0101,0.1726,0.1892,-0.5596,3.129,-3.1296,-0.5968,0.031514544108,-1.52352451063,1.52352451063,-1.53928178269,-1.53928178269,0.031514544108,0.0856080028526,0.128412004279,-0.128412004279,0.0856080028526,0.0856080028526,0.0856080028526,-2.28971476434,-22.8011667188,15.0874599811,-14.1802385139,6.69486154991,0.12850051611,2.601544
475,0.950000047,3,884000062,0.0319,-1.5234,1.5228,-1.5509,-1.5692,-0.0046,0.2114,0.2833,-0.7917,3.1289,-3.1306,2.7442,0.0316860170771,-1.52326730118,1.52326730118,-1.53911030972,-1.53911030972,0.0316860170771,0.0858569744631,0.128785461695,-0.128785461695,0.0858569744631,0.0858569744631,0.0858569744631,-4.79341861922,-29.5294690082,29.2920203662,-12.7230461747,6.53907271793,-0.304637926624,3.764708
476,0.951999902,3,885999917,0.0323,-1.5227,1.5209,-1.5447,-1.5711,0.0016,0.1778,0.3344,-0.9312,3.1326,-0.9799,3.1393,0.0318579674065,-1.52300937569,1.52300937569,-1.53893835939,-1.53893835939,0.0318579674065,0.0861058031473,0.129158704721,-0.129158704721,0.0861058031473,0.0861058031473,0.0861058031473,-3.71108713564,-33.7666365494,38.4773090798,-11.7931681048,2.03279404156,-0.367591443781,1.203723
477,0.953999996,3,888000011,0.0325,-1.5221,1.5193,-1.5409,-1.5671,0.0079,0.1031,0.3138,-0.7762,1.8687,2.0072,3.1404,0.0320304358809,-1.52275067297,1.52275067297,-1.53876589091,-1.53876589091,0.0320304358809,0.0863545461954,0.129531819293,-0.129531819293,0.0863545461954,0.0863545461954,0.0863545461954,-1.04438615768,-34.1197302445,25.7111282853,-6.30363219072,-4.08462750033,-0.384827901343,1.225334
478,0.956000089,3,890000104,0.0326,-1.5216,1.5186,-1.5424,-1.5608,0.0142,0.0689,0.249,-0.3749,-0.7393,3.1268,3.1253,0.032203401661,-1.5224912243,1.5224912243,-1.53859292513,-1.53859292513,0.032203401661,0.086603171683,0.129904757524,-0.129904757524,0.086603171683,0.086603171683,0.086603171683,-0.847359536832,-31.9821805762,-7.06423445853,4.38255051959,-6.30032916654,-0.392601913596,1.220467
479,0.957999944,3,891999959,0.0327,-1.5212,1.5187,-1.5487,-1.5546,0.0204,0.0528,0.1706,0.0455,-3.1259,3.1164,3.1127,0.0323768439254,-1.52223106091,1.52223106091,-1.53841948287,-1.53841948287,0.0323768439254,0.0868516481186,0.130277472178,-0.130277472178,0.0868516481186,0.0868516481186,0.0868516481186,-1.11157731474,-28.4312832696,-40.6778850985,13.8462759241,-6.16057829435,-0.396041597099,1.248160
480,0.960000038,3,894000053,0.0328,-1.521,1.5191,-1.5549,-1.5483,0.0218,0.0183,0.0981,0.2328,-3.1184,3.1051,0.7279,0.0325508038024,-1.52197012109,1.52197012109,-1.53824552299,-1.53824552299,0.0325508038024,0.0871000327202,0.13065004908,-0.13065004908,0.0871000327202,0.0871000327202,0.0871000327202,1.17265366247,-23.3281793276,-52.1187995426,12.6727120769,-6.01276071991,-0.0899893620883,2.579770
481,0.961999893,3,895999908,0.0327,-1.521,1.5201,-1.5611,-1.5421,0.0175,-0.0208,0.009,0.4592,-3.1211,3.0987,-2.1513,0.0327252394725,-1.52170846759,1.52170846759,-1.53807108732,-1.53807108732,0.0327252394725,0.0873482640828,0.131022396124,-0.131022396124,0.0873482640828,0.0873482640828,0.0873482640828,3.782252141,-16.9565368319,-66.0684197382,11.2705053879,-5.83911171025,0.283036317647,2.565730
482,0.963999986,3,898000001,0.0327,-1.5211,1.5213,-1.5674,-1.5391,0.0113,-0.0047,-0.0539,0.6267,-3.1206,1.4947,-3.1323,0.032900192292,-1.52144603836,1.52144603836,-1.5378961345,-1.5378961345,0.032900192292,0.0875963993738,0.131394599061,-0.131394599061,0.0875963993738,0.0875963993738,0.0875963993738,3.56182211132,-12.0052329474,-76.8248763916,10.1686813896,-2.43314938092,0.419390679757,1.999011
483,0.96600008,3,900000095,0.0328,-1.5212,1.5225,-1.5722,-1.5415,0.005,0.0559,-0.0566,0.5815,-2.4313,-1.1823,-3.1331,0.0330756413657,-1.52118286475,1.52118286475,-1.53772068543,-1.53772068543,0.0330756413657,0.0878444071317,0.131766610698,-0.131766610698,0.0878444071317,0.0878444071317,0.0878444071317,1.39017800942,-10.4967532285,-72.6477178426,6.90678793622,3.09210068222,0.435001972546,1.284401
484,0.967999935,3,901999950,0.033,-1.5212,1.5228,-1.5713,-1.5477,-0.0013,0.1077,0.0089,0.1511,0.4548,-3.0848,-3.1369,0.0332515652947,-1.52091897885,1.52091897885,-1.5375447615,-1.5375447615,0.0332515652947,0.0880922555878,0.132138383382,-0.132138383382,0.0880922555878,0.0880922555878,0.0880922555878,0.652745744283,-12.2065189775,-37.3619562131,-5.01958483084,6.91658506958,0.448920106905,1.494258
485,0.970000028,3,904000043,0.0333,-1.5211,1.5222,-1.5651,-1.5539,-0.0076,0.1203,0.0815,-0.2878,3.139,-3.1223,-3.1392,0.0334280057784,-1.52065431813,1.52065431813,-1.53736832102,-1.53736832102,0.0334280057784,0.0883400018298,0.132510002745,-0.132510002745,0.0883400018298,0.0883400018298,0.0883400018298,1.3637836764,-15.0152128877,-1.64591025351,-15.8692212912,6.89192583663,0.454698916146,1.278980
486,0.971999883,3,905999898,0.0336,-1.5208,1.5213,-1.5588,-1.5602,-0.0093,0.1526,0.1489,-0.459,3.1331,-3.1362,-0.8896,0.0336049205603,-1.52038894595,1.52038894595,-1.53719140623,-1.53719140623,0.0336049205603,0.0885875848728,0.132881377309,-0.132881377309,0.0885875848728,0.0885875848728,0.0885875848728,-0.739246069791,-19.7241188418,8.7735890457,-14.8109110633,6.81573401738,0.166557497322,2.200250
487,0.973999977,3,907999992,0.034,-1.5203,1.5199,-1.5525,-1.5664,-0.0045,0.189,0.236,-0.675,3.131,-3.1309,2.4237,0.0337823515686,-1.52012279944,1.52012279944,-1.53701397523,-1.53701397523,0.0337823515686,0.088835061749,0.133252592623,-0.133252592623,0.088835061749,0.088835061749,0.088835061749,-3.0941696252,-25.9443451601,21.989855478,-13.4546953931,6.65981066846,-0.262739474956,2.478724
488,0.97600007,3,910000085,0.0343,-1.5197,1.5182,-1.5463,-1.5704,0.0018,0.1883,0.311,-0.8697,3.131,-1.9747,3.1388,0.0339602773273,-1.5198559108,1.5198559108,-1.53683604947,-1.53683604947,0.0339602773273,0.0890824007216,0.133623601082,-0.133623601082,0.0890824007216,0.0890824007216,0.0890824007216,-3.59822909817,-31.6139110253,34.2364376773,-12.1852862463,4.16469311467,-0.362289142639,1.375501
489,0.977999925,3,911999940,0.0346,-1.519,1.5164,-1.5403,-1.5684,0.0081,0.1203,0.3259,-0.9074,2.9876,0.9814,3.1385,0.0341386763871,-1.51958831221,1.51958831221,-1.53665765041,-1.53665765041,0.0341386763871,0.0893295704946,0.133994355742,-0.133994355742,0.0893295704946,0.0893295704946,0.0893295704946,-0.735296697253,-33.5995225981,36.9432142168,-11.1523142764,-1.94676547621,-0.378522727418,1.348260
490,0.980000019,3,914000034,0.0347,-1.5185,1.5153,-1.5395,-1.5622,0.0143,0.0627,0.2649,-0.5211,0.4039,3.1316,3.1329,0.034317591018,-1.51931994027,1.51931994027,-1.53647873578,-1.53647873578,0.034317591018,0.0895766280134,0.13436494202,-0.13436494202,0.0895766280134,0.0895766280134,0.0895766280134,0.478071352313,-31.9436201615,5.44976709827,-0.482789137243,-6.28520075972,-0.391892437682,1.257610
491,0.981999874,3,915999889,0.0348,-1.5181,1.5151,-1.5439,-1.5559,0.0206,0.0544,0.1936,-0.0967,-2.2295,3.1208,3.114,0.0344969781759,-1.51905085953,1.51905085953,-1.53629934862,-1.53629934862,0.0344969781759,0.0898235122296,0.134735268344,-0.134735268344,0.0898235122296,0.0898235122296,0.0898235122296,-0.463956865517,-29.069743532,-29.1541412637,10.1762394039,-6.16823054082,-0.394341958312,1.369657
492,0.983999967,3,917999982,0.0349,-1.5179,1.5155,-1.5502,-1.5497,0.0227,0.0295,0.1233,0.1693,-3.1177,3.1117,1.0724,0.0346768803577,-1.51878100626,1.51878100626,-1.53611944644,-1.53611944644,0.0346768803577,0.0900702800284,0.135105420043,-0.135105420043,0.0900702800284,0.0900702800284,0.0900702800284,0.665410885952,-24.8445764176,-48.4259916532,13.0373324567,-6.03498033805,-0.13294254068,2.248285
493,0.986000061,3,920000076,0.0349,-1.5178,1.5162,-1.5564,-1.5434,0.0192,-0.006,0.0424,0.3784,-3.1238,3.1011,-1.7617,0.0348572760409,-1.51851041273,1.51851041273,-1.53593905075,-1.53593905075,0.0348572760409,0.0903169001462,0.135475350219,-0.135475350219,0.0903169001462,0.0903169001462,0.0903169001462,3.00681553023,-19.1074433083,-61.2936665602,11.776915856,-5.87222282072,0.233973197779,2.393180
494,0.987999916,3,921999931,0.0348,-1.5178,1.5174,-1.5627,-1.5385,0.0129,-0.0211,-0.0396,0.5922,-3.1178,2.4691,-3.1314,0.0350381431933,-1.518239112,1.518239112,-1.5357581836,-1.5357581836,0.0350381431933,0.0905633410235,0.135845011535,-0.135845011535,0.0905633410235,0.0905633410235,0.0905633410235,4.34749285376,-13.0763521957,-74.6476512323,10.3794777829,-4.43432879003,0.415967010077,2.350491
495,0.990000009,3,924000024,0.0349,-1.518,1.5188,-1.5689,-1.5389,0.0066,0.0372,-0.0663,0.6764,-3.1273,-0.1956,-3.1319,0.0352195246531,-1.51796703982,1.51796703982,-1.53557680214,-1.53557680214,0.0352195246531,0.0908096594516,0.136214489177,-0.136214489177,0.0908096594516,0.0908096594516,0.0908096594516,1.88635514528,-10.4162391118,-80.7160949054,9.8312010487,1.09499701821,0.431048248992,1.184706
496,0.992000103,3,926000118,0.0351,-1.518,1.5195,-1.571,-1.5446,0.0004,0.1069,-0.0207,0.3815,-1.0695,-2.8616,-3.1348,0.0354013987103,-1.51769422873,1.51769422873,-1.53539492808,-1.53539492808,0.0354013987103,0.0910558242307,0.136583736346,-0.136583736346,0.0910558242307,0.0910558242307,0.0910558242307,-0.121737315697,-11.2432956001,-56.7020408215,1.2324359719,6.52343512428,0.447787856164,1.203063
497,0.993999958,3,927999973,0.0354,-1.5179,1.5194,-1.5673,-1.5508,-0.0059,0.1219,0.0501,-0.075,1.8654,-3.1198,-3.14,0.0355837431436,-1.51742071208,1.51742071208,-1.53521258365,-1.53521258365,0.0355837431436,0.0913018038689,0.136952705803,-0.136952705803,0.0913018038689,0.0913018038689,0.0913018038689,0.688843179879,-13.6811879739,-19.2766191437,-10.7441191131,6.95747626324,0.454841333328,1.250158
498,0.996000051,3,930000066,0.0356,-1.5177,1.5186,-1.5611,-1.5571,-0.0085,0.146,0.1236,-0.381,3.1318,-3.1318,-1.3084,0.0357666011314,-1.5171464251,1.5171464251,-1.53502972566,-1.53502972566,0.0357666011314,0.0915476550593,0.137321482589,-0.137321482589,0.0915476550593,0.0915476550593,0.0915476550593,-0.114829488634,-17.7521221018,3.60022900779,-15.2600350647,6.87060119755,0.221282568919,2.239544
499,0.997999906,3,931999921,0.036,-1.5173,1.5175,-1.5548,-1.5634,-0.0046,0.183,0.2063,-0.5883,3.1225,-3.1299,1.979,0.0359499288384,-1.51687143354,1.51687143354,-1.53484639796,-1.53484639796,0.0359499288384,0.091793317319,0.137689975979,-0.137689975979,0.091793317319,0.091793317319,0.091793317319,-2.53267859142,-23.6000974274,16.200019603,-13.9352630952,6.72715197158,-0.204154891904,2.263759
500,1,3,934000015,0.0364,-1.5167,1.5158,-1.5485,-1.5691,0.0017,0.2123,0.299,-0.8195,3.1284,-2.8862,3.139,0.0361337696702,-1.51659567229,1.51659567229,-1.53466255712,-1.53466255712,0.0361337696702,0.0920388472731,0.13805827091,-0.13805827091,0.0920388472731,0.0920388472731,0.0920388472731,-4.55162673312,-30.3270771118,30.4730151813,-12.4953607302,6.07988484908,-0.356847980341,2.333272
501,1.002000093,3,936000108,0.0368,-1.516,1.5139,-1.5423,-1.5694,0.008,0.1653,0.3431,-0.9472,3.137,-0.1515,3.137,0.0363181013294,-1.5163191748,1.5163191748,-1.53447822547,-1.53447822547,0.0363181013294,0.092284213465,0.138426320197,-0.138426320197,0.092284213465,0.092284213465,0.092284213465,-2.93797659705,-34.1682675151,39.0687757291,-11.6441362719,0.368479796372,-0.371143323364,1.216139
502,1.003999948,3,937999963,0.0369,-1.5153,1.5124,-1.5388,-1.5637,0.0143,0.0827,0.3159,-0.7625,1.7218,2.8604,3.1403,0.0365029015565,-1.51604197446,1.51604197446,-1.53429342524,-1.53429342524,0.0365029015565,0.0925293848879,0.138794077332,-0.138794077332,0.0925293848879,0.0925293848879,0.0925293848879,0.238362055869,-34.2338745581,23.9836718656,-5.57620709171,-5.78837875886,-0.389041643168,1.113263
503,1.006000042,3,940000057,0.0371,-1.5148,1.5117,-1.5406,-1.5575,0.0205,0.0711,0.2541,-0.3623,-0.8776,3.1243,3.1173,0.0366882140968,-1.51576400565,1.51576400565,-1.5341081127,-1.5341081127,0.0366882140968,0.0927744180618,0.139161627093,-0.139161627093,0.0927744180618,0.0927744180618,0.0927744180618,-0.634327622461,-32.1175461892,-8.85771177718,5.04035893157,-6.25433889632,-0.391911083165,1.268045
504,1.007999897,3,941999912,0.0372,-1.5145,1.5118,-1.5468,-1.5512,0.0236,0.0535,0.1747,0.0468,-3.1244,3.1139,1.5471,0.0368739943257,-1.51548533531,1.51548533531,-1.53392233247,-1.53392233247,0.0368739943257,0.0930192524729,0.139528878709,-0.139528878709,0.0930192524729,0.0930192524729,0.0930192524729,-0.750843913888,-28.3410446402,-41.3025165535,13.866287854,-6.10743984657,-0.19210078933,2.310368
505,1.00999999,3,944000005,0.0372,-1.5143,1.5123,-1.5531,-1.545,0.0211,0.0186,0.1001,0.239,-3.1103,3.1059,-1.244,0.0370602862137,-1.51520589747,1.51520589747,-1.53373604058,-1.53373604058,0.0370602862137,0.0932639445689,0.139895916853,-0.139895916853,0.0932639445689,0.0932639445689,0.0932639445689,1.58233357824,-23.0810711325,-53.0451352301,12.6254908771,-5.95926811902,0.168751207666,2.279216
506,1.012000084,3,946000099,0.0372,-1.5143,1.5132,-1.5593,-1.5387,0.0148,-0.0189,0.0096,0.4687,-3.1151,3.1018,-3.133,0.037247067429,-1.51492572565,1.51492572565,-1.53354925937,-1.53354925937,0.037247067429,0.0935084633783,0.140262695067,-0.140262695067,0.0935084633783,0.0935084633783,0.0935084633783,4.05465046776,-16.5914798246,-67.1804264287,11.2130580239,-5.79724310266,0.414913318256,2.555131
507,1.013999939,3,947999954,0.0372,-1.5143,1.5144,-1.5655,-1.5373,0.0086,0.0215,-0.0452,0.6249,-3.1239,0.727,-3.1306,0.037434315123,-1.51464485411,1.51464485411,-1.53336201167,-1.53336201167,0.037434315123,0.0937527776494,0.140629166474,-0.140629166474,0.0937527776494,0.0937527776494,0.0937527776494,2.64171044896,-12.0896852956,-77.4504887486,10.1950807586,-0.818563202752,0.427686438985,1.287703
508,1.016000032,3,950000047,0.0374,-1.5144,1.5156,-1.5701,-1.5411,0.0023,0.0824,-0.0442,0.556,-2.296,-1.9342,-3.1325,0.0376220736044,-1.51436321639,1.51436321639,-1.53317425319,-1.53317425319,0.0376220736044,0.0939969437175,0.140995415576,-0.140995415576,0.0939969437175,0.0939969437175,0.0939969437175,0.495343644008,-10.7164794705,-71.3717462034,6.38233921898,4.67769619594,0.443484573617,1.227648
509,1.017999887,3,951999902,0.0376,-1.5144,1.5158,-1.5689,-1.5473,-0.004,0.1148,0.0189,0.1247,0.6146,-3.0981,-3.1374,0.0378102978324,-1.51408088005,1.51408088005,-1.53298602896,-1.53298602896,0.0378102978324,0.09424090154,0.14136135231,-0.14136135231,0.09424090154,0.09424090154,0.09424090154,0.667972298736,-12.3920764663,-35.7950394141,-5.63308112152,6.99190528839,0.454266476245,1.252350
510,1.019999981,3,953999996,0.0379,-1.5142,1.5152,-1.5626,-1.5536,-0.0077,0.1289,0.0921,-0.2998,3.1373,-3.1233,-1.86,0.0379990323418,-1.51379777828,1.51379777828,-1.53279729445,-1.53279729445,0.0379990323418,0.0944847073747,0.141727061062,-0.141727061062,0.0944847073747,0.0944847073747,0.0944847073747,1.21088084056,-15.4075037467,-1.51213160274,-15.7596447876,6.93664547855,0.292987697021,2.230172
511,1.022000074,3,956000089,0.0382,-1.5139,1.5142,-1.5564,-1.5599,-0.0049,0.1605,0.1615,-0.4767,3.1307,-3.135,1.4147,0.0381882542083,-1.51351394548,1.51351394548,-1.53260807259,-1.53260807259,0.0381882542083,0.0947283300076,0.142092495011,-0.142092495011,0.0947283300076,0.0947283300076,0.0947283300076,-0.805840778403,-20.2504070557,9.26837669025,-14.6543267406,6.85093856398,-0.130376673186,2.279350
512,1.023999929,3,957999944,0.0386,-1.5134,1.5129,-1.5501,-1.5661,0.0014,0.1956,0.2502,-0.696,3.1306,-3.1308,3.1384,0.0383779405547,-1.51322941596,1.51322941596,-1.53241838624,-1.53241838624,0.0383779405547,0.0949717386813,0.142457608022,-0.142457608022,0.0949717386813,0.0949717386813,0.0949717386813,-3.08548333768,-26.5963456322,22.6598661858,-13.2877548128,6.70420655708,-0.354973467055,2.201510
513,1.026000023,3,960000038,0.0389,-1.5128,1.5111,-1.5438,-1.5687,0.0077,0.1768,0.3191,-0.8823,3.1329,-1.2623,3.1369,0.038568136253,-1.51294412242,1.51294412242,-1.53222819054,-1.53222819054,0.038568136253,0.0952149895347,0.142822484302,-0.142822484302,0.0952149895347,0.0952149895347,0.0952149895347,-2.80365915816,-31.9680826909,34.5667206998,-12.0533972948,2.74537024215,-0.365058698696,1.260058
514,1.027999878,3,961999893,0.0391,-1.5121,1.5093,-1.5381,-1.5652,0.014,0.1052,0.3306,-0.8987,2.8615,1.7273,3.139,0.0387587954729,-1.51265813359,1.51265813359,-1.53203753132,-1.53203753132,0.0387587954729,0.0954580225191,0.143187033779,-0.143187033779,0.0954580225191,0.0954580225191,0.0954580225191,0.259876588594,-33.8370878186,35.5544652292,-10.5025330019,-3.43491003095,-0.381889841053,2.237165
515,1.029999971,3,963999986,0.0393,-1.5115,1.5083,-1.5375,-1.5589,0.0202,0.0685,0.2727,-0.5169,0.2906,3.1296,3.1255,0.0389499633099,-1.51237138183,1.51237138183,-1.53184636348,-1.53184636348,0.0389499633099,0.0957008936919,0.143551340538,-0.143551340538,0.0957008936919,0.0957008936919,0.0957008936919,0.452698426637,-32.25311709,4.20959020136,0.0987885617258,-6.24964079313,-0.39086188577,2.146408
516,1.032000065,3,966000080,0.0394,-1.5111,1.5081,-1.5422,-1.5527,0.0245,0.0591,0.2012,-0.0914,-2.3284,3.1198,2.1318,0.0391416168155,-1.51208390157,1.51208390157,-1.53165470998,-1.53165470998,0.0391416168155,0.0959435723331,0.1439153585,-0.1439153585,0.0959435723331,0.0959435723331,0.0959435723331,-0.419655451973,-29.367595366,-30.4226660462,10.684184962,-6.12714216522,-0.266084158655,2.287291
517,1.03399992,3,967999935,0.0395,-1.5109,1.5084,-1.5484,-1.5464,0.0232,0.0337,0.1303,0.1672,-3.1257,3.1069,-0.6251,0.0393337325185,-1.51179572802,1.51179572802,-1.53146259428,-1.53146259428,0.0393337325185,0.0961860274546,0.144279041182,-0.144279041182,0.0961860274546,0.0961860274546,0.0961860274546,0.780828436788,-25.0184819049,-48.9086936648,13.1326030029,-5.98382435996,0.0898440071335,2.475921
518,1.036000013,3,970000028,0.0395,-1.5108,1.5092,-1.5547,-1.5402,0.0169,-0.0004,0.0486,0.3768,-3.1195,3.1017,-3.1318,0.0395263558504,-1.51150679302,1.51150679302,-1.53126997094,-1.53126997094,0.0395263558504,0.0964283149875,0.144642472481,-0.144642472481,0.0964283149875,0.0964283149875,0.0964283149875,3.02503914862,-19.2008746996,-61.7979465465,11.8046495821,-5.83439416202,0.416073890101,2.203106
519,1.037999868,3,971999883,0.0395,-1.5108,1.5103,-1.5609,-1.5366,0.0107,0.0061,-0.0275,0.5815,-3.119,1.7982,-3.1304,0.0397194405743,-1.51121716593,1.51121716593,-1.53107688622,-1.53107688622,0.0397194405743,0.0966703753755,0.145005563063,-0.145005563063,0.0966703753755,0.0966703753755,0.0966703753755,3.27035873115,-13.4261283764,-74.7302072892,10.4639339402,-3.03002939083,0.423829810776,1.466080
520,1.039999962,3,973999977,0.0396,-1.5109,1.5117,-1.5672,-1.5383,0.0044,0.0639,-0.0528,0.6611,-3.1256,-0.8542,-3.1314,0.0399130323461,-1.51092677828,1.51092677828,-1.53088329445,-1.53088329445,0.0399130323461,0.0969122644632,0.145368396695,-0.145368396695,0.0969122644632,0.0969122644632,0.0969122644632,0.852974123962,-10.89422614,-80.5174282618,9.93471912755,2.48433475787,0.438968673684,1.275318
521,1.042000055,3,976000070,0.0398,-1.511,1.5124,-1.5691,-1.5444,-0.0019,0.1211,-0.0067,0.3512,-0.9565,-3.0599,-3.1353,0.0401071076198,-1.51063566537,1.51063566537,-1.53068921918,-1.53068921918,0.0401071076198,0.0971539513023,0.145730926953,-0.145730926953,0.0971539513023,0.0971539513023,0.0971539513023,-0.498962829656,-11.7225417586,-55.1397925626,0.886301864371,6.97232267713,0.45388494338,1.444949
522,1.04399991,3,977999925,0.0401,-1.5108,1.5121,-1.5651,-1.5507,-0.0069,0.1313,0.0646,-0.1101,2.0057,-3.1225,-2.5001,0.0403016429058,-1.51034386244,1.51034386244,-1.53049468389,-1.53049468389,0.0403016429058,0.0973954054077,0.146093108112,-0.146093108112,0.0973954054077,0.0973954054077,0.0973954054077,0.560232880533,-14.2455980895,-17.2500736635,-11.1895540686,7.00240809954,0.376509681664,1.234711
523,1.046000004,3,980000019,0.0404,-1.5106,1.5113,-1.5588,-1.5569,-0.0054,0.1561,0.1382,-0.4027,3.1354,-3.1318,0.7493,0.0404966841947,-1.5100513005,1.5100513005,-1.5302996426,-1.5302996426,0.0404966841947,0.097636682491,0.146455023737,-0.146455023737,0.097636682491,0.097636682491,0.097636682491,-0.363650032804,-18.4291585916,4.34078432596,-15.1025704341,6.90405305962,-0.042832546439,2.259989
524,1.048000097,3,982000112,0.0408,-1.5101,1.5101,-1.5525,-1.5632,0.0009,0.1933,0.2205,-0.6106,3.125,-3.1306,3.1393,0.0406922077551,-1.50975801516,1.50975801516,-1.53010411904,-1.53010411904,0.0406922077551,0.0978777516884,0.146816627533,-0.146816627533,0.0978777516884,0.0978777516884,0.0978777516884,-2.81293444761,-24.274153105,17.001593499,-13.7647834903,6.76456367821,-0.35360776534,2.300321
525,1.049999952,3,983999967,0.0412,-1.5095,1.5084,-1.5463,-1.5677,0.0072,0.2008,0.3091,-0.8369,3.1312,-2.2603,3.1378,0.0408881899147,-1.50946404192,1.50946404192,-1.52990813688,-1.52990813688,0.0408881899147,0.0981185826005,0.147177873901,-0.147177873901,0.0981185826005,0.0981185826005,0.0981185826005,-3.70192942078,-30.8587978584,31.099540652,-12.3259069284,4.84296395616,-0.359013598652,1.213920
526,1.052000046,3,986000061,0.0415,-1.5088,1.5065,-1.54,-1.5664,0.0135,0.1398,0.3499,-0.9573,3.1342,0.6795,3.1386,0.041084676998,-1.5091693113,1.5091693113,-1.5297116498,-1.5297116498,0.041084676998,0.0983592308022,0.147538846203,-0.147538846203,0.0983592308022,0.0983592308022,0.0983592308022,-1.16832026039,-34.5390456587,39.287063885,-11.4851272393,-1.27961859711,-0.374820374984,1.203456
527,1.053999901,3,987999916,0.0416,-1.5081,1.505,-1.5368,-1.5601,0.0197,0.079,0.3214,-0.7547,1.607,3.1372,3.1385,0.0412816216219,-1.50887389436,1.50887389436,-1.52951470517,-1.52951470517,0.0412816216219,0.0985996369183,0.147899455377,-0.147899455377,0.0985996369183,0.0985996369183,0.0985996369183,0.71996185976,-34.4544983776,22.6274120137,-4.98885669462,-6.31806426577,-0.38966311639,1.373162
528,1.055999994,3,990000009,0.0418,-1.5076,1.5043,-1.5388,-1.5538,0.0254,0.0734,0.259,-0.353,-0.9838,3.123,2.8187,0.0414790703322,-1.5085777213,1.5085777213,-1.52931725646,-1.52931725646,0.0414790703322,0.0988398564302,0.148259784645,-0.148259784645,0.0988398564302,0.0988398564302,0.0988398564302,-0.395471362254,-32.2203901591,-10.3219302138,5.56584247651,-6.21083758894,-0.352651014741,1.283133
529,1.058000087,3,992000102,0.0419,-1.5073,1.5044,-1.545,-1.5476,0.0256,0.0543,0.1787,0.0484,-3.1301,3.1115,0.0924,0.0416769992871,-1.50828082786,1.50828082786,-1.52911932751,-1.52911932751,0.0416769992871,0.0990798588592,0.148619788289,-0.148619788289,0.0990798588592,0.0990798588592,0.0990798588592,-0.372996724472,-28.2955818413,-41.9550506705,13.9321746231,-6.0537363173,-0.0016284759994,2.453421
530,1.059999943,3,993999958,0.0419,-1.5071,1.5049,-1.5513,-1.5414,0.0201,0.021,0.1033,0.2445,-3.1228,3.1018,-2.7141,0.0418753845118,-1.50798325003,1.50798325003,-1.52892094228,-1.52892094228,0.0418753845118,0.0993196139534,0.14897942093,-0.14897942093,0.0993196139534,0.0993196139534,0.0993196139534,1.83558250185,-22.9795297804,-53.9660028197,12.6986099703,-5.90342413185,0.36301520572,2.252492
531,1.062000036,3,996000051,0.0419,-1.507,1.5058,-1.5575,-1.5358,0.0139,-0.004,0.0147,0.4716,-3.1175,2.7765,-3.1307,0.0420742725872,-1.50768491791,1.50768491791,-1.52872205421,-1.52872205421,0.0420742725872,0.0995591766912,0.149338765037,-0.149338765037,0.0995591766912,0.0995591766912,0.0995591766912,3.65726880205,-16.5630378555,-67.9860309259,11.234887505,-5.09278481315,0.420227474933,1.203904
532,1.063999891,3,997999906,0.042,-1.5071,1.5071,-1.5638,-1.5355,0.0076,0.0442,-0.037,0.6209,-3.1239,0.1595,-3.1295,0.0422736158361,-1.50738590304,1.50738590304,-1.52852271096,-1.52852271096,0.0422736158361,0.0997984883356,0.149697732503,-0.149697732503,0.0997984883356,0.0997984883356,0.0997984883356,1.82649806425,-12.1765178391,-77.9087884442,10.2385538351,0.38463650723,0.434381881671,1.215607
533,1.065999985,4,0,0.0422,-1.5072,1.5081,-1.5681,-1.5404,0.0013,0.1053,-0.0326,0.5328,-2.1843,-2.4863,-3.1319,0.0424734613584,-1.50708613476,1.50708613476,-1.52832286544,-1.52832286544,0.0424734613584,0.100037604127,0.15005640619,-0.15005640619,0.100037604127,0.100037604127,0.100037604127,-0.269742476903,-10.9470267768,-70.2382052494,5.98533676868,5.85200694792,0.450267386383,1.244743
534,1.06799984,4,1999855,0.0425,-1.5071,1.5083,-1.5666,-1.5467,-0.005,0.1239,0.0296,0.0982,0.7569,-3.1089,-3.1384,0.0426737609427,-1.50678568538,1.50678568538,-1.52812256585,-1.52812256585,0.0426737609427,0.100276465083,0.150414697624,-0.150414697624,0.100276465083,0.100276465083,0.100276465083,0.516660503885,-12.6875290488,-34.2724159041,-6.14614622021,7.05744369319,0.458883175666,1.211686
535,1.070000171,4,4000186,0.0427,-1.5069,1.5077,-1.5603,-1.5529,-0.0056,0.1393,0.1035,-0.3141,3.1384,-3.1227,-0.3488,0.0428745858317,-1.50648444805,1.50648444805,-1.52792174096,-1.52792174096,0.0428745858317,0.10051515473,0.150772732095,-0.150772732095,0.10051515473,0.10051515473,0.10051515473,0.954029203093,-15.8630505412,-1.21933755073,-15.6360737882,6.97188444843,0.100170265219,2.334122
536,1.072000026,4,6000041,0.0431,-1.5066,1.5067,-1.5541,-1.5592,0.0003,0.1707,0.1756,-0.4948,3.1304,-3.1333,2.9667,0.0430758399906,-1.50618256681,1.50618256681,-1.5277204868,-1.5277204868,0.0430758399906,0.100753557643,0.151130336465,-0.151130336465,0.100753557643,0.100753557643,0.100753557643,-1.06706023617,-20.9139999576,9.76818606828,-14.4982948038,6.88097442577,-0.330271564462,2.405453
537,1.073999882,4,7999897,0.0435,-1.506,1.5053,-1.5478,-1.5655,0.0066,0.2059,0.2633,-0.7156,3.1216,-3.1305,3.1395,0.0432775707903,-1.50587997061,1.50587997061,-1.527518756,-1.527518756,0.0432775707903,0.100991728944,0.151487593416,-0.151487593416,0.100991728944,0.100991728944,0.100991728944,-3.38919704096,-27.2050637593,23.2617905637,-13.0731939911,6.74288067052,-0.354265952468,1.250863
538,1.076000213,4,10000228,0.0438,-1.5054,1.5035,-1.5416,-1.5669,0.0128,0.1662,0.3287,-0.8956,3.1303,-0.7345,3.1382,0.0434798257491,-1.50557658817,1.50557658817,-1.52731650105,-1.52731650105,0.0434798257491,0.101229723179,0.151844584768,-0.151844584768,0.101229723179,0.101229723179,0.101229723179,-1.93965404,-32.4677566305,34.9032692003,-11.8853071009,1.71245794823,-0.366848972393,1.223648
539,1.078000068,4,12000083,0.044,-1.5047,1.5017,-1.5361,-1.5624,0.0191,0.0965,0.3367,-0.8933,2.7485,2.2869,3.1391,0.0436825082415,-1.50527256443,1.50527256443,-1.52711381855,-1.52711381855,0.0436825082415,0.101467425385,0.152201138078,-0.152201138078,0.101467425385,0.101467425385,0.101467425385,0.88602395954,-34.1698639337,34.3852221513,-9.89318723815,-4.54157344193,-0.383673927478,2.237811
540,1.079999923,4,13999938,0.0442,-1.5041,1.5007,-1.5357,-1.5561,0.0254,0.0741,0.281,-0.5142,0.1894,3.1279,3.121,0.043885665867,-1.50496782799,1.50496782799,-1.52691066093,-1.52691066093,0.043885665867,0.101704890411,0.152557335617,-0.152557335617,0.101704890411,0.101704890411,0.101704890411,0.443532476159,-32.6076268226,3.13978258852,0.644857250542,-6.20806092185,-0.389611479208,1.235785
541,1.081999779,4,15999794,0.0443,-1.5037,1.5005,-1.5405,-1.5498,0.0265,0.0635,0.2077,-0.087,-2.4154,3.1169,0.5808,0.0440892982514,-1.50466237942,1.50466237942,-1.52670702854,-1.52670702854,0.0440892982514,0.101942116568,0.152913174852,-0.152913174852,0.101942116568,0.101942116568,0.101942116568,-0.367999440141,-29.5773037799,-31.5393660349,11.1496661499,-6.07416494739,-0.0629646010369,2.272187
542,1.08400011,4,18000125,0.0444,-1.5034,1.5008,-1.5468,-1.5436,0.0222,0.0371,0.1363,0.1646,-3.1251,3.106,-2.1711,0.0442934533485,-1.50435614677,1.50435614677,-1.52650287345,-1.52650287345,0.0442934533485,0.102179158192,0.153268737289,-0.153268737289,0.102179158192,0.102179158192,0.102179158192,0.951829477381,-25.1546363171,-49.3093939673,13.2011993295,-5.93259851698,0.294069208732,2.294575
543,1.085999965,4,19999980,0.0444,-1.5033,1.5016,-1.553,-1.5374,0.0159,0.0051,0.0541,0.3764,-3.1212,3.1007,-3.1311,0.0444980336149,-1.50404927637,1.50404927637,-1.52629829318,-1.52629829318,0.0444980336149,0.102415900789,0.153623851183,-0.153623851183,0.102415900789,0.102415900789,0.102415900789,3.07078029892,-19.2872634078,-62.3506049164,11.8658430212,-5.79154384385,0.420299758249,1.265294
544,1.08799982,4,21999835,0.0444,-1.5034,1.5027,-1.5592,-1.5348,0.0096,0.0262,-0.0174,0.5736,-3.1189,1.3012,-3.1295,0.0447030870882,-1.50374169616,1.50374169616,-1.52609323971,-1.52609323971,0.0447030870882,0.102652398997,0.153978598495,-0.153978598495,0.102652398997,0.102652398997,0.102652398997,2.61543188705,-13.6878873239,-74.9207363342,10.542883206,-1.97033544699,0.430381945213,1.263135
545,1.090000152,4,24000167,0.0446,-1.5035,1.504,-1.5655,-1.5374,0.0034,0.0838,-0.0424,0.6497,-3.124,-1.3357,-3.1315,0.0449086623555,-1.50343333326,1.50343333326,-1.52588766444,-1.52588766444,0.0449086623555,0.102888707345,0.154333061017,-0.154333061017,0.102888707345,0.102888707345,0.102888707345,0.1782634361,-11.1566797508,-80.4598825603,10.0329710228,3.51797344819,0.445570733573,1.314104
546,1.092000007,4,26000022,0.0449,-1.5035,1.5047,-1.5672,-1.5436,-0.0029,0.1284,0.0043,0.3261,-0.8527,-3.07,-3.1356,0.0451146608797,-1.50312433548,1.50312433548,-1.52568166592,-1.52568166592,0.0451146608797,0.103124711343,0.154687067014,-0.154687067014,0.103124711343,0.103124711343,0.103124711343,-0.555620416087,-12.0832276848,-53.8341067918,0.573081798163,7.03857823888,0.458460467623,1.322181
547,1.093999862,4,27999877,0.0451,-1.5033,1.5044,-1.5629,-1.5498,-0.0047,0.1391,0.0771,-0.1404,2.1284,-3.1196,-0.9162,0.0453211311282,-1.5028146301,1.5028146301,-1.52547519567,-1.52547519567,0.0453211311282,0.103360465587,0.155040698381,-0.155040698381,0.103360465587,0.103360465587,0.103360465587,0.542333337572,-14.6891685479,-15.5710342883,-11.5713212554,7.03290999551,0.174280764953,2.286189
548,1.096000194,4,30000209,0.0455,-1.503,1.5036,-1.5567,-1.5561,0,0.1642,0.1511,-0.4213,3.1336,-3.1314,2.3685,0.0455281220151,-1.50250414377,1.50250414377,-1.52526820478,-1.52526820478,0.0455281220151,0.103596024438,0.155394036657,-0.155394036657,0.103596024438,0.103596024438,0.103596024438,-0.490283092456,-19.0428759835,4.87512800455,-14.9268202606,6.94076122492,-0.251490656433,2.683782
549,1.098000049,4,32000064,0.0459,-1.5025,1.5023,-1.5504,-1.5623,0.0063,0.1972,0.2325,-0.6304,3.1255,-3.1302,3.139,0.0457355343172,-1.50219302532,1.50219302532,-1.52506079248,-1.52506079248,0.0457355343172,0.103831273776,0.155746910664,-0.155746910664,0.103831273776,0.103831273776,0.103831273776,-2.65413804999,-24.8184072384,17.6616849064,-13.5872219226,6.81492070503,-0.352891619256,2.020186
550,1.099999904,4,33999919,0.0462,-1.5019,1.5006,-1.5442,-1.5659,0.0126,0.1931,0.3176,-0.8543,3.1282,-1.7981,3.1378,0.0459434168291,-1.50188120155,1.50188120155,-1.52485290997,-1.52485290997,0.0459434168291,0.10406626803,0.156099402044,-0.156099402044,0.10406626803,0.10406626803,0.10406626803,-2.99983014656,-31.23067759,31.6925067373,-12.1253557402,3.94226260702,-0.360412431574,1.143819
551,1.101999759,4,35999774,0.0465,-1.5012,1.4987,-1.5379,-1.5636,0.0188,0.1318,0.3588,-0.9715,3.1372,1.173,3.137,0.0461517690389,-1.50156867324,1.50156867324,-1.52464455776,-1.52464455776,0.0461517690389,0.10430100543,0.156451508145,-0.156451508145,0.10430100543,0.10430100543,0.10430100543,-0.465057248138,-34.9657589556,39.6917222856,-11.3361048777,-2.25330487443,-0.376105333536,1.417299
552,1.104000091,4,38000106,0.0467,-1.5005,1.4972,-1.5349,-1.5573,0.0251,0.0834,0.3295,-0.7533,1.5145,3.1358,3.1332,0.0463606402946,-1.50125536635,1.50125536635,-1.5244356865,-1.5244356865,0.0463606402946,0.104535540109,0.156803310164,-0.156803310164,0.104535540109,0.104535540109,0.104535540109,0.782461275838,-34.7972024362,21.6718430662,-4.4770246414,-6.27423594484,-0.388366303763,1.249593
553,1.105999946,4,39999961,0.0468,-1.5,1.4965,-1.537,-1.5511,0.0275,0.0772,0.2656,-0.3502,-1.0593,3.1214,1.1987,0.0465699304621,-1.5009414311,1.5009414311,-1.52422639633,-1.52422639633,0.0465699304621,0.104769758451,0.157154637677,-0.157154637677,0.104769758451,0.104769758451,0.104769758451,-0.28468830345,-32.4405168485,-11.2993992748,5.98473352644,-6.1561859393,-0.140601194271,2.266935
554,1.107999801,4,41999816,0.0469,-1.4996,1.4965,-1.5432,-1.5448,0.0245,0.058,0.1849,0.0447,-3.1217,3.1118,-1.5181,0.0467796887704,-1.50062679364,1.50062679364,-1.52401663802,-1.52401663802,0.0467796887704,0.105003714657,0.157505571985,-0.157505571985,0.105003714657,0.105003714657,0.105003714657,-0.212927195234,-28.4514015993,-42.233116904,13.9699981335,-6.0044696641,0.2110788071,2.282880
555,1.110000133,4,44000148,0.047,-1.4994,1.497,-1.5495,-1.5386,0.0182,0.0262,0.1082,0.2444,-3.1206,3.1002,-3.131,0.046989964892,-1.50031137946,1.50031137946,-1.5238063619,-1.5238063619,0.046989964892,0.105237462682,0.157856194023,-0.157856194023,0.105237462682,0.105237462682,0.105237462682,1.87191015701,-23.0284908771,-54.4902019263,12.7419574886,-5.85641654933,0.421858991895,2.246897
556,1.111999988,4,46000003,0.047,-1.4993,1.498,-1.5557,-1.5339,0.0119,0.0143,0.0215,0.47,-3.1099,2.3412,-3.1311,0.047200658012,-1.49999533978,1.49999533978,-1.52359566878,-1.52359566878,0.047200658012,0.105470889297,0.158206333945,-0.158206333945,0.105470889297,0.105470889297,0.105470889297,3.05841828783,-16.6385994497,-68.5143089388,11.2366874046,-4.1558108553,0.427250054245,1.455440
557,1.113999843,4,47999858,0.0472,-1.4994,1.4992,-1.5619,-1.5344,0.0057,0.0621,-0.0296,0.6172,-3.122,-0.2594,-3.1293,0.0474118176843,-1.49967860027,1.49967860027,-1.52338450911,-1.52338450911,0.0474118176843,0.105704048528,0.158556072792,-0.158556072792,0.105704048528,0.105704048528,0.105704048528,1.21921583914,-12.2898928149,-78.3010080498,10.2846483373,1.29340765731,0.441236216422,1.464525
558,1.116000175,4,50000190,0.0474,-1.4995,1.5002,-1.5661,-1.5402,-0.0006,0.1226,-0.0227,0.5151,-2.0967,-2.8828,-3.132,0.0476234939045,-1.49936108594,1.49936108594,-1.52317283289,-1.52317283289,0.0476234939045,0.10593699415,0.158905491226,-0.158905491226,0.10593699415,0.10593699415,0.10593699415,-0.790004348359,-11.1699690831,-69.496992911,5.68758228948,6.71906550336,0.457118380722,2.257948
559,1.11800003,4,52000045,0.0477,-1.4994,1.5004,-1.5644,-1.5464,-0.0038,0.1313,0.0386,0.0793,0.8605,-3.1115,-1.5732,0.0478355851795,-1.49904294903,1.49904294903,-1.52296074162,-1.52296074162,0.0478355851795,0.10616961333,0.159254419995,-0.159254419995,0.10616961333,0.10616961333,0.10616961333,0.48645866084,-12.9100095591,-33.344912418,-6.50505619623,7.11156996716,0.259723609707,2.247584
560,1.119999885,4,53999900,0.048,-1.4991,1.4997,-1.5581,-1.5526,-0.0004,0.1472,0.1128,-0.3236,3.1369,-3.1206,1.6762,0.0480481413869,-1.49872411471,1.49872411471,-1.52274818541,-1.52274818541,0.0480481413869,0.106401959913,0.159602939869,-0.159602939869,0.106401959913,0.106401959913,0.106401959913,0.813306307644,-16.2260630564,-1.20061881303,-15.5201792528,7.01368296653,-0.160813938944,2.339641
561,1.122000217,4,56000232,0.0483,-1.4988,1.4987,-1.5519,-1.5589,0.0059,0.1769,0.1843,-0.5073,3.1294,-3.1352,3.1405,0.0482612128442,-1.49840450753,1.49840450753,-1.52253511395,-1.52253511395,0.0482612128442,0.106634087491,0.159951131236,-0.159951131236,0.106634087491,0.106634087491,0.106634087491,-1.08072417524,-21.2164261789,9.98850363566,-14.3627648001,6.94152717271,-0.352086304648,2.212440
562,1.124000072,4,58000087,0.0487,-1.4982,1.4973,-1.5456,-1.5645,0.0122,0.205,0.2713,-0.7292,3.1283,-2.7878,3.1392,0.0484746973827,-1.49808428072,1.49808428072,-1.52232162941,-1.52232162941,0.0484746973827,0.106865883631,0.160298825447,-0.160298825447,0.106865883631,0.106865883631,0.106865883631,-3.13135064538,-27.5191149684,23.6263951538,-12.9543337592,6.08855802013,-0.355060583965,1.227330
563,1.125999927,4,59999942,0.049,-1.4976,1.4955,-1.5393,-1.5645,0.0184,0.151,0.3352,-0.9042,3.1312,-0.0046,3.1371,0.0486886452024,-1.49776335899,1.49776335899,-1.52210768159,-1.52210768159,0.0486886452024,0.107097401999,0.160646102998,-0.160646102998,0.107097401999,0.107097401999,0.107097401999,-0.905954445668,-32.7958103123,35.0071301739,-11.7539336459,0.264173251647,-0.369380325021,1.234484
564,1.127999782,4,61999797,0.0492,-1.4969,1.4937,-1.534,-1.5584,0.0247,0.081,0.3411,-0.8895,2.6758,3.0398,3.1383,0.0489030557461,-1.49744174318,1.49744174318,-1.52189327105,-1.52189327105,0.0489030557461,0.107328640875,0.160992961313,-0.160992961313,0.107328640875,0.107328640875,0.107328640875,1.87742910163,-34.4131703719,33.4881093657,-9.46496815758,-6.04811201935,-0.386395978002,1.233916
565,1.130000114,4,64000129,0.0493,-1.4963,1.4927,-1.5337,-1.5522,0.0285,0.0782,0.2891,-0.5159,0.1319,3.126,1.9022,0.0491179797591,-1.49711935716,1.49711935716,-1.52167834704,-1.52167834704,0.0491179797591,0.107559653601,0.161339480402,-0.161339480402,0.107559653601,0.107559653601,0.107559653601,0.56014295923,-32.9400661159,2.49381545303,1.00105391112,-6.16630522746,-0.229963532266,2.165196
566,1.131999969,4,65999984,0.0495,-1.4959,1.4925,-1.5386,-1.5459,0.0269,0.0676,0.2151,-0.0889,-2.456,3.1169,-0.7986,0.0493333141754,-1.49679635553,1.49679635553,-1.52146301262,-1.52146301262,0.0493333141754,0.107790328291,0.161685492436,-0.161685492436,0.107790328291,0.107790328291,0.107790328291,-0.280515577833,-29.8385791846,-32.1190952866,11.4230748867,-6.03595257955,0.119047818456,2.063286
567,1.133999824,4,67999839,0.0495,-1.4956,1.4928,-1.5449,-1.5397,0.0206,0.0418,0.1437,0.1599,-3.1257,3.1058,-3.1313,0.0495491096233,-1.49647266236,1.49647266236,-1.52124721717,-1.52124721717,0.0495491096233,0.10802071836,0.16203107754,-0.16203107754,0.10802071836,0.10802071836,0.10802071836,1.05797007331,-25.3795791232,-49.5918692482,13.2889084972,-5.89575754285,0.423054862375,2.312878
568,1.136000156,4,70000171,0.0496,-1.4955,1.4935,-1.5511,-1.5334,0.0144,0.012,0.0615,0.3727,-3.122,3.0987,-3.1307,0.0497654171676,-1.49614820104,1.49614820104,-1.52103090963,-1.52103090963,0.0497654171676,0.108250876956,0.162376315434,-0.162376315434,0.108250876956,0.108250876956,0.108250876956,3.00247807076,-19.5000826279,-62.6807031089,11.9488282388,-5.76029219006,0.425050313088,1.246721
569,1.138000011,4,72000026,0.0497,-1.4955,1.4947,-1.5574,-1.5322,0.0081,0.0533,-0.0051,0.5616,-3.1178,0.6249,-3.1283,0.0499821330723,-1.49582312719,1.49582312719,-1.52081419372,-1.52081419372,0.0499821330723,0.108480692613,0.16272103892,-0.16272103892,0.108480692613,0.108480692613,0.108480692613,1.52959983167,-14.1225696744,-74.9017207138,10.6395187879,-0.55718476682,0.438152746711,1.223237
570,1.139999866,4,73999881,0.0499,-1.4955,1.4959,-1.5636,-1.5362,0.0018,0.1103,-0.0293,0.6354,-3.1217,-1.9963,-3.1311,0.0501993082855,-1.49549736437,1.49549736437,-1.52059701851,-1.52059701851,0.0501993082855,0.108710218555,0.163065327832,-0.163065327832,0.108710218555,0.108710218555,0.108710218555,-0.861868601239,-11.6811444168,-80.274089751,10.1402049531,4.91100808544,0.453474683053,1.173535
571,1.142000198,4,76000213,0.0502,-1.4955,1.4966,-1.5652,-1.5423,-0.0027,0.1379,0.0153,0.3064,-0.7878,-3.0812,-2.2572,0.0504169941904,-1.49517083551,1.49517083551,-1.5203793326,-1.5203793326,0.0504169941904,0.108939507733,0.163409261599,-0.163409261599,0.108939507733,0.108939507733,0.108939507733,-0.760554952386,-12.5367439359,-53.0008135016,0.424508191248,7.09887242245,0.348869225317,1.297014
572,1.144000053,4,78000068,0.0505,-1.4953,1.4962,-1.5608,-1.5486,-0.0008,0.1488,0.0898,-0.165,2.2133,-3.1189,0.9605,0.0506350863834,-1.49484369722,1.49484369722,-1.52016124041,-1.52016124041,0.0506350863834,0.109168449107,0.16375267366,-0.16375267366,0.109168449107,0.109168449107,0.109168449107,0.323100677446,-15.2465898409,-14.3575607729,-11.7887170679,7.06228774014,-0.0666140446164,2.202961
573,1.145999908,4,79999923,0.0508,-1.495,1.4953,-1.5545,-1.5548,0.0055,0.1738,0.1633,-0.4378,3.1345,-3.1326,3.1399,0.0508536361315,-1.4945158726,1.4945158726,-1.51994269066,-1.51994269066,0.0508536361315,0.109397095707,0.16409564356,-0.16409564356,0.109397095707,0.109397095707,0.109397095707,-0.731950432197,-19.628768938,5.34545993323,-14.7693259927,6.97975611795,-0.350386636482,2.203519
574,1.147999763,4,81999778,0.0512,-1.4945,1.494,-1.5482,-1.5611,0.0118,0.2044,0.2453,-0.6483,3.1308,-3.1306,3.1387,0.0510726428435,-1.49418736253,1.49418736253,-1.51972368395,-1.51972368395,0.0510726428435,0.109625445854,0.16443816878,-0.16443816878,0.109625445854,0.109625445854,0.109625445854,-2.72328348989,-25.4539211295,18.2308379504,-13.441589098,6.86047992057,-0.352020099303,1.294315
575,1.150000095,4,84000110,0.0516,-1.4938,1.4923,-1.542,-1.5635,0.0181,0.1756,0.3269,-0.8671,3.1278,-1.1756,3.1371,0.0512921583249,-1.49385808931,1.49385808931,-1.51950416847,-1.51950416847,0.0512921583249,0.109853552232,0.164780328348,-0.164780328348,0.109853552232,0.109853552232,0.109853552232,-1.7235698387,-31.8207288918,32.0497820887,-11.9535364801,2.72197597753,-0.362452201436,1.259652
576,1.15199995,4,85999965,0.0518,-1.4931,1.4904,-1.5357,-1.5598,0.0244,0.1186,0.3659,-0.9808,3.1356,1.8246,3.1376,0.0515120772864,-1.49352821087,1.49352821087,-1.51928424951,-1.51928424951,0.0515120772864,0.110081304382,0.165121956572,-0.165121956572,0.110081304382,0.110081304382,0.110081304382,0.484834713979,-35.3738665805,39.8376859238,-11.1821237985,-3.55343014811,-0.378449321921,1.238054
577,1.153999805,4,87999820,0.052,-1.4924,1.4888,-1.5328,-1.5535,0.0295,0.0869,0.3374,-0.7544,1.4524,3.1328,2.5921,0.0517324514179,-1.49319764967,1.49319764967,-1.51906387538,-1.51906387538,0.0517324514179,0.110308755066,0.1654631326,-0.1654631326,0.110308755066,0.110308755066,0.110308755066,0.933439034549,-35.1674535574,21.0296797066,-4.09474829476,-6.23026108608,-0.317055158267,1.383750
578,1.156000137,4,90000152,0.0522,-1.4919,1.4881,-1.535,-1.5473,0.0293,0.0801,0.2723,-0.3499,-1.1064,3.1203,-0.1029,0.0519533328407,-1.49286632753,1.49286632753,-1.51884299395,-1.51884299395,0.0519533328407,0.110535956766,0.165803935149,-0.165803935149,0.110535956766,0.110535956766,0.110535956766,-0.133648594359,-32.7107231427,-11.975639833,6.28357342902,-6.111678028,0.0305826340055,2.270389
579,1.157999992,4,92000007,0.0523,-1.4915,1.4882,-1.5413,-1.541,0.0237,0.0606,0.1904,0.0428,-3.1203,3.1103,-2.8074,0.0521746156037,-1.49253440339,1.49253440339,-1.51862171119,-1.51862171119,0.0521746156037,0.110762799463,0.166144199195,-0.166144199195,0.110762799463,0.110762799463,0.110762799463,-0.0167636032701,-28.5870411497,-42.6394608977,14.0355744616,-5.95748999953,0.382196415879,2.475927
580,1.159999847,4,93999862,0.0523,-1.4913,1.4887,-1.5475,-1.5348,0.0174,0.0314,0.1131,0.2447,-3.1206,3.0996,-3.1301,0.052396351713,-1.49220179923,1.49220179923,-1.51839997508,-1.51839997508,0.052396351713,0.110989335719,0.166484003579,-0.166484003579,0.110989335719,0.110989335719,0.110989335719,1.93075568209,-23.105994021,-55.0437532868,12.7957155715,-5.81913799988,0.42614724976,1.686861
581,1.162000179,4,96000194,0.0524,-1.4912,1.4897,-1.5537,-1.5313,0.0112,0.0366,0.0297,0.4679,-3.1167,1.7612,-3.1288,0.0526185936041,-1.49186843639,1.49186843639,-1.51817773319,-1.51817773319,0.0526185936041,0.111215617805,0.166823426707,-0.166823426707,0.111215617805,0.111215617805,0.111215617805,2.24955331457,-16.8243963133,-69.0597244163,11.3133963436,-2.92877732306,0.433960723038,1.304978
582,1.164000034,4,98000049,0.0526,-1.4913,1.4909,-1.56,-1.5329,0.0049,0.0841,-0.0219,0.613,-3.1223,-0.8227,-3.1289,0.0528412346672,-1.49153447479,1.49153447479,-1.51795509213,-1.51795509213,0.0528412346672,0.111441536154,0.167162304231,-0.167162304231,0.111441536154,0.111441536154,0.111441536154,0.428829011443,-12.415362531,-78.691895879,10.3452105021,2.49587561337,0.448208728511,1.181944
583,1.165999889,4,99999904,0.0529,-1.4913,1.4919,-1.564,-1.539,-0.0008,0.1333,-0.0154,0.5035,-2.032,-3.017,-2.8762,0.0530643272231,-1.49119983596,1.49119983596,-1.51773199957,-1.51773199957,0.0530643272231,0.11166714312,0.16750071468,-0.16750071468,0.11166714312,0.11166714312,0.11166714312,-1.0449310438,-11.34124049,-69.1534310152,5.4815106531,7.04319682712,0.428831093046,1.252141
584,1.168000221,4,102000236,0.0531,-1.4912,1.492,-1.5621,-1.5452,-0.0008,0.1393,0.047,0.0632,0.9452,-3.1115,0.0046,0.0532879240202,-1.49086444076,1.49086444076,-1.51750840277,-1.51750840277,0.0532879240202,0.111892490762,0.167838736143,-0.167838736143,0.111892490762,0.111892490762,0.111892490762,0.412669321037,-13.1662648355,-32.621266554,-6.77923804344,7.15401457011,0.0580041806464,2.284703
585,1.170000076,4,104000091,0.0534,-1.491,1.4914,-1.5559,-1.5514,0.0054,0.1557,0.1218,-0.333,3.1372,-3.1213,3.1375,0.0535119177928,-1.49052845011,1.49052845011,-1.517284409,-1.517284409,0.0535119177928,0.112117469973,0.168176204959,-0.168176204959,0.112117469973,0.112117469973,0.112117469973,0.662671352221,-16.555466375,-1.20223495215,-15.4103282118,7.05806396698,-0.349104598963,3.702080
586,1.171999931,4,105999946,0.0538,-1.4906,1.4903,-1.5496,-1.5577,0.0117,0.1877,0.1953,-0.5191,3.128,-3.1332,3.1401,0.0537363611752,-1.49019178503,1.49019178503,-1.51705996562,-1.51705996562,0.0537363611752,0.112342132894,0.168513199341,-0.168513199341,0.112342132894,0.112342132894,0.112342132894,-1.46257232109,-21.7368681119,10.1378333758,-14.227619396,6.9777055394,-0.35126394223,1.458774
587,1.173999786,4,107999801,0.0542,-1.49,1.4888,-1.5434,-1.5622,0.018,0.1948,0.28,-0.7393,3.1214,-2.2506,3.138,0.0539612535332,-1.4898544465,1.4898544465,-1.51683507326,-1.51683507326,0.0539612535332,0.112566477899,0.168849716848,-0.168849716848,0.112566477899,0.112566477899,0.112566477899,-2.34335947857,-28.0136389844,23.7828949578,-12.7702442482,5.03556034504,-0.356671919173,1.273648
588,1.176000118,4,110000133,0.0545,-1.4893,1.487,-1.5371,-1.5608,0.0243,0.138,0.3422,-0.9141,3.1304,0.6754,3.1374,0.0541866480306,-1.48951635475,1.48951635475,-1.51660967876,-1.51660967876,0.0541866480306,0.112790556759,0.169185835138,-0.169185835138,0.112790556759,0.112790556759,0.112790556759,-0.0190595467826,-33.2122415712,35.200050791,-11.5957156012,-1.09499995332,-0.371886174269,1.246096
589,1.177999973,4,111999988,0.0546,-1.4886,1.4852,-1.5319,-1.5546,0.0306,0.0834,0.3502,-0.8935,2.6165,3.1409,3.1392,0.0544124365311,-1.489177672,1.489177672,-1.51638389026,-1.51638389026,0.0544124365311,0.113014260987,0.16952139148,-0.16952139148,0.113014260987,0.113014260987,0.113014260987,2.05528982627,-34.9075160285,33.0152115446,-9.07294328776,-6.22261841898,-0.386413571989,1.295259
590,1.179999828,4,113999843,0.0548,-1.488,1.4842,-1.5317,-1.5483,0.0315,0.083,0.2983,-0.5216,0.0902,3.1249,0.4516,0.0546386720852,-1.48883831867,1.48883831867,-1.51615765471,-1.51615765471,0.0546386720852,0.113237642439,0.169856463659,-0.169856463659,0.113237642439,0.113237642439,0.113237642439,0.581690922596,-33.4038989504,2.16615500017,1.31299302615,-6.12791372179,-0.0400830617025,2.260971
591,1.18200016,4,116000175,0.0549,-1.4876,1.484,-1.5366,-1.542,0.027,0.0715,0.2232,-0.0946,-2.4801,3.1147,-2.2351,0.0548654081665,-1.48849821455,1.48849821455,-1.51593091863,-1.51593091863,0.0548654081665,0.113460752668,0.170191129002,-0.170191129002,0.113460752668,0.113460752668,0.113460752668,-0.149556921105,-30.2004891542,-32.3833115653,11.6455177501,-5.99143475309,0.308790262034,2.249786
592,1.184000015,4,118000030,0.055,-1.4873,1.4843,-1.5429,-1.5358,0.0207,0.0474,0.1517,0.1524,-3.124,3.1042,-3.1316,0.0550925359893,-1.48815752281,1.48815752281,-1.51570379081,-1.51570379081,0.0550925359893,0.11368348366,0.17052522549,-0.17052522549,0.11368348366,0.11368348366,0.11368348366,1.07370887033,-25.6973141344,-49.6710685903,13.3901252463,-5.86186740327,0.427094880143,1.216620
593,1.18599987,4,119999885,0.0551,-1.4871,1.485,-1.5491,-1.5301,0.0145,0.0266,0.0706,0.3645,-3.1182,2.8289,-3.1301,0.0553201089145,-1.48781616342,1.48781616342,-1.51547621788,-1.51547621788,0.0553201089145,0.113905887052,0.170858830578,-0.170858830578,0.113905887052,0.113905887052,0.113905887052,2.55228777108,-19.8633241251,-62.7674454623,12.0307957232,-5.17679351043,0.430224447373,1.201846
594,1.188000202,4,122000217,0.0552,-1.4871,1.4861,-1.5554,-1.5296,0.0082,0.07,0.0044,0.5526,-3.1192,0.2772,-3.1275,0.0555481807244,-1.48747405571,1.48747405571,-1.51524814607,-1.51524814607,0.0555481807244,0.114128014174,0.171192021262,-0.171192021262,0.114128014174,0.114128014174,0.114128014174,0.984843172742,-14.4903422934,-74.9458803735,10.7524702132,0.191563062347,0.443671599492,1.282827
595,1.190000057,4,124000072,0.0555,-1.4872,1.4874,-1.5616,-1.5342,0.0019,0.1263,-0.02,0.6249,-3.1146,-2.3275,-3.1304,0.0557766419867,-1.48713136381,1.48713136381,-1.51501968481,-1.51501968481,0.0557766419867,0.114349757493,0.17152463624,-0.17152463624,0.114349757493,0.114349757493,0.114349757493,-1.39058346047,-11.9817817018,-80.2214116583,10.2174135726,5.63144264591,0.458950940964,1.234814
596,1.191999912,4,125999927,0.0558,-1.4871,1.488,-1.5631,-1.5404,0.0003,0.1456,0.0242,0.2912,-0.737,-3.0853,-0.7997,0.0560055463714,-1.48678800724,1.48678800724,-1.51479078042,-1.51479078042,0.0560055463714,0.114571168424,0.171856752637,-0.171856752637,0.114571168424,0.114571168424,0.114571168424,-0.855059560932,-12.8730364505,-52.4435635781,0.325296087779,7.14429375597,0.162792470295,2.211692
597,1.193999767,4,127999782,0.0561,-1.4869,1.4876,-1.5585,-1.5466,0.0052,0.1562,0.0999,-0.184,2.2827,-3.1171,2.4439,0.0562348932121,-1.48644398698,1.48644398698,-1.51456143358,-1.51456143358,0.0562348932121,0.11479224538,0.17218836807,-0.17218836807,0.11479224538,0.11479224538,0.11479224538,0.264510133589,-15.6564824873,-13.5114783277,-11.9615055597,7.09364294852,-0.257825151504,2.260022
598,1.196000099,4,130000114,0.0564,-1.4866,1.4867,-1.5522,-1.5529,0.0115,0.18,0.1728,-0.4494,3.1335,-3.1315,3.1396,0.0564647367007,-1.48609922174,1.48609922174,-1.51433159009,-1.51433159009,0.0564647367007,0.115013039386,0.172519559079,-0.172519559079,0.115013039386,0.115013039386,0.115013039386,-0.765204499994,-20.0561233748,5.5095482191,-14.6320525463,7.02297754435,-0.349732916627,1.113198
599,1.197999954,4,131999969,0.0569,-1.4861,1.4854,-1.546,-1.5592,0.0178,0.2161,0.2556,-0.6604,3.1262,-3.1316,3.1394,0.0566949665471,-1.48575387697,1.48575387697,-1.51410136025,-1.51410136025,0.0566949665471,0.11523344356,0.17285016534,-0.17285016534,0.11523344356,0.11523344356,0.11523344356,-3.20128395221,-25.9247086742,18.3931808347,-13.282826375,6.89521992131,-0.35135858029,1.572527
600,1.199999809,4,133999824,0.0572,-1.4854,1.4836,-1.5397,-1.5609,0.024,0.1777,0.3357,-0.8784,3.1281,-0.8556,3.1368,0.0569256368314,-1.48540787155,1.48540787155,-1.51387068996,-1.51387068996,0.0569256368314,0.115453509018,0.173180263527,-0.173180263527,0.115453509018,0.115453509018,0.115453509018,-1.6900383039,-32.2495336442,32.2653411553,-11.8092558685,2.09781924634,-0.363073135571,1.521519
601,1.202000141,4,136000156,0.0575,-1.4846,1.4816,-1.5335,-1.5566,0.0303,0.114,0.3739,-0.9908,3.1357,2.1645,3.1379,0.0571568020509,-1.48506112372,1.48506112372,-1.51363952474,-1.51363952474,0.0571568020509,0.115673286554,0.17350992983,-0.17350992983,0.115673286554,0.115673286554,0.115673286554,0.977710423224,-35.8013073185,40.0092322951,-11.0373707621,-4.21101515139,-0.379361160101,1.381661
602,1.203999996,4,138000011,0.0576,-1.4839,1.4801,-1.5306,-1.5503,0.0326,0.0915,0.3454,-0.7573,1.4075,3.1318,1.1209,0.0573883512758,-1.48471379988,1.48471379988,-1.51340797552,-1.51340797552,0.0573883512758,0.115892669782,0.173839004673,-0.173839004673,0.115892669782,0.115892669782,0.115892669782,0.970631858466,-35.5619535129,20.5337771062,-3.78654800525,-6.1825902381,-0.124505290764,2.429568
603,1.205999851,4,139999866,0.0578,-1.4834,1.4794,-1.5329,-1.544,0.0294,0.084,0.2792,-0.3531,-1.133,3.1188,-1.5618,0.0576203388922,-1.48436581846,1.48436581846,-1.5131759879,-1.5131759879,0.0576203388922,0.116111709588,0.174167564382,-0.174167564382,0.116111709588,0.116111709588,0.116111709588,-0.0353992448297,-33.0008906811,-12.3893024107,6.5028528201,-6.06149778228,0.223295722364,2.294148
604,1.208000183,4,142000198,0.0579,-1.483,1.4795,-1.5392,-1.5378,0.0232,0.0638,0.1966,0.0391,-3.1264,3.1068,-3.1321,0.0578528197014,-1.48401709724,1.48401709724,-1.51294350709,-1.51294350709,0.0578528197014,0.116330456532,0.174495684798,-0.174495684798,0.116330456532,0.116330456532,0.116330456532,0.171737432894,-28.7997895295,-42.9565878659,14.1529895498,-5.90391418323,0.428569134705,2.278987
605,1.210000038,4,144000053,0.058,-1.4828,1.48,-1.5454,-1.5316,0.0169,0.0348,0.1184,0.2425,-3.1213,3.099,-3.1298,0.0580856821368,-1.48366780359,1.48366780359,-1.51271064466,-1.51271064466,0.0580856821368,0.116548804731,0.174823207097,-0.174823207097,0.116548804731,0.116548804731,0.116548804731,2.07848281967,-23.240768069,-55.4360371403,12.8748926748,-5.77288995385,0.430482705436,1.222446
606,1.211999893,4,145999908,0.0581,-1.4827,1.4809,-1.5516,-1.5286,0.0106,0.0484,0.0359,0.4651,-3.1163,1.469,-3.1275,0.0583189808892,-1.48331785546,1.48331785546,-1.51247734591,-1.51247734591,0.0583189808892,0.116766804837,0.175150207256,-0.175150207256,0.116766804837,0.116766804837,0.116766804837,1.99330723785,-16.9484059718,-69.439033251,11.3799518413,-2.28325926849,0.439553230923,1.299212
607,1.213999748,4,147999763,0.0583,-1.4827,1.4821,-1.5579,-1.5308,0.0044,0.0952,-0.0153,0.6084,-3.1159,-1.0943,-3.1287,0.0585527152607,-1.4829672539,1.4829672539,-1.51224361153,-1.51224361153,0.0585527152607,0.116984455301,0.175476682952,-0.175476682952,0.116984455301,0.116984455301,0.116984455301,0.219677164005,-12.6000076682,-78.9448574142,10.394222111,3.10441402279,0.453813234712,1.273930
608,1.21600008,4,150000095,0.0586,-1.4827,1.4831,-1.5618,-1.5369,0.0016,0.1375,-0.0092,0.4938,-1.9814,-3.0215,-1.3925,0.058786940456,-1.48261591611,1.48261591611,-1.51200938634,-1.51200938634,0.058786940456,0.117201806365,0.175802709548,-0.175802709548,0.117201806365,0.117201806365,0.117201806365,-0.879752999184,-11.5068839541,-68.9080499826,5.34859927056,7.09908627751,0.239687494857,2.179268
609,1.217999935,4,151999950,0.0588,-1.4826,1.4832,-1.5598,-1.5431,0.0053,0.1441,0.0545,0.0479,1.0212,-3.1125,1.8429,0.0590215440641,-1.4822640107,1.4822640107,-1.51177478273,-1.51177478273,0.0590215440641,0.11741875283,0.176128129245,-0.176128129245,0.11741875283,0.11741875283,0.11741875283,0.558768934055,-13.3971035473,-31.956529248,-7.00647850155,7.19818214154,-0.179164275444,2.521293
610,1.21999979,4,153999805,0.0592,-1.4824,1.4825,-1.5535,-1.5493,0.0115,0.1604,0.1301,-0.3417,3.1352,-3.1194,3.1362,0.0592565811797,-1.48191145503,1.48191145503,-1.51153974562,-1.51153974562,0.0592565811797,0.117635345028,0.176453017543,-0.176453017543,0.117635345028,0.117635345028,0.117635345028,0.708595987716,-16.9204127222,-1.1776409432,-15.2829918947,7.10245113249,-0.348352687458,3.560369
611,1.222000122,4,156000137,0.0595,-1.4819,1.4815,-1.5473,-1.5556,0.0178,0.1876,0.2039,-0.5311,3.1299,-3.1363,3.1408,0.059492107308,-1.48155816583,1.48155816583,-1.51130421949,-1.51130421949,0.059492107308,0.117851632962,0.176777449443,-0.176777449443,0.117851632962,0.117851632962,0.117851632962,-1.00868594773,-22.1585572568,10.3544375799,-14.0965396907,7.04261500502,-0.350839547673,1.870118
612,1.223999977,4,157999992,0.0599,-1.4814,1.48,-1.541,-1.5596,0.0241,0.1874,0.2885,-0.7516,3.1221,-1.9878,3.1374,0.0597280094085,-1.48120431268,1.48120431268,-1.51106831739,-1.51106831739,0.0597280094085,0.118067511949,0.177101267923,-0.177101267923,0.118067511949,0.118067511949,0.118067511949,-1.54061037352,-28.4549050056,24.0554801497,-12.6212144048,4.55273136548,-0.357269666307,2.049147
613,1.225999832,4,159999847,0.0602,-1.4807,1.4781,-1.5347,-1.5577,0.0304,0.1338,0.3515,-0.927,3.1309,0.9581,3.1365,0.059964342877,-1.48084981248,1.48084981248,-1.51083198392,-1.51083198392,0.059964342877,0.118283032082,0.177424548122,-0.177424548122,0.118283032082,0.118283032082,0.118283032082,0.529374276005,-33.7082253964,35.5236833927,-11.4393608065,-1.6315001724,-0.372456968391,2.059911
614,1.228000164,4,162000179,0.0604,-1.48,1.4763,-1.5296,-1.5514,0.0338,0.0882,0.3598,-0.8998,2.5688,3.1415,1.6926,0.0602011635181,-1.48049458152,1.48049458152,-1.51059516328,-1.51059516328,0.0602011635181,0.118498243116,0.177747364674,-0.177747364674,0.118498243116,0.118498243116,0.118498243116,2.05253957478,-35.4044201494,32.7210243467,-8.72636235514,-6.18039495543,-0.197013385709,3.594102
615,1.230000019,4,164000034,0.0605,-1.4793,1.4753,-1.5295,-1.5451,0.0318,0.0879,0.3077,-0.5293,0.0622,3.1247,-0.9822,0.0604383576648,-1.4801387903,1.4801387903,-1.51035796913,-1.51035796913,0.0604383576648,0.118713040895,0.178069561342,-0.178069561342,0.118713040895,0.118713040895,0.118713040895,0.6164394995,-33.9034741317,2.01720608452,1.57085062613,-6.08335905609,0.149375292741,4.212782
616,1.231999874,4,165999889,0.0607,-1.4789,1.475,-1.5345,-1.5389,0.0255,0.0775,0.2319,-0.1023,-2.4928,3.1129,-3.1334,0.0606759810127,-1.47978235528,1.47978235528,-1.51012034578,-1.51012034578,0.0606759810127,0.118927475267,0.178391212901,-0.178391212901,0.118927475267,0.118927475267,0.118927475267,-0.210032774969,-30.6229736816,-32.4599655364,11.8293418628,-5.94704762688,0.43009184414,2.704912
617,1.234000206,4,168000221,0.0608,-1.4785,1.4753,-1.5407,-1.5326,0.0192,0.055,0.1599,0.1448,-3.1225,3.1027,-3.1307,0.0609140896641,-1.4794251923,1.4794251923,-1.50988223713,-1.50988223713,0.0609140896641,0.11914159574,0.17871239361,-0.17871239361,0.11914159574,0.11914159574,0.11914159574,0.91934046801,-26.0964734706,-49.7138754135,13.4974140139,-5.82499196636,0.43212978293,1.206743
618,1.236000061,4,170000076,0.0609,-1.4784,1.4761,-1.5469,-1.5274,0.013,0.0413,0.0793,0.3566,-3.1089,2.5886,-3.1304,0.0611525693287,-1.4790674728,1.4790674728,-1.50964375747,-1.50964375747,0.0611525693287,0.119355298687,0.179032948031,-0.179032948031,0.119355298687,0.119355298687,0.119355298687,2.05250749526,-20.1935079595,-62.8361799424,12.0856937891,-4.6479712815,0.436500645959,1.253528
619,1.237999916,4,171999931,0.0611,-1.4784,1.4771,-1.5532,-1.5273,0.0067,0.0838,0.0126,0.5448,-3.109,0.0569,-3.1273,0.0613914760006,-1.47870911279,1.47870911279,-1.50940485079,-1.50940485079,0.0613914760006,0.119568633711,0.179352950567,-0.179352950567,0.119568633711,0.119568633711,0.119568633711,0.508559976447,-14.777689334,-74.9871799866,10.8056976336,0.683314446559,0.449806197891,1.211290
620,1.239999771,4,173999786,0.0613,-1.4784,1.4784,-1.5593,-1.5324,0.0029,0.1395,-0.0117,0.6123,-3.0637,-2.5284,-1.9058,0.0616308089424,-1.47835011338,1.47835011338,-1.50916551785,-1.50916551785,0.0616308089424,0.119781599313,0.17967239897,-0.17967239897,0.119781599313,0.119781599313,0.119781599313,-1.75077481449,-12.2705833525,-79.8356788111,10.0935831795,6.08392527518,0.30518080551,2.307425
621,1.242000103,4,176000118,0.0616,-1.4783,1.4789,-1.5606,-1.5385,0.0056,0.1532,0.033,0.275,-0.6534,-3.0841,1.3547,0.0618706246512,-1.47799038982,1.47799038982,-1.50892570214,-1.50892570214,0.0618706246512,0.119994244663,0.179991366995,-0.179991366995,0.119994244663,0.119994244663,0.119994244663,-0.904572103219,-13.219388697,-51.677511953,0.0659858965744,7.17879747341,-0.114660315292,2.204225
622,1.243999958,4,177999973,0.062,-1.4781,1.4785,-1.5558,-1.5448,0.0119,0.1633,0.1092,-0.2041,2.3858,-3.1209,3.1375,0.0621108080103,-1.47763011478,1.47763011478,-1.50868551878,-1.50868551878,0.0621108080103,0.120206466856,0.180309700283,-0.180309700283,0.120206466856,0.120206466856,0.120206466856,0.207946198147,-16.0193267205,-12.4384025029,-12.2978063582,7.14376149648,-0.347141412577,2.546028
623,1.245999813,4,179999828,0.0623,-1.4777,1.4776,-1.5495,-1.5511,0.0182,0.1861,0.1811,-0.4579,3.1331,-3.1313,3.1396,0.0623514154095,-1.47726920368,1.47726920368,-1.50844491139,-1.50844491139,0.0623514154095,0.120418315156,0.180627472734,-0.180627472734,0.120418315156,0.120418315156,0.120418315156,-0.815994269664,-20.4707856508,5.53059424619,-14.5180950565,7.07184164158,-0.349391690397,1.205351
624,1.248000145,4,182000160,0.0628,-1.4772,1.4763,-1.5433,-1.5571,0.0244,0.2132,0.2635,-0.6695,3.1251,-3.0358,3.1392,0.0625925036398,-1.47690757134,1.47690757134,-1.50820382316,-1.50820382316,0.0625925036398,0.120629838478,0.180944757717,-0.180944757717,0.120629838478,0.120629838478,0.120629838478,-2.64205312693,-26.3456270806,18.4746036693,-13.1544745011,6.75956430553,-0.351486485427,1.207746
625,1.25,4,184000015,0.0631,-1.4765,1.4745,-1.537,-1.5582,0.0307,0.1743,0.3435,-0.8861,3.128,-0.5594,3.1363,0.0628339569691,-1.47654539134,1.47654539134,-1.50796236983,-1.50796236983,0.0628339569691,0.120840934462,0.181261401694,-0.181261401694,0.120840934462,0.120840934462,0.120840934462,-1.24757641868,-32.7026784355,32.2804455646,-11.6883183067,1.53723858853,-0.364026234345,1.202262
626,1.251999855,4,185999870,0.0633,-1.4758,1.4725,-1.5308,-1.5533,0.0351,0.1094,0.38,-0.9962,3.1355,2.4776,2.1747,0.0630758320816,-1.47618257867,1.47618257867,-1.50772049471,-1.50772049471,0.0630758320816,0.12105165212,0.18157747818,-0.18157747818,0.12105165212,0.12105165212,0.12105165212,1.50364087781,-36.0912451386,39.899933199,-10.9298682733,-4.80388647114,-0.254805943474,2.226908
627,1.254000187,4,188000202,0.0635,-1.4751,1.471,-1.5281,-1.547,0.034,0.0964,0.3513,-0.751,1.3319,3.1288,-0.5223,0.0633181860614,-1.4758190477,1.4758190477,-1.50747814073,-1.50747814073,0.0633181860614,0.121262040104,0.181893060157,-0.181893060157,0.121262040104,0.121262040104,0.121262040104,0.934419331272,-35.8363383014,19.3946492873,-3.38435690781,-6.12657943093,0.0914182736756,2.199236
628,1.256000042,4,190000057,0.0637,-1.4745,1.4703,-1.5305,-1.5408,0.0278,0.0879,0.2842,-0.3474,-1.1914,3.118,-3.1348,0.0635609025635,-1.47545497295,1.47545497295,-1.50723542423,-1.50723542423,0.0635609025635,0.121471996611,0.182207994916,-0.182207994916,0.121471996611,0.121471996611,0.121471996611,0.0124775946666,-33.2258569329,-13.4339620021,6.8240437352,-6.00679704814,0.431884600738,2.636826
629,1.257999897,4,191999912,0.0638,-1.4741,1.4704,-1.5367,-1.5345,0.0215,0.0691,0.2017,0.0381,-3.1185,3.1063,-3.1318,0.0638040385658,-1.47509026895,1.47509026895,-1.50699228823,-1.50699228823,0.0638040385658,0.12168157039,0.182522355585,-0.182522355585,0.12168157039,0.12168157039,0.12168157039,0.183640893958,-28.9589071275,-43.3776965002,14.1775867768,-5.86014683595,0.433774583806,1.206104
630,1.259999752,4,193999767,0.0639,-1.4738,1.4709,-1.543,-1.5283,0.0152,0.0411,0.1232,0.2436,-3.1208,3.0966,-3.1295,0.0640475933013,-1.47472493684,1.47472493684,-1.50674873349,-1.50674873349,0.0640475933013,0.121890759985,0.182836139978,-0.182836139978,0.121890759985,0.121890759985,0.121890759985,2.01363898649,-23.4183247589,-56.019845515,12.9246897552,-5.72650593847,0.435715080897,1.401253
631,1.262000084,4,196000099,0.064,-1.4738,1.4718,-1.5492,-1.5259,0.0089,0.0625,0.0422,0.4634,-3.1054,1.2024,-3.1274,0.0642916242418,-1.47435889043,1.47435889043,-1.50650470255,-1.50650470255,0.0642916242418,0.122099613698,0.183149420546,-0.183149420546,0.122099613698,0.122099613698,0.122099613698,1.55528810256,-17.1214982606,-69.8676976425,11.3827746021,-1.69352466108,0.446025359814,1.674768
632,1.263999939,4,197999954,0.0643,-1.4738,1.473,-1.5554,-1.5286,0.0042,0.1091,-0.0083,0.6048,-3.1175,-1.3401,-2.3589,0.0645360142311,-1.47399230545,1.47399230545,-1.50626031256,-1.50626031256,0.0645360142311,0.12230803047,0.183462045705,-0.183462045705,0.12230803047,0.12230803047,0.12230803047,-0.232861005121,-12.8215139788,-79.3004151894,10.4715498436,3.65086283801,0.359801206748,1.299898
633,1.265999794,4,199999809,0.0646,-1.4738,1.474,-1.5592,-1.5346,0.0062,0.1453,-0.0006,0.4788,-1.9103,-3.0223,0.984,0.0647808206354,-1.47362509584,1.47362509584,-1.50601550616,-1.50601550616,0.0647808206354,0.122516058705,0.183774088058,-0.183774088058,0.122516058705,0.122516058705,0.122516058705,-0.977508603947,-11.8318066854,-68.2985713397,5.14013768924,7.1337405971,-0.0660053342901,2.302794
634,1.268000126,4,202000141,0.0649,-1.4736,1.474,-1.557,-1.5408,0.0125,0.1519,0.0646,0.0283,1.1061,-3.1128,3.136,0.0650261012155,-1.47325717497,1.47325717497,-1.50577022558,-1.50577022558,0.0650261012155,0.122723746439,0.184085619659,-0.184085619659,0.122723746439,0.122723746439,0.122723746439,0.42110815174,-13.8583662095,-30.9988143124,-7.25532556128,7.23246190509,-0.346241399641,2.186427
635,1.269999981,4,203999996,0.0652,-1.4734,1.4733,-1.5508,-1.5471,0.0187,0.1681,0.1408,-0.3546,3.1351,-3.1194,3.1364,0.0652717382105,-1.47288871948,1.47288871948,-1.50552458858,-1.50552458858,0.0652717382105,0.122930993182,0.184396489772,-0.184396489772,0.122930993182,0.122930993182,0.122930993182,0.545442768902,-17.5008925982,-0.916918351814,-15.1406379684,7.14337571392,-0.348221667705,1.211157
636,1.271999836,4,205999851,0.0656,-1.4729,1.4722,-1.5445,-1.5534,0.025,0.1966,0.2166,-0.5469,3.1342,-3.1362,3.1408,0.0655177892763,-1.47251964288,1.47251964288,-1.50527853752,-1.50527853752,0.0655177892763,0.123137847069,0.184706770604,-0.184706770604,0.123137847069,0.123137847069,0.123137847069,-1.29076101705,-22.8849108615,10.8171271833,-13.9572729709,7.07795496389,-0.350626534542,1.236366
637,1.274000168,4,208000183,0.066,-1.4723,1.4707,-1.5382,-1.5568,0.0313,0.1881,0.2998,-0.7683,3.1209,-1.746,3.1378,0.0657643124612,-1.4721498581,1.4721498581,-1.50503201433,-1.50503201433,0.0657643124612,0.123344355869,0.185016533803,-0.185016533803,0.123344355869,0.123344355869,0.123344355869,-1.38451108755,-29.1614856914,24.6043699987,-12.4355869003,4.09222075807,-0.358224499007,1.358185
638,1.276000023,4,210000038,0.0662,-1.4716,1.4688,-1.532,-1.5544,0.0364,0.135,0.3626,-0.9423,3.1317,1.2153,2.5714,0.0660111894029,-1.47177954269,1.47177954269,-1.50478513739,-1.50478513739,0.0660111894029,0.123550419664,0.185325629496,-0.185325629496,0.123550419664,0.123550419664,0.123550419664,0.656053395825,-34.4063503878,35.9900330867,-11.2705240668,-2.12632986854,-0.299635590783,1.219963
639,1.277999878,4,211999893,0.0664,-1.4709,1.467,-1.5269,-1.5481,0.0361,0.0942,0.3701,-0.9062,2.5118,3.1415,-0.1616,0.0662584780455,-1.47140860973,1.47140860973,-1.50453784875,-1.50453784875,0.0662584780455,0.123756086323,0.185634129484,-0.185634129484,0.123756086323,0.123756086323,0.123756086323,1.95520835863,-36.0426023732,32.4151358021,-8.33358718485,-6.13759165869,0.0457994715689,2.240256
640,1.28000021,4,214000225,0.0666,-1.4702,1.4659,-1.5269,-1.5419,0.0305,0.0932,0.3172,-0.5355,0.0224,3.1237,-2.8287,0.0665062367229,-1.47103697171,1.47103697171,-1.50429009007,-1.50429009007,0.0665062367229,0.123961403338,0.185942105007,-0.185942105007,0.123961403338,0.123961403338,0.123961403338,0.548569978382,-34.4655236345,1.78221044681,1.87952777307,-6.03619122053,0.393315293521,2.195009
641,1.282000065,4,216000080,0.0668,-1.4697,1.4657,-1.5319,-1.5356,0.0242,0.0823,0.2397,-0.1062,-2.522,3.1114,-3.1328,0.0667543464751,-1.47066480708,1.47066480708,-1.50404198032,-1.50404198032,0.0667543464751,0.124166271375,0.186249407062,-0.186249407062,0.124166271375,0.124166271375,0.124166271375,-0.197669660483,-31.0753083155,-32.82871555,12.0645960113,-5.90320486503,0.435119813152,1.221337
642,1.28399992,4,217999935,0.0669,-1.4694,1.466,-1.5382,-1.5294,0.0179,0.0599,0.1665,0.1411,-3.1243,3.1018,-3.1302,0.0670028655326,-1.4702920285,1.4702920285,-1.50379346126,-1.50379346126,0.0670028655326,0.124370738029,0.186556107043,-0.186556107043,0.124370738029,0.124370738029,0.124370738029,0.934609035181,-26.3954930005,-50.0014796357,13.5933763034,-5.78025061555,0.437162396533,1.222330
643,1.285999775,4,219999790,0.067,-1.4692,1.4667,-1.5444,-1.5246,0.0117,0.0518,0.0855,0.3552,-3.1153,2.3732,-3.1283,0.0672517930912,-1.46991863716,1.46991863716,-1.5035445337,-1.5035445337,0.0672517930912,0.124574801892,0.186862202839,-0.186862202839,0.124574801892,0.124574801892,0.124574801892,1.80878377423,-20.4485476906,-63.2900688224,12.1824526546,-4.15978663844,0.442282502064,1.492044
644,1.288000107,4,222000122,0.0672,-1.4692,1.4678,-1.5507,-1.5249,0.0062,0.0932,0.0178,0.544,-3.1164,-0.1375,-2.7147,0.0675011878633,-1.469544545,1.469544545,-1.50329513893,-1.50329513893,0.0675011878633,0.12477851009,0.187167765136,-0.187167765136,0.12477851009,0.12477851009,0.12477851009,0.341152651876,-14.9508045745,-75.5006465437,10.9014128119,1.13288485896,0.401924785873,1.221469
645,1.289999962,4,223999977,0.0675,-1.4692,1.469,-1.5567,-1.5303,0.007,0.1481,-0.0059,0.6052,-3.0214,-2.7022,0.3969,0.0677509300976,-1.46916993165,1.46916993165,-1.5030453967,-1.5030453967,0.0677509300976,0.12498176407,0.187472646105,-0.187472646105,0.12498176407,0.12498176407,0.12498176407,-1.83276015426,-12.4364621137,-79.7763644313,9.97869815981,6.4855933508,0.0100680073388,2.234247
646,1.291999817,4,225999832,0.0678,-1.4691,1.4695,-1.5578,-1.5365,0.0133,0.1574,0.039,0.2614,-0.5636,-3.0888,3.1303,0.0680010784036,-1.46879470919,1.46879470919,-1.50279524839,-1.50279524839,0.0680010784036,0.12518461106,0.187776916589,-0.187776916589,0.12518461106,0.12518461106,0.12518461106,-0.766266443074,-13.3924749043,-51.0332083437,-0.243745670363,7.23570836087,-0.344458782202,2.125326
647,1.294000149,4,228000164,0.0681,-1.4689,1.4691,-1.5528,-1.5427,0.0195,0.1669,0.117,-0.2231,2.4987,-3.121,3.1378,0.0682516917757,-1.46841878913,1.46841878913,-1.50254463502,-1.50254463502,0.0682516917757,0.125387097904,0.188080646857,-0.188080646857,0.125387097904,0.125387097904,0.125387097904,0.402615658922,-16.317722109,-11.3890549745,-12.6919668334,7.19639877195,-0.347294399918,1.702821
648,1.296000004,4,230000019,0.0685,-1.4685,1.4681,-1.5466,-1.549,0.0258,0.1885,0.189,-0.4657,3.1293,-3.1287,3.1383,0.0685026498729,-1.46804235199,1.46804235199,-1.50229367692,-1.50229367692,0.0685026498729,0.125589126646,0.188383689968,-0.188383689968,0.125589126646,0.125589126646,0.125589126646,-0.61976202378,-20.8776735487,5.52753371411,-14.3874647897,7.12224504998,-0.349367267934,1.261909
649,1.297999859,4,231999874,0.0689,-1.468,1.4668,-1.5403,-1.5547,0.0321,0.2088,0.273,-0.6795,3.1235,-2.8379,3.1387,0.0687540115873,-1.46766530941,1.46766530941,-1.50204231521,-1.50204231521,0.0687540115873,0.125790744233,0.18868611635,-0.18868611635,0.125790744233,0.125790744233,0.125790744233,-2.03953217869,-26.9325665047,18.6333399821,-13.0129783851,6.41078414312,-0.352520520414,1.282385
650,1.30000019,4,234000205,0.0693,-1.4673,1.465,-1.5341,-1.555,0.0384,0.1681,0.351,-0.8966,3.128,-0.1884,3.1361,0.0690058360677,-1.46728757269,1.46728757269,-1.50179049073,-1.50179049073,0.0690058360677,0.125991997128,0.188987995693,-0.188987995693,0.125991997128,0.125991997128,0.125991997128,-0.679982105049,-33.1459697129,32.5106973386,-11.5422274744,0.821013984767,-0.365819628527,1.215165
651,1.302000046,4,236000061,0.0695,-1.4665,1.463,-1.5278,-1.5493,0.0392,0.1038,0.3878,-1.005,3.1366,2.8728,0.3878,0.0692580027649,-1.46690932265,1.46690932265,-1.50153832403,-1.50153832403,0.0692580027649,0.126192788274,0.189289182412,-0.189289182412,0.126192788274,0.126192788274,0.126192788274,1.96857128451,-36.6153269433,40.0256733719,-10.8016089603,-5.5728348779,-0.0234928895,2.202649
652,1.303999901,4,237999916,0.0697,-1.4658,1.4615,-1.5253,-1.543,0.0346,0.0999,0.3581,-0.7475,1.2481,3.1285,-2.2923,0.069510570474,-1.46653047108,1.46653047108,-1.50128575632,-1.50128575632,0.069510570474,0.126393164038,0.189589746056,-0.189589746056,0.126393164038,0.126393164038,0.126393164038,0.96973039728,-36.267402048,18.4219453386,-2.91975636639,-6.0800406763,0.324317585645,2.211816
653,1.305999756,4,239999771,0.0699,-1.4652,1.4608,-1.5278,-1.5368,0.0283,0.0926,0.2906,-0.3454,-1.2557,3.1161,-3.1343,0.0697635384892,-1.46615101906,1.46615101906,-1.50103278831,-1.50103278831,0.0697635384892,0.12659312315,0.189889684725,-0.189889684725,0.12659312315,0.12659312315,0.12659312315,0.00747807275783,-33.5920459034,-14.2581746822,7.19998209798,-5.96538605949,0.435893459619,1.340285
654,1.308000087,4,242000102,0.07,-1.4648,1.4609,-1.5341,-1.5305,0.022,0.0747,0.2082,0.0352,-3.1261,3.1038,-3.1304,0.0700169663293,-1.4657708773,1.4657708773,-1.50077936047,-1.50077936047,0.0700169663293,0.126792711692,0.190189067539,-0.190189067539,0.126792711692,0.126792711692,0.126792711692,0.141196499415,-29.2817890736,-43.7211031056,14.2991276956,-5.81993148906,0.437694187984,1.205068
655,1.309999943,4,243999958,0.0701,-1.4645,1.4613,-1.5403,-1.5243,0.0158,0.0478,0.1289,0.2414,-3.1181,3.0954,-3.1289,0.0702707326719,-1.46539022779,1.46539022779,-1.50052559412,-1.50052559412,0.0702707326719,0.126991833414,0.190487750122,-0.190487750122,0.126991833414,0.126991833414,0.126991833414,1.89152098152,-23.6643091319,-56.3439071719,12.9890413965,-5.69054571712,0.439693310167,1.208713
656,1.311999798,4,245999813,0.0702,-1.4644,1.4623,-1.5465,-1.5226,0.0095,0.0785,0.0489,0.4604,-3.1039,0.8623,-3.1262,0.0705248966816,-1.46500898177,1.46500898177,-1.50027143011,-1.50027143011,0.0705248966816,0.127190534305,0.190785801457,-0.190785801457,0.127190534305,0.127190534305,0.127190534305,0.997043646957,-17.3926273793,-70.2367219184,11.4399313831,-0.958989628506,0.451459257055,1.202009
657,1.314000129,4,248000144,0.0705,-1.4644,1.4635,-1.5527,-1.5259,0.0084,0.1248,-0.0006,0.5988,-3.1146,-1.6648,-0.5513,0.0707795182796,-1.46462704938,1.46462704938,-1.50001680852,-1.50001680852,0.0707795182796,0.127388860254,0.191083290381,-0.191083290381,0.127388860254,0.127388860254,0.127388860254,-0.730794506912,-13.1525710118,-79.489847784,10.5413332094,4.35158560242,0.129446805861,3.866360
658,1.315999985,4,250000000,0.0708,-1.4644,1.4644,-1.5564,-1.532,0.014,0.1529,0.0072,0.4624,-1.828,-3.0286,2.8054,0.0710344755679,-1.46424461344,1.46424461344,-1.49976185123,-1.49976185123,0.0710344755679,0.127586715624,0.191380073437,-0.191380073437,0.127586715624,0.127586715624,0.127586715624,-1.06211493371,-12.1655217608,-67.5093481477,4.89043780461,7.18090078291,-0.301652046675,2.385138
659,1.31799984,4,251999855,0.0711,-1.4643,1.4644,-1.554,-1.5382,0.0203,0.1587,0.0744,0.0058,1.2165,-3.1062,3.1334,0.0712898279861,-1.46386158482,1.46386158482,-1.49950649881,-1.49950649881,0.0712898279861,0.127784146117,0.191676219176,-0.191676219176,0.127784146117,0.127784146117,0.127784146117,0.371024188008,-14.2931076834,-29.7434591633,-7.61013800815,7.25844887042,-0.346029306887,1.245955
660,1.320000171,4,254000186,0.0715,-1.464,1.4637,-1.5477,-1.5444,0.0265,0.1753,0.1501,-0.3662,3.1349,-3.1201,3.1367,0.0715456357299,-1.4634778732,1.4634778732,-1.49925069106,-1.49925069106,0.0715456357299,0.127981197331,0.191971795997,-0.191971795997,0.127981197331,0.127981197331,0.127981197331,0.384628571093,-18.0189262957,-0.699630579178,-15.0078461362,7.18406300653,-0.348347804781,1.294572
661,1.322000026,4,256000041,0.0719,-1.4635,1.4625,-1.5414,-1.5507,0.0328,0.2021,0.2272,-0.5612,3.1334,-3.1363,3.1409,0.0718017762012,-1.46309366249,1.46309366249,-1.49899455059,-1.49899455059,0.0718017762012,0.128177774147,0.192266661221,-0.192266661221,0.128177774147,0.128177774147,0.128177774147,-1.31545333001,-23.5025589911,11.2187203227,-13.7997289215,7.1194993747,-0.350743510434,1.276275
662,1.323999882,4,257999897,0.0722,-1.4629,1.461,-1.5352,-1.5536,0.0391,0.1871,0.3084,-0.782,3.1215,-1.4379,3.1371,0.0720583094975,-1.46270886255,1.46270886255,-1.4987380173,-1.4987380173,0.0720583094975,0.128373922273,0.192560883409,-0.192560883409,0.128373922273,0.128373922273,0.128373922273,-1.12667371435,-29.6821821168,25.0295940626,-12.2731569496,3.49722663399,-0.35959581544,1.200842
663,1.326000213,4,260000228,0.0725,-1.4621,1.4591,-1.5289,-1.5505,0.0406,0.1314,0.3709,-0.9542,3.1311,1.5467,0.7383,0.0723152957025,-1.46232338324,1.46232338324,-1.49848103109,-1.49848103109,0.0723152957025,0.128569686714,0.192854530072,-0.192854530072,0.128569686714,0.128569686714,0.128569686714,1.01875852747,-34.9674597751,36.3072324956,-11.1137364721,-2.764977411,-0.0620423710584,4.144446
664,1.328000068,4,262000083,0.0727,-1.4614,1.4573,-1.524,-1.5442,0.0366,0.0996,0.3786,-0.9057,2.4298,3.1388,-1.9811,0.0725726117775,-1.46193740913,1.46193740913,-1.49822371502,-1.49822371502,0.0725726117775,0.128764973077,0.193147459616,-0.193147459616,0.128764973077,0.128764973077,0.128764973077,1.8532400721,-36.6255932897,31.6337561155,-7.85701162951,-6.09000201889,0.285285377772,2.223206
665,1.329999923,4,263999938,0.0729,-1.4607,1.4562,-1.5241,-1.5379,0.0303,0.0981,0.3238,-0.5347,-0.0436,3.1217,-3.1356,0.0728303179645,-1.46155084985,1.46155084985,-1.49796600883,-1.49796600883,0.0728303179645,0.128959826675,0.193439740013,-0.193439740013,0.128959826675,0.128959826675,0.128959826675,0.520584616699,-34.872491553,1.04195109516,2.2741035286,-5.99380383763,0.437563450528,2.396430
666,1.331999779,4,265999794,0.0731,-1.4603,1.456,-1.5293,-1.5317,0.0241,0.0869,0.2454,-0.1041,-2.5727,3.1088,-3.1317,0.0730884135257,-1.46116370651,1.46116370651,-1.49770791327,-1.49770791327,0.0730884135257,0.129154246289,0.193731369433,-0.193731369433,0.129154246289,0.129154246289,0.129154246289,-0.190158258656,-31.3655831995,-33.6000070133,12.3763198189,-5.85759890382,0.439463205674,1.331988
667,1.33400011,4,268000125,0.0732,-1.4599,1.4563,-1.5355,-1.5255,0.0178,0.0649,0.1716,0.1397,-3.1226,3.0996,-3.1293,0.0733469589034,-1.46077588844,1.46077588844,-1.49744936789,-1.49744936789,0.0733469589034,0.129348276529,0.194022414794,-0.194022414794,0.129348276529,0.129348276529,0.129348276529,0.937933810751,-26.6300462467,-50.3856143557,13.6590647736,-5.73636240494,0.441540303255,1.302389
668,1.335999965,4,269999980,0.0733,-1.4597,1.457,-1.5418,-1.5213,0.0115,0.0645,0.0912,0.3542,-3.1144,2.0906,-3.1267,0.0736058303071,-1.46038758133,1.46038758133,-1.49719049649,-1.49719049649,0.0736058303071,0.129541823841,0.194312735762,-0.194312735762,0.129541823841,0.129541823841,0.129541823841,1.44975171304,-20.6583790967,-63.7539107167,12.2384521535,-3.5372144402,0.44789390794,1.216954
669,1.33799982,4,271999835,0.0735,-1.4597,1.4581,-1.548,-1.5221,0.0098,0.1054,0.0238,0.5415,-3.1153,-0.401,-0.8559,0.0738650883396,-1.45999869429,1.45999869429,-1.49693123846,-1.49693123846,0.0738650883396,0.129734933143,0.194602399715,-0.194602399715,0.129734933143,0.129734933143,0.129734933143,0.0523825612841,-15.169788137,-75.874923029,10.9639431998,1.71399173421,0.165031621922,2.241516
670,1.340000152,4,274000167,0.0739,-1.4597,1.4592,-1.5539,-1.528,0.015,0.1594,0.0011,0.5913,-2.9455,-2.9464,2.5932,0.0741247940992,-1.45960913565,1.45960913565,-1.4966715327,-1.4966715327,0.0741247940992,0.129927649036,0.194891473554,-0.194891473554,0.129927649036,0.129927649036,0.129927649036,-2.0464537894,-12.6528693798,-79.1751882348,9.73817122841,7.02743794423,-0.27311843714,4.250931
671,1.342000007,4,276000022,0.0742,-1.4596,1.4597,-1.5547,-1.5342,0.0213,0.1622,0.0472,0.237,-0.4169,-3.0893,3.1315,0.0743848228466,-1.45921909252,1.45921909252,-1.49641150395,-1.49641150395,0.0743848228466,0.130119878312,0.195179817468,-0.195179817468,0.130119878312,0.130119878312,0.130119878312,-0.680024210522,-13.7007170478,-49.5123590104,-0.768732648791,7.28393162617,-0.344803886866,1.842250
672,1.343999862,4,277999877,0.0745,-1.4593,1.4592,-1.5494,-1.5404,0.0275,0.1719,0.1272,-0.2531,2.6643,-3.113,3.1342,0.0746452355831,-1.45882847342,1.45882847342,-1.49615109121,-1.49615109121,0.0746452355831,0.130311665684,0.195467498526,-0.195467498526,0.130311665684,0.130311665684,0.130311665684,0.487688060909,-16.7953976984,-9.44468739186,-13.2790715167,7.2237382014,-0.347019081868,1.279388
673,1.346000194,4,280000209,0.0749,-1.4589,1.4582,-1.5431,-1.5466,0.0338,0.1939,0.1982,-0.4784,3.1297,-3.1278,3.1383,0.0749060936735,-1.45843718628,1.45843718628,-1.49589023312,-1.49589023312,0.0749060936735,0.130503055449,0.195754583173,-0.195754583173,0.130503055449,0.130503055449,0.130503055449,-0.642675603838,-21.411580402,5.86491560775,-14.2518174166,7.16642520866,-0.349542491392,1.276077
674,1.348000049,4,282000064,0.0753,-1.4584,1.4569,-1.5369,-1.5518,0.0401,0.2129,0.2816,-0.6932,3.1234,-2.5829,3.1384,0.0751672718214,-1.45804541906,1.45804541906,-1.49562905497,-1.49562905497,0.0751672718214,0.130693955043,0.196040932564,-0.196040932564,0.130693955043,0.130693955043,0.130693955043,-2.16143737012,-27.4547550987,19.0626682428,-12.8560057192,5.91905398295,-0.353679852724,1.294338
675,1.349999904,4,283999919,0.0757,-1.4577,1.455,-1.5306,-1.5512,0.042,0.1583,0.3579,-0.9072,3.1212,0.3076,0.9748,0.0754288312953,-1.45765307985,1.45765307985,-1.4953674955,-1.4953674955,0.0754288312953,0.130884408876,0.196326613314,-0.196326613314,0.130884408876,0.130884408876,0.130884408876,0.00949293436744,-33.6371957446,32.8168574351,-11.3563495999,-0.146905850066,-0.0861406482304,2.197112
676,1.351999759,4,285999774,0.0759,-1.4569,1.453,-1.5243,-1.545,0.0385,0.1014,0.3957,-1.0137,3.1392,3.1153,-1.7708,0.0756907712024,-1.45726016999,1.45726016999,-1.49510555559,-1.49510555559,0.0756907712024,0.13107441567,0.196611623505,-0.196611623505,0.13107441567,0.13107441567,0.13107441567,2.29913762866,-37.1301267844,40.1904856609,-10.6888824564,-6.02746644404,0.259502745157,2.289229
677,1.354000091,4,288000106,0.0761,-1.4561,1.4516,-1.5221,-1.5387,0.0322,0.1033,0.3618,-0.7331,1.1169,3.1263,-3.1368,0.0759531532604,-1.4568665969,1.4568665969,-1.49484317353,-1.49484317353,0.0759531532604,0.13126401931,0.196896028965,-0.196896028965,0.13126401931,0.13126401931,0.13126401931,0.996464877749,-36.5583686792,16.6664785876,-2.28900355994,-6.02952421748,0.439375150961,2.270638
678,1.355999946,4,289999961,0.0763,-1.4555,1.4509,-1.5249,-1.5324,0.026,0.0962,0.2935,-0.33,-1.3732,3.1129,-3.1325,0.0762158514359,-1.45647254964,1.45647254964,-1.49458047536,-1.49458047536,0.0762158514359,0.1314531281,0.19717969215,-0.19717969215,0.1314531281,0.1314531281,0.1314531281,0.0431005605411,-33.8083888123,-16.0373996779,7.76004072938,-5.91595399663,0.441437955396,1.134025
679,1.357999801,4,291999816,0.0764,-1.4551,1.451,-1.5311,-1.5262,0.0197,0.0778,0.2113,0.0392,-3.1252,3.1022,-3.13,0.0764789273509,-1.45607793577,1.45607793577,-1.49431739944,-1.49431739944,0.0764789273509,0.131641786041,0.197462679061,-0.197462679061,0.131641786041,0.131641786041,0.131641786041,0.275578337854,-29.4121142023,-44.4092760381,14.3302250638,-5.7736436011,0.443419607407,1.370564
680,1.360000133,4,294000148,0.0765,-1.4549,1.4515,-1.5373,-1.52,0.0134,0.0522,0.1315,0.2478,-3.1175,3.0938,-3.1281,0.0767424429854,-1.45568266232,1.45568266232,-1.49405388381,-1.49405388381,0.0767424429854,0.131830036706,0.197745055058,-0.197745055058,0.131830036706,0.131830036706,0.131830036706,1.92609994483,-23.7197540583,-57.2106001613,13.0016085042,-5.64542277726,0.445442140689,1.318864
681,1.361999988,4,296000003,0.0767,-1.4548,1.4524,-1.5436,-1.5187,0.0113,0.0885,0.0515,0.4681,-3.1121,0.6584,-1.0582,0.0770062717579,-1.45528691916,1.45528691916,-1.49379005504,-1.49379005504,0.0770062717579,0.132017789056,0.198026683584,-0.198026683584,0.132017789056,0.132017789056,0.132017789056,0.77536467562,-17.3898555368,-71.2267411705,11.4828059637,-0.504639431811,0.188294250551,2.230435
682,1.363999843,4,297999858,0.077,-1.4548,1.4536,-1.5498,-1.5224,0.0161,0.1353,0.0036,0.5993,-3.1116,-1.8532,2.4083,0.0772704755534,-1.45489061346,1.45489061346,-1.49352585124,-1.49352585124,0.0772704755534,0.132205086781,0.198307630171,-0.198307630171,0.132205086781,0.132205086781,0.132205086781,-0.96559534886,-13.2366726861,-80.006998411,10.5757742197,4.76996811699,-0.252525406457,2.283655
683,1.366000175,4,300000190,0.0773,-1.4547,1.4545,-1.5532,-1.5284,0.0223,0.158,0.0149,0.4415,-1.696,-3.027,3.1133,0.0775351166126,-1.45449365188,1.45449365188,-1.49326121018,-1.49326121018,0.0775351166126,0.132391973141,0.198587959712,-0.198587959712,0.132391973141,0.132391973141,0.132391973141,-1.01079721194,-12.4882745432,-66.2627490046,4.41556504379,7.2129336179,-0.34182083927,2.233532
684,1.36800003,4,302000045,0.0776,-1.4546,1.4544,-1.5505,-1.5346,0.0286,0.1644,0.0845,-0.0219,1.3679,-3.1072,3.1336,0.0778000678095,-1.45409622508,1.45409622508,-1.49299625899,-1.49299625899,0.0778000678095,0.13257835776,0.198867536639,-0.198867536639,0.13257835776,0.13257835776,0.13257835776,0.394160828823,-14.7734644352,-27.9978855088,-8.14202618691,7.29273395335,-0.346347883072,2.204300
685,1.369999885,4,303999900,0.078,-1.4542,1.4537,-1.5442,-1.5409,0.0349,0.1816,0.1609,-0.3804,3.1348,-3.1202,3.1368,0.0780653912904,-1.45369823986,1.45369823986,-1.4927309355,-1.4927309355,0.0780653912904,0.132764284013,0.19914642602,-0.19914642602,0.132764284013,0.132764284013,0.132764284013,0.292016675451,-18.7159128854,-0.296329484041,-14.8586237408,7.21779246264,-0.348703353233,1.968242
686,1.372000217,4,306000232,0.0784,-1.4537,1.4525,-1.5379,-1.5472,0.0412,0.2092,0.24,-0.5807,3.1322,-3.1367,3.141,0.0783311495545,-1.45329960246,1.45329960246,-1.49246517724,-1.49246517724,0.0783311495545,0.132949794845,0.199424692268,-0.199424692268,0.132949794845,0.132949794845,0.132949794845,-1.45844837179,-24.3371958867,11.9325822281,-13.6092917522,7.14961779102,-0.35105262269,2.153625
687,1.374000072,4,308000087,0.0788,-1.4531,1.4509,-1.5317,-1.5497,0.0435,0.1876,0.3224,-0.8042,3.1201,-1.2549,1.1735,0.0785972149357,-1.45290050439,1.45290050439,-1.49219911186,-1.49219911186,0.0785972149357,0.133134800547,0.199702200821,-0.199702200821,0.133134800547,0.133134800547,0.133134800547,-0.980690409653,-30.6653383663,25.961450101,-12.0505727276,3.15663430765,-0.104402359366,3.306449
688,1.375999927,4,309999942,0.079,-1.4523,1.449,-1.5254,-1.5462,0.0404,0.1326,0.3839,-0.9727,3.132,1.7413,-1.5377,0.0788636498396,-1.45250085204,1.45250085204,-1.49193267696,-1.49193267696,0.0788636498396,0.133319344179,0.199979016269,-0.199979016269,0.133319344179,0.133319344179,0.133319344179,1.12508535875,-35.8835532122,37.0197143918,-10.9277188322,-3.13111574405,0.23620888875,2.235837
689,1.377999782,4,311999797,0.0792,-1.4516,1.4472,-1.5208,-1.5399,0.0342,0.1051,0.3874,-0.9041,2.3116,3.1361,-3.1404,0.079130453341,-1.45210064678,1.45210064678,-1.49166587345,-1.49166587345,0.079130453341,0.133503424515,0.200255136772,-0.200255136772,0.133503424515,0.133503424515,0.133503424515,1.73622948999,-37.2723643232,30.6997680769,-7.2023475492,-6.04753747808,0.441214952249,2.267233
690,1.380000114,4,314000129,0.0794,-1.4509,1.4461,-1.5211,-1.5337,0.0279,0.1039,0.3318,-0.5319,-0.1474,3.1193,-3.1347,0.0793976882807,-1.45169979437,1.45169979437,-1.49139863851,-1.49139863851,0.0793976882807,0.133687084071,0.200530626107,-0.200530626107,0.133687084071,0.133687084071,0.133687084071,0.411709613008,-35.4434406568,0.0745244688065,2.85068755483,-5.95453445035,0.443441313153,1.230112
691,1.381999969,4,315999984,0.0796,-1.4504,1.4459,-1.5264,-1.5274,0.0216,0.0921,0.2511,-0.0982,-2.6625,3.1066,-3.1309,0.0796652262787,-1.45129848738,1.45129848738,-1.49113110052,-1.49113110052,0.0796652262787,0.133870234038,0.200805351057,-0.200805351057,0.133870234038,0.133870234038,0.133870234038,-0.253525632492,-31.7873346082,-34.7047570082,12.8629591354,-5.81613169674,0.445380891065,1.250898
692,1.383999824,4,317999839,0.0798,-1.45,1.4462,-1.5326,-1.5212,0.0153,0.0698,0.1764,0.1397,-3.1207,3.097,-3.1285,0.0799331300832,-1.45089663167,1.45089663167,-1.49086319671,-1.49086319671,0.0799331300832,0.134052917051,0.201079375576,-0.201079375576,0.134052917051,0.134052917051,0.134052917051,0.908725476505,-26.9089109702,-50.824334735,13.7175845148,-5.69419617022,0.447459701679,1.318576
693,1.386000156,4,320000171,0.0799,-1.4498,1.4469,-1.5389,-1.5173,0.0128,0.0734,0.0947,0.3576,-3.1128,1.9296,-1.2761,0.0802014627896,-1.45049413261,1.45049413261,-1.49059486401,-1.49059486401,0.0802014627896,0.134235175304,0.201352762956,-0.201352762956,0.134235175304,0.134235175304,0.134235175304,1.2780459876,-20.7906371755,-64.4276960316,12.2669719229,-3.17236254695,0.213022526092,2.125642
694,1.388000011,4,322000026,0.0801,-1.4498,1.448,-1.5451,-1.5184,0.0172,0.1138,0.027,0.543,-3.1141,-0.5445,2.2034,0.0804700954866,-1.45009118356,1.45009118356,-1.49032623131,-1.49032623131,0.0804700954866,0.134416920667,0.201625381,-0.201625381,0.134416920667,0.134416920667,0.134416920667,-0.06480288232,-15.2604988096,-76.4297472171,11.0075312893,2.04120005742,-0.229828482746,2.162170
695,1.389999866,4,323999881,0.0805,-1.4498,1.4491,-1.5508,-1.5243,0.0234,0.1634,0.0063,0.5771,-2.8321,-2.9634,3.0926,0.0807390911777,-1.44968769003,1.44968769003,-1.49005723562,-1.49005723562,0.0807390911777,0.134598195454,0.201897293181,-0.201897293181,0.134598195454,0.134598195454,0.134598195454,-1.91736060891,-12.8373979826,-78.3744716038,9.3188239497,7.10276345722,-0.338036927015,1.235760
696,1.392000198,4,326000213,0.0808,-1.4497,1.4495,-1.5512,-1.5305,0.0296,0.1659,0.0555,0.2054,-0.2031,-3.0876,3.1302,0.08100851321,-1.44928355698,1.44928355698,-1.48978781358,-1.48978781358,0.08100851321,0.134779041534,0.202168562301,-0.202168562301,0.134779041534,0.134779041534,0.134779041534,-0.48790144585,-14.025710105,-47.2874036846,-1.58737967494,7.31674865442,-0.344934450993,1.236777
697,1.394000053,4,328000068,0.0811,-1.4494,1.449,-1.5454,-1.5367,0.0359,0.1758,0.1375,-0.2905,2.8966,-3.1196,3.1367,0.0812782321459,-1.44887897858,1.44887897858,-1.48951809465,-1.48951809465,0.0812782321459,0.134959371461,0.202439057192,-0.202439057192,0.134959371461,0.134959371461,0.134959371461,0.691348375214,-17.2481817433,-6.80777991681,-14.1645680653,7.27123426948,-0.347638382703,1.304767
698,1.395999908,4,329999923,0.0815,-1.449,1.448,-1.5391,-1.543,0.0422,0.1973,0.207,-0.4916,3.1314,-3.1302,3.139,0.0815483112416,-1.44847385993,1.44847385993,-1.48924801555,-1.48924801555,0.0815483112416,0.135139227226,0.202708840839,-0.202708840839,0.135139227226,0.135139227226,0.135139227226,-0.521529304314,-21.9419971565,6.25844100192,-14.1246895825,7.21218718917,-0.349982066442,1.391329
699,1.397999763,4,331999778,0.082,-1.4484,1.4466,-1.5329,-1.5479,0.045,0.2087,0.2911,-0.7089,3.1221,-2.4438,1.383,0.0818187495476,-1.44806820247,1.44806820247,-1.48897757725,-1.48897757725,0.0818187495476,0.13531860764,0.20297791146,-0.20297791146,0.13531860764,0.13531860764,0.13531860764,-1.64052894321,-28.1253354725,19.6519554026,-12.6848284576,5.68450243021,-0.125616153582,4.078400
700,1.400000095,4,334000110,0.0823,-1.4477,1.4447,-1.5266,-1.547,0.0424,0.1589,0.3686,-0.9223,3.1289,0.4744,-1.2852,0.0820896107444,-1.44766191068,1.44766191068,-1.48870671605,-1.48870671605,0.0820896107444,0.135497554135,0.203246331203,-0.203246331203,0.135497554135,0.135497554135,0.135497554135,0.173898067549,-34.4013945524,33.3797727865,-11.2359273965,-0.449816675342,0.209817451929,4.085666
701,1.40199995,4,335999965,0.0825,-1.4469,1.4427,-1.5203,-1.5407,0.0361,0.105,0.4038,-1.0212,3.137,3.1288,-3.1353,0.0823607646984,-1.44725517975,1.44725517975,-1.4884355621,-1.4884355621,0.0823607646984,0.135675980187,0.20351397028,-0.20351397028,0.135675980187,0.135675980187,0.135675980187,2.35993714496,-37.6715209116,40.2386881883,-10.5768294593,-6.01471713636,0.441923396058,4.458629
702,1.403999805,4,337999820,0.0827,-1.4461,1.4413,-1.5185,-1.5344,0.0298,0.1069,0.3642,-0.7061,0.9207,3.1249,-3.1363,0.0826322749999,-1.4468479143,1.4468479143,-1.4881640518,-1.4881640518,0.0826322749999,0.135853927348,0.203780891023,-0.203780891023,0.135853927348,0.135853927348,0.135853927348,0.979656165825,-36.8510125887,13.9572804732,-1.41395556067,-5.979053872,0.44522750919,2.111724
703,1.406000137,4,340000152,0.0829,-1.4455,1.4407,-1.5216,-1.5282,0.0236,0.1003,0.2935,-0.3012,-1.5578,3.1127,-3.1328,0.0829042055771,-1.44644001843,1.44644001843,-1.48789212122,-1.48789212122,0.0829042055771,0.13603143672,0.204047155079,-0.204047155079,0.13603143672,0.13603143672,0.13603143672,-0.0138533169278,-33.8959301831,-18.8376564935,8.5674441943,-5.86601148768,0.44738463383,1.879427
704,1.407999992,4,342000007,0.0831,-1.4451,1.4408,-1.5278,-1.522,0.0173,0.0823,0.2128,0.0486,-3.1234,3.0996,-3.129,0.0831764257792,-1.44603168813,1.44603168813,-1.48761990102,-1.48761990102,0.0831764257792,0.136208422474,0.204312633711,-0.204312633711,0.136208422474,0.136208422474,0.136208422474,0.257164584657,-29.4565796169,-45.4144351694,14.3175491856,-5.72431949916,0.449253440967,1.632888
705,1.409999847,4,343999862,0.0832,-1.4449,1.4413,-1.5341,-1.5158,0.0143,0.0572,0.1309,0.261,-3.1139,3.0917,-1.5141,0.083448999445,-1.44562282763,1.44562282763,-1.48734732735,-1.48734732735,0.083448999445,0.136384925834,0.204577388751,-0.204577388751,0.136384925834,0.136384925834,0.136384925834,1.89979723695,-23.5914108952,-58.4409266001,12.9550462325,-5.60145218682,0.240705079785,2.207069
706,1.412000179,4,346000194,0.0834,-1.4448,1.4423,-1.5403,-1.5144,0.0182,0.0932,0.0501,0.4831,-3.1101,0.6624,1.9712,0.0837219907481,-1.44521334067,1.44521334067,-1.48707433605,-1.48707433605,0.0837219907481,0.136560987565,0.204841481347,-0.204841481347,0.136560987565,0.136560987565,0.136560987565,0.79669860112,-17.1956684094,-72.599474151,11.426448408,-0.477499565237,-0.203080197974,2.321374
707,1.414000034,4,348000049,0.0836,-1.4447,1.4435,-1.5465,-1.5181,0.0244,0.1395,0.0056,0.6046,-3.1066,-1.8316,3.0831,0.083995268525,-1.44480342401,1.44480342401,-1.48680105827,-1.48680105827,0.083995268525,0.136736522543,0.205104783815,-0.205104783815,0.136736522543,0.136736522543,0.136736522543,-0.92072998107,-13.3318301271,-80.7814103158,10.5724021779,4.76539140222,-0.340237796369,2.286801
708,1.415999889,4,349999904,0.084,-1.4447,1.4443,-1.5495,-1.5242,0.0306,0.1636,0.0234,0.4126,-1.5069,-3.0279,3.1132,0.0842688968608,-1.4443929815,1.4443929815,-1.48652742993,-1.48652742993,0.0842688968608,0.136911571658,0.205367357487,-0.205367357487,0.136911571658,0.136911571658,0.136911571658,-0.981021442083,-12.846998497,-64.3214457888,3.69765493567,7.24385119031,-0.342021886732,1.175685
709,1.418000221,4,352000236,0.0843,-1.4445,1.4442,-1.5464,-1.5304,0.0369,0.1708,0.096,-0.059,1.5756,-3.1147,3.1357,0.0845429401728,-1.44398191654,1.44398191654,-1.48625338662,-1.48625338662,0.0845429401728,0.137086175338,0.205629263008,-0.205629263008,0.137086175338,0.137086175338,0.137086175338,0.392770420755,-15.3696591785,-25.5057592947,-8.90874766348,7.33202430774,-0.346752768326,1.265709
710,1.420000076,4,354000091,0.0847,-1.4442,1.4434,-1.5401,-1.5366,0.0431,0.189,0.173,-0.399,3.1366,-3.1268,3.1394,0.0848172667886,-1.44357042661,1.44357042661,-1.48597906001,-1.48597906001,0.0848172667886,0.137260249168,0.205890373752,-0.205890373752,0.137260249168,0.137260249168,0.137260249168,0.115867869511,-19.4887007352,0.398790284844,-14.6980445583,7.25486594555,-0.349106717218,1.188820
711,1.421999931,4,355999946,0.0851,-1.4436,1.4422,-1.5338,-1.5429,0.0464,0.2136,0.2532,-0.6066,3.1328,-3.1351,1.6112,0.0850919410378,-1.44315841524,1.44315841524,-1.48570438576,-1.48570438576,0.0850919410378,0.137433833701,0.206150750551,-0.206150750551,0.137433833701,0.137433833701,0.137433833701,-1.43862661256,-25.2175935761,13.0823497474,-13.3903387441,7.17804536675,-0.151554394373,2.321172
712,1.423999786,4,357999801,0.0855,-1.443,1.4405,-1.5276,-1.5454,0.0443,0.1937,0.3394,-0.8355,3.1279,-1.2644,-1.0357,0.0853669619407,-1.44274588388,1.44274588388,-1.48542936485,-1.48542936485,0.0853669619407,0.137606927799,0.206410391699,-0.206410391699,0.137606927799,0.137606927799,0.137606927799,-1.07755013758,-31.8348944049,27.4636716712,-11.8298890897,3.20386692645,0.185674397116,2.304758
713,1.426000118,4,360000133,0.0858,-1.4422,1.4385,-1.5213,-1.542,0.0381,0.1383,0.3978,-0.9971,3.1318,1.7444,-3.119,0.0856423942361,-1.44233273544,1.44233273544,-1.48515393256,-1.48515393256,0.0856423942361,0.137779571441,0.206669357162,-0.206669357162,0.137779571441,0.137779571441,0.137779571441,1.01633883495,-36.8223419912,38.112103124,-10.7101468979,-3.10808272203,0.446832127579,2.301005
714,1.427999973,4,361999988,0.086,-1.4414,1.4367,-1.517,-1.5357,0.0318,0.1125,0.3971,-0.8974,2.1403,3.1367,-3.1407,0.0859181055804,-1.44191916842,1.44191916842,-1.48487822121,-1.48487822121,0.0859181055804,0.13795168116,0.20692752174,-0.20692752174,0.13795168116,0.13795168116,0.13795168116,1.43281464259,-38.099177359,29.3056547185,-6.31814899153,-6.01878856128,0.447391874918,1.229493
715,1.429999828,4,363999843,0.0862,-1.4407,1.4357,-1.5176,-1.5294,0.0255,0.1105,0.3391,-0.5221,-0.3077,3.118,-3.1343,0.0861941606256,-1.44150508586,1.44150508586,-1.48460216617,-1.48460216617,0.0861941606256,0.138123297059,0.207184945588,-0.207184945588,0.138123297059,0.138123297059,0.138123297059,0.167692822433,-36.0774011092,-1.49323982046,3.66179577463,-5.91843979553,0.449496673871,1.201676
716,1.43200016,4,366000175,0.0864,-1.4402,1.4355,-1.5233,-1.5232,0.0192,0.0982,0.2552,-0.0829,-2.8132,3.1055,-3.1307,0.0864706243494,-1.44109039027,1.44109039027,-1.48432570245,-1.48432570245,0.0864706243494,0.138294458772,0.207441688158,-0.207441688158,0.138294458772,0.138294458772,0.138294458772,-0.466109813891,-32.1718931965,-36.5703865538,13.5968685211,-5.77492805675,0.451423304563,1.266557
717,1.434000015,4,368000030,0.0866,-1.4398,1.4358,-1.5295,-1.517,0.0159,0.0751,0.1792,0.1441,-3.1194,3.0937,-1.688,0.0867473639094,-1.44067528093,1.44067528093,-1.48404896289,-1.48404896289,0.0867473639094,0.138465083552,0.207697625329,-0.207697625329,0.138465083552,0.138465083552,0.138465083552,0.862221947009,-27.0648508457,-51.5167539678,13.7491136074,-5.65209403366,0.265444662609,2.171662
718,1.43599987,4,369999885,0.0867,-1.4396,1.4365,-1.5357,-1.5131,0.0194,0.0778,0.0945,0.3685,-3.1123,1.9422,1.798,0.0870244441973,-1.4402596605,1.4402596605,-1.4837718826,-1.4837718826,0.0870244441973,0.138635211161,0.207952816742,-0.207952816742,0.138635211161,0.138635211161,0.138635211161,1.31399184019,-20.7185055073,-65.5093405903,12.2560623453,-3.16384941479,-0.183921838001,2.191134
719,1.438000202,4,372000217,0.087,-1.4396,1.4376,-1.542,-1.5141,0.0256,0.1167,0.0277,0.5499,-3.107,-0.514,3.0722,0.0873019304276,-1.43984343115,1.43984343115,-1.48349439637,-1.48349439637,0.0873019304276,0.138804880889,0.208207321334,-0.208207321334,0.138804880889,0.138804880889,0.138804880889,-0.00079275121256,-15.2565603854,-77.2399878644,10.9946381709,2.01951391316,-0.342693580539,2.249141
720,1.440000057,4,374000072,0.0873,-1.4396,1.4387,-1.5473,-1.52,0.0318,0.1664,0.0104,0.559,-2.6676,-2.9609,3.0921,0.0875796892636,-1.4394267929,1.4394267929,-1.48321663753,-1.48321663753,0.0875796892636,0.138974010712,0.208461016068,-0.208461016068,0.138974010712,0.138974010712,0.138974010712,-1.73048071648,-12.9327317561,-77.1335161607,8.66316674547,7.13645806598,-0.338308459564,1.214665
721,1.441999912,4,375999927,0.0876,-1.4394,1.4391,-1.5471,-1.5262,0.038,0.1694,0.0651,0.16,0.116,-3.0906,3.1298,0.0878577858344,-1.43900964804,1.43900964804,-1.48293854096,-1.48293854096,0.0878577858344,0.139142640047,0.20871396007,-0.20871396007,0.139142640047,0.139142640047,0.139142640047,-0.23239161756,-14.4256255668,-43.8777164524,-2.86043141683,7.35185875433,-0.34510771926,1.237252
722,1.443999767,4,377999782,0.088,-1.4391,1.4384,-1.5408,-1.5324,0.0443,0.1792,0.1488,-0.3313,3.1392,-3.1148,3.1348,0.088136219138,-1.43859199809,1.43859199809,-1.48266010766,-1.48266010766,0.088136219138,0.139310767797,0.208966151696,-0.208966151696,0.139310767797,0.139310767797,0.139310767797,0.8877281877,-17.8410073657,-3.88401122091,-15.0840507844,7.28864289373,-0.34762653851,1.191628
723,1.446000099,4,380000114,0.0884,-1.4387,1.4374,-1.5345,-1.5387,0.0478,0.2013,0.217,-0.5081,3.13,-3.1334,1.7524,0.0884150547015,-1.43817374474,1.43817374474,-1.48238127209,-1.48238127209,0.0884150547015,0.13947843279,0.209217649186,-0.209217649186,0.13947843279,0.13947843279,0.13947843279,-0.518501168822,-22.635288582,6.88981667153,-13.9638128055,7.25478185,-0.169213071163,2.168740
724,1.447999954,4,381999969,0.0888,-1.4381,1.4359,-1.5283,-1.5436,0.046,0.2136,0.3042,-0.7308,3.1216,-2.4644,-0.8784,0.0886941585359,-1.43775508899,1.43775508899,-1.48210216826,-1.48210216826,0.0886941585359,0.139645553974,0.209468330961,-0.209468330961,0.139645553974,0.139645553974,0.139645553974,-1.66541832175,-29.0522365136,20.624731652,-12.4895546092,5.76258593001,0.171119637857,2.735547
725,1.449999809,4,383999824,0.0892,-1.4373,1.434,-1.522,-1.5427,0.0398,0.1641,0.3807,-0.9415,3.1281,0.4623,-3.1105,0.0889735960837,-1.43733593267,1.43733593267,-1.48182273071,-1.48182273071,0.0889735960837,0.139812170304,0.209718255456,-0.209718255456,0.139812170304,0.139812170304,0.139812170304,0.0943254153285,-35.290010415,34.183546188,-11.0576676794,-0.391287653308,0.452249437298,2.200988
726,1.452000141,4,386000156,0.0894,-1.4365,1.432,-1.5157,-1.5364,0.0336,0.1103,0.4125,-1.0284,3.1378,3.1317,-3.1369,0.0892534331039,-1.43691617714,1.43691617714,-1.48154289369,-1.48154289369,0.0892534331039,0.139978320259,0.209967480388,-0.209967480388,0.139978320259,0.139978320259,0.139978320259,2.28820966062,-38.3244409009,40.3112229094,-10.4892335373,-5.98843408117,0.448325267439,1.136887
727,1.453999996,4,388000011,0.0896,-1.4358,1.4306,-1.5143,-1.5302,0.0273,0.1118,0.3638,-0.6753,0.7169,3.1221,-3.1357,0.0895335351234,-1.43649602411,1.43649602411,-1.48126279167,-1.48126279167,0.0895335351234,0.140143923519,0.210215885279,-0.210215885279,0.140143923519,0.140143923519,0.140143923519,0.806708899529,-36.9541567364,11.0566917501,-0.531518912845,-5.92528115774,0.451248418682,1.310763
728,1.455999851,4,389999866,0.0898,-1.4352,1.4301,-1.5178,-1.5239,0.021,0.1042,0.2917,-0.2676,-1.7498,3.1102,-3.1316,0.0898139678176,-1.43607537507,1.43607537507,-1.48098235898,-1.48098235898,0.0898139678176,0.140309018693,0.210463528039,-0.210463528039,0.140309018693,0.140309018693,0.140309018693,-0.110811701863,-33.8928543049,-21.9008055949,9.37699717795,-5.80961778183,0.453347968295,1.400734
729,1.458000183,4,392000198,0.09,-1.4348,1.4302,-1.524,-1.5177,0.0175,0.0858,0.2111,0.064,-3.1226,3.0968,-1.7569,0.0900947971751,-1.43565413103,1.43565413103,-1.48070152962,-1.48070152962,0.0900947971751,0.140473643905,0.210710465858,-0.210710465858,0.140473643905,0.140473643905,0.140473643905,0.318714057597,-29.291747964,-46.7266666725,14.2660800168,-5.67404461001,0.276273616544,2.347136
730,1.460000038,4,394000053,0.0901,-1.4345,1.4308,-1.5303,-1.5115,0.021,0.0607,0.1272,0.2815,-3.1136,3.0884,1.7397,0.0903758882431,-1.43523249443,1.43523249443,-1.48042043855,-1.48042043855,0.0903758882431,0.140637719577,0.210956579365,-0.210956579365,0.140637719577,0.140637719577,0.140637719577,1.99729976529,-23.3090614818,-60.0966422753,12.8674957896,-5.55401126698,-0.1794958171,2.358781
731,1.461999893,4,395999908,0.0903,-1.4344,1.4318,-1.5365,-1.5101,0.0271,0.0951,0.0448,0.5059,-3.1091,0.6786,3.0635,0.0906573069276,-1.4348103664,1.4348103664,-1.48013901987,-1.48013901987,0.0906573069276,0.140801283963,0.211201925945,-0.211201925945,0.140801283963,0.140801283963,0.140801283963,0.9495122928,-16.8027201844,-74.3763161087,11.3221917344,-0.458591169493,-0.345147523684,2.302137
732,1.463999748,4,397999763,0.0906,-1.4344,1.433,-1.5427,-1.5137,0.0333,0.1414,0.0037,0.6164,-3.1002,-1.7977,3.084,0.0909390522051,-1.43438774849,1.43438774849,-1.47985727459,-1.47985727459,0.0909390522051,0.140964336007,0.21144650401,-0.21144650401,0.140964336007,0.140964336007,0.140964336007,-0.819443181625,-13.1366909872,-81.870311023,10.5163682327,4.74419188047,-0.341164312308,1.231500
733,1.46600008,4,400000095,0.0909,-1.4344,1.4338,-1.5453,-1.5198,0.0395,0.1669,0.0299,0.3878,-1.3116,-3.0316,3.1136,0.0912211903673,-1.43396454124,1.43396454124,-1.47957513643,-1.47957513643,0.0912211903673,0.14112691336,0.211690370039,-0.211690370039,0.14112691336,0.14112691336,0.14112691336,-0.794712559266,-13.099984386,-62.5760984663,2.91535404477,7.28685077219,-0.342604839839,1.257700
734,1.467999935,4,401999950,0.0913,-1.4341,1.4336,-1.5417,-1.526,0.0458,0.1749,0.1061,-0.0935,1.7898,-3.116,3.1358,0.0915035858288,-1.43354094805,1.43354094805,-1.47929274097,-1.47929274097,0.0915035858288,0.141288937435,0.211933406152,-0.211933406152,0.141288937435,0.141288937435,0.141288937435,0.511197641176,-15.904047155,-23.0895763873,-9.73037154483,7.36263227977,-0.347234154161,2.448779
735,1.46999979,4,403999805,0.0916,-1.4338,1.4328,-1.5355,-1.5323,0.0492,0.1934,0.1839,-0.4154,3.1341,-3.1296,1.722,0.0917863047996,-1.4331168696,1.4331168696,-1.479010022,-1.479010022,0.0917863047996,0.141450446016,0.212175669024,-0.212175669024,0.141450446016,0.141450446016,0.141450446016,0.111839249994,-20.2655504435,0.982112836412,-14.533842145,7.29699581097,-0.164604629228,4.338070
736,1.472000122,4,406000137,0.0921,-1.4332,1.4315,-1.5292,-1.5386,0.0474,0.2209,0.2702,-0.6326,3.1339,-3.1329,-0.9079,0.0920694137965,-1.4326922061,1.4326922061,-1.478726913,-1.478726913,0.0920694137965,0.141611476398,0.212417214597,-0.212417214597,0.141611476398,0.141611476398,0.141611476398,-1.69785227958,-26.460735035,14.2526497833,-13.177348975,7.20064789832,0.178549664424,4.290516
737,1.473999977,4,407999992,0.0925,-1.4325,1.4298,-1.5229,-1.5411,0.0412,0.2057,0.3591,-0.8683,3.1274,-1.2841,-3.1113,0.0923527767647,-1.43226716165,1.43226716165,-1.47844355003,-1.47844355003,0.0923527767647,0.141771950743,0.212657926115,-0.212657926115,0.141771950743,0.141771950743,0.141771950743,-1.65451258304,-33.2872251418,29.022383994,-11.5674832273,3.2574898125,0.461057174482,2.792267
738,1.475999832,4,409999847,0.0928,-1.4317,1.4277,-1.5167,-1.5377,0.0349,0.1478,0.4166,-1.0248,3.1332,1.737,-3.1195,0.0926364601399,-1.43184163659,1.43184163659,-1.47815986665,-1.47815986665,0.0926364601399,0.141931906479,0.212897859719,-0.212897859719,0.141931906479,0.141931906479,0.141931906479,0.662891071124,-38.2243147716,39.3842219006,-10.4871097638,-3.08004963711,0.453781752483,1.430328
739,1.478000164,4,412000179,0.093,-1.4309,1.4259,-1.5127,-1.5314,0.0286,0.1209,0.408,-0.8937,1.9647,3.1353,-3.1401,0.0929205306616,-1.4314155308,1.4314155308,-1.47787579613,-1.47787579613,0.0929205306616,0.142091380541,0.213137070811,-0.213137070811,0.142091380541,0.142091380541,0.142091380541,1.04151305338,-39.0516996225,28.1006919418,-5.39759761472,-5.98981067014,0.454063049405,1.679046
740,1.480000019,4,414000034,0.0933,-1.4302,1.4249,-1.5137,-1.5251,0.0224,0.1174,0.3479,-0.5159,-0.4696,3.1163,-3.1337,0.09320485181,-1.43098904908,1.43098904908,-1.47759147498,-1.47759147498,0.09320485181,0.142250295844,0.213375443766,-0.213375443766,0.142250295844,0.142250295844,0.142250295844,-0.142359217312,-36.8610542596,-2.80187061767,4.50483873041,-5.8844722406,0.456071824539,1.457288
741,1.481999874,4,415999889,0.0935,-1.4296,1.4248,-1.5196,-1.5189,0.0191,0.1044,0.2606,-0.0701,-2.9691,3.1026,-1.6567,0.0934894902446,-1.43056209143,1.43056209143,-1.47730683655,-1.47730683655,0.0934894902446,0.142408689458,0.213613034187,-0.213613034187,0.142408689458,0.142408689458,0.142408689458,-0.698329764158,-32.7281585824,-38.2854568854,14.3655261478,-5.73817624084,0.265626394508,2.416087
742,1.484000206,4,418000221,0.0936,-1.4293,1.4251,-1.5259,-1.5127,0.0229,0.0799,0.1829,0.1462,-3.119,3.0906,1.9167,0.0937745129251,-1.43013455741,1.43013455741,-1.47702181387,-1.47702181387,0.0937745129251,0.142566597955,0.213849896932,-0.213849896932,0.142566597955,0.142566597955,0.142566597955,0.887960802835,-27.3204044298,-52.0533158812,13.7943147058,-5.618442335,-0.200154393591,3.115480
743,1.486000061,4,420000076,0.0938,-1.4291,1.4258,-1.5321,-1.5087,0.029,0.0798,0.0944,0.3784,-3.1081,1.9679,3.0726,0.0940597828719,-1.42970665249,1.42970665249,-1.47673654392,-1.47673654392,0.0940597828719,0.14272394501,0.214085917515,-0.214085917515,0.14272394501,0.14272394501,0.14272394501,1.43468372681,-20.7090450337,-66.4834472502,12.232072404,-3.17408777935,-0.349899536413,3.377566
744,1.487999916,4,421999931,0.094,-1.429,1.4269,-1.5383,-1.5097,0.0352,0.1172,0.0272,0.5576,-3.1024,-0.4698,3.0704,0.0943453669654,-1.42927827635,1.42927827635,-1.47645095983,-1.47645095983,0.0943453669654,0.14288076733,0.214321150996,-0.214321150996,0.14288076733,0.14288076733,0.14288076733,0.226193910426,-15.2490887907,-78.0636562929,10.9836577568,1.97823137104,-0.343692410556,2.188254
745,1.489999771,4,423999786,0.0943,-1.429,1.428,-1.5433,-1.5155,0.0413,0.1669,0.0135,0.5428,-2.507,-2.9437,3.0901,0.0946312641553,-1.42884943056,1.42884943056,-1.47616506264,-1.47616506264,0.0946312641553,0.143037063908,0.214555595863,-0.214555595863,0.143037063908,0.143037063908,0.143037063908,-1.38849033257,-13.0457665461,-75.9861417939,8.01070167509,7.14407760072,-0.339059649043,1.399753
746,1.492000103,4,426000118,0.0947,-1.4289,1.4283,-1.5424,-1.5217,0.0476,0.17,0.0736,0.1165,0.4327,-3.0929,3.1296,0.0949175416922,-1.42842001426,1.42842001426,-1.4758787851,-1.4758787851,0.0949175416922,0.143192870832,0.214789306248,-0.214789306248,0.143192870832,0.143192870832,0.143192870832,0.186709912138,-14.7564570875,-40.5238675021,-4.13806948435,7.39053489272,-0.345987131327,1.279072
747,1.493999958,4,427999973,0.095,-1.4286,1.4276,-1.5361,-1.5279,0.0505,0.1803,0.1545,-0.3393,3.1393,-3.1116,1.4739,0.0952040619896,-1.42799023381,1.42799023381,-1.47559226481,-1.47559226481,0.0952040619896,0.143348112794,0.215022169191,-0.215022169191,0.143348112794,0.143348112794,0.143348112794,1.09435416023,-18.2331079834,-3.7430692595,-14.9861292581,7.32944480533,-0.131788686455,2.379607
748,1.495999813,4,429999828,0.0955,-1.4281,1.4265,-1.5299,-1.5342,0.0482,0.2037,0.2252,-0.5217,3.1294,-3.1314,-1.1961,0.0954908922199,-1.42755998846,1.42755998846,-1.47530543457,-1.47530543457,0.0954908922199,0.143502826016,0.215254239024,-0.215254239024,0.143502826016,0.143502826016,0.143502826016,-0.459330634747,-23.2486434247,7.38269372598,-13.8190762094,7.29572933213,0.216650393323,3.567765
749,1.498000145,4,432000160,0.0959,-1.4275,1.425,-1.5236,-1.5392,0.0419,0.2161,0.3135,-0.7501,3.1221,-2.4946,-3.1213,0.0957780998491,-1.42712917702,1.42712917702,-1.47501822695,-1.47501822695,0.0957780998491,0.143657046219,0.215485569329,-0.215485569329,0.143657046219,0.143657046219,0.143657046219,-1.56525255826,-29.7165419977,21.4673516166,-12.3154278723,5.86722882937,0.468537649451,3.413564
750,1.5,4,434000015,0.0962,-1.4267,1.4231,-1.5174,-1.5384,0.0357,0.1675,0.391,-0.9583,3.1229,0.4253,-3.1104,0.0960655468413,-1.42669800653,1.42669800653,-1.47473077995,-1.47473077995,0.0960655468413,0.143810698864,0.215716048296,-0.215716048296,0.143810698864,0.143810698864,0.143810698864,0.214214692326,-36.0417406765,34.8291526201,-10.8713423664,-0.279719257561,0.459612332951,1.244227
751,1.501999855,4,435999870,0.0965,-1.4258,1.4211,-1.5111,-1.5321,0.0294,0.1133,0.4193,-1.0331,3.1345,3.1365,-3.1382,0.096353300585,-1.42626637592,1.42626637592,-1.47444302621,-1.47444302621,0.096353300585,0.143963819807,0.21594572971,-0.21594572971,0.143963819807,0.143963819807,0.143963819807,2.36042982137,-38.8840158471,40.2266620341,-10.3935982257,-5.95908140383,0.45571490845,1.459167
752,1.504000187,4,438000202,0.0967,-1.4251,1.4197,-1.5097,-1.5258,0.0231,0.1152,0.37,-0.6801,0.7268,3.1223,-3.1356,0.0966414287595,-1.42583418366,1.42583418366,-1.47415489804,-1.47415489804,0.0966414287595,0.144116444399,0.216174666598,-0.216174666598,0.144116444399,0.144116444399,0.144116444399,0.857639267225,-37.4526788591,11.0222360271,-0.502943812781,-5.88745135017,0.458478395335,1.176872
753,1.506000042,4,440000057,0.0969,-1.4245,1.4192,-1.5131,-1.5196,0.0204,0.108,0.2962,-0.2701,-1.7292,3.1095,-1.3655,0.0969297928839,-1.42540163747,1.42540163747,-1.47386653391,-1.47386653391,0.0969297928839,0.144268498874,0.216402748311,-0.216402748311,0.144268498874,0.144268498874,0.144268498874,-0.0495118030414,-34.2412201747,-22.0376677369,9.33181679852,-5.77415457837,0.230050952778,2.604027
754,1.507999897,4,441999912,0.0971,-1.4241,1.4193,-1.5194,-1.5133,0.0251,0.09,0.2131,0.0688,-3.12,3.0946,2.3244,0.0972184605607,-1.42496863595,1.42496863595,-1.47357786623,-1.47357786623,0.0972184605607,0.144420018719,0.216630028079,-0.216630028079,0.144420018719,0.144420018719,0.144420018719,0.384694042997,-29.4562850813,-47.3703486787,14.2638443875,-5.64193755316,-0.251308928244,2.325516
755,1.509999752,4,443999767,0.0972,-1.4238,1.4199,-1.5256,-1.5071,0.0312,0.0644,0.1269,0.2914,-3.1138,3.0859,3.0845,0.0975074307199,-1.42453518072,1.42453518072,-1.47328889607,-1.47328889607,0.0975074307199,0.144571002967,0.216856504451,-0.216856504451,0.144571002967,0.144571002967,0.144571002967,2.032802909,-23.3144842985,-61.0440642549,12.8442954571,-5.50795137028,-0.354727605269,1.162625
756,1.512000084,4,446000099,0.0974,-1.4237,1.4209,-1.5318,-1.5058,0.0373,0.0979,0.0435,0.5167,-3.1025,0.6943,3.0619,0.0977967713215,-1.42410116981,1.42410116981,-1.47299955547,-1.47299955547,0.0977967713215,0.144721486474,0.217082229711,-0.217082229711,0.144721486474,0.144721486474,0.144721486474,1.01114122711,-16.733904695,-75.3455870321,11.2598603357,-0.442322157244,-0.346339522797,1.235919
757,1.513999939,4,447999954,0.0977,-1.4237,1.4222,-1.538,-1.5093,0.0435,0.1429,0.0018,0.6288,-3.1011,-1.7642,3.0796,0.0980863432986,-1.42366681185,1.42366681185,-1.4727099835,-1.4727099835,0.0980863432986,0.144871396511,0.217307094766,-0.217307094766,0.144871396511,0.144871396511,0.144871396511,-0.67781891907,-13.0332080079,-82.9841078974,10.4796257123,4.72583386485,-0.342096619871,1.236824
758,1.515999794,4,449999809,0.098,-1.4237,1.423,-1.5406,-1.5153,0.0497,0.1695,0.0288,0.3994,-1.3201,-3.0312,3.1114,0.0983762145358,-1.42323200499,1.42323200499,-1.47242011226,-1.47242011226,0.0983762145358,0.14502076807,0.217531152105,-0.217531152105,0.14502076807,0.14502076807,0.14502076807,-0.710399331667,-13.0522465611,-63.6772642139,2.92112141043,7.33418468907,-0.343662231178,1.455205
759,1.518000126,4,452000141,0.0984,-1.4235,1.4228,-1.5371,-1.5216,0.0517,0.1773,0.1077,-0.0883,1.7961,-3.1159,1.0112,0.0986664532012,-1.42279664699,1.42279664699,-1.47212987359,-1.47212987359,0.0986664532012,0.145169635634,0.217754453452,-0.217754453452,0.145169635634,0.145169635634,0.145169635634,0.582609870445,-16.0200729213,-23.759040729,-9.75347327792,7.41654871639,-0.0712305310785,2.491536
760,1.519999981,4,453999996,0.0988,-1.4231,1.422,-1.5308,-1.5278,0.0482,0.1959,0.1882,-0.4151,3.133,-3.1238,-1.7674,0.0989569197939,-1.4223609471,1.4223609471,-1.471839407,-1.471839407,0.0989569197939,0.145317927257,0.217976890886,-0.217976890886,0.145317927257,0.145317927257,0.145317927257,0.116834441959,-20.6321387232,0.576507176037,-14.4873747651,7.33867391856,0.292003663043,2.349932
761,1.521999836,4,455999851,0.0992,-1.4225,1.4207,-1.5245,-1.5341,0.0419,0.2225,0.2747,-0.6385,3.1313,-3.1318,-3.1285,0.0992476824072,-1.42192480318,1.42192480318,-1.47154864439,-1.47154864439,0.0992476824072,0.145465677558,0.218198516336,-0.218198516336,0.145465677558,0.145465677558,0.145465677558,-1.55658615126,-26.8051384221,14.2312102051,-13.0811251039,7.24849626147,0.47373354968,2.271349
762,1.524000168,4,458000183,0.0996,-1.4218,1.4189,-1.5183,-1.5367,0.0357,0.2082,0.3698,-0.8816,3.1299,-1.3085,-3.1088,0.0995388094149,-1.42148811267,1.42148811267,-1.47125751738,-1.47125751738,0.0995388094149,0.145612920642,0.218419380964,-0.218419380964,0.145612920642,0.145612920642,0.145612920642,-1.48698762327,-34.1070628791,29.4423826555,-11.4451046744,3.34512008863,0.468893630949,1.325783
763,1.526000023,4,460000038,0.0999,-1.4209,1.4168,-1.512,-1.5333,0.0295,0.1545,0.4292,-1.0434,3.1297,1.7225,-3.118,0.099830160887,-1.42105108546,1.42105108546,-1.47096616591,-1.47096616591,0.099830160887,0.145759585352,0.218639378027,-0.218639378027,0.145759585352,0.145759585352,0.145759585352,0.511337401854,-39.2030262555,40.0966172852,-10.3014092597,-3.02494382598,0.461764334898,1.234982
764,1.527999878,4,461999893,0.1002,-1.4201,1.415,-1.508,-1.527,0.0232,0.1275,0.4219,-0.9164,1.9741,3.1347,-3.1403,0.100121805123,-1.42061361911,1.42061361911,-1.47067452167,-1.47067452167,0.100121805123,0.145905705929,0.218858558894,-0.218858558894,0.145905705929,0.145905705929,0.145905705929,0.867309322794,-40.1159551191,29.1006488579,-5.24960444106,-5.96625057911,0.462235794807,1.429100
765,1.53000021,4,464000225,0.1004,-1.4194,1.4139,-1.5089,-1.5207,0.0216,0.1251,0.362,-0.5407,-0.4466,3.1153,-0.7901,0.100413810701,-1.42017561074,1.42017561074,-1.47038251609,-1.47038251609,0.100413810701,0.146051316104,0.219076974156,-0.219076974156,0.146051316104,0.146051316104,0.146051316104,-0.30565693854,-37.9099013589,-1.60800569759,4.59664141525,-5.87029447178,0.15842365826,2.136430
766,1.532000065,4,466000080,0.1007,-1.4188,1.4137,-1.5148,-1.5145,0.0276,0.1129,0.2741,-0.095,-2.9338,3.1008,2.9884,0.100706037266,-1.4197372709,1.4197372709,-1.47009028953,-1.47009028953,0.100706037266,0.146196345506,0.219294518259,-0.219294518259,0.146196345506,0.146196345506,0.146196345506,-0.897201376569,-33.7039352949,-37.0239411088,14.396281169,-5.73264265617,-0.335142796914,2.187675
767,1.53399992,4,467999935,0.1008,-1.4184,1.414,-1.521,-1.5083,0.0338,0.0879,0.1943,0.1293,-3.1169,3.0874,3.0876,0.100998553322,-1.41929849681,1.41929849681,-1.46979777347,-1.46979777347,0.100998553322,0.146340828002,0.219511242003,-0.219511242003,0.146340828002,0.146340828002,0.146340828002,0.629050998684,-28.2213125328,-51.3767470348,13.9400205566,-5.59390262029,-0.353041922004,1.208884
768,1.535999775,4,469999790,0.101,-1.4182,1.4147,-1.5272,-1.5043,0.0399,0.086,0.1028,0.3669,-3.1037,1.9989,3.0685,0.101291357774,-1.41885929013,1.41885929013,-1.46950496902,-1.46950496902,0.101291357774,0.146484762676,0.219727144015,-0.219727144015,0.146484762676,0.146484762676,0.146484762676,1.2511470461,-21.3945543219,-66.1070408043,12.3319282794,-3.21026036143,-0.351019387175,1.226300
769,1.538000107,4,472000122,0.1013,-1.4182,1.4158,-1.5334,-1.5051,0.046,0.1215,0.0325,0.5524,-3.0985,-0.4181,3.0659,0.101584519468,-1.41841954759,1.41841954759,-1.46921180733,-1.46921180733,0.101584519468,0.14662818275,0.219942274124,-0.219942274124,0.14662818275,0.14662818275,0.14662818275,0.126414472607,-15.6715361616,-78.0549338369,11.0444498436,1.9036194987,-0.344848083464,1.257292
770,1.539999962,4,473999977,0.1016,-1.4181,1.4169,-1.5385,-1.5109,0.0522,0.1691,0.0159,0.5451,-2.5181,-2.876,3.0867,0.10187789749,-1.41797948056,1.41797948056,-1.46891842931,-1.46891842931,0.10187789749,0.146771018913,0.220156528369,-0.220156528369,0.146771018913,0.146771018913,0.146771018913,-1.35840887852,-13.3098203316,-76.474226042,8.10079617182,7.04374778915,-0.340549925073,1.547898
771,1.541999817,4,475999832,0.1019,-1.418,1.4172,-1.5377,-1.517,0.0529,0.1726,0.0743,0.1252,0.4009,-3.0912,0.3227,0.102171560613,-1.41753898588,1.41753898588,-1.46862476618,-1.46862476618,0.102171560613,0.146913304527,0.22036995679,-0.22036995679,0.146913304527,0.146913304527,0.146913304527,0.191239490052,-14.9146529503,-41.4700944594,-3.98441763839,7.44056020705,0.0186455156836,3.070676
772,1.544000149,4,478000164,0.1023,-1.4177,1.4165,-1.5314,-1.5233,0.0478,0.1819,0.1557,-0.3334,3.1398,-3.1202,-2.5334,0.10246557788,-1.41709795997,1.41709795997,-1.46833074891,-1.46833074891,0.10246557788,0.147055072431,0.220582608646,-0.220582608646,0.147055072431,0.147055072431,0.147055072431,1.14211897046,-18.4133601041,-4.41433253868,-14.9779860917,7.40702738411,0.392852800708,3.287812
773,1.546000004,4,480000019,0.1027,-1.4172,1.4155,-1.5251,-1.5295,0.0415,0.2046,0.2267,-0.5158,3.1332,-3.1321,-3.1287,0.102759807966,-1.41665661485,1.41665661485,-1.46803651883,-1.46803651883,0.102759807966,0.147196254115,0.220794381172,-0.220794381172,0.147196254115,0.147196254115,0.147196254115,-0.283290997257,-23.4479289478,6.68907315019,-13.8335364656,7.35127096192,0.475273076386,1.477198
774,1.547999859,4,481999874,0.1032,-1.4166,1.414,-1.5189,-1.5346,0.0353,0.2179,0.3167,-0.7462,3.1253,-2.5354,-3.1228,0.103054319841,-1.41621484703,1.41621484703,-1.46774200695,-1.46774200695,0.103054319841,0.147336882558,0.221005323837,-0.221005323837,0.147336882558,0.147336882558,0.147336882558,-1.40931173986,-30.0314942428,20.8682584051,-12.314262708,5.99715656685,0.477548319573,1.474973
775,1.55000019,4,484000205,0.1035,-1.4158,1.4121,-1.5126,-1.534,0.0291,0.1738,0.3948,-0.9582,3.1233,0.3319,-3.1095,0.103349182598,-1.4157725529,1.4157725529,-1.4674471442,-1.4674471442,0.103349182598,0.147476990145,0.221215485217,-0.221215485217,0.147476990145,0.147476990145,0.147476990145,0.0737080927374,-36.360399539,34.4446717916,-10.8357952978,-0.0484462114823,0.468629382956,1.332683
776,1.552000046,4,486000061,0.1037,-1.4149,1.41,-1.5064,-1.5277,0.023,0.1164,0.4249,-1.037,3.1378,3.136,-3.0307,0.103644254943,-1.41532994438,1.41532994438,-1.46715207185,-1.46715207185,0.103644254943,0.14761650938,0.221424764069,-0.221424764069,0.14761650938,0.14761650938,0.14761650938,2.43567657157,-39.3605634358,40.1273015197,-10.3360624873,-5.91795573886,0.450415132996,1.362025
777,1.553999901,4,487999916,0.104,-1.4142,1.4086,-1.5049,-1.5214,0.0232,0.1193,0.3761,-0.6875,0.7432,3.1212,0.0982,0.103939605604,-1.41488691839,1.41488691839,-1.46685672119,-1.46685672119,0.103939605604,0.147755472647,0.221633208971,-0.221633208971,0.147755472647,0.147755472647,0.147755472647,0.904974689441,-37.9282199756,11.1710733045,-0.493081281476,-5.86010476619,0.0450540147104,3.735156
778,1.555999756,4,489999771,0.1042,-1.4136,1.4081,-1.5083,-1.5152,0.0294,0.1131,0.3033,-0.2804,-1.7028,3.1058,3.1006,0.104235233614,-1.41444347637,1.41444347637,-1.46656109318,-1.46656109318,0.104235233614,0.14789387914,0.22184081871,-0.22184081871,0.14789387914,0.14789387914,0.14789387914,-0.0379478337274,-34.7723755385,-21.6895838985,9.30906147492,-5.7490116702,-0.347959425104,2.188368
779,1.558000087,4,492000102,0.1044,-1.4131,1.4082,-1.5145,-1.509,0.0356,0.0951,0.2193,0.0613,-3.1192,3.093,3.0906,0.104531208322,-1.41399951431,1.41399951431,-1.46626511847,-1.46626511847,0.104531208322,0.148031760729,0.222047641093,-0.222047641093,0.148031760729,0.148031760729,0.148031760729,0.300073326254,-29.9846224685,-47.2640733158,14.3527832089,-5.60669718144,-0.35169777717,1.250848
780,1.559999943,4,493999958,0.1045,-1.4129,1.4087,-1.5207,-1.5027,0.0418,0.0696,0.1332,0.2841,-3.1126,3.0844,3.086,0.104827387901,-1.41355524494,1.41355524494,-1.46596893889,-1.46596893889,0.104827387901,0.148169050991,0.222253576487,-0.222253576487,0.148169050991,0.148169050991,0.148169050991,1.92483429867,-23.8156431542,-60.9205187304,12.9328662822,-5.47123593918,-0.356273623005,1.257998
781,1.561999798,4,495999813,0.1047,-1.4128,1.4098,-1.5269,-1.5013,0.0479,0.1022,0.0491,0.5106,-3.1,0.7137,3.0584,0.105123841333,-1.4131105648,1.4131105648,-1.46567248546,-1.46567248546,0.105123841333,0.148305781801,0.222458672701,-0.222458672701,0.148305781801,0.148305781801,0.148305781801,0.953955066826,-17.186240778,-75.3128134237,11.3317956164,-0.447535455052,-0.347347228216,1.262427
782,1.564000129,4,498000144,0.105,-1.4128,1.411,-1.5331,-1.5048,0.054,0.1465,0.0063,0.6246,-3.102,-1.7305,3.0768,0.105420638304,-1.41266536934,1.41266536934,-1.46537568849,-1.46537568849,0.105420638304,0.148441984709,0.222662977064,-0.222662977064,0.148441984709,0.148441984709,0.148441984709,-0.697113773259,-13.4044259982,-83.0441430861,10.5596607705,4.69303797804,-0.343211984052,1.230068
783,1.565999985,4,500000000,0.1054,-1.4127,1.4118,-1.5358,-1.5108,0.0546,0.1728,0.0329,0.3972,-1.3316,-3.0297,0.2927,0.105717636591,-1.41221987191,1.41221987191,-1.4650786902,-1.4650786902,0.105717636591,0.148577594104,0.222866391156,-0.222866391156,0.148577594104,0.148577594104,0.148577594104,-0.7824417729,-13.4470766078,-63.8955171375,3.0443850571,7.37920374205,0.0228410384342,2.224640
784,1.56799984,4,501999855,0.1057,-1.4125,1.4116,-1.5322,-1.5171,0.0494,0.1801,0.1129,-0.0934,1.7967,-3.1129,-2.6,0.106014905367,-1.41177396874,1.41177396874,-1.46478142143,-1.46478142143,0.106014905367,0.148712641473,0.223068962209,-0.223068962209,0.148712641473,0.148712641473,0.148712641473,0.573252430013,-16.4944701632,-23.7618375867,-9.67381878488,7.46208856172,0.402006897966,2.206541
785,1.570000171,4,504000186,0.1061,-1.4121,1.4108,-1.5259,-1.5233,0.0431,0.1989,0.1942,-0.4215,3.1331,-3.1221,-3.1291,0.106312514507,-1.41132755504,1.41132755504,-1.46448381229,-1.46448381229,0.106312514507,0.148847157977,0.223270736965,-0.223270736965,0.148847157977,0.148847157977,0.148847157977,0.146553853442,-21.1564618507,0.639523011865,-14.3978539434,7.37807532905,0.475979737566,1.304564
786,1.572000026,4,506000041,0.1066,-1.4115,1.4095,-1.5197,-1.5296,0.0369,0.2257,0.2811,-0.6463,3.1293,-3.1315,-3.1283,0.106610321245,-1.41088084493,1.41088084493,-1.46418600555,-1.46418600555,0.106610321245,0.14898107875,0.223471618125,-0.223471618125,0.14898107875,0.14898107875,0.14898107875,-1.54155248048,-27.3479563698,14.3650329486,-12.9701868857,7.28417972662,0.481539701752,1.211382
787,1.573999882,4,507999897,0.107,-1.4108,1.4077,-1.5134,-1.5322,0.0307,0.2112,0.3769,-0.8912,3.1207,-1.3284,-3.1097,0.10690839539,-1.41043373371,1.41043373371,-1.46388793141,-1.46388793141,0.10690839539,0.149114435094,0.223671652641,-0.223671652641,0.149114435094,0.149114435094,0.149114435094,-1.44001809151,-34.6976875662,29.6599270983,-11.2881200118,3.42273672362,0.476929280976,1.265222
788,1.576000213,4,510000228,0.1073,-1.4099,1.4056,-1.5072,-1.5288,0.0247,0.1583,0.4386,-1.0561,3.1326,1.7165,-2.9857,0.107206806556,-1.40998611696,1.40998611696,-1.46358952024,-1.46358952024,0.107206806556,0.149247257576,0.223870886364,-0.223870886364,0.149247257576,0.149247257576,0.149247257576,0.504463019628,-39.9697727031,40.5237542201,-10.1830913525,-2.98043445333,0.452434927734,1.267300
789,1.578000068,4,512000083,0.1076,-1.409,1.4037,-1.5032,-1.5225,0.025,0.1314,0.4309,-0.9304,1.9894,3.135,0.1395,0.10750541174,-1.40953820919,1.40953820919,-1.46329091506,-1.46329091506,0.10750541174,0.149379482216,0.224069223323,-0.224069223323,0.149379482216,0.149379482216,0.149379482216,0.924755953814,-40.8590168342,29.6685928944,-5.18431169583,-5.94652143623,0.0419199237999,3.109047
790,1.579999923,4,513999938,0.1078,-1.4083,1.4026,-1.504,-1.5163,0.0312,0.1297,0.3704,-0.5545,-0.4197,3.1147,3.0994,0.107804280787,-1.40908990561,1.40908990561,-1.46299204601,-1.46299204601,0.107804280787,0.149511139856,0.224266709784,-0.224266709784,0.149511139856,0.149511139856,0.149511139856,-0.281397051252,-38.5904575737,-1.01372798097,4.59838473968,-5.85084015903,-0.345334838985,2.224404
791,1.581999779,4,515999794,0.1081,-1.4077,1.4024,-1.5098,-1.51,0.0374,0.1168,0.281,-0.1081,-2.8902,3.0977,3.0948,0.108103412712,-1.40864120773,1.40864120773,-1.46269291408,-1.46269291408,0.108103412712,0.149642229736,0.224463344604,-0.224463344604,0.149642229736,0.149642229736,0.149642229736,-0.897278297746,-34.2695434206,-36.3972890372,14.308149805,-5.69300302063,-0.349759041504,1.403187
792,1.58400011,4,518000125,0.1082,-1.4073,1.4027,-1.516,-1.5038,0.0435,0.092,0.1994,0.1241,-3.1144,3.0856,3.0858,0.108402877372,-1.40819201074,1.40819201074,-1.46239344942,-1.46239344942,0.108402877372,0.149772781901,0.224659172851,-0.224659172851,0.149772781901,0.149772781901,0.149772781901,0.584026495979,-28.6865554763,-51.3645380879,14.0079101586,-5.55416831281,-0.35362830105,1.262132
793,1.585999965,4,519999980,0.1084,-1.4071,1.4034,-1.5222,-1.4998,0.0497,0.0892,0.1055,0.3662,-3.1023,2.0218,3.0635,0.108702531255,-1.40774252991,1.40774252991,-1.46209379554,-1.46209379554,0.108702531255,0.149902733464,0.224854100197,-0.224854100197,0.149902733464,0.149902733464,0.149902733464,1.24673430576,-21.6829857575,-66.359100803,12.3761025009,-3.21788343858,-0.351387841617,1.290223
794,1.58799982,4,521999835,0.1087,-1.407,1.4045,-1.5284,-1.5005,0.0558,0.1237,0.0334,0.5558,-3.0983,-0.381,3.0616,0.109002444453,-1.40729266011,1.40729266011,-1.46179388234,-1.46179388234,0.109002444453,0.150032114747,0.22504817212,-0.22504817212,0.150032114747,0.150032114747,0.150032114747,0.180442400064,-15.8695976887,-78.5549645631,11.0678729613,1.8694085499,-0.345401283724,1.254254
795,1.590000152,4,524000167,0.109,-1.407,1.4056,-1.5335,-1.5062,0.0566,0.1694,0.0152,0.5532,-2.531,-2.8214,0.3936,0.109302687451,-1.40684229562,1.40684229562,-1.46149363934,-1.46149363934,0.109302687451,0.150160955592,0.225241433388,-0.225241433388,0.150160955592,0.150160955592,0.150160955592,-1.24580704313,-13.3820901888,-77.286097448,8.16183169564,6.98759833081,0.00970579697673,2.230018
796,1.592000007,4,526000022,0.1094,-1.4069,1.4059,-1.5328,-1.5123,0.0516,0.1738,0.0735,0.1374,0.3586,-3.0843,-2.4927,0.109603115913,-1.40639165293,1.40639165293,-1.46119321088,-1.46119321088,0.109603115913,0.150289193746,0.225433790619,-0.225433790619,0.150289193746,0.150289193746,0.150289193746,0.222150313384,-14.9983033577,-42.6429507937,-3.80122726799,7.48341964571,0.388290717636,2.285819
797,1.593999862,4,527999877,0.1097,-1.4066,1.4052,-1.5265,-1.5186,0.0453,0.1835,0.1567,-0.3285,3.1397,-3.1192,-3.1381,0.109903800261,-1.4059406264,1.4059406264,-1.46089252653,-1.46089252653,0.109903800261,0.150416859198,0.225625288797,-0.225625288797,0.150416859198,0.150416859198,0.150416859198,1.25714918816,-18.5859080227,-5.01638081765,-14.9621735891,7.45225212252,0.477337349554,1.212814
798,1.596000194,4,530000209,0.1101,-1.4061,1.4042,-1.5202,-1.5248,0.039,0.2053,0.2288,-0.5137,3.1334,-3.1332,-3.1274,0.110204811156,-1.40548911006,1.40548911006,-1.46059151564,-1.46059151564,0.110204811156,0.150543981393,0.22581597209,-0.22581597209,0.150543981393,0.150543981393,0.150543981393,-0.0791277226451,-23.6985133951,6.25373259361,-13.8003594152,7.39936253036,0.481387436415,1.273216
799,1.598000049,4,532000064,0.1106,-1.4055,1.4027,-1.514,-1.53,0.0328,0.2229,0.3195,-0.7484,3.1232,-2.5586,-3.1217,0.110506003894,-1.40503732095,1.40503732095,-1.4602903229,-1.4602903229,0.110506003894,0.150670498911,0.226005748366,-0.226005748366,0.150670498911,0.150670498911,0.150670498911,-1.51010902332,-30.2983927162,20.6821154844,-12.2423811886,6.08175677856,0.483882280534,1.469142
800,1.599999904,4,533999919,0.1109,-1.4046,1.4008,-1.5077,-1.5294,0.0266,0.1761,0.4017,-0.9664,3.1282,0.272,-3.0799,0.110807449074,-1.40458515318,1.40458515318,-1.45998887772,-1.45998887772,0.110807449074,0.15079644134,0.226194662011,-0.226194662011,0.15079644134,0.15079644134,0.15079644134,0.226614769441,-36.9864321448,34.6195244584,-10.759496881,0.115122042288,0.471404730861,1.251106
801,1.601999759,4,535999774,0.1112,-1.4038,1.3987,-1.5014,-1.5232,0.0264,0.1219,0.4345,-1.0505,3.1409,3.1282,-0.1298,0.111109145545,-1.40413260848,1.40413260848,-1.45968718125,-1.45968718125,0.111109145545,0.150921807895,0.226382711843,-0.226382711843,0.150921807895,0.150921807895,0.150921807895,2.34741526422,-40.1359386286,40.6028020359,-10.2182330704,-5.88341447999,0.0782556698074,2.476097
802,1.604000091,4,538000106,0.1114,-1.403,1.3973,-1.4999,-1.5169,0.0326,0.1248,0.3861,-0.7043,0.7614,3.1197,3.1014,0.111411164203,-1.40367958049,1.40367958049,-1.45938516259,-1.45938516259,0.111411164203,0.151046627488,0.226569941232,-0.226569941232,0.151046627488,0.151046627488,0.151046627488,0.858196035245,-38.7520658816,11.8969690599,-0.429449436864,-5.83952270884,-0.343898447328,2.480655
803,1.605999946,4,539999961,0.1117,-1.4024,1.3967,-1.5033,-1.5107,0.0388,0.1186,0.3131,-0.2993,-1.6681,3.1062,3.1004,0.111713359856,-1.40322628701,1.40322628701,-1.45908296694,-1.45908296694,0.111713359856,0.15117083981,0.226756259714,-0.226756259714,0.15117083981,0.15117083981,0.15117083981,-0.175732901826,-35.5725007378,-20.7439595809,9.30728464875,-5.72337331378,-0.348468717834,1.308054
804,1.607999801,4,541999816,0.1119,-1.4019,1.3968,-1.5095,-1.5044,0.045,0.1008,0.2281,0.0476,-3.1187,3.091,3.0886,0.112015803337,-1.40277262179,1.40277262179,-1.45878052346,-1.45878052346,0.112015803337,0.151294473918,0.226941710877,-0.226941710877,0.151294473918,0.151294473918,0.151294473918,0.128869004533,-30.7356643148,-46.7477972493,14.490006018,-5.57564201354,-0.351974215842,1.250744
805,1.610000133,4,544000148,0.112,-1.4016,1.3973,-1.5157,-1.4982,0.0511,0.0756,0.141,0.2729,-3.1111,3.0819,3.0851,0.112318565717,-1.40231847822,1.40231847822,-1.45847776108,-1.45847776108,0.112318565717,0.151417558324,0.227126337486,-0.227126337486,0.151417558324,0.151417558324,0.151417558324,1.72934318912,-24.5287096198,-60.5547479192,13.0479028677,-5.43764708676,-0.356632709979,1.254996
806,1.611999988,4,546000003,0.1122,-1.4015,1.3983,-1.5219,-1.4968,0.0572,0.1068,0.0544,0.504,-3.1007,0.7339,3.0537,0.112621501441,-1.40186407463,1.40186407463,-1.45817482535,-1.45817482535,0.112621501441,0.151540033558,0.227310050337,-0.227310050337,0.151540033558,0.151540033558,0.151540033558,0.837797546017,-17.7158750318,-75.1922366662,11.4310842642,-0.456157147709,-0.3473529917,1.209598
807,1.613999843,4,547999858,0.1125,-1.4015,1.3996,-1.5281,-1.5001,0.0581,0.1489,0.0094,0.6222,-3.1002,-1.6906,0.4322,0.112924681517,-1.40140930452,1.40140930452,-1.45787164528,-1.45787164528,0.112924681517,0.151661928276,0.227492892414,-0.227492892414,0.151661928276,0.151661928276,0.151661928276,-0.727252460592,-13.7883341695,-83.1780396336,10.6178185546,4.65771460607,0.00112799070287,2.736591
808,1.616000175,4,550000190,0.1129,-1.4014,1.4004,-1.5308,-1.5062,0.0534,0.1754,0.0346,0.4007,-1.3534,-3.0238,-2.3613,0.113228177185,-1.40095406102,1.40095406102,-1.45756814961,-1.45756814961,0.113228177185,0.151783270584,0.227674905877,-0.227674905877,0.151783270584,0.151783270584,0.151783270584,-0.818388781075,-13.7424119777,-64.4697882163,3.18150520674,7.41827758177,0.371645685123,2.239782
809,1.61800003,4,552000045,0.1132,-1.4012,1.4002,-1.5273,-1.5124,0.0471,0.1824,0.1153,-0.0906,1.7825,-3.108,-3.1371,0.113531842537,-1.40049856299,1.40049856299,-1.45726448426,-1.45726448426,0.113531842537,0.151904001857,0.227856002785,-0.227856002785,0.151904001857,0.151904001857,0.151904001857,0.613663087707,-16.8352806788,-24.2824857054,-9.56979209332,7.49534312173,0.47767869326,1.237209
810,1.619999885,4,553999900,0.1136,-1.4008,1.3993,-1.521,-1.5186,0.0408,0.2005,0.1966,-0.4207,3.1349,-3.1249,-3.1288,0.113835748752,-1.40004270367,1.40004270367,-1.45696057804,-1.45696057804,0.113835748752,0.152024150345,0.228036225518,-0.228036225518,0.152024150345,0.152024150345,0.152024150345,0.267248057324,-21.4778648513,0.320617172276,-14.3593226119,7.42663263723,0.482170005351,1.241333
811,1.622000217,4,556000232,0.1141,-1.4002,1.398,-1.5147,-1.5249,0.0346,0.2271,0.2842,-0.6465,3.1284,-3.1317,-3.1277,0.114139967235,-1.39958637594,1.39958637594,-1.45665635956,-1.45665635956,0.114139967235,0.152143743752,0.228215615627,-0.228215615627,0.152143743752,0.152143743752,0.152143743752,-1.40514851783,-27.7246854805,14.0956809082,-12.9132714268,7.32708702029,0.487685362221,1.232558
812,1.624000072,4,558000087,0.1145,-1.3995,1.3963,-1.5085,-1.5276,0.0284,0.2128,0.38,-0.8953,3.13,-1.3501,-3.1068,0.114444351731,-1.3991297992,1.3991297992,-1.45635197506,-1.45635197506,0.114444351731,0.152262724294,0.228394086442,-0.228394086442,0.152262724294,0.152262724294,0.152262724294,-1.29483869979,-35.0438110783,29.637555247,-11.2580952918,3.51035805025,0.482878053421,1.220106
813,1.625999927,4,559999942,0.1148,-1.3986,1.3941,-1.5022,-1.5242,0.0278,0.1606,0.4443,-1.0633,3.1329,1.6998,-0.2718,0.114748973586,-1.39867286642,1.39867286642,-1.45604735321,-1.45604735321,0.114748973586,0.152381119822,0.228571679732,-0.228571679732,0.152381119822,0.152381119822,0.152381119822,0.659324307245,-40.5110891313,40.6658892139,-10.0873075991,-2.91667113455,0.104596746632,2.188199
814,1.627999782,4,561999797,0.1151,-1.3977,1.3922,-1.4982,-1.518,0.0341,0.1347,0.4386,-0.9425,2.0185,3.1343,3.1249,0.115053831629,-1.39821557935,1.39821557935,-1.45574249517,-1.45574249517,0.115053831629,0.152498929597,0.228748394396,-0.228748394396,0.152498929597,0.152498929597,0.152498929597,1.02030771542,-41.5335733394,30.1910041485,-5.20246318779,-5.92058518321,-0.344595502639,2.391634
815,1.630000114,4,564000129,0.1154,-1.397,1.3911,-1.4989,-1.5117,0.0403,0.1329,0.3774,-0.5683,-0.3753,3.1122,3.0992,0.115358997487,-1.39775783056,1.39775783056,-1.45543732931,-1.45543732931,0.115358997487,0.152616180778,0.228924271168,-0.228924271168,0.152616180778,0.152616180778,0.152616180778,-0.268623803064,-39.2006175053,-0.321572113988,4.51307783431,-5.8123499815,-0.345703410658,1.234380
816,1.631999969,4,565999984,0.1156,-1.3964,1.3909,-1.5046,-1.5055,0.0465,0.1204,0.2876,-0.1227,-2.8323,3.096,3.0931,0.115664324444,-1.39729984013,1.39729984013,-1.45513200235,-1.45513200235,0.115664324444,0.152732816718,0.229099225077,-0.229099225077,0.152732816718,0.152732816718,0.152732816718,-0.87631953404,-34.8337262139,-35.6078439655,14.1571016669,-5.65500038957,-0.349936310579,1.339704
817,1.633999824,4,567999839,0.1158,-1.396,1.3911,-1.5108,-1.4993,0.0526,0.0963,0.2044,0.1183,-3.1153,3.0823,3.0831,0.115969884069,-1.39684150069,1.39684150069,-1.45482644273,-1.45482644273,0.115969884069,0.15284886472,0.22927329708,-0.22927329708,0.15284886472,0.15284886472,0.15284886472,0.486341809709,-29.1748969759,-51.2783053084,14.0995437396,-5.5125862028,-0.35366609395,1.185021
818,1.636000156,4,570000171,0.116,-1.3958,1.3918,-1.517,-1.4952,0.0587,0.0929,0.1095,0.3629,-3.1011,2.0488,3.0601,0.116275748149,-1.39638270457,1.39638270457,-1.45452057865,-1.45452057865,0.116275748149,0.152964351534,0.229446527301,-0.229446527301,0.152964351534,0.152964351534,0.152964351534,1.16853980633,-22.104325531,-66.4128034758,12.4412745693,-3.23823124521,-0.351419648847,1.258900
819,1.638000011,4,572000026,0.1162,-1.3957,1.3929,-1.5232,-1.4958,0.0596,0.1261,0.0352,0.5565,-3.0956,-0.3336,0.4267,0.116581769632,-1.39592367235,1.39592367235,-1.45421455716,-1.45421455716,0.116581769632,0.153079221365,0.229618832048,-0.229618832048,0.153079221365,0.153079221365,0.153079221365,0.152078376755,-16.1414744788,-78.8269005535,11.1011207031,1.82051772156,-0.00216300181686,2.441687
820,1.639999866,4,573999881,0.1166,-1.3957,1.3941,-1.5283,-1.5013,0.0551,0.1701,0.0149,0.5613,-2.5606,-2.7522,-2.2456,0.116888020248,-1.39546429642,1.39546429642,-1.45390830655,-1.45390830655,0.116888020248,0.153193501109,0.229790251664,-0.229790251664,0.153193501109,0.153193501109,0.153193501109,-1.21922043302,-13.5326197196,-78.1330224088,8.30804745565,6.89696497982,0.35648896409,2.301539
821,1.642000198,4,576000213,0.1169,-1.3955,1.3944,-1.5278,-1.5075,0.0488,0.1764,0.073,0.1521,0.283,-3.0838,-3.1336,0.117194571944,-1.39500446888,1.39500446888,-1.45360175485,-1.45360175485,0.117194571944,0.153307217105,0.229960825657,-0.229960825657,0.153307217105,0.153307217105,0.153307217105,0.210783063023,-15.1940214822,-44.0719842658,-3.46483700686,7.52953803732,0.477687914585,1.282558
822,1.644000053,4,578000068,0.1173,-1.3952,1.3937,-1.5215,-1.5137,0.0426,0.1858,0.1585,-0.3251,3.1394,-3.1193,-3.1376,0.117501277336,-1.39454441079,1.39454441079,-1.45329504946,-1.45329504946,0.117501277336,0.153420314413,0.230130471619,-0.230130471619,0.153420314413,0.153420314413,0.153420314413,1.29724127307,-18.890406137,-5.51748292666,-14.9338194028,7.49272016608,0.483754589213,1.147057
823,1.645999908,4,579999923,0.1177,-1.3947,1.3927,-1.5152,-1.52,0.0363,0.2073,0.2314,-0.5121,3.1333,-3.1325,-3.126,0.117808208315,-1.39408401432,1.39408401432,-1.45298811848,-1.45298811848,0.117808208315,0.15353281952,0.23029922928,-0.23029922928,0.15353281952,0.15353281952,0.15353281952,-0.0123914190884,-24.0619547367,5.85949631471,-13.7607458099,7.43880125405,0.487691666474,1.319494
824,1.647999763,4,581999778,0.1182,-1.3941,1.3912,-1.509,-1.5252,0.0301,0.223,0.3253,-0.7501,3.1256,-2.5862,-3.1039,0.118115363694,-1.39362328125,1.39362328125,-1.4526809631,-1.4526809631,0.118115363694,0.15364473173,0.230467097594,-0.230467097594,0.15364473173,0.15364473173,0.15364473173,-1.26382062643,-30.9208975244,20.4739814798,-12.1938493802,6.18227527586,0.488162319994,1.251390
825,1.650000095,4,584000110,0.1185,-1.3933,1.3892,-1.5027,-1.5248,0.0294,0.1824,0.4085,-0.9735,3.1231,0.1903,-0.3651,0.118422815631,-1.39316210335,1.39316210335,-1.45237351116,-1.45237351116,0.118422815631,0.153756076829,0.230634115243,-0.230634115243,0.153756076829,0.153756076829,0.153756076829,0.107242126277,-37.5844904245,34.7279581168,-10.6388139245,0.306302244537,0.123993134701,2.215400
826,1.65199995,4,585999965,0.1188,-1.3924,1.3871,-1.4964,-1.5185,0.0356,0.1266,0.4437,-1.064,3.1399,3.127,3.135,0.118730416305,-1.39270070234,1.39270070234,-1.45206591049,-1.45206591049,0.118730416305,0.153866801026,0.230800201539,-0.230800201539,0.153866801026,0.153866801026,0.153866801026,2.31284185029,-40.9582308848,41.1142604426,-10.0717207789,-5.86430311307,-0.344381619558,2.311345
827,1.653999805,4,587999820,0.1191,-1.3916,1.3857,-1.4949,-1.5123,0.0418,0.1293,0.3955,-0.7208,0.7786,3.1194,3.1013,0.119038237817,-1.39223897007,1.39223897007,-1.45175808898,-1.45175808898,0.119038237817,0.153976930258,0.230965395387,-0.230965395387,0.153976930258,0.153976930258,0.153976930258,0.745042008921,-39.5820289142,12.6608138295,-0.353633218212,-5.81131436709,-0.344268212199,1.208729
828,1.656000137,4,590000152,0.1193,-1.3909,1.385,-1.4981,-1.506,0.048,0.1234,0.3224,-0.3175,-1.6371,3.1043,3.0949,0.119346352475,-1.39177679808,1.39177679808,-1.45144997432,-1.45144997432,0.119346352475,0.154086489898,0.231129734847,-0.231129734847,0.154086489898,0.154086489898,0.154086489898,-0.269778794607,-36.4148384437,-19.8007270594,9.32273140957,-5.69301296967,-0.348131869381,1.236089
829,1.657999992,4,592000007,0.1195,-1.3905,1.3851,-1.5044,-1.4998,0.0542,0.1063,0.2362,0.0344,-3.1179,3.0886,3.0859,0.119654612141,-1.39131440858,1.39131440858,-1.45114171465,-1.45114171465,0.119654612141,0.154195427018,0.231293140527,-0.231293140527,0.154195427018,0.154195427018,0.154195427018,-0.0369284116549,-31.4702985018,-46.2066891961,14.6274176402,-5.5428474872,-0.351996386993,1.270943
830,1.659999847,4,593999862,0.1197,-1.3902,1.3856,-1.5106,-1.4936,0.0604,0.0811,0.1478,0.2626,-3.113,3.0792,3.0837,0.119963089068,-1.39085169319,1.39085169319,-1.45083323773,-1.45083323773,0.119963089068,0.154303767141,0.231455650712,-0.231455650712,0.154303767141,0.154303767141,0.154303767141,1.52568421199,-25.1660011581,-60.1958264843,13.1792084741,-5.40356362782,-0.356885211169,1.213404
831,1.662000179,4,596000194,0.1199,-1.3901,1.3866,-1.5168,-1.4921,0.0613,0.1105,0.059,0.498,-3.0995,0.7513,0.451,0.120271855717,-1.39038854322,1.39038854322,-1.45052447108,-1.45052447108,0.120271855717,0.154411535225,0.231617302837,-0.231617302837,0.154411535225,0.154411535225,0.154411535225,0.690799497951,-18.2060606653,-75.0655213756,11.5202398905,-0.44981495071,-0.00824305364084,2.243509
832,1.664000034,4,598000049,0.1202,-1.39,1.3879,-1.523,-1.4954,0.0569,0.151,0.0118,0.6206,-3.0972,-1.6527,-2.1754,0.120580763634,-1.38992518134,1.38992518134,-1.45021556316,-1.45021556316,0.120580763634,0.154518679207,0.23177801881,-0.23177801881,0.154518679207,0.154518679207,0.154518679207,-0.775834898001,-14.1580333975,-83.3031630914,10.6693786247,4.62681736375,0.34386716232,2.248189
833,1.665999889,4,599999904,0.1205,-1.39,1.3887,-1.5258,-1.5014,0.0506,0.1776,0.0354,0.4051,-1.3742,-3.0178,-3.1283,0.120889885224,-1.38946149896,1.38946149896,-1.44990644157,-1.44990644157,0.120889885224,0.154625224195,0.231937836292,-0.231937836292,0.154625224195,0.154625224195,0.154625224195,-0.795477202087,-13.963393596,-65.0430411122,3.31377081552,7.45046098402,0.477375751684,1.282908
834,1.668000221,4,602000236,0.1209,-1.3897,1.3885,-1.5222,-1.5076,0.0444,0.1842,0.1166,-0.087,1.7705,-3.1056,-3.1365,0.121199293096,-1.38899738715,1.38899738715,-1.4495970337,-1.4495970337,0.121199293096,0.15473119473,0.232096792095,-0.232096792095,0.15473119473,0.15473119473,0.15473119473,0.661367718945,-17.1256555993,-24.7861870226,-9.47981562874,7.53191236192,0.484093671207,1.208071
835,1.670000076,4,604000091,0.1213,-1.3893,1.3877,-1.5159,-1.5139,0.0381,0.2018,0.1982,-0.4191,3.137,-3.1255,-3.1285,0.121508838487,-1.38853306906,1.38853306906,-1.44928748831,-1.44928748831,0.121508838487,0.154836539619,0.232254809429,-0.232254809429,0.154836539619,0.154836539619,0.154836539619,0.3642426555,-21.7790426941,-0.0426186729707,-14.3306000647,7.47113185315,0.48863169376,1.210538
836,1.671999931,4,605999946,0.1218,-1.3887,1.3864,-1.5097,-1.5202,0.0319,0.2294,0.2885,-0.6459,3.1314,-3.1322,-3.1259,0.121818593952,-1.38806843587,1.38806843587,-1.44897773284,-1.44897773284,0.121818593952,0.154941283553,0.23241192533,-0.23241192533,0.154941283553,0.154941283553,0.154941283553,-1.37475997044,-28.2505123816,13.7690819371,-12.88094691,7.36786019593,0.493987467972,1.239057
837,1.673999786,4,607999801,0.1222,-1.388,1.3846,-1.5034,-1.5229,0.031,0.2161,0.3851,-0.8972,3.1275,-1.374,-0.4494,0.122128558287,-1.38760348936,1.38760348936,-1.44866776851,-1.44866776851,0.122128558287,0.155045425886,0.23256813883,-0.23256813883,0.155045425886,0.155045425886,0.155045425886,-1.26107779264,-35.6054414959,29.462293703,-11.1827629764,3.58751918411,0.142723926724,2.191012
838,1.676000118,4,610000133,0.1225,-1.3871,1.3824,-1.4971,-1.5196,0.0372,0.1644,0.4503,-1.069,3.1326,1.6808,3.1345,0.122438804297,-1.38713812035,1.38713812035,-1.4483575225,-1.4483575225,0.122438804297,0.155148990601,0.232723485902,-0.232723485902,0.155148990601,0.155148990601,0.155148990601,0.674911993507,-41.1228670077,40.7273194592,-9.99778935321,-2.85427658453,-0.336418511097,2.112899
839,1.677999973,4,611999988,0.1228,-1.3862,1.3805,-1.4931,-1.5133,0.0435,0.1379,0.4457,-0.9542,2.0488,3.1325,3.1252,0.122749182811,-1.38667255258,1.38667255258,-1.44804714398,-1.44804714398,0.122749182811,0.155251927667,0.232877891501,-0.232877891501,0.155251927667,0.155251927667,0.155251927667,1.01336724905,-42.2163724196,30.7292665916,-5.22556183305,-5.8841690231,-0.34516794025,1.341475
840,1.679999828,4,613999843,0.1231,-1.3854,1.3794,-1.4937,-1.507,0.0497,0.1356,0.3839,-0.5816,-0.3327,3.1118,3.0995,0.123059766582,-1.38620667692,1.38620667692,-1.44773656021,-1.44773656021,0.123059766582,0.155354261219,0.233031391828,-0.233031391828,0.155354261219,0.155354261219,0.155354261219,-0.232852782064,-39.8568031917,0.361847274654,4.43629255582,-5.77804131993,-0.346288444094,1.234545
841,1.68200016,4,616000175,0.1233,-1.3848,1.3791,-1.4993,-1.5008,0.0559,0.1234,0.2934,-0.1364,-2.7795,3.094,3.0916,0.123370628553,-1.38574038397,1.38574038397,-1.44742569824,-1.44742569824,0.123370628553,0.155456014817,0.233184022226,-0.233184022226,0.155456014817,0.155456014817,0.155456014817,-0.858336671609,-35.4206196166,-34.8332435207,14.0314938178,-5.61772766708,-0.3502776216,1.261836
842,1.684000015,4,618000030,0.1235,-1.3844,1.3793,-1.5055,-1.4946,0.062,0.0998,0.2084,0.1126,-3.1142,3.0803,3.0798,0.12368161926,-1.38527389791,1.38527389791,-1.44711470754,-1.44711470754,0.12368161926,0.155557139308,0.233335708962,-0.233335708962,0.155557139308,0.155557139308,0.155557139308,0.434612167998,-29.6642954186,-51.1577510145,14.1832783629,-5.47369057251,-0.353785048369,1.244252
843,1.68599987,4,619999885,0.1237,-1.3842,1.3801,-1.5117,-1.4904,0.063,0.095,0.1123,0.36,-3.0994,2.0815,0.4705,0.123992811595,-1.3848071094,1.3848071094,-1.4468035152,-1.4468035152,0.123992811595,0.155657658405,0.233486487608,-0.233486487608,0.155657658405,0.155657658405,0.155657658405,1.13433843466,-22.5274061456,-66.4725082647,12.503240134,-3.25949385615,-0.0142164290315,2.436719
844,1.688000202,4,622000217,0.124,-1.3841,1.3812,-1.5179,-1.491,0.0586,0.1266,0.0358,0.5581,-3.0957,-0.2782,-2.1689,0.124304278645,-1.38433990883,1.38433990883,-1.44649204815,-1.44649204815,0.124304278645,0.155757595249,0.233636392873,-0.233636392873,0.155757595249,0.155757595249,0.155757595249,0.179860999869,-16.4079112309,-79.1540581983,11.1429990207,1.75663461768,0.338810275327,2.224512
845,1.690000057,4,624000072,0.1243,-1.3841,1.3823,-1.5231,-1.4963,0.0524,0.1702,0.0137,0.5701,-2.5945,-2.6797,-3.1218,0.124615870651,-1.38387252082,1.38387252082,-1.44618045614,-1.44618045614,0.124615870651,0.155856901563,0.233785352344,-0.233785352344,0.155856901563,0.155856901563,0.155856901563,-1.12805912925,-13.6912637519,-78.982509849,8.47860394515,6.79368462556,0.475984744028,1.243157
846,1.691999912,4,625999927,0.1247,-1.384,1.3826,-1.5227,-1.5025,0.0461,0.1779,0.0714,0.1669,0.2087,-3.0804,-3.1327,0.124927660648,-1.38340483582,1.38340483582,-1.44586866615,-1.44586866615,0.124927660648,0.15595560064,0.233933400959,-0.233933400959,0.15595560064,0.15595560064,0.15595560064,0.213745277943,-15.3052358361,-45.4373748699,-3.13053862612,7.56637348489,0.484039503927,1.189650
847,1.693999767,4,627999782,0.125,-1.3836,1.382,-1.5164,-1.5087,0.0398,0.1871,0.1592,-0.3214,3.1394,-3.1194,-3.1374,0.125239647421,-1.38293685566,1.38293685566,-1.44555667937,-1.44555667937,0.125239647421,0.156053691873,0.234080537809,-0.234080537809,0.156053691873,0.156053691873,0.156053691873,1.39685415193,-19.1534983412,-5.99734593953,-14.9060735243,7.53475342601,0.490286699752,1.269621
848,1.696000099,4,630000114,0.1255,-1.3832,1.381,-1.5101,-1.515,0.0336,0.2087,0.2329,-0.5102,3.1326,-3.1349,-3.123,0.125551904238,-1.38246847044,1.38246847044,-1.44524442256,-1.44524442256,0.125551904238,0.156151197838,0.234226796757,-0.234226796757,0.156151197838,0.156151197838,0.156151197838,0.0520538203824,-24.3445505997,5.48469413143,-13.7176543113,7.48379906565,0.493830715125,1.283137
849,1.697999954,4,631999969,0.1259,-1.3825,1.3795,-1.5039,-1.5203,0.0327,0.2253,0.3295,-0.7537,3.1312,-2.6262,-0.4513,0.12586428096,-1.38199990535,1.38199990535,-1.44493204583,-1.44493204583,0.12586428096,0.156248071434,0.234372107151,-0.234372107151,0.156248071434,0.156248071434,0.156248071434,-1.13252612647,-31.420848453,20.4283160569,-12.1486207399,6.29388932357,0.148682568408,2.259319
850,1.699999809,4,633999824,0.1263,-1.3817,1.3775,-1.4976,-1.5201,0.0389,0.1876,0.4157,-0.9817,3.1231,0.0923,3.1322,0.126176850806,-1.38153105059,1.38153105059,-1.44461947599,-1.44461947599,0.126176850806,0.15634433539,0.234516503086,-0.234516503086,0.15634433539,0.15634433539,0.15634433539,0.0597144601435,-38.2947159457,34.9145574001,-10.5377927184,0.528675611314,-0.328480209063,2.265296
851,1.702000141,4,636000156,0.1265,-1.3808,1.3754,-1.4913,-1.5138,0.0452,0.1299,0.4526,-1.0778,3.1392,3.1213,3.1361,0.126489687177,-1.38106179603,1.38106179603,-1.44430663962,-1.44430663962,0.126489687177,0.156440011858,0.234660017787,-0.234660017787,0.156440011858,0.156440011858,0.156440011858,2.30154220429,-41.8218687754,41.6600390772,-9.92286338786,-5.82158205865,-0.345123204254,1.217484
852,1.703999996,4,638000011,0.1268,-1.38,1.3739,-1.4897,-1.5076,0.0514,0.1329,0.4046,-0.7373,0.793,3.1187,3.1034,0.126802639655,-1.38059236731,1.38059236731,-1.44399368714,-1.44399368714,0.126802639655,0.156535054619,0.234802581929,-0.234802581929,0.156535054619,0.156535054619,0.156535054619,0.716733327036,-40.4412335986,13.4515308597,-0.262759300057,-5.78060286508,-0.345144067164,1.207072
853,1.705999851,4,639999866,0.1271,-1.3793,1.3732,-1.493,-1.5013,0.0576,0.1275,0.3311,-0.3357,-1.6082,3.1046,3.0962,0.127115781593,-1.38012265441,1.38012265441,-1.4436805452,-1.4436805452,0.127115781593,0.15662948598,0.23494422897,-0.23494422897,0.15662948598,0.15662948598,0.15662948598,-0.362883504715,-37.2225854356,-18.8567673704,9.35317943574,-5.66650526266,-0.34888792071,1.699075
854,1.708000183,4,642000198,0.1273,-1.3788,1.3733,-1.4992,-1.4951,0.0638,0.1109,0.2437,0.0215,-3.1169,3.0866,3.0823,0.127429186525,-1.37965254701,1.37965254701,-1.44336714027,-1.44336714027,0.127429186525,0.156723327665,0.235084991497,-0.235084991497,0.156723327665,0.156723327665,0.156723327665,-0.183753450497,-32.2471952068,-45.6773982512,14.7618320742,-5.51083151436,-0.352113022178,1.132246
855,1.710000038,4,644000053,0.1274,-1.3785,1.3738,-1.5054,-1.4889,0.0648,0.0852,0.1536,0.2531,-3.1128,3.077,0.5121,0.127742703758,-1.37918227116,1.37918227116,-1.44305362304,-1.44305362304,0.127742703758,0.156816534343,0.235224801515,-0.235224801515,0.156816534343,0.156816534343,0.156816534343,1.38593376361,-25.8279449258,-59.8616601277,13.2964187874,-5.35826261589,-0.021842121373,2.331723
856,1.711999893,4,645999908,0.1277,-1.3784,1.3747,-1.5116,-1.4874,0.0605,0.1132,0.0623,0.4928,-3.095,0.7763,-2.1289,0.128056406777,-1.37871171663,1.37871171663,-1.44273992002,-1.44273992002,0.128056406777,0.156909127895,0.235363691843,-0.235363691843,0.156909127895,0.156909127895,0.156909127895,0.596348602848,-18.6820967676,-74.9367660184,11.5906087215,-0.457023937404,0.330794339919,2.346402
857,1.713999748,4,647999763,0.128,-1.3784,1.376,-1.5178,-1.4906,0.0543,0.1528,0.0129,0.6203,-3.0948,-1.6093,-3.1191,0.128370294356,-1.37824088526,1.37824088526,-1.44242603244,-1.44242603244,0.128370294356,0.157001107753,0.23550166163,-0.23550166163,0.157001107753,0.157001107753,0.157001107753,-0.790334907356,-14.4326473462,-83.4708040609,10.7171388424,4.57912342754,0.472236791646,1.278584
858,1.71600008,4,650000095,0.1283,-1.3783,1.3768,-1.5206,-1.4966,0.048,0.1792,0.0351,0.4104,-1.3921,-3.0084,-3.1272,0.128684440201,-1.37776966649,1.37776966649,-1.44211188659,-1.44211188659,0.128684440201,0.157092495073,0.235638742609,-0.235638742609,0.157092495073,0.157092495073,0.157092495073,-0.762658922884,-14.1825269333,-65.6251482509,3.42547773028,7.47340823814,0.483663543324,1.252647
859,1.717999935,4,651999950,0.1287,-1.3781,1.3766,-1.5171,-1.5028,0.0417,0.1854,0.1164,-0.0825,1.7618,-3.1012,-3.1361,0.12899869326,-1.37729828691,1.37729828691,-1.44179763354,-1.44179763354,0.12899869326,0.15718324571,0.235774868565,-0.235774868565,0.15718324571,0.15718324571,0.15718324571,0.73304548743,-17.3086628998,-25.2897083507,-9.40759477807,7.56628695168,0.49054287831,1.267403
860,1.71999979,4,653999805,0.1291,-1.3777,1.3758,-1.5108,-1.509,0.0355,0.2033,0.1989,-0.4158,3.1356,-3.1244,-3.1266,0.129313127191,-1.37682663601,1.37682663601,-1.4414831996,-1.4414831996,0.129313127191,0.157273380974,0.235910071461,-0.235910071461,0.157273380974,0.157273380974,0.157273380974,0.422410491976,-22.0292120922,-0.457032448939,-14.2878522566,7.51026154287,0.49485146482,1.207302
861,1.722000122,4,656000137,0.1296,-1.3771,1.3745,-1.5045,-1.5153,0.0345,0.228,0.2878,-0.6448,3.1309,-3.1323,-0.5041,0.129627815826,-1.37635460306,1.37635460306,-1.44116851097,-1.44116851097,0.129627815826,0.157362921592,0.236044382388,-0.236044382388,0.157362921592,0.157362921592,0.157362921592,-1.03928959042,-28.3634245215,13.509256253,-12.8301648574,7.40634774311,0.158249562621,2.254501
862,1.723999977,4,657999992,0.13,-1.3763,1.3727,-1.4983,-1.5181,0.0407,0.2163,0.3867,-0.8995,3.1301,-1.4035,3.1326,0.12994260785,-1.37588241502,1.37588241502,-1.44085371894,-1.44085371894,0.12994260785,0.157451824313,0.23617773647,-0.23617773647,0.157451824313,0.157451824313,0.157451824313,-0.991756328069,-35.9201285973,29.3938099326,-11.1247537581,3.67964847627,-0.321218758955,2.224554
863,1.725999832,4,659999847,0.1303,-1.3754,1.3706,-1.492,-1.5148,0.047,0.1652,0.4528,-1.0746,3.1325,1.659,3.1335,0.130257577051,-1.37540996122,1.37540996122,-1.44053874974,-1.44053874974,0.130257577051,0.157540110018,0.236310165027,-0.236310165027,0.157540110018,0.157540110018,0.157540110018,0.817047481973,-41.5123969002,40.8329809182,-9.90432067287,-2.76860189507,-0.337026498633,1.387242
864,1.728000164,4,662000179,0.1306,-1.3745,1.3686,-1.4878,-1.5085,0.0533,0.1393,0.4508,-0.9646,2.0737,3.1357,3.1257,0.130572797381,-1.37493713072,1.37493713072,-1.44022352941,-1.44022352941,0.130572797381,0.157627799004,0.236441698506,-0.236441698506,0.157627799004,0.157627799004,0.157627799004,1.11289264354,-42.7972565975,31.2248848571,-5.22833216504,-5.85472646761,-0.346033349965,1.212264
865,1.730000019,4,664000034,0.1309,-1.3737,1.3675,-1.4884,-1.5023,0.0595,0.1379,0.3901,-0.5946,-0.2922,3.1083,3.1008,0.130888117269,-1.37446415089,1.37446415089,-1.43990820953,-1.43990820953,0.130888117269,0.157714848914,0.236572273371,-0.236572273371,0.157714848914,0.157714848914,0.157714848914,-0.184247318982,-40.5086586931,1.05817925767,4.37083855422,-5.73655687622,-0.347201430585,1.272227
866,1.731999874,4,665999889,0.1311,-1.3731,1.3672,-1.4939,-1.496,0.0656,0.1268,0.2994,-0.1506,-2.7259,3.0923,3.0895,0.131203610627,-1.37399091086,1.37399091086,-1.43959271617,-1.43959271617,0.131203610627,0.157801280201,0.236701920301,-0.236701920301,0.157801280201,0.157801280201,0.157801280201,-0.888557688938,-36.0400744178,-34.0182538065,13.9047743441,-5.583319604,-0.350678078329,1.275019
867,1.734000206,4,668000221,0.1313,-1.3727,1.3674,-1.5001,-1.4898,0.0668,0.1034,0.2131,0.1067,-3.1136,3.0785,0.6036,0.131519351527,-1.3735172995,1.3735172995,-1.43927697527,-1.43927697527,0.131519351527,0.157887112729,0.236830669094,-0.236830669094,0.157887112729,0.157887112729,0.157887112729,0.303102900638,-30.2442661095,-51.0174943794,14.2719178428,-5.42832275656,-0.0313275380922,2.174476
868,1.736000061,4,670000076,0.1315,-1.3725,1.3681,-1.5063,-1.4856,0.0628,0.0979,0.1155,0.3565,-3.0967,2.1199,-2.0121,0.131835188148,-1.37304354457,1.37304354457,-1.43896113865,-1.43896113865,0.131835188148,0.15797230504,0.23695845756,-0.23695845756,0.15797230504,0.15797230504,0.15797230504,1.02018979824,-22.9987865617,-66.4320728197,12.5695209005,-3.29567835091,0.311836825457,2.402166
869,1.737999916,4,671999931,0.1318,-1.3724,1.3692,-1.5125,-1.486,0.0566,0.129,0.0376,0.5584,-3.0941,-0.2236,-3.1152,0.132151194522,-1.37256953501,1.37256953501,-1.43864513227,-1.43864513227,0.132151194522,0.158056877155,0.237085315732,-0.237085315732,0.158056877155,0.158056877155,0.158056877155,0.118121556814,-16.7776636288,-79.3471795559,11.1889664519,1.68225890805,0.467138592368,2.365741
870,1.739999771,4,673999786,0.1321,-1.3723,1.3704,-1.5177,-1.4912,0.0503,0.1713,0.0132,0.5779,-2.6241,-2.6046,-3.1207,0.132467369407,-1.37209527268,1.37209527268,-1.43832895739,-1.43832895739,0.132467369407,0.158140828557,0.237211242835,-0.237211242835,0.158140828557,0.158140828557,0.158140828557,-1.11020533835,-13.955535336,-79.7558798131,8.63082896871,6.67779726435,0.481708651103,1.131284
871,1.742000103,4,676000118,0.1325,-1.3722,1.3707,-1.5175,-1.4974,0.044,0.1801,0.0706,0.1808,0.1386,-3.0705,-3.1317,0.132783787034,-1.37162064624,1.37162064624,-1.43801253976,-1.43801253976,0.132783787034,0.158224178535,0.237336267803,-0.237336267803,0.158224178535,0.158224178535,0.158224178535,0.176471499842,-15.5760863594,-46.7340790608,-2.81146411291,7.58676419435,0.490042215431,1.265743
872,1.743999958,4,677999973,0.1329,-1.3719,1.3701,-1.5112,-1.5036,0.0378,0.1892,0.1602,-0.3178,3.1394,-3.1188,-3.1372,0.133100295254,-1.37114588391,1.37114588391,-1.43769603154,-1.43769603154,0.133100295254,0.158306886831,0.237460330246,-0.237460330246,0.158306886831,0.158306886831,0.158306886831,1.38350707031,-19.4604191248,-6.43785204061,-14.8754078586,7.57111774309,0.49640035548,1.527307
873,1.745999813,4,679999828,0.1333,-1.3714,1.3691,-1.5049,-1.5099,0.0364,0.2106,0.2348,-0.5083,3.1323,-3.1342,-0.6662,0.133416968258,-1.37067087441,1.37067087441,-1.43737935854,-1.43737935854,0.133416968258,0.158388972888,0.237583459332,-0.237583459332,0.158388972888,0.158388972888,0.158388972888,0.144949497276,-24.7479133737,5.13475986536,-13.6749949612,7.51156011134,0.179392169781,2.174988
874,1.748000145,4,682000160,0.1338,-1.3708,1.3676,-1.4987,-1.5152,0.0424,0.228,0.3319,-0.7542,3.1233,-2.6648,3.0041,0.133733880389,-1.37019550621,1.37019550621,-1.43706244641,-1.43706244641,0.133733880389,0.158470455563,0.237705683344,-0.237705683344,0.158470455563,0.158470455563,0.158470455563,-1.0807127175,-31.8032969047,20.1957345271,-12.0533205095,6.39711949797,-0.298791167006,2.387273
875,1.75,4,684000015,0.1341,-1.3699,1.3656,-1.4924,-1.5152,0.0487,0.1919,0.4215,-0.9892,3.1278,-0.0005,3.1326,0.134050879259,-1.36972000791,1.36972000791,-1.43674544754,-1.43674544754,0.134050879259,0.158551295498,0.237826943247,-0.237826943247,0.158551295498,0.158551295498,0.158551295498,0.0087815932336,-38.9665474402,35.1325995827,-10.4597749553,0.753330904856,-0.328895385202,1.303881
876,1.751999855,4,685999870,0.1344,-1.369,1.3634,-1.4861,-1.509,0.055,0.1333,0.4608,-1.09,3.1388,3.1172,3.1354,0.134368039175,-1.36924426803,1.36924426803,-1.43642828762,-1.43642828762,0.134368039175,0.158631511705,0.237947267557,-0.237947267557,0.158631511705,0.158631511705,0.158631511705,2.22557417551,-42.6936523795,42.1749019448,-9.78072037949,-5.78433468658,-0.345721691418,1.233556
877,1.754000187,4,688000202,0.1347,-1.3682,1.3619,-1.4845,-1.5027,0.0612,0.1366,0.4127,-0.7519,0.8074,3.1177,3.1022,0.134685434592,-1.36876817491,1.36876817491,-1.4361108922,-1.4361108922,0.134685434592,0.158711122604,0.238066683906,-0.238066683906,0.158711122604,0.158711122604,0.158711122604,0.623036705102,-41.2854710238,14.1655061685,-0.179738588102,-5.75193701552,-0.345681198606,1.209448
878,1.756000042,4,690000057,0.135,-1.3675,1.3612,-1.4877,-1.4965,0.0674,0.1316,0.3391,-0.3518,-1.5805,3.1021,3.0925,0.13500291289,-1.36829195746,1.36829195746,-1.43579341391,-1.43579341391,0.13500291289,0.158790089743,0.238185134615,-0.238185134615,0.158790089743,0.158790089743,0.158790089743,-0.478655755141,-38.0429643627,-18.0046216265,9.3760642593,-5.63482220132,-0.349084248782,1.241755
879,1.757999897,4,691999912,0.1352,-1.367,1.3612,-1.4939,-1.4903,0.0691,0.1151,0.2503,0.0102,-3.1167,3.0846,0.8598,0.135320548485,-1.36781550407,1.36781550407,-1.43547577831,-1.43547577831,0.135320548485,0.1588684317,0.238302647549,-0.238302647549,0.1588684317,0.1588684317,0.1588684317,-0.375125825818,-32.9906342503,-45.1702690957,14.8966359671,-5.47103364092,-0.0627037136437,2.260784
880,1.759999752,4,693999767,0.1354,-1.3667,1.3617,-1.5001,-1.4841,0.0656,0.0896,0.1592,0.2447,-3.1109,3.0731,-1.7142,0.135638340128,-1.3673388166,1.3673388166,-1.43515798667,-1.43515798667,0.135638340128,0.158946147996,0.238419221994,-0.238419221994,0.158946147996,0.158946147996,0.158946147996,1.14453191148,-26.4988820237,-59.5256409569,13.4025069675,-5.31423012383,0.270721167118,2.325446
881,1.762000084,4,696000099,0.1356,-1.3665,1.3627,-1.5063,-1.4825,0.0594,0.1163,0.0654,0.4894,-3.0944,0.7955,-3.1131,0.13595636242,-1.36686178317,1.36686178317,-1.43483996438,-1.43483996438,0.13595636242,0.159023256472,0.238534884708,-0.238534884708,0.159023256472,0.159023256472,0.159023256472,0.485250716145,-19.2068113339,-74.9267294198,11.6674620165,-0.460316272557,0.463683307792,2.767959
882,1.763999939,4,697999954,0.1359,-1.3665,1.3639,-1.5125,-1.4856,0.0531,0.1547,0.0137,0.6214,-3.0953,-1.5716,-3.1175,0.136274462436,-1.36638463314,1.36638463314,-1.43452186436,-1.43452186436,0.136274462436,0.159099719884,0.238649579826,-0.238649579826,0.159099719884,0.159099719884,0.159099719884,-0.812230539466,-14.7861807015,-83.7003100801,10.772564169,4.53752528976,0.477568799443,1.250050
883,1.765999794,4,699999809,0.1363,-1.3664,1.3648,-1.5153,-1.4916,0.0469,0.181,0.0347,0.4167,-1.4111,-2.9998,-3.126,0.136592714742,-1.36590725468,1.36590725468,-1.43420361205,-1.43420361205,0.136592714742,0.159175556228,0.238763334343,-0.238763334343,0.159175556228,0.159175556228,0.159175556228,-0.801220509091,-14.46216673,-66.2625211734,3.53586821376,7.49446018122,0.489089989851,1.255736
884,1.768000126,4,702000141,0.1366,-1.3662,1.3646,-1.5118,-1.4978,0.0406,0.1864,0.1164,-0.0772,1.7526,-3.0975,-3.1355,0.136911194045,-1.36542953573,1.36542953573,-1.43388513275,-1.43388513275,0.136911194045,0.159250782908,0.238876174361,-0.238876174361,0.159250782908,0.159250782908,0.159250782908,0.797774186377,-17.6167790639,-25.8356862059,-9.34023479798,7.59991995814,0.49604442187,2.236644
885,1.769999981,4,703999996,0.137,-1.3658,1.3638,-1.5055,-1.5041,0.0384,0.2036,0.1996,-0.4125,3.1371,-3.1216,-1.0882,0.137229747199,-1.364951706,1.364951706,-1.4335665796,-1.4335665796,0.137229747199,0.159325363587,0.238988045381,-0.238988045381,0.159325363587,0.159325363587,0.159325363587,0.594588414384,-22.3763197738,-0.853843561717,-14.2625191591,7.54028445295,0.234437298833,2.627669
886,1.771999836,4,705999851,0.1375,-1.3652,1.3625,-1.4993,-1.5103,0.0436,0.2282,0.2898,-0.6432,3.132,-3.1323,2.5667,0.137548448876,-1.36447365348,1.36447365348,-1.43324787792,-1.43324787792,0.137548448876,0.159399315827,0.23909897374,-0.23909897374,0.159399315827,0.159399315827,0.159399315827,-0.82988993947,-28.8094717132,13.2022121549,-12.7897637694,7.43674558515,-0.239328347779,2.191694
887,1.774000168,4,708000183,0.1379,-1.3644,1.3607,-1.493,-1.5132,0.0498,0.2165,0.3902,-0.9001,3.1228,-1.4237,3.1328,0.137867373886,-1.36399526597,1.36399526597,-1.43292895291,-1.43292895291,0.137867373886,0.159472656591,0.239208984887,-0.239208984887,0.159472656591,0.159472656591,0.159472656591,-0.83193881421,-36.4956730665,29.1933773661,-11.027869547,3.76252237204,-0.32157309343,1.304319
888,1.776000023,4,710000038,0.1383,-1.3635,1.3585,-1.4868,-1.5099,0.0561,0.1677,0.4586,-1.0801,3.1321,1.6396,3.1339,0.138186368869,-1.36351677349,1.36351677349,-1.43260995793,-1.43260995793,0.138186368869,0.159545350457,0.239318025685,-0.239318025685,0.159545350457,0.159545350457,0.159545350457,0.781470370794,-42.2489685268,40.9648070621,-9.80529400094,-2.69588802009,-0.337329330303,1.262329
889,1.777999878,4,711999893,0.1386,-1.3626,1.3566,-1.4826,-1.5036,0.0624,0.1418,0.457,-0.9755,2.0985,3.1323,3.1285,0.1385055086,-1.3630380639,1.3630380639,-1.4322908182,-1.4322908182,0.1385055086,0.159617414545,0.239426121818,-0.239426121818,0.159617414545,0.159617414545,0.159617414545,1.07998640474,-43.5330656141,31.7488928118,-5.22338340011,-5.81709259812,-0.346696672805,1.420883
890,1.78000021,4,714000225,0.1388,-1.3618,1.3554,-1.4831,-1.4974,0.0686,0.1402,0.3958,-0.6072,-0.2551,3.1075,3.0986,0.13882486799,-1.36255902481,1.36255902481,-1.43197145881,-1.43197145881,0.13882486799,0.159688865382,0.239533298073,-0.239533298073,0.159688865382,0.159688865382,0.159688865382,-0.166185301362,-41.1884007421,1.7632045583,4.3256535465,-5.70335526102,-0.347238276309,1.295876
891,1.782000065,4,716000080,0.1391,-1.3612,1.355,-1.4884,-1.4912,0.0713,0.1292,0.3046,-0.1639,-2.6751,3.0925,1.3845,0.139144293469,-1.36207988659,1.36207988659,-1.43165203333,-1.43165203333,0.139144293469,0.159759668458,0.239639502686,-0.239639502686,0.159759668458,0.159759668458,0.159759668458,-0.943083474516,-36.6734232089,-33.1874136981,13.7936298485,-5.54640181114,-0.128473893912,4.215695
892,1.78399992,4,717999935,0.1393,-1.3608,1.3552,-1.4947,-1.4849,0.0691,0.1065,0.217,0.101,-3.1134,3.0759,-1.0988,0.139463859913,-1.36160053693,1.36160053693,-1.43133246688,-1.43133246688,0.139463859913,0.159829840454,0.239744760682,-0.239744760682,0.159829840454,0.159829840454,0.159829840454,0.16671398552,-30.8213524893,-50.8181470823,14.3693112549,-5.3855758885,0.192552260982,4.018391
893,1.785999775,4,719999790,0.1395,-1.3605,1.356,-1.5008,-1.4806,0.0629,0.1001,0.1176,0.3541,-3.0943,2.1537,-3.1152,0.139783566059,-1.36112097771,1.36112097771,-1.43101276074,-1.43101276074,0.139783566059,0.159899380947,0.239849071421,-0.239849071421,0.159899380947,0.159899380947,0.159899380947,0.931300858571,-23.4825615935,-66.4428166584,12.6296385372,-3.32856379891,0.45932606268,2.242655
894,1.788000107,4,722000122,0.1398,-1.3605,1.3571,-1.507,-1.481,0.0566,0.1302,0.0376,0.5601,-3.0924,-0.168,-3.1135,0.140103486949,-1.36064109637,1.36064109637,-1.43069283985,-1.43069283985,0.140103486949,0.159968305874,0.239952458811,-0.239952458811,0.159968305874,0.159968305874,0.159968305874,0.103823936896,-17.0672364837,-79.5977957447,11.2252594916,1.60435505027,0.471672121126,1.224581
895,1.789999962,4,723999977,0.1401,-1.3604,1.3583,-1.5123,-1.486,0.0504,0.1713,0.011,0.5867,-2.6495,-2.5299,-3.1189,0.140423468742,-1.36016112368,1.36016112368,-1.43037285805,-1.43037285805,0.140423468742,0.160036581945,0.240054872917,-0.240054872917,0.160036581945,0.160036581945,0.160036581945,-1.07094850918,-14.1110928196,-80.5192343232,8.76064784492,6.56335640766,0.486042368723,1.406884
896,1.791999817,4,725999832,0.1405,-1.3603,1.3586,-1.5122,-1.4921,0.0441,0.1811,0.0677,0.1958,0.0747,-3.0611,-3.131,0.140743586444,-1.35968094713,1.35968094713,-1.43005274035,-1.43005274035,0.140743586444,0.160104225257,0.240156337885,-0.240156337885,0.160104225257,0.160104225257,0.160104225257,0.167566227064,-15.7040063467,-48.0148961076,-2.52781224121,7.60833351025,0.494777435918,1.253873
897,1.794000149,4,728000164,0.1408,-1.36,1.358,-1.5059,-1.4984,0.0404,0.1899,0.1596,-0.3124,3.1392,-3.1139,-1.8336,0.141063915192,-1.35920045401,1.35920045401,-1.4297324116,-1.4297324116,0.141063915192,0.160171251307,0.24025687696,-0.24025687696,0.160171251307,0.160171251307,0.160171251307,1.50265578031,-19.7088134805,-6.9348105599,-14.8523942307,7.59688846082,0.331183803823,2.351286
898,1.796000004,4,730000019,0.1413,-1.3595,1.357,-1.4996,-1.5046,0.044,0.2111,0.2349,-0.5049,3.1337,-3.1332,1.7831,0.141384300947,-1.35871987537,1.35871987537,-1.42941202585,-1.42941202585,0.141384300947,0.160237627723,0.240356441585,-0.240356441585,0.160237627723,0.160237627723,0.160237627723,0.279012474339,-25.0396689715,4.75946945733,-13.6474324212,7.5391219631,-0.136924356276,2.275709
899,1.797999859,4,731999874,0.1417,-1.3588,1.3555,-1.4934,-1.51,0.0503,0.2311,0.332,-0.7541,3.1238,-2.7004,3.1365,0.141704818812,-1.35823909858,1.35823909858,-1.42909150798,-1.42909150798,0.141704818812,0.160303370161,0.240455055242,-0.240455055242,0.160303370161,0.160303370161,0.160303370161,-1.13233369755,-32.1093532386,20.0237995017,-11.9991783488,6.50458233382,-0.315433498142,2.328519
900,1.80000019,4,734000205,0.1421,-1.358,1.3535,-1.4871,-1.5102,0.0565,0.1959,0.426,-0.9956,3.1303,-0.0964,3.1298,0.142025543853,-1.35775801102,1.35775801102,-1.42877078294,-1.42877078294,0.142025543853,0.160368493644,0.240552740466,-0.240552740466,0.160368493644,0.160368493644,0.160368493644,-0.0827628114112,-39.5656233955,35.3324373474,-10.374760978,0.98316528944,-0.327690324946,1.278107
901,1.802000046,4,736000061,0.1424,-1.3571,1.3513,-1.4808,-1.5041,0.0628,0.1377,0.468,-1.1016,3.1384,3.0708,3.1356,0.142346322321,-1.35727684331,1.35727684331,-1.42845000447,-1.42845000447,0.142346322321,0.160432966816,0.240649450224,-0.240649450224,0.160432966816,0.160432966816,0.160432966816,2.07485182133,-43.5054838615,42.6751085946,-9.64405283945,-5.66149169991,-0.345059464737,1.239576
902,1.803999901,4,737999916,0.1427,-1.3562,1.3498,-1.4792,-1.4978,0.069,0.1396,0.4204,-0.7664,0.8226,3.1167,3.1005,0.142667228931,-1.3567954834,1.3567954834,-1.42812909786,-1.42812909786,0.142667228931,0.160496804793,0.24074520719,-0.24074520719,0.160496804793,0.160496804793,0.160496804793,0.553731056634,-42.1699550467,14.8984560021,-0.100677629709,-5.72269678693,-0.344968759096,1.169042
903,1.805999756,4,739999771,0.1429,-1.3555,1.349,-1.4823,-1.4916,0.0734,0.1347,0.3465,-0.3679,-1.5521,3.0998,2.1798,0.142988262573,-1.35631393294,1.35631393294,-1.42780806422,-1.42780806422,0.142988262573,0.160560007222,0.240840010833,-0.240840010833,0.160560007222,0.160560007222,0.160560007222,-0.536068693749,-38.8915983367,-17.0944478235,9.39992286311,-5.59932672153,-0.229486617003,2.549549
904,1.808000087,4,742000102,0.1432,-1.355,1.349,-1.4885,-1.4854,0.073,0.1184,0.2565,-0.001,-3.1169,3.083,-0.1738,0.14330949843,-1.35583207915,1.35583207915,-1.42748682836,-1.42748682836,0.14330949843,0.160622588536,0.240933882803,-0.240933882803,0.160622588536,0.160622588536,0.160622588536,-0.502359383092,-33.7713033425,-44.6499038536,15.033096134,-5.4361866507,0.0737653543656,2.247487
905,1.809999943,4,743999958,0.1434,-1.3547,1.3495,-1.4948,-1.4792,0.0675,0.0929,0.164,0.2365,-3.111,3.0705,-2.7391,0.143630782509,-1.35535015303,1.35535015303,-1.42716554429,-1.42716554429,0.143630782509,0.160684518602,0.241026777903,-0.241026777903,0.160684518602,0.160684518602,0.160684518602,1.0123192582,-27.175451321,-59.1842352769,13.5203208319,-5.27564995068,0.407234040771,2.647524
906,1.811999798,4,745999813,0.1436,-1.3546,1.3505,-1.5009,-1.4775,0.0613,0.1175,0.0678,0.4859,-3.0914,0.8543,-3.1115,0.143952189642,-1.35486804233,1.35486804233,-1.42684413715,-1.42684413715,0.143952189642,0.160745811952,0.241118717928,-0.241118717928,0.160745811952,0.160745811952,0.160745811952,0.479114374659,-19.6763739309,-74.8407547454,11.7376058531,-0.547911751661,0.467125391593,1.301111
907,1.814000129,4,748000144,0.1439,-1.3545,1.3517,-1.5071,-1.4805,0.055,0.1541,0.0135,0.6232,-3.0952,-1.493,-3.1167,0.14427379526,-1.3543856339,1.3543856339,-1.42652253153,-1.42652253153,0.14427379526,0.160806482608,0.241209723911,-0.241209723911,0.160806482608,0.160806482608,0.160806482608,-0.708444833637,-15.1088610487,-83.9330133419,10.8231255707,4.41388860304,0.480973602356,1.276481
908,1.815999985,4,750000000,0.1443,-1.3545,1.3526,-1.51,-1.4864,0.0488,0.1812,0.0332,0.424,-1.4318,-2.9865,-3.1251,0.14459544519,-1.35390315901,1.35390315901,-1.42620088161,-1.42620088161,0.14459544519,0.160866501356,0.241299752034,-0.241299752034,0.160866501356,0.160866501356,0.160866501356,-0.724417189438,-14.6587714914,-66.904697696,3.65467349204,7.50776018142,0.492730899318,1.141423
909,1.81799984,4,751999855,0.1446,-1.3542,1.3524,-1.5065,-1.4926,0.0432,0.1868,0.1154,-0.0709,1.7408,-3.0952,-2.7855,0.14491721435,-1.35342050527,1.35342050527,-1.42587911245,-1.42587911245,0.14491721435,0.160925882288,0.241388823432,-0.241388823432,0.160925882288,0.160925882288,0.160925882288,0.881983950289,-17.8822857233,-26.3959254165,-9.26066142058,7.63410673337,0.4541740035,2.091674
910,1.820000171,4,754000186,0.145,-1.3538,1.3516,-1.5002,-1.4989,0.0438,0.2031,0.1989,-0.4083,3.1394,-3.1203,0.3146,0.145239178254,-1.35293755941,1.35293755941,-1.42555714854,-1.42555714854,0.145239178254,0.16098463898,0.24147695847,-0.24147695847,0.16098463898,0.16098463898,0.16098463898,0.779518807559,-22.6500953549,-1.24095177086,-14.2409303366,7.57417621521,0.0547440293744,2.203333
911,1.822000026,4,756000041,0.1455,-1.3532,1.3503,-1.494,-1.5051,0.0501,0.2276,0.2902,-0.6404,3.1298,-3.1309,3.1386,0.145561182395,-1.3524545532,1.3524545532,-1.4252351444,-1.4252351444,0.145561182395,0.161042743112,0.241564114669,-0.241564114669,0.161042743112,0.161042743112,0.161042743112,-0.653826463881,-29.1764073182,12.8819938965,-12.7352547525,7.47246358923,-0.312201115876,2.321935
912,1.823999882,4,757999897,0.1459,-1.3525,1.3485,-1.4877,-1.5081,0.0564,0.2177,0.3923,-0.9021,3.1293,-1.484,3.1333,0.145883302259,-1.35197137341,1.35197137341,-1.42491302454,-1.42491302454,0.145883302259,0.161100208421,0.241650312632,-0.241650312632,0.161100208421,0.161100208421,0.161100208421,-0.746372440313,-36.9281618013,29.1837879628,-10.9878605445,3.92497168125,-0.320306600236,1.211313
913,1.826000213,4,760000228,0.1463,-1.3515,1.3464,-1.4814,-1.505,0.0626,0.1687,0.464,-1.0861,3.1325,1.5743,3.1335,0.146205612956,-1.35148790736,1.35148790736,-1.42459071384,-1.42459071384,0.146205612956,0.16115704795,0.241735571925,-0.241735571925,0.16115704795,0.16115704795,0.16115704795,0.895924626579,-42.984837593,41.1312435334,-9.7123881515,-2.5235777047,-0.335840706626,1.309778
914,1.828000068,4,762000083,0.1466,-1.3506,1.3444,-1.4772,-1.4987,0.0689,0.1425,0.4621,-0.9865,2.1271,3.1349,3.1254,0.146527959973,-1.35100438684,1.35100438684,-1.42426836682,-1.42426836682,0.146527959973,0.161213234334,0.241819851501,-0.241819851501,0.161213234334,0.161213234334,0.161213234334,1.17881952963,-44.2181557947,32.3586216222,-5.23472882796,-5.7881703793,-0.345119759027,1.211727
915,1.829999923,4,763999938,0.1468,-1.3498,1.3432,-1.4776,-1.4924,0.0751,0.1421,0.4014,-0.6202,-0.2146,3.1085,3.0964,0.146850418714,-1.35052069872,1.35052069872,-1.42394590808,-1.42394590808,0.146850418714,0.161268780834,0.241903171251,-0.241903171251,0.161268780834,0.161268780834,0.161268780834,-0.149651124192,-41.8975854377,2.53219762541,4.26441510071,-5.67522275868,-0.345743795663,1.263640
916,1.831999779,4,765999794,0.1471,-1.3492,1.3428,-1.4829,-1.4862,0.0767,0.1316,0.3098,-0.178,-2.6197,3.0886,0.8259,0.147172988063,-1.3500368447,1.3500368447,-1.42362333873,-1.42362333873,0.147172988063,0.161323687143,0.241985530714,-0.241985530714,0.161323687143,0.161323687143,0.161323687143,-0.96718167774,-37.337230426,-32.2980642581,13.6638440361,-5.5070448734,-0.0543421227772,2.228540
917,1.83400011,4,768000125,0.1473,-1.3487,1.343,-1.4891,-1.48,0.0734,0.1094,0.2201,0.0959,-3.1127,3.0731,-1.642,0.147495743229,-1.34955271195,1.34955271195,-1.42330058357,-1.42330058357,0.147495743229,0.161377965713,0.24206694857,-0.24206694857,0.161377965713,0.161377965713,0.161377965713,0.0697672552005,-31.406814773,-50.6524885393,14.4553335528,-5.34585791939,0.265325315936,2.263908
918,1.835999965,4,769999980,0.1475,-1.3485,1.3437,-1.4953,-1.4755,0.0672,0.1015,0.1193,0.3522,-3.0892,2.2291,-3.114,0.147818529489,-1.34906853256,1.34906853256,-1.42297779731,-1.42297779731,0.147818529489,0.161431590412,0.242147385618,-0.242147385618,0.161431590412,0.161431590412,0.161431590412,0.894816723105,-23.942568068,-66.4165521655,12.6795503585,-3.45197092419,0.461333994927,2.098076
919,1.83799982,4,771999835,0.1478,-1.3484,1.3448,-1.5014,-1.4757,0.0609,0.1305,0.0369,0.5632,-3.0889,-0.0743,-3.1119,0.148141422348,-1.34858419327,1.34858419327,-1.42265490445,-1.42265490445,0.148141422348,0.161484573909,0.242226860863,-0.242226860863,0.161484573909,0.161484573909,0.161484573909,0.126403101464,-17.3929510456,-79.8683443734,11.2484290469,1.44550189676,0.473506921107,1.334210
920,1.840000152,4,774000167,0.1481,-1.3484,1.346,-1.5068,-1.4805,0.0547,0.1709,0.0085,0.5977,-2.6773,-2.4192,-3.118,0.148464497579,-1.34809958043,1.34809958043,-1.42233182922,-1.42233182922,0.148464497579,0.16153692829,0.242305392435,-0.242305392435,0.16153692829,0.16153692829,0.16153692829,-1.03295531512,-14.3039704636,-81.3686629719,8.89285329721,6.37155384973,0.487855751667,1.362398
921,1.842000007,4,776000022,0.1485,-1.3483,1.3464,-1.5068,-1.4866,0.0484,0.1818,0.064,0.2137,0.003,-3.0488,-3.1303,0.148787599816,-1.34761492707,1.34761492707,-1.42200872698,-1.42200872698,0.148787599816,0.161588628272,0.242382942409,-0.242382942409,0.161588628272,0.161588628272,0.161588628272,0.171046752711,-15.8260661951,-49.4688765922,-2.22301064038,7.62331807693,0.497004094796,1.278611
922,1.843999862,4,777999877,0.1489,-1.348,1.3458,-1.5005,-1.4928,0.0458,0.1903,0.1584,-0.3054,3.1391,-3.1023,-1.2884,0.149110804804,-1.34713011959,1.34713011959,-1.42168552199,-1.42168552199,0.149110804804,0.161639686104,0.242459529155,-0.242459529155,0.161639686104,0.161639686104,0.161639686104,1.55331159424,-19.9624771473,-7.49816370612,-14.8394097141,7.60666482731,0.262372209784,2.279955
923,1.846000194,4,780000209,0.1493,-1.3475,1.3448,-1.4942,-1.4991,0.0505,0.2122,0.2345,-0.4998,3.135,-3.1298,2.3444,0.149434188383,-1.34664504422,1.34664504422,-1.42136213841,-1.42136213841,0.149434188383,0.161690113424,0.242535170136,-0.242535170136,0.161690113424,0.161690113424,0.161690113424,0.319796293427,-25.3484810563,4.31253046381,-13.6291148759,7.5654164835,-0.208419333778,2.572502
924,1.848000049,4,782000064,0.1498,-1.3468,1.3433,-1.488,-1.5046,0.0568,0.2318,0.3353,-0.7532,3.128,-2.7736,3.1362,0.149757595041,-1.34615993423,1.34615993423,-1.42103873175,-1.42103873175,0.149757595041,0.161739885879,0.242609828819,-0.242609828819,0.161739885879,0.161739885879,0.161739885879,-1.03240420359,-32.7052332836,19.8113672107,-11.9699543658,6.69172252907,-0.313966573499,1.370192
925,1.849999904,4,783999919,0.1502,-1.346,1.3413,-1.4817,-1.5052,0.0631,0.2008,0.4301,-1.0008,3.1277,-0.264,3.1315,0.150081100593,-1.34567467591,1.34567467591,-1.4207152262,-1.4207152262,0.150081100593,0.161789015271,0.242683522907,-0.242683522907,0.161789015271,0.161789015271,0.161789015271,-0.225464928668,-40.1669222417,35.4627235316,-10.2740084583,1.36088153327,-0.326055818662,1.262994
926,1.851999759,4,785999774,0.1505,-1.345,1.3391,-1.4754,-1.4994,0.0694,0.1445,0.4755,-1.1143,3.1376,2.8983,3.1357,0.150404703754,-1.34518927116,1.34518927116,-1.42039162304,-1.42039162304,0.150404703754,0.161837501303,0.242756251954,-0.242756251954,0.161837501303,0.161837501303,0.161837501303,1.80712346533,-44.3889892716,43.2499539624,-9.50237377988,-5.27896914315,-0.343115997643,1.273168
927,1.854000091,4,788000106,0.1507,-1.3442,1.3375,-1.4738,-1.4931,0.0756,0.1426,0.4276,-0.7812,0.8394,3.1163,3.0996,0.150728480456,-1.34470360611,1.34470360611,-1.42006784634,-1.42006784634,0.150728480456,0.161885355016,0.242828032524,-0.242828032524,0.161885355016,0.161885355016,0.161885355016,0.481312153552,-43.0156740521,15.7186129902,-0.0239621974683,-5.69327190842,-0.343651654414,1.245462
928,1.855999946,4,789999961,0.151,-1.3435,1.3368,-1.4768,-1.4869,0.0788,0.1378,0.3539,-0.3845,-1.5226,3.0976,1.6327,0.151052274995,-1.3442179143,1.3442179143,-1.4197440518,-1.4197440518,0.151052274995,0.1619325533,0.24289882995,-0.24289882995,0.1619325533,0.1619325533,0.1619325533,-0.652412580223,-39.7422860596,-16.1470876294,9.41899546341,-5.56566078494,-0.1568005408,2.270497
929,1.857999801,4,791999816,0.1513,-1.3429,1.3367,-1.483,-1.4807,0.0774,0.1221,0.2625,-0.0125,-3.1163,3.0803,-0.701,0.151376163279,-1.34373208188,1.34373208188,-1.41942016352,-1.41942016352,0.151376163279,0.161979107358,0.242968661037,-0.242968661037,0.161979107358,0.161979107358,0.161979107358,-0.682736013268,-34.5739820856,-44.0792568608,15.1678747765,-5.40131994443,0.144469249094,2.281693
930,1.860000133,4,794000148,0.1514,-1.3426,1.3372,-1.4893,-1.4745,0.0712,0.0967,0.1686,0.2281,-3.1101,3.067,-3.1161,0.151700221306,-1.34324599484,1.34324599484,-1.41909610549,-1.41909610549,0.151700221306,0.162025027783,0.243037541675,-0.243037541675,0.162025027783,0.162025027783,0.162025027783,0.854944660937,-27.8742240129,-58.796092646,13.6325451286,-5.23725600074,0.458905614599,2.215448
931,1.861999988,4,796000003,0.1517,-1.3425,1.3382,-1.4954,-1.4724,0.0649,0.1163,0.0691,0.484,-3.0888,1.0275,-3.1101,0.152024293237,-1.34275988694,1.34275988694,-1.41877203356,-1.41877203356,0.152024293237,0.162070292397,0.243105438596,-0.243105438596,0.162070292397,0.162070292397,0.162070292397,0.526862146937,-20.1719213462,-74.8042703758,11.8049998276,-0.872590219334,0.469092191982,1.152111
932,1.863999843,4,797999858,0.152,-1.3424,1.3394,-1.5016,-1.475,0.0587,0.1514,0.0123,0.6264,-3.0914,-1.299,-3.1148,0.152348455046,-1.34227364423,1.34227364423,-1.41844787175,-1.41844787175,0.152348455046,0.162114911955,0.243172367932,-0.243172367932,0.162114911955,0.162114911955,0.162114911955,-0.573664845962,-15.4262294161,-84.1882970055,10.8512004908,4.04782206703,0.482670802666,1.282243
933,1.866000175,4,800000190,0.1523,-1.3424,1.3403,-1.5045,-1.481,0.0524,0.1821,0.0313,0.4323,-1.4536,-2.9755,-3.1236,0.152672782791,-1.34178715261,1.34178715261,-1.418123544,-1.418123544,0.152672782791,0.162158896599,0.243238344898,-0.243238344898,0.162158896599,0.162158896599,0.162158896599,-0.704843950614,-14.9094761836,-67.5809083987,3.77092176041,7.52218180994,0.495304763756,1.216925
934,1.86800003,4,802000045,0.1527,-1.3421,1.3402,-1.5011,-1.4871,0.0479,0.1868,0.1136,-0.0631,1.726,-3.0937,-2.251,0.152997120504,-1.34130064604,1.34130064604,-1.41779920629,-1.41779920629,0.152997120504,0.162202225087,0.24330333763,-0.24330333763,0.162202225087,0.162202225087,0.162202225087,0.959233860312,-18.1369049786,-27.0496454864,-9.17783121809,7.66675470824,0.387188734409,1.132349
935,1.869999885,4,803999900,0.1531,-1.3418,1.3394,-1.4948,-1.4934,0.0504,0.2027,0.1974,-0.4026,3.1399,-3.1217,1.2423,0.153321544222,-1.34081401046,1.34081401046,-1.41747478257,-1.41747478257,0.153321544222,0.162244907723,0.243367361585,-0.243367361585,0.162244907723,0.162244907723,0.162244907723,0.906228265592,-22.8761013732,-1.71449696259,-14.2222163735,7.61195879047,-0.0642103005689,2.286804
936,1.872000217,4,806000232,0.1536,-1.3412,1.3381,-1.4885,-1.4997,0.0566,0.2289,0.2884,-0.6366,3.1316,-3.1327,3.1391,0.153646130064,-1.3403271317,1.3403271317,-1.41715019673,-1.41715019673,0.153646130064,0.162286954201,0.243430431301,-0.243430431301,0.162286954201,0.162286954201,0.162286954201,-0.675564941263,-29.3631563911,12.5378304238,-12.7124402422,7.51107597031,-0.311137874601,2.334906
937,1.874000072,4,808000087,0.154,-1.3404,1.3363,-1.4823,-1.503,0.0629,0.223,0.3952,-0.9034,3.1304,-1.6548,3.1323,0.153970721936,-1.33984024389,1.33984024389,-1.41682560486,-1.41682560486,0.153970721936,0.162328344212,0.243492516319,-0.243492516319,0.162328344212,0.162328344212,0.162328344212,-0.924271735697,-37.4897851943,29.0896099971,-10.9324801487,4.30914895911,-0.318266827129,1.474614
938,1.875999927,4,809999942,0.1544,-1.3394,1.3341,-1.476,-1.5002,0.0692,0.175,0.4679,-1.0915,3.1317,1.3999,3.133,0.154295395935,-1.33935323289,1.33935323289,-1.41650093086,-1.41650093086,0.154295395935,0.162369087613,0.243553631419,-0.243553631419,0.162369087613,0.162369087613,0.162369087613,0.64966903518,-43.605961868,41.3078105796,-9.61694849707,-2.13329146263,-0.333865912427,1.257297
939,1.877999782,4,811999797,0.1547,-1.3385,1.3321,-1.4717,-1.4939,0.0755,0.1452,0.4676,-0.9979,2.1593,3.1325,3.1301,0.154620150768,-1.33886610064,1.33886610064,-1.41617617603,-1.41617617603,0.154620150768,0.162409184157,0.243613776235,-0.243613776235,0.162409184157,0.162409184157,0.162409184157,1.09512043629,-44.9762913577,33.02972939,-5.26174154322,-5.75403331396,-0.34454351986,1.339779
940,1.880000114,4,814000129,0.155,-1.3377,1.3308,-1.472,-1.4877,0.081,0.144,0.4066,-0.6339,-0.1687,3.1062,2.7773,0.15494506263,-1.33837873285,1.33837873285,-1.41585126417,-1.41585126417,0.15494506263,0.162448642935,0.243672964402,-0.243672964402,0.162448642935,0.162448642935,0.162448642935,-0.2056746538,-42.6155932158,3.42561244774,4.18422575237,-5.63908790209,-0.302878216446,1.290428
941,1.881999969,4,815999984,0.1552,-1.3371,1.3304,-1.4771,-1.4814,0.0821,0.1337,0.3147,-0.1926,-2.5633,3.0878,0.5241,0.155269975268,-1.33789136389,1.33789136389,-1.41552635153,-1.41552635153,0.155269975268,0.16248744489,0.243731167336,-0.243731167336,0.16248744489,0.16248744489,0.16248744489,-1.00274019202,-38.0211825577,-31.3075453189,13.531895014,-5.47456295825,-0.0134326827737,2.349098
942,1.883999824,4,817999839,0.1554,-1.3366,1.3306,-1.4834,-1.4752,0.0782,0.1114,0.2231,0.0905,-3.1124,3.0713,-1.9222,0.155594964856,-1.33740387951,1.33740387951,-1.41520136194,-1.41520136194,0.155594964856,0.162525599277,0.243788398915,-0.243788398915,0.162525599277,0.162525599277,0.162525599277,0.00715908230191,-31.9966879867,-50.4046667619,14.5494842217,-5.30815848622,0.303771957505,2.239416
943,1.886000156,4,820000171,0.1556,-1.3364,1.3313,-1.4896,-1.4704,0.072,0.0994,0.1199,0.3518,-3.0894,2.4034,-3.1126,0.155920107643,-1.33691616533,1.33691616533,-1.41487621915,-1.41487621915,0.155920107643,0.162563114733,0.243844672099,-0.243844672099,0.162563114733,0.162563114733,0.162563114733,1.00237512607,-24.3973178246,-66.4408138073,12.7500954967,-3.77677739992,0.462558752761,2.220505
944,1.888000011,4,822000026,0.1559,-1.3363,1.3325,-1.4957,-1.4702,0.0657,0.1269,0.0352,0.5678,-3.0862,0.1235,-3.1106,0.156245247265,-1.3364284559,1.3364284559,-1.41455107953,-1.41455107953,0.156245247265,0.162599973141,0.243899959711,-0.243899959711,0.162599973141,0.162599973141,0.162599973141,0.319956254781,-17.6869428161,-80.2013617095,11.2688310045,1.07370304909,0.474586963302,1.229145
945,1.889999866,4,823999881,0.1562,-1.3363,1.3337,-1.5011,-1.4746,0.0595,0.1655,0.0036,0.6115,-2.7116,-2.2001,-3.117,0.156570459949,-1.33594063687,1.33594063687,-1.41422586685,-1.41422586685,0.156570459949,0.162636183302,0.243954274954,-0.243954274954,0.162636183302,0.162636183302,0.162636183302,-0.751337538239,-14.3954179296,-82.3656613188,9.04125097382,5.95898071017,0.488813094152,1.204887
946,1.892000198,4,826000213,0.1566,-1.3362,1.3342,-1.5013,-1.4806,0.0532,0.1812,0.0593,0.2344,-0.0809,-3.0393,-3.1287,0.156895821995,-1.3354525938,1.3354525938,-1.4139005048,-1.4139005048,0.156895821995,0.162671753404,0.244007630106,-0.244007630106,0.162671753404,0.162671753404,0.162671753404,0.224094848618,-15.9391948714,-51.1200322938,-1.87621087009,7.64182569704,0.49878426102,1.336883
947,1.894000053,4,828000068,0.157,-1.3359,1.3336,-1.495,-1.4869,0.0512,0.1896,0.1557,-0.2963,3.1347,-3.1082,-1.011,0.157221176933,-1.3349645614,1.3349645614,-1.41357514986,-1.41357514986,0.157221176933,0.162706666268,0.244059999401,-0.244059999401,0.162706666268,0.162706666268,0.162706666268,1.67900019324,-20.1559105482,-8.18511312164,-14.8202117834,7.6542027485,0.228215398557,2.240022
948,1.895999908,4,829999923,0.1574,-1.3354,1.3326,-1.4888,-1.4931,0.0564,0.2115,0.2329,-0.4933,3.1358,-3.128,2.6313,0.157546601043,-1.33447642523,1.33447642523,-1.41324972575,-1.41324972575,0.157546601043,0.162740930243,0.244111395364,-0.244111395364,0.162740930243,0.162740930243,0.162740930243,0.445590817599,-25.6237922274,3.79630904025,-13.6162561521,7.59448969184,-0.244120588151,2.296322
949,1.897999763,4,831999778,0.1579,-1.3347,1.3311,-1.4825,-1.499,0.0627,0.2355,0.336,-0.7516,3.1252,-2.9439,3.1369,0.157872093027,-1.33398818725,1.33398818725,-1.41292423377,-1.41292423377,0.157872093027,0.162774545123,0.244161817685,-0.244161817685,0.162774545123,0.162774545123,0.162774545123,-1.10533309555,-33.1095619087,19.5516472739,-11.9153869313,7.07513483929,-0.311859829242,1.295292
950,1.900000095,4,834000110,0.1583,-1.3339,1.3291,-1.4763,-1.5003,0.069,0.2103,0.4348,-1.0076,3.1235,-0.629,3.1309,0.158197729245,-1.33349973293,1.33349973293,-1.41259859755,-1.41259859755,0.158197729245,0.162807518492,0.244211277738,-0.244211277738,0.162807518492,0.162807518492,0.162807518492,-0.571526232654,-40.8174474552,35.6639787634,-10.1622754058,2.14302689292,-0.322848277898,1.949692
951,1.90199995,4,835999965,0.1586,-1.3329,1.3268,-1.47,-1.4952,0.0752,0.1556,0.4832,-1.1296,3.1358,2.5291,3.1353,0.158523353097,-1.33301129715,1.33301129715,-1.4122729737,-1.4122729737,0.158523353097,0.162839834425,0.244259751638,-0.244259751638,0.162839834425,0.162839834425,0.162839834425,1.35859068101,-45.2435057017,43.9950539504,-9.34300325023,-4.48936124059,-0.339773666893,1.448509
952,1.903999805,4,837999820,0.1589,-1.332,1.3252,-1.4683,-1.4889,0.0815,0.145,0.4352,-0.7985,0.8624,3.1179,3.1035,0.158849040926,-1.33252276541,1.33252276541,-1.41194728587,-1.41194728587,0.158849040926,0.162871500669,0.244307251004,-0.244307251004,0.162871500669,0.162871500669,0.162871500669,0.385869946884,-43.9740224768,16.7203487271,0.0366951984674,-5.66605748905,-0.342536967998,1.481695
953,1.906000137,4,840000152,0.1592,-1.3313,1.3244,-1.4712,-1.4827,0.0842,0.1409,0.3617,-0.404,-1.4863,3.0974,1.3673,0.159174869138,-1.33203402309,1.33203402309,-1.41162145766,-1.41162145766,0.159174869138,0.162902524353,0.24435378653,-0.24435378653,0.162902524353,0.162902524353,0.162902524353,-0.798093582143,-40.6999357311,-14.9371138166,9.42726663456,-5.53601405001,-0.120534837482,2.212415
954,1.907999992,4,842000007,0.1594,-1.3308,1.3243,-1.4775,-1.4765,0.0823,0.1252,0.2688,-0.0263,-3.1157,3.078,-0.9416,0.159500681038,-1.33154530524,1.33154530524,-1.41129564576,-1.41129564576,0.159500681038,0.162932890496,0.244399335743,-0.244399335743,0.162932890496,0.162932890496,0.162932890496,-0.818185054433,-35.4085650435,-43.326941716,15.3219143024,-5.36430512001,0.177803435339,2.318545
955,1.909999847,4,843999862,0.1596,-1.3304,1.3248,-1.4837,-1.4703,0.076,0.0996,0.1735,0.2175,-3.1084,3.0649,-3.1152,0.159826553016,-1.33105649727,1.33105649727,-1.41096977378,-1.41096977378,0.159826553016,0.162962606389,0.244443909583,-0.244443909583,0.162962606389,0.162962606389,0.162962606389,0.702292073712,-28.6425476659,-58.2314704457,13.7569453299,-5.20047860259,0.461053308641,2.352257
956,1.912000179,4,846000194,0.1598,-1.3303,1.3257,-1.4899,-1.4675,0.0698,0.1099,0.0692,0.4832,-3.0879,1.3811,-3.109,0.160152561518,-1.33056748452,1.33056748452,-1.41064376528,-1.41064376528,0.160152561518,0.162991678709,0.244487518064,-0.244487518064,0.162991678709,0.162991678709,0.162991678709,0.815608875466,-20.6758551573,-74.7410193837,11.8886896711,-1.5641372803,0.469507773223,2.212722
957,1.914000034,4,848000049,0.1601,-1.3303,1.327,-1.496,-1.4694,0.0635,0.1439,0.01,0.6313,-3.0866,-0.9243,-3.1132,0.160478549763,-1.33007850215,1.33007850215,-1.41031777703,-1.41031777703,0.160478549763,0.163020093417,0.244530140125,-0.244530140125,0.163020093417,0.163020093417,0.163020093417,-0.228869743467,-15.7253449522,-84.4708224976,10.8722848297,3.31123053297,0.482929941067,1.239620
958,1.915999889,4,849999904,0.1605,-1.3302,1.3279,-1.499,-1.4753,0.0573,0.1806,0.0276,0.4435,-1.4868,-2.9501,-3.1216,0.160804594182,-1.32958943552,1.32958943552,-1.40999173261,-1.40999173261,0.160804594182,0.163047857351,0.244571786027,-0.244571786027,0.163047857351,0.163047857351,0.163047857351,-0.602576085965,-15.0925784443,-68.4185334945,3.93073305019,7.50717415286,0.49692797971,1.157854
959,1.918000221,4,852000236,0.1608,-1.33,1.3278,-1.4956,-1.4814,0.0533,0.1856,0.1102,-0.0515,1.6992,-3.0876,-2.0066,0.161130771261,-1.3291001699,1.3291001699,-1.40966555553,-1.40966555553,0.161130771261,0.163074976735,0.244612465103,-0.244612465103,0.163074976735,0.163074976735,0.163074976735,1.09410502033,-18.3049337923,-27.8951348336,-9.05439883758,7.69202807236,0.35723543668,2.220618
960,1.920000076,4,854000091,0.1612,-1.3296,1.327,-1.4893,-1.4877,0.0563,0.2004,0.1943,-0.3936,3.1383,-3.1079,1.4937,0.161456924137,-1.32861094059,1.32861094059,-1.40933940266,-1.40933940266,0.161456924137,0.163101438471,0.244652157707,-0.244652157707,0.163101438471,0.163101438471,0.163101438471,1.13214187255,-23.091596191,-2.31819117246,-14.2089282684,7.62252159027,-0.0954116325686,2.262509
961,1.921999931,4,855999946,0.1617,-1.329,1.3257,-1.4831,-1.4939,0.0625,0.2237,0.2875,-0.6303,3.1348,-3.1317,3.1387,0.161783129282,-1.32812163287,1.32812163287,-1.40901319751,-1.40901319751,0.161783129282,0.163127248945,0.244690873418,-0.244690873418,0.163127248945,0.163127248945,0.163127248945,-0.216270043589,-29.7636922537,12.1027237574,-12.7024759022,7.55280764688,-0.309767339397,2.204959
962,1.923999786,4,857999801,0.1621,-1.3282,1.3239,-1.4768,-1.4979,0.0688,0.2329,0.3959,-0.9027,3.1229,-1.9864,3.1327,0.162109385392,-1.32763224871,1.32763224871,-1.4086869414,-1.4086869414,0.162109385392,0.163152408002,0.244728612003,-0.244728612003,0.163152408002,0.163152408002,0.163152408002,-1.34979194786,-37.8901091913,28.9060770207,-10.8494880833,5.02162060631,-0.315359443486,1.220293
963,1.926000118,4,860000133,0.1625,-1.3273,1.3217,-1.4705,-1.4958,0.0751,0.1829,0.4724,-1.0974,3.1328,1.0503,3.1332,0.162435769,-1.32714267329,1.32714267329,-1.40836055779,-1.40836055779,0.162435769,0.163176921258,0.244765381887,-0.244765381887,0.163176921258,0.163176921258,0.163176921258,0.409259225028,-44.2619178548,41.5383782799,-9.53340457508,-1.3759262209,-0.330857354583,1.219744
964,1.927999973,4,861999988,0.1628,-1.3263,1.3197,-1.4661,-1.4895,0.0813,0.1448,0.4728,-1.0107,2.2074,3.1353,3.1323,0.162762123145,-1.32665314208,1.32665314208,-1.40803420365,-1.40803420365,0.162762123145,0.163200776875,0.244801165313,-0.244801165313,0.163200776875,0.163200776875,0.163200776875,1.2386216766,-45.7670880549,33.888283093,-5.35748264469,-5.72197829742,-0.343261728353,1.257119
965,1.929999828,4,863999843,0.1631,-1.3255,1.3184,-1.4663,-1.4833,0.0864,0.1454,0.4119,-0.6499,-0.105,3.1064,2.5453,0.163088524345,-1.32616354028,1.32616354028,-1.40770780245,-1.40770780245,0.163088524345,0.163223980633,0.24483597095,-0.24483597095,0.163223980633,0.163223980633,0.163223980633,-0.193663427224,-43.3870840723,4.53519196307,4.02789900344,-5.60548585676,-0.271018143021,1.339525
966,1.93200016,4,866000175,0.1634,-1.3249,1.318,-1.4713,-1.4771,0.0871,0.1361,0.3198,-0.2096,-2.49,3.0861,0.3116,0.163415049166,-1.32567375305,1.32567375305,-1.40738127763,-1.40738127763,0.163415049166,0.163246537695,0.244869806542,-0.244869806542,0.163246537695,0.163246537695,0.163246537695,-1.09323546196,-38.7626960459,-30.1027217905,13.3305880812,-5.43927184714,0.0161784521674,2.788355
967,1.934000015,4,868000030,0.1636,-1.3244,1.3182,-1.4775,-1.4709,0.0828,0.1138,0.2262,0.0842,-3.1112,3.0686,-2.1051,0.163741540578,-1.32518401593,1.32518401593,-1.40705478622,-1.40705478622,0.163741540578,0.163268437166,0.244902655748,-0.244902655748,0.163268437166,0.163268437166,0.163268437166,-0.125807543888,-32.6481606564,-50.0832371401,14.6412211977,-5.26761684839,0.329767376566,2.425558
968,1.93599987,4,869999885,0.1638,-1.3242,1.3189,-1.4837,-1.4654,0.0766,0.0938,0.1195,0.3524,-3.0866,2.7362,-3.1117,0.164068075132,-1.3246942141,1.3246942141,-1.40672825166,-1.40672825166,0.164068075132,0.163289684371,0.244934526556,-0.244934526556,0.163289684371,0.163289684371,0.163289684371,1.20546583562,-24.8708939878,-66.4718729257,12.8019461027,-4.4277423018,0.463261896276,1.290695
969,1.938000202,4,872000217,0.164,-1.3241,1.32,-1.4899,-1.4644,0.0703,0.1204,0.0323,0.5744,-3.0838,0.4773,-3.1092,0.164394729425,-1.32420423266,1.32420423266,-1.40640159737,-1.40640159737,0.164394729425,0.163310284018,0.244965426027,-0.244965426027,0.163310284018,0.163310284018,0.163310284018,0.594054119975,-17.9879986105,-80.5603561567,11.2885429261,0.376986176261,0.475072824432,1.238352
970,1.940000057,4,874000072,0.1643,-1.3241,1.3213,-1.4954,-1.4681,0.0641,0.1576,-0.0031,0.6309,-2.7631,-1.827,-3.1155,0.164721346363,-1.32371430725,1.32371430725,-1.40607498043,-1.40607498043,0.164721346363,0.163330226158,0.244995339237,-0.244995339237,0.163330226158,0.163330226158,0.163330226158,-0.43067220787,-14.4677149229,-83.6935969127,9.24991690173,5.22344143001,0.489122650604,1.248898
971,1.941999912,4,875999927,0.1647,-1.324,1.3218,-1.4958,-1.4741,0.0578,0.1804,0.0521,0.2627,-0.2022,-3.0187,-3.1269,0.165048002529,-1.323224323,1.323224323,-1.40574832427,-1.40574832427,0.165048002529,0.163349515662,0.245024273493,-0.245024273493,0.163349515662,0.163349515662,0.163349515662,0.240310702816,-15.9571698539,-53.2765032446,-1.38260471375,7.63424079278,0.500558067742,1.232618
972,1.943999767,4,877999782,0.1651,-1.3237,1.3213,-1.4898,-1.4803,0.0562,0.1888,0.1496,-0.2699,3.0199,-3.1043,-0.8265,0.165374696619,-1.32273428187,1.32273428187,-1.40542163018,-1.40542163018,0.165374696619,0.163368152414,0.245052228621,-0.245052228621,0.163368152414,0.163368152414,0.163368152414,1.71737659417,-20.2560630566,-10.2445318346,-14.343737348,7.67924279846,0.206194369483,2.305077
973,1.946000099,4,880000114,0.1655,-1.3233,1.3203,-1.4835,-1.4866,0.0618,0.21,0.2296,-0.4836,3.1349,-3.1304,2.8123,0.165701505262,-1.3222440689,1.3222440689,-1.40509482153,-1.40509482153,0.165701505262,0.163386140513,0.24507921077,-0.24507921077,0.163386140513,0.163386140513,0.163386140513,0.60872182912,-25.8012442308,3.13166334842,-13.609954075,7.63034962316,-0.265875882946,2.220862
974,1.947999954,4,881999969,0.166,-1.3226,1.3188,-1.4772,-1.4929,0.0681,0.2387,0.3359,-0.7488,3.1313,-3.1253,3.1367,0.16602827129,-1.32175391986,1.32175391986,-1.4047680555,-1.4047680555,0.16602827129,0.163403471273,0.24510520691,-0.24510520691,0.163403471273,0.163403471273,0.163403471273,-1.14816230605,-33.4776862345,19.2923000332,-11.9061165789,7.4779281926,-0.309346716343,1.491349
975,1.949999809,4,883999824,0.1664,-1.3217,1.3168,-1.471,-1.4952,0.0743,0.2212,0.4398,-1.0153,3.1235,-1.1479,3.1309,0.166355071324,-1.32126371981,1.32126371981,-1.40444125547,-1.40444125547,0.166355071324,0.163420148957,0.245130223435,-0.245130223435,0.163420148957,0.163420148957,0.163420148957,-0.91774934739,-41.5228435882,35.9558094219,-10.0655716635,3.24196505842,-0.31875428374,1.321659
976,1.952000141,4,886000156,0.1667,-1.3207,1.3145,-1.4647,-1.4912,0.0806,0.1683,0.493,-1.1479,3.1359,1.9922,3.1347,0.166681982018,-1.32077335377,1.32077335377,-1.40411434478,-1.40411434478,0.166681982018,0.163436177209,0.245154265813,-0.245154265813,0.163436177209,0.163436177209,0.163436177209,0.911436804076,-46.2949600808,44.9111709001,-9.17633472365,-3.35208787016,-0.335481667433,1.281653
977,1.953999996,4,888000011,0.167,-1.3198,1.3128,-1.4627,-1.4849,0.0868,0.1484,0.4473,-0.8366,0.9923,3.1191,3.1145,0.167008846153,-1.32028305757,1.32028305757,-1.40378748064,-1.40378748064,0.167008846153,0.163451548288,0.245177322432,-0.245177322432,0.163451548288,0.163451548288,0.163451548288,0.303135463841,-45.1967363632,19.3809263947,-0.305440872364,-5.64603026985,-0.341929726853,1.272859
978,1.955999851,4,889999866,0.1673,-1.3191,1.3119,-1.4654,-1.4787,0.0893,0.1448,0.3744,-0.4454,-1.3411,3.0958,1.2163,0.167335740374,-1.31979271623,1.31979271623,-1.40346058642,-1.40346058642,0.167335740374,0.163466266003,0.245199399004,-0.245199399004,0.163466266003,0.163466266003,0.163466266003,-0.910155082386,-41.9498880829,-11.9940036148,9.02774830261,-5.5119338205,-0.0988268210654,2.212120
979,1.958000183,4,892000198,0.1676,-1.3185,1.3118,-1.4716,-1.4725,0.0872,0.1296,0.2782,-0.0479,-3.115,3.0763,-1.0561,0.167662741356,-1.31930221476,1.31930221476,-1.40313358544,-1.40313358544,0.167662741356,0.163480333541,0.245220500311,-0.245220500311,0.163480333541,0.163480333541,0.163480333541,-1.08411328275,-36.5653624263,-42.0622418487,15.5229829113,-5.33663536544,0.194883697633,2.223531
980,1.960000038,4,894000053,0.1678,-1.3182,1.3122,-1.4779,-1.4663,0.0809,0.1037,0.1811,0.1998,-3.1084,3.0601,-3.1132,0.167989691837,-1.31881178904,1.31881178904,-1.40280663496,-1.40280663496,0.167989691837,0.163493744109,0.245240616164,-0.245240616164,0.163493744109,0.163493744109,0.163493744109,0.455373371539,-29.6290064188,-57.1713006515,13.9401204713,-5.16399320044,0.463051264973,2.160179
981,1.961999893,4,895999908,0.168,-1.318,1.3132,-1.484,-1.4625,0.0747,0.1014,0.071,0.4773,-3.0836,1.8841,-3.1082,0.168316668484,-1.31832132407,1.31832132407,-1.40247965831,-1.40247965831,0.168316668484,0.163506501059,0.245259751589,-0.245259751589,0.163506501059,0.163506501059,0.163506501059,1.10806288346,-21.3968292661,-74.3165191651,11.9879738078,-2.57102511078,0.469342900738,1.262835
982,1.963999748,4,897999763,0.1683,-1.318,1.3145,-1.4902,-1.4633,0.0684,0.1327,0.0058,0.6394,-3.084,-0.3959,-3.1115,0.168643669989,-1.31783082181,1.31783082181,-1.40215265681,-1.40215265681,0.168643669989,0.163518604315,0.245277906473,-0.245277906473,0.163518604315,0.163518604315,0.163518604315,0.219440329956,-16.0234837736,-84.8780494254,10.8895941341,2.25389309244,0.4824044383,1.106407
983,1.96600008,4,900000095,0.1686,-1.318,1.3154,-1.4934,-1.4686,0.0622,0.1727,0.0172,0.4794,-1.6217,-2.6465,-3.1193,0.168970773049,-1.31734016722,1.31734016722,-1.40182555375,-1.40182555375,0.168970773049,0.163530056457,0.245295084685,-0.245295084685,0.163530056457,0.163530056457,0.163530056457,-0.295145702189,-14.969332482,-70.9898866348,4.45626026329,6.92077994416,0.497162227674,1.272546
984,1.967999935,4,901999950,0.169,-1.3178,1.3154,-1.4903,-1.4747,0.0584,0.1832,0.0999,-0.014,1.5594,-3.0764,-1.8833,0.169297820353,-1.31684959627,1.31684959627,-1.40149850644,-1.40149850644,0.169297820353,0.163540851953,0.24531127793,-0.24531127793,0.163540851953,0.163540851953,0.163540851953,1.17609663297,-18.1336709452,-30.6556134583,-8.52365068667,7.70781364092,0.342956930733,2.237277
985,1.96999979,4,903999805,0.1694,-1.3174,1.3147,-1.484,-1.481,0.0616,0.1978,0.1853,-0.3713,3.1396,-3.1182,1.6111,0.169624888594,-1.3163589939,1.3163589939,-1.4011714382,-1.4011714382,0.169624888594,0.16355099355,0.245326490324,-0.245326490324,0.16355099355,0.16355099355,0.16355099355,1.31928774135,-22.9022348018,-3.71365098454,-14.2985840015,7.68071451913,-0.108945723537,2.347105
986,1.972000122,4,906000137,0.1698,-1.3168,1.3134,-1.4778,-1.4872,0.0679,0.2198,0.2784,-0.6079,3.1343,-3.1315,3.1386,0.16995205448,-1.31586824507,1.31586824507,-1.40084427231,-1.40084427231,0.16995205448,0.163560483369,0.245340725054,-0.245340725054,0.163560483369,0.163560483369,0.163560483369,0.0893380835757,-29.5757446786,10.7013607719,-12.782470773,7.59296927278,-0.30824103508,2.234719
987,1.973999977,4,907999992,0.1703,-1.3161,1.3117,-1.4715,-1.4922,0.0742,0.2359,0.3913,-0.8893,3.1236,-2.4602,3.1332,0.170279160672,-1.31537758579,1.31537758579,-1.40051716612,-1.40051716612,0.170279160672,0.163569316829,0.245353975244,-0.245353975244,0.163569316829,0.163569316829,0.163569316829,-1.21397898211,-37.8975389363,27.9527227913,-10.8974649239,6.04709087278,-0.311851488223,1.235641
988,1.975999832,4,909999847,0.1707,-1.3151,1.3095,-1.4653,-1.4916,0.0804,0.1978,0.4752,-1.0996,3.1322,0.3008,3.1323,0.170606283876,-1.31488690098,1.31488690098,-1.40019004292,-1.40019004292,0.170606283876,0.163577496218,0.245366244327,-0.245366244327,0.163577496218,0.163577496218,0.163577496218,-0.112603695993,-44.7712961547,41.4517295135,-9.48102516752,0.208809212914,-0.325685187128,1.216434
989,1.978000164,4,912000179,0.171,-1.3142,1.3074,-1.4605,-1.4853,0.0867,0.1459,0.4787,-1.0387,2.367,3.1412,3.1373,0.170933500814,-1.31439607557,1.31439607557,-1.39986282598,-1.39986282598,0.170933500814,0.163585023203,0.245377534804,-0.245377534804,0.163585023203,0.163585023203,0.163585023203,1.27307121833,-46.4886052907,36.0482666885,-5.92111340693,-5.70343140454,-0.342080064603,1.226957
990,1.980000019,4,914000034,0.1713,-1.3133,1.306,-1.4604,-1.479,0.0916,0.1476,0.4207,-0.6856,0.0712,3.1064,2.4526,0.17126065412,-1.31390534562,1.31390534562,-1.39953567268,-1.39953567268,0.17126065412,0.163591894149,0.245387841224,-0.245387841224,0.163591894149,0.163591894149,0.163591894149,-0.220612096033,-44.3450741119,7.23791345171,3.42759260116,-5.5814519597,-0.257004543426,1.212792
991,1.981999874,4,915999889,0.1715,-1.3127,1.3055,-1.465,-1.4728,0.0921,0.1395,0.3309,-0.2522,-2.2967,3.0855,0.2385,0.171587820513,-1.31341459603,1.31341459603,-1.39920850628,-1.39920850628,0.171587820513,0.163598110889,0.245397166333,-0.245397166333,0.163598110889,0.163598110889,0.163598110889,-1.1600408035,-39.871770345,-26.8961921222,12.683491642,-5.4189464368,0.0278207014114,2.241427
992,1.984000206,4,918000221,0.1718,-1.3122,1.3056,-1.4712,-1.4666,0.0878,0.1183,0.2346,0.0644,-3.1115,3.0661,-2.1318,0.171915076723,-1.31292371171,1.31292371171,-1.39888125007,-1.39888125007,0.171915076723,0.163603674633,0.245405511949,-0.245405511949,0.163603674633,0.163603674633,0.163603674633,-0.412728067927,-33.7082989594,-48.8775461137,14.8296326158,-5.24129999003,0.335406221406,2.206972
993,1.986000061,4,920000076,0.172,-1.3119,1.3063,-1.4774,-1.4604,0.0816,0.091,0.1248,0.3394,-3.097,3.0543,-3.1114,0.172242265366,-1.31243292875,1.31243292875,-1.39855406143,-1.39855406143,0.172242265366,0.163608582695,0.245412874042,-0.245412874042,0.163608582695,0.163608582695,0.163608582695,1.20564966331,-25.8247758226,-65.6566647276,13.0103294796,-5.06318143631,0.463965667596,1.211501
994,1.987999916,4,921999931,0.1722,-1.3119,1.3075,-1.4835,-1.4588,0.0753,0.1157,0.0332,0.5714,-3.0807,0.8183,-3.1076,0.172569463171,-1.31194213204,1.31194213204,-1.39822686362,-1.39822686362,0.172569463171,0.163612836449,0.245419254674,-0.245419254674,0.163612836449,0.163612836449,0.163612836449,0.705972198245,-18.5883918722,-80.3136407968,11.3564476367,-0.302183824465,0.475411305096,1.214710
995,1.989999771,4,923999786,0.1725,-1.3119,1.3088,-1.4894,-1.4617,0.0691,0.1514,-0.0097,0.6608,-2.9182,-1.4706,-3.1137,0.172896668828,-1.31145132355,1.31145132355,-1.39789965797,-1.39789965797,0.172896668828,0.163616435871,0.245424653807,-0.245424653807,0.163616435871,0.163616435871,0.163616435871,-0.329936666633,-14.665651362,-85.9609404677,9.91194626927,4.51945699966,0.489227876854,1.221880
996,1.992000103,4,926000118,0.1729,-1.3118,1.3094,-1.4905,-1.4677,0.0629,0.1796,0.0389,0.3254,-0.5409,-2.9918,-3.0985,0.173223959076,-1.31096038818,1.31096038818,-1.39757236772,-1.39757236772,0.173223959076,0.163619381563,0.245429072345,-0.245429072345,0.163619381563,0.163619381563,0.163619381563,0.066390273442,-15.7546356854,-58.2184807024,-0.00733290880671,7.62234974596,0.498465111654,1.214637
997,1.993999958,4,927999973,0.1732,-1.3115,1.309,-1.4851,-1.4739,0.0613,0.1875,0.1358,-0.2045,2.684,-3.0987,-0.7748,0.173551176514,-1.31046956202,1.31046956202,-1.39724515028,-1.39724515028,0.173551176514,0.163621672103,0.245432508155,-0.245432508155,0.163621672103,0.163621672103,0.163621672103,1.626606716,-20.0190394968,-15.3806929243,-12.9909596328,7.71530173965,0.201138185256,2.239931
998,1.995999813,4,929999828,0.1736,-1.3111,1.3081,-1.4788,-1.4802,0.067,0.2083,0.2209,-0.4595,3.1364,-3.1294,2.8374,0.173878397878,-1.30997872998,1.30997872998,-1.39691792892,-1.39691792892,0.173878397878,0.163623308258,0.245434962387,-0.245434962387,0.163623308258,0.163623308258,0.163623308258,0.736473204365,-25.6709894493,1.59698693519,-13.7014112533,7.66657756383,-0.26746634333,2.144310
999,1.998000145,4,932000160,0.1741,-1.3104,1.3066,-1.4726,-1.4864,0.0733,0.2344,0.3254,-0.7265,3.131,-3.1238,3.1361,0.174205699908,-1.30948777693,1.30948777693,-1.39659062689,-1.39659062689,0.174205699908,0.163624290173,0.245436435259,-0.245436435259,0.163624290173,0.163624290173,0.163624290173,-0.830785968787,-33.192761047,17.8872093256,-11.9723309415,7.51775432316,-0.307670785954,1.310285
1000,2,4,934000015,0.1746,-1.3096,1.3046,-1.4663,-1.4894,0.0795,0.2271,0.4373,-1.008,3.1278,-1.4724,3.1303,0.174532925199,-1.308996939,1.308996939,-1.3962634016,-1.3962634016,0.174532925199,0.163624617374,0.245436926062,-0.245436926062,0.163624617374,0.163624617374,0.163624617374,-1.12128319797,-41.7160064054,35.3971411534,-10.0717723326,3.94260488479,-0.315502656367,1.489889
1001,2.001999855,4,935999870,0.1749,-1.3086,1.3023,-1.46,-1.4861,0.0858,0.1772,0.4989,-1.1623,3.1325,1.6369,3.1339,0.17486015049,-1.30850610106,1.30850610106,-1.3959361763,-1.3959361763,0.17486015049,0.163624290173,0.245436435259,-0.245436435259,0.163624290173,0.163624290173,0.163624290173,0.536613675647,-47.0808005484,45.621469382,-8.99790142262,-2.59799207278,-0.331905097859,1.762062
1002,2.004000187,4,938000202,0.1752,-1.3076,1.3005,-1.4574,-1.4799,0.0921,0.1511,0.4667,-0.9116,1.3191,3.1247,3.1164,0.175187452521,-1.30801514801,1.30801514801,-1.39560887427,-1.39560887427,0.175187452521,0.163623308258,0.245434962387,-0.245434962387,0.163623308258,0.163623308258,0.163623308258,0.338012245455,-46.8283004057,24.926859444,-1.3957813183,-5.6578715934,-0.340115254777,1.575633
1003,2.006000042,4,940000057,0.1755,-1.3068,1.2994,-1.4594,-1.4736,0.0945,0.1488,0.3963,-0.5285,-0.996,3.0962,1.214,0.175514673885,-1.30752431597,1.30752431597,-1.39528165291,-1.39528165291,0.175514673885,0.163621672103,0.245432508155,-0.245432508155,0.163621672103,0.163621672103,0.163621672103,-0.949613175118,-43.7775899017,-5.83722588823,7.88865039792,-5.52059639179,-0.0963304847664,3.044245
1004,2.007999897,4,941999912,0.1758,-1.3062,1.2993,-1.4656,-1.4674,0.0925,0.1355,0.2953,-0.0908,-3.1158,3.0751,-1.0076,0.175841891323,-1.30703348981,1.30703348981,-1.39495443547,-1.39495443547,0.175841891323,0.163619381563,0.245429072345,-0.245429072345,0.163619381563,0.163619381563,0.163619381563,-1.45534706242,-38.306202039,-39.4941020359,15.8755170327,-5.33635593992,0.190722978806,3.617825
1005,2.009999752,4,943999767,0.176,-1.3058,1.2996,-1.4718,-1.4612,0.0862,0.11,0.1986,0.1563,-3.1072,3.0571,-3.1121,0.176169103526,-1.30654267151,1.30654267151,-1.39462722327,-1.39462722327,0.176169103526,0.163616436652,0.245424654977,-0.245424654977,0.163616436652,0.163616436652,0.163616436652,0.0562526389622,-31.4378198957,-54.5354079757,14.2871416612,-5.16138246291,0.465040667434,4.921966
1006,2.012000084,4,946000099,0.1762,-1.3057,1.3004,-1.478,-1.4568,0.08,0.0992,0.0841,0.4431,-3.0807,2.2199,-3.1075,0.176496387228,-1.30605174595,1.30605174595,-1.39429993957,-1.39429993957,0.176496387228,0.163612836449,0.245419254674,-0.245419254674,0.163612836449,0.163612836449,0.163612836449,1.07227053042,-22.9284527544,-72.1198963421,12.2865858287,-3.26319911232,0.46983085561,1.227258
1007,2.013999939,4,947999954,0.1765,-1.3057,1.3017,-1.4842,-1.4569,0.0737,0.1273,0.008,0.6317,-3.08,-0.0353,-3.109,0.176823585033,-1.30556094925,1.30556094925,-1.39397274176,-1.39397274176,0.176823585033,0.163608582695,0.245412874042,-0.245412874042,0.163608582695,0.163608582695,0.163608582695,0.360040972659,-16.7778735952,-84.2502365937,11.0047796542,1.5237371818,0.482352606887,2.188910
1008,2.015999794,4,949999809,0.1768,-1.3057,1.3028,-1.488,-1.4614,0.0675,0.1645,0.0028,0.5398,-1.9354,-2.2769,-3.1165,0.177150773676,-1.30507016628,1.30507016628,-1.39364555312,-1.39364555312,0.177150773676,0.163603674633,0.245405511949,-0.245405511949,0.163603674633,0.163603674633,0.163603674633,-0.178292957431,-14.7858139703,-75.5803200395,5.73947520699,6.19559079889,0.496744676264,1.855674
1009,2.018000126,4,952000141,0.1772,-1.3055,1.3029,-1.4856,-1.4675,0.0636,0.1806,0.083,0.0545,1.2342,-3.0577,-1.9254,0.177478029886,-1.30457928197,1.30457928197,-1.39331829691,-1.39331829691,0.177478029886,0.163598110889,0.245397166333,-0.245397166333,0.163598110889,0.163598110889,0.163598110889,1.11914973242,-17.7082950624,-35.8558475553,-7.23852219361,7.71224498916,0.34985152936,3.240312
1010,2.019999981,4,953999996,0.1775,-1.3052,1.3022,-1.4793,-1.4737,0.0667,0.1924,0.1692,-0.3337,3.1388,-3.1068,1.5405,0.177805196279,-1.30408853238,1.30408853238,-1.39299113052,-1.39299113052,0.177805196279,0.163591894149,0.245387841224,-0.245387841224,0.163591894149,0.163591894149,0.163591894149,1.67351101789,-22.244139172,-5.93951612691,-14.4581991532,7.70129920216,-0.09831839974,2.513187
1011,2.021999836,4,955999851,0.178,-1.3046,1.3011,-1.473,-1.48,0.073,0.2165,0.2589,-0.5623,3.1345,-3.1358,3.1398,0.178132349585,-1.30359780242,1.30359780242,-1.39266397721,-1.39266397721,0.178132349585,0.163585023203,0.245377534804,-0.245377534804,0.163585023203,0.163585023203,0.163585023203,0.250962409908,-28.6588793482,7.94506536398,-13.0110522929,7.64637582886,-0.306831398847,3.344456
1012,2.024000168,4,958000183,0.1784,-1.3039,1.2994,-1.4667,-1.4856,0.0792,0.238,0.3741,-0.8469,3.1292,-2.7882,3.135,0.178459566523,-1.30310697701,1.30310697701,-1.39233676027,-1.39233676027,0.178459566523,0.163577496218,0.245366244327,-0.245366244327,0.163577496218,0.163577496218,0.163577496218,-1.16785078222,-37.087608403,25.3544752889,-11.1455707367,6.77385120277,-0.309068942062,1.972933
1013,2.026000023,4,960000038,0.1789,-1.3029,1.2973,-1.4605,-1.4863,0.0855,0.2099,0.4673,-1.0807,3.1295,-0.3712,3.132,0.178786689727,-1.30261629221,1.30261629221,-1.39200963707,-1.39200963707,0.178786689727,0.163569316829,0.245353975244,-0.245353975244,0.163569316829,0.163569316829,0.163569316829,-0.554583768085,-44.5427792966,40.1549588419,-9.54619001235,1.63631385821,-0.32100016976,1.506731
1014,2.027999878,4,961999893,0.1792,-1.302,1.2951,-1.4551,-1.4807,0.0918,0.152,0.4855,-1.0819,2.6893,2.8294,3.137,0.179113795919,-1.30212563292,1.30212563292,-1.39168253088,-1.39168253088,0.179113795919,0.163560483369,0.245340725054,-0.245340725054,0.163560483369,0.163560483369,0.163560483369,1.22928248739,-47.1634254557,39.6566091308,-7.2187378047,-5.03623716823,-0.338722318988,1.721511
1015,2.03000021,4,964000225,0.1795,-1.3011,1.2936,-1.4543,-1.4744,0.0969,0.1475,0.4302,-0.7397,0.4235,3.1099,2.5352,0.179440961805,-1.30163488409,1.30163488409,-1.39135536499,-1.39135536499,0.179440961805,0.16355099355,0.245326490324,-0.245326490324,0.16355099355,0.16355099355,0.16355099355,-0.00870045722375,-45.2571360406,11.6895463817,2.05178915091,-5.568818435,-0.265803095176,1.292617
1016,2.032000065,4,966000080,0.1797,-1.3004,1.293,-1.4581,-1.4682,0.0975,0.1411,0.3453,-0.3207,-1.9205,3.0877,0.3397,0.179768030046,-1.30114428173,1.30114428173,-1.39102829675,-1.39102829675,0.179768030046,0.163540851953,0.24531127793,-0.24531127793,0.163540851953,0.163540851953,0.163540851953,-1.04256480069,-41.1500268796,-21.4641694443,11.2679789391,-5.41429610175,0.0166591051645,2.378316
1017,2.03399992,4,967999935,0.18,-1.2999,1.293,-1.4643,-1.462,0.0936,0.1223,0.2458,0.0345,-3.1123,3.0657,-1.9708,0.18009507735,-1.30065371077,1.30065371077,-1.39070124944,-1.39070124944,0.18009507735,0.163530056457,0.245295084685,-0.245295084685,0.163530056457,0.163530056457,0.163530056457,-0.672442925304,-35.0368681583,-47.0179433376,15.0780597455,-5.22866981247,0.316280879389,2.819638
1018,2.035999775,4,969999790,0.1802,-1.2997,1.2937,-1.4705,-1.4558,0.0874,0.0952,0.1382,0.3068,-3.1065,3.0518,-3.1105,0.180422102412,-1.30016317318,1.30016317318,-1.39037422438,-1.39037422438,0.180422102412,0.163518607124,0.245277910686,-0.245277910686,0.163518607124,0.163518607124,0.163518607124,0.931066588798,-27.2956865613,-63.6697579035,13.3212426488,-5.04792289995,0.465574469175,2.799051
1019,2.038000107,4,972000122,0.1804,-1.2996,1.2948,-1.4767,-1.4536,0.0811,0.1117,0.038,0.5583,-3.0796,1.127,-3.106,0.180749181915,-1.29967255392,1.29967255392,-1.39004714488,-1.39004714488,0.180749181915,0.163506501059,0.245259751589,-0.245259751589,0.163506501059,0.163506501059,0.163506501059,0.780647527945,-19.5431428049,-79.3818677868,11.5004471382,-0.919061629964,0.475439484338,1.299123
1020,2.039999962,4,973999977,0.1807,-1.2996,1.2962,-1.4829,-1.4559,0.0749,0.145,-0.0159,0.6892,-3.0814,-1.1474,-3.1115,0.181076158562,-1.29918208895,1.29918208895,-1.38972016823,-1.38972016823,0.181076158562,0.163493744109,0.245240616164,-0.245240616164,0.163493744109,0.163493744109,0.163493744109,-0.21416273239,-14.9678503603,-88.0997991071,10.6179281219,3.8879204075,0.48891706437,1.328379
1021,2.041999817,4,975999832,0.181,-1.2996,1.297,-1.485,-1.4618,0.0686,0.1782,0.0204,0.4184,-1.0568,-2.962,-3.122,0.181403109043,-1.29869166323,1.29869166323,-1.38939321775,-1.38939321775,0.181403109043,0.163480333541,0.245220500311,-0.245220500311,0.163480333541,0.163480333541,0.163480333541,-0.168520995426,-15.3675067839,-65.5502631697,2.06399324675,7.61885979969,0.5025869253,1.414697
1022,2.044000149,4,978000164,0.1814,-1.2994,1.2968,-1.4806,-1.468,0.0667,0.1848,0.1144,-0.1049,2.166,-3.0944,-0.9669,0.181730110024,-1.29820116176,1.29820116176,-1.38906621677,-1.38906621677,0.181730110024,0.163466266003,0.245199399004,-0.245199399004,0.163466266003,0.163466266003,0.163466266003,1.45699151142,-19.3875616356,-23.1794887448,-10.9375015589,7.77167398823,0.227286165135,2.149156
1023,2.046000004,4,980000019,0.1818,-1.2989,1.2959,-1.4744,-1.4742,0.0719,0.2037,0.2048,-0.4191,3.138,-3.1264,2.6033,0.182057004246,-1.29771082043,1.29771082043,-1.38873932255,-1.38873932255,0.182057004246,0.163451548288,0.245177322432,-0.245177322432,0.163451548288,0.163451548288,0.163451548288,0.987182843509,-25.0497850733,-0.870905987976,-13.8943370344,7.71503758826,-0.235531238678,2.233380
1024,2.047999859,4,981999874,0.1823,-1.2983,1.2946,-1.4681,-1.4805,0.0782,0.2289,0.3096,-0.6838,3.1297,-3.1267,3.1369,0.182383868381,-1.29722052422,1.29722052422,-1.38841245841,-1.38841245841,0.182383868381,0.163436177209,0.245154265813,-0.245154265813,0.163436177209,0.163436177209,0.163436177209,-0.505058262326,-32.5774839452,15.2124077821,-12.1744261893,7.58169857936,-0.306121788875,1.250600
1025,2.05000019,4,984000205,0.1827,-1.2975,1.2926,-1.4618,-1.484,0.0844,0.229,0.4276,-0.9799,3.1286,-1.7672,3.1306,0.182710778911,-1.29673015843,1.29673015843,-1.38808554788,-1.38808554788,0.182710778911,0.163420148965,0.245130223448,-0.245130223448,0.163420148965,0.163420148965,0.163420148965,-1.07289870252,-41.4725652011,33.5593280228,-10.198458767,4.60223969376,-0.312529734541,1.592424
1026,2.052000046,4,986000061,0.1831,-1.2965,1.2903,-1.4556,-1.4814,0.0907,0.1831,0.5038,-1.1679,3.1337,1.3054,3.1319,0.183037579109,-1.29623995813,1.29623995813,-1.38775874769,-1.38775874769,0.183037579109,0.163403471273,0.24510520691,-0.24510520691,0.163403471273,0.163403471273,0.163403471273,0.336960906536,-47.8934327249,45.777757552,-8.89850196856,-1.88219150899,-0.32822175065,1.833642
1027,2.053999901,4,987999916,0.1834,-1.2955,1.2883,-1.4519,-1.4751,0.097,0.1524,0.49,-1.012,1.8177,3.1296,3.1293,0.183364345137,-1.29574980909,1.29574980909,-1.38743198166,-1.38743198166,0.183364345137,0.163386140513,0.24507921077,-0.24507921077,0.163386140513,0.163386140513,0.163386140513,0.551609811772,-48.6165753611,32.6001814357,-3.1954449059,-5.67277750287,-0.339495949433,1.485963
1028,2.055999756,4,989999771,0.1837,-1.2946,1.287,-1.4529,-1.4689,0.0999,0.1517,0.4246,-0.6425,-0.4747,3.0977,1.4819,0.183691075854,-1.29525971301,1.29525971301,-1.38710525094,-1.38710525094,0.183691075854,0.163368156781,0.245052235172,-0.245052235172,0.163368156781,0.163368156781,0.163368156781,-0.815773454067,-45.9434045416,2.7908955395,6.04809420091,-5.53870213988,-0.128877350193,2.256411
1029,2.058000087,4,992000102,0.184,-1.294,1.2866,-1.4586,-1.4627,0.0985,0.1408,0.3227,-0.1822,-2.8485,3.0758,-0.6961,0.184017847707,-1.29476955523,1.29476955523,-1.38677847909,-1.38677847909,0.184017847707,0.163349515672,0.245024273508,-0.245024273508,0.163349515672,0.163349515672,0.163349515672,-1.62934589893,-40.5908670342,-32.9970815067,15.1744277837,-5.35485933397,0.152217999365,2.268938
1030,2.059999943,4,993999958,0.1842,-1.2935,1.2868,-1.4648,-1.4565,0.0923,0.1166,0.2237,0.0935,-3.1083,3.0561,-3.1117,0.184344504036,-1.29427957074,1.29427957074,-1.38645182276,-1.38645182276,0.184344504036,0.163330226158,0.244995339237,-0.244995339237,0.163330226158,0.163330226158,0.163330226158,-0.363757169853,-33.8042388979,-50.6449849996,14.7643413805,-5.17230175772,0.466705400661,2.210525
1031,2.061999798,4,995999813,0.1844,-1.2933,1.2876,-1.471,-1.4514,0.086,0.0991,0.1054,0.3873,-3.0802,2.5365,-3.1065,0.184671120974,-1.29378964533,1.29378964533,-1.38612520582,-1.38612520582,0.184671120974,0.163310284018,0.244965426027,-0.244965426027,0.163310284018,0.163310284018,0.163310284018,0.898243364279,-25.1234612223,-68.5903184041,12.7224341143,-3.93020103226,0.470050818024,1.348534
1032,2.064000129,4,998000144,0.1847,-1.2933,1.2888,-1.4771,-1.4508,0.0798,0.1231,0.0152,0.6117,-3.0752,0.3142,-3.1057,0.184997775103,-1.29329966414,1.29329966414,-1.38579855169,-1.38579855169,0.184997775103,0.163289684381,0.244934526572,-0.244934526572,0.163289684381,0.163289684381,0.163289684381,0.412278736274,-17.9738743854,-82.8090366934,11.1788067913,0.808122482966,0.481815968848,1.310526
1033,2.065999985,5,0,0.185,-1.2933,1.29,-1.4819,-1.4546,0.0735,0.1566,-0.0142,0.621,-2.4131,-1.9265,-3.1129,0.185324309821,-1.29280986206,1.29280986206,-1.38547201697,-1.38547201697,0.185324309821,0.163268437166,0.244902655748,-0.244902655748,0.163268437166,0.163268437166,0.163268437166,-0.188051268426,-14.6261071206,-81.8812873229,7.70963795718,5.51639481312,0.495817164077,1.292611
1034,2.06799984,5,1999855,0.1853,-1.2932,1.2904,-1.481,-1.4607,0.0691,0.1763,0.0523,0.1939,0.494,-3.0146,-2.21,0.185650801233,-1.29232012495,1.29232012495,-1.38514552556,-1.38514552556,0.185650801233,0.163246537695,0.244869806542,-0.244869806542,0.163246537695,0.163246537695,0.163246537695,0.908279601197,-16.6794042981,-46.6829645949,-4.31122379321,7.6951857338,0.387563483386,1.299905
1035,2.070000171,5,4000186,0.1857,-1.2929,1.2899,-1.4747,-1.4669,0.0715,0.1854,0.1446,-0.2732,3.1381,-3.1003,1.1779,0.185977325891,-1.29183033796,1.29183033796,-1.3848190009,-1.3848190009,0.185977325891,0.163223980645,0.244835970967,-0.244835970967,0.163223980645,0.163223980645,0.163223980645,2.04793865524,-21.0741926106,-9.55996830972,-14.7751142868,7.74961022115,-0.0499014658668,2.269862
1036,2.072000026,5,6000041,0.1861,-1.2925,1.2889,-1.4684,-1.4731,0.0778,0.2067,0.2286,-0.4868,3.1349,-3.1355,3.1414,0.186303727091,-1.29134073616,1.29134073616,-1.3844925997,-1.3844925997,0.186303727091,0.163200776887,0.24480116533,-0.24480116533,0.163200776887,0.163200776887,0.163200776887,0.857155013103,-27.0142698332,3.41089730323,-13.4379110221,7.72049593332,-0.305639478129,2.299209
1037,2.073999882,5,7999897,0.1866,-1.2918,1.2874,-1.4621,-1.4793,0.084,0.2334,0.3406,-0.7696,3.1271,-3.099,3.1349,0.186630081398,-1.2908512047,1.2908512047,-1.3841662454,-1.3841662454,0.186630081398,0.163176921258,0.244765381887,-0.244765381887,0.163176921258,0.163176921258,0.163176921258,-0.759603931963,-35.1057403384,20.634215947,-11.5904491995,7.49764075233,-0.306341446985,1.219187
1038,2.076000213,5,10000228,0.187,-1.2909,1.2853,-1.4559,-1.4814,0.0903,0.2157,0.447,-1.0358,3.1281,-1.0113,3.1296,0.186956464844,-1.29036162953,1.29036162953,-1.38383986195,-1.38383986195,0.186956464844,0.163152408014,0.244728612021,-0.244728612021,0.163152408014,0.163152408014,0.163152408014,-0.591639381653,-43.3919727414,37.3250428978,-9.79025377162,3.02725848754,-0.316307757636,1.246933
1039,2.078000068,5,12000083,0.1873,-1.2899,1.283,-1.4496,-1.4771,0.0966,0.1669,0.494,-1.1435,3.1375,2.1582,3.1354,0.187282720954,-1.28987224536,1.28987224536,-1.38351360584,-1.38351360584,0.187282720954,0.163127248958,0.244690873437,-0.244690873437,0.163127248958,0.163127248958,0.163127248958,0.868107450544,-47.7652864364,44.7473381574,-9.05585538773,-3.62893510002,-0.333444126216,1.372488
1040,2.079999923,5,13999938,0.1876,-1.289,1.2814,-1.4478,-1.4708,0.1024,0.1469,0.4438,-0.8177,0.9152,3.1174,2.8999,0.187608926099,-1.28938293765,1.28938293765,-1.3831874007,-1.3831874007,0.187608926099,0.163101438484,0.244652157726,-0.244652157726,0.163101438484,0.163101438484,0.163101438484,0.333125589318,-46.3619410335,18.0493422028,0.114398913064,-5.5639562074,-0.311210779335,1.257700
1041,2.081999779,5,15999794,0.1879,-1.2883,1.2805,-1.4506,-1.4646,0.1038,0.1437,0.3679,-0.4234,-1.3968,3.0922,0.7197,0.187935079138,-1.28889370809,1.28889370809,-1.38286124766,-1.38286124766,0.187935079138,0.163074976735,0.244612465103,-0.244612465103,0.163074976735,0.163074976735,0.163074976735,-0.919472301536,-42.8707242189,-13.4257047541,9.3198889768,-5.42324360835,-0.0310032822515,3.660485
1042,2.08400011,5,18000125,0.1882,-1.2877,1.2805,-1.4568,-1.4584,0.1008,0.1288,0.2674,-0.0209,-3.1147,3.0685,-1.5141,0.188261256054,-1.28840444271,1.28840444271,-1.38253507074,-1.38253507074,0.188261256054,0.163047857365,0.244571786048,-0.244571786048,0.163047857365,0.163047857365,0.163047857365,-1.10544657135,-37.1278436928,-43.6212368832,15.4924144357,-5.23537947283,0.258215381715,3.473687
1043,2.085999965,5,19999980,0.1884,-1.2874,1.281,-1.463,-1.4522,0.0945,0.1034,0.1653,0.2394,-3.1072,3.0516,-3.1103,0.188587300473,-1.28791537609,1.28791537609,-1.38220902632,-1.38220902632,0.188587300473,0.163020093431,0.244530140147,-0.244530140147,0.163020093431,0.163020093431,0.163020093431,0.383270052114,-29.8303081038,-59.5049182225,13.8138889416,-5.05745267342,0.466717982538,4.703980
1044,2.08799982,5,21999835,0.1886,-1.2873,1.282,-1.4692,-1.4487,0.0883,0.1035,0.0525,0.5214,-3.0779,1.7674,-3.105,0.188913288718,-1.28742639372,1.28742639372,-1.38188303808,-1.38188303808,0.188913288718,0.162991678724,0.244487518085,-0.244487518085,0.162991678724,0.162991678724,0.162991678724,0.926450925326,-21.3282430636,-76.9074288343,11.8058304492,-2.23664337193,0.473413817723,1.878196
1045,2.090000152,5,24000167,0.1889,-1.2873,1.2834,-1.4753,-1.4496,0.0821,0.1335,-0.0126,0.6818,-3.0806,-0.4754,-3.1089,0.18923929722,-1.28693738097,1.28693738097,-1.38155702958,-1.38155702958,0.18923929722,0.162962606403,0.244443909605,-0.244443909605,0.162962606403,0.162962606403,0.162962606403,0.104856364714,-15.9707188059,-87.3848349598,10.7277308608,2.51298529363,0.486324726793,1.862694
1046,2.092000007,5,26000022,0.1892,-1.2873,1.2844,-1.4784,-1.4549,0.0758,0.1719,0.0029,0.5059,-1.5532,-2.6763,-3.1179,0.189565169198,-1.286448573,1.286448573,-1.3812311576,-1.3812311576,0.189565169198,0.162932890511,0.244399335766,-0.244399335766,0.162932890511,0.162932890511,0.162932890511,-0.281117178297,-15.1816701565,-72.3360805139,4.0676486513,7.07259323856,0.501117978871,1.389518
1047,2.093999862,5,27999877,0.1896,-1.2871,1.2844,-1.4751,-1.4611,0.0729,0.182,0.0926,-0.0039,1.6521,-3.076,-1.4292,0.189890981098,-1.28595985515,1.28595985515,-1.3809053457,-1.3809053457,0.189890981098,0.162902524369,0.244353786553,-0.244353786553,0.162902524369,0.162902524369,0.162902524369,1.24392243603,-18.8622516037,-30.9404187237,-8.92788041766,7.78785428492,0.287780150639,2.273371
1048,2.096000194,5,30000209,0.19,-1.2868,1.2836,-1.4689,-1.4673,0.0771,0.1971,0.1841,-0.3662,3.1397,-3.118,2.0872,0.19021680931,-1.28547111283,1.28547111283,-1.38057951749,-1.38057951749,0.19021680931,0.162871500685,0.244307251027,-0.244307251027,0.162871500685,0.162871500685,0.162871500685,1.32450558281,-24.126634383,-3.99568375114,-14.1913239572,7.75289846766,-0.167491155779,2.539478
1049,2.098000049,5,32000064,0.1904,-1.2862,1.2824,-1.4626,-1.4736,0.0834,0.2232,0.2859,-0.6213,3.1354,-3.1284,3.1376,0.190542497139,-1.28498258109,1.28498258109,-1.38025382966,-1.38025382966,0.190542497139,0.162839834441,0.244259751662,-0.244259751662,0.162839834441,0.162839834441,0.162839834441,-0.197686965478,-31.4438131686,11.4897233987,-12.5608967096,7.6427639385,-0.304920380465,2.297119
1050,2.099999904,5,33999919,0.1909,-1.2854,1.2806,-1.4563,-1.4783,0.0897,0.2362,0.4058,-0.9217,3.1283,-2.3721,3.1319,0.190868120991,-1.28449414531,1.28449414531,-1.3799282058,-1.3799282058,0.190868120991,0.162807518508,0.244211277762,-0.244211277762,0.162807518508,0.162807518508,0.162807518508,-1.30385959717,-40.333100105,29.9366127593,-10.5575202429,5.91185982104,-0.308802653206,1.239428
1051,2.101999759,5,35999774,0.1913,-1.2844,1.2783,-1.4501,-1.4775,0.0959,0.199,0.4945,-1.1424,3.13,0.4284,3.1312,0.191193679566,-1.28400580745,1.28400580745,-1.37960264723,-1.37960264723,0.191193679566,0.16277455308,0.24416182962,-0.24416182962,0.16277455308,0.16277455308,0.16277455308,-0.289254036476,-47.5758843683,44.0638834805,-9.03100552487,-0.0193967036474,-0.32275022827,1.224407
1052,2.104000091,5,38000106,0.1916,-1.2834,1.2761,-1.4454,-1.4712,0.1022,0.1511,0.5005,-1.0784,2.3176,3.1397,3.1359,0.191519249193,-1.28351745301,1.28351745301,-1.3792770776,-1.3792770776,0.191519249193,0.16274093026,0.24411139539,-0.24411139539,0.16274093026,0.16274093026,0.16274093026,0.874300125192,-49.549983845,38.3004112071,-5.25224825025,-5.6701434618,-0.338512998396,1.262622
1053,2.105999946,5,39999961,0.1919,-1.2825,1.2747,-1.4453,-1.465,0.1062,0.1523,0.4402,-0.7255,0.0462,3.1024,2.0229,0.191844673303,-1.28302931684,1.28302931684,-1.37895165349,-1.37895165349,0.191844673303,0.162706666285,0.244059999427,-0.244059999427,0.162706666285,0.162706666285,0.162706666285,-0.587897071686,-47.2066543026,9.60615359392,3.97409724162,-5.53838014099,-0.197531047817,2.138818
1054,2.107999801,5,41999816,0.1922,-1.2818,1.2741,-1.4499,-1.4588,0.106,0.1436,0.3452,-0.2836,-2.3074,3.079,-0.1392,0.192170028241,-1.28254128443,1.28254128443,-1.37862629855,-1.37862629855,0.192170028241,0.162671753422,0.244007630132,-0.244007630132,0.162671753422,0.162671753422,0.162671753422,-1.52705413383,-42.3695610855,-24.9457057734,13.1027046057,-5.36564079326,0.0809346892464,2.235020
1055,2.110000133,5,44000148,0.1924,-1.2813,1.2742,-1.4562,-1.4526,0.101,0.1221,0.2416,0.0477,-3.1093,3.0565,-2.48,0.192495390287,-1.28205324136,1.28205324136,-1.37830093651,-1.37830093651,0.192495390287,0.16263618332,0.24395427498,-0.24395427498,0.16263618332,0.16263618332,0.16263618332,-0.747931304954,-35.6590410391,-47.7490658638,15.0858846099,-5.17185718003,0.385029600697,2.181428
1056,2.111999988,5,46000003,0.1926,-1.2811,1.2749,-1.4623,-1.4464,0.0948,0.0939,0.1236,0.342,-3.0869,3.0422,-3.1072,0.192820602972,-1.28156542234,1.28156542234,-1.37797572382,-1.37797572382,0.192820602972,0.162599973159,0.243899959739,-0.243899959739,0.162599973159,0.162599973159,0.162599973159,0.914971918047,-27.1397579537,-65.6445636843,13.0929867129,-4.97751195932,0.467898172796,1.208342
1057,2.113999843,5,47999858,0.1928,-1.2811,1.2761,-1.4685,-1.4447,0.0885,0.115,0.0227,0.5925,-3.0718,0.85,-3.1035,0.193145742593,-1.2810777129,1.2810777129,-1.3776505842,-1.3776505842,0.193145742593,0.162563114751,0.243844672127,-0.243844672127,0.162563114751,0.162563114751,0.162563114751,0.613895521008,-19.2278314477,-81.3805852609,11.3252465668,-0.291813459794,0.479008812164,1.254208
1058,2.116000175,5,50000190,0.1931,-1.2811,1.2775,-1.4743,-1.4475,0.0823,0.1463,-0.0274,0.6948,-2.8907,-1.3939,-3.1103,0.19347088538,-1.28058999872,1.28058999872,-1.37732544141,-1.37732544141,0.19347088538,0.162525599296,0.243788398944,-0.243788398944,0.162525599296,0.162525599296,0.162525599296,-0.14562915246,-14.776724279,-87.7316192407,9.69672914113,4.45139712871,0.492567612422,1.240878
1059,2.11800003,5,52000045,0.1935,-1.2811,1.2782,-1.4753,-1.4534,0.0768,0.1736,0.0196,0.3637,-0.5031,-2.9689,-2.7145,0.193795874969,-1.28010251434,1.28010251434,-1.37700045183,-1.37700045183,0.193795874969,0.16248744491,0.243731167364,-0.243731167364,0.16248744491,0.16248744491,0.16248744491,0.362701002946,-15.7088620134,-60.2394413058,-0.311283663068,7.669501264,0.45232616077,1.209421
1060,2.119999885,5,53999900,0.1938,-1.2808,1.2778,-1.4698,-1.4596,0.0767,0.1805,0.1178,-0.1685,2.7332,-3.0898,-0.0468,0.194120787607,-1.27961514538,1.27961514538,-1.37667553919,-1.37667553919,0.194120787607,0.162448642954,0.243672964431,-0.243672964431,0.162448642954,0.162448642954,0.162448642954,2.02405435059,-20.0747763234,-17.2271209687,-13.3399563349,7.79137705949,0.109663032933,2.252198
1061,2.122000217,5,56000232,0.1942,-1.2804,1.277,-1.4635,-1.4659,0.083,0.2006,0.204,-0.4222,3.1366,-3.127,3.1392,0.194445699468,-1.27912777759,1.27912777759,-1.37635062733,-1.37635062733,0.194445699468,0.162409184177,0.243613776265,-0.243613776265,0.162409184177,0.162409184177,0.162409184177,1.1594934584,-25.8543711257,-0.516373552956,-13.8115216589,7.75825670935,-0.304158010755,2.630037
1062,2.124000072,5,58000087,0.1947,-1.2798,1.2756,-1.4573,-1.4721,0.0893,0.2283,0.3155,-0.7007,3.1347,-3.1234,3.1358,0.194770454301,-1.27864064534,1.27864064534,-1.37602587249,-1.37602587249,0.194770454301,0.162369087633,0.24355363145,-0.24355363145,0.162369087633,0.162369087633,0.162369087633,-0.510988913822,-33.881860122,16.4270398142,-12.0258897715,7.60449530439,-0.305194973192,2.209373
1063,2.125999927,5,59999942,0.1951,-1.2789,1.2736,-1.451,-1.4752,0.0956,0.2216,0.4335,-0.9983,3.1238,-1.5311,3.1288,0.195095128301,-1.27815363434,1.27815363434,-1.37570119849,-1.37570119849,0.195095128301,0.162328344233,0.24349251635,-0.24349251635,0.162328344233,0.162328344233,0.162328344233,-0.749673727556,-42.8775543374,34.8744468432,-9.97829892,4.14530474064,-0.31261848848,1.978402
1064,2.127999782,5,61999797,0.1955,-1.2779,1.2713,-1.4447,-1.4721,0.1018,0.1752,0.5025,-1.1669,3.1332,1.5684,3.1326,0.195419720172,-1.27766674654,1.27766674654,-1.37537660662,-1.37537660662,0.195419720172,0.162286954222,0.243430431332,-0.243430431332,0.162286954222,0.162286954222,0.162286954222,0.645141569732,-48.7934597318,45.9495755623,-8.83314686943,-2.38946959762,-0.328797066756,1.199979
1065,2.130000114,5,64000129,0.1958,-1.277,1.2694,-1.4421,-1.4658,0.1081,0.15,0.4718,-0.922,1.3152,3.1268,3.1204,0.195744306014,-1.27717986777,1.27717986777,-1.37505202078,-1.37505202078,0.195744306014,0.162244907745,0.243367361617,-0.243367361617,0.162244907745,0.162244907745,0.162244907745,0.324430403229,-48.6166319702,25.635078987,-1.16272075472,-5.6036052972,-0.337931549045,1.521698
1066,2.131999969,5,65999984,0.1961,-1.2762,1.2683,-1.444,-1.4596,0.11,0.1492,0.4038,-0.5489,-0.9701,3.0945,0.9605,0.196068729732,-1.2766932322,1.2766932322,-1.37472759706,-1.37472759706,0.196068729732,0.162202225108,0.243303337663,-0.243303337663,0.162202225108,0.162202225108,0.162202225108,-1.05793954851,-45.7090612933,-4.41920544661,8.03512632677,-5.46395965927,-0.0604717900972,4.071572
1067,2.133999824,5,67999839,0.1964,-1.2756,1.2681,-1.4503,-1.4534,0.1076,0.1375,0.3018,-0.1084,-3.117,3.071,-1.2126,0.196393067445,-1.27620672563,1.27620672563,-1.37440325935,-1.37440325935,0.196393067445,0.162158896621,0.243238344931,-0.243238344931,0.162158896621,0.162158896621,0.162158896621,-1.70260773841,-40.1750490348,-38.3017757758,16.1461283417,-5.27777892636,0.22057582653,2.879749
1068,2.136000156,5,70000171,0.1966,-1.2752,1.2684,-1.4565,-1.4472,0.1013,0.1134,0.2039,0.1422,-3.1078,3.0516,-3.1103,0.196717395191,-1.27572023401,1.27572023401,-1.3740789316,-1.3740789316,0.196717395191,0.162114911977,0.243172367966,-0.243172367966,0.162114911977,0.162114911977,0.162114911977,-0.300451923528,-33.2225153567,-53.5506506,14.5304263586,-5.10208603648,0.468158804616,2.693067
1069,2.138000011,5,72000026,0.1968,-1.275,1.2693,-1.4627,-1.4425,0.0951,0.101,0.0846,0.4385,-3.0767,2.3173,-3.1042,0.197041557,-1.2752339913,1.2752339913,-1.3737547698,-1.3737547698,0.197041557,0.16207029242,0.243105438629,-0.243105438629,0.16207029242,0.16207029242,0.16207029242,0.736256488754,-24.4173459081,-71.6907937379,12.4438109048,-3.4144760434,0.472258382211,1.707328
1070,2.139999866,5,73999881,0.197,-1.275,1.2705,-1.4688,-1.4423,0.0888,0.1266,0.0045,0.6354,-3.0754,0.0998,-3.1057,0.19736562893,-1.2747478834,1.2747478834,-1.37343069786,-1.37343069786,0.19736562893,0.162025027806,0.243037541709,-0.243037541709,0.162025027806,0.162025027806,0.162025027806,0.197304965693,-17.9884554818,-84.2669089801,11.1060225309,1.30080182219,0.484521010557,1.259302
1071,2.142000198,5,76000213,0.1974,-1.275,1.2717,-1.4727,-1.4465,0.0826,0.1611,-0.0041,0.5535,-1.9525,-2.0975,-3.1136,0.197689686958,-1.27426179636,1.27426179636,-1.37310663984,-1.37310663984,0.197689686958,0.161979107381,0.242968661072,-0.242968661072,0.161979107381,0.161979107381,0.161979107381,-0.232591713886,-15.789042718,-76.2840168771,5.88563871871,5.88598684183,0.498692136163,1.268550
1072,2.144000053,5,78000068,0.1977,-1.2748,1.2718,-1.4703,-1.4526,0.0791,0.1787,0.0774,0.0662,1.2213,-3.0354,-1.7291,0.198013575242,-1.27377596393,1.27377596393,-1.37278275155,-1.37278275155,0.198013575242,0.161932553324,0.242898829985,-0.242898829985,0.161932553324,0.161932553324,0.161932553324,1.11210199391,-18.7859081809,-36.4454771253,-7.10620775213,7.72846606697,0.327190157174,2.735640
1073,2.145999908,5,79999923,0.1981,-1.2745,1.2711,-1.464,-1.4588,0.0826,0.1897,0.1648,-0.3244,3.1384,-3.1004,1.7349,0.198337369781,-1.27329027212,1.27329027212,-1.37245895701,-1.37245895701,0.198337369781,0.16188535504,0.24282803256,-0.24282803256,0.16188535504,0.16188535504,0.16188535504,1.71336611603,-23.4144385613,-6.34547050972,-14.3736648579,7.75031321759,-0.12091148743,4.485211
1074,2.147999763,5,81999778,0.1985,-1.274,1.27,-1.4577,-1.4651,0.0889,0.2127,0.256,-0.5563,3.1344,-3.138,3.1404,0.198661069286,-1.27280472287,1.27280472287,-1.37213525751,-1.37213525751,0.198661069286,0.161837512815,0.242756269222,-0.242756269222,0.161837512815,0.161837512815,0.161837512815,0.410924303829,-29.9131987777,7.74459820934,-12.9051712999,7.7154840065,-0.304347590667,3.644128
1075,2.150000095,5,84000110,0.199,-1.2732,1.2683,-1.4515,-1.4709,0.0951,0.2357,0.3736,-0.8485,3.126,-2.9025,3.1342,0.198984749644,-1.27231920233,1.27231920233,-1.37181157715,-1.37181157715,0.198984749644,0.161789015296,0.242683522943,-0.242683522943,0.161789015296,0.161789015296,0.161789015296,-1.06145890018,-38.5271759741,25.5907933121,-10.9741689078,7.07211058523,-0.305892222984,2.375822
1076,2.15199995,5,85999965,0.1994,-1.2723,1.2661,-1.4452,-1.4722,0.1014,0.2122,0.4726,-1.093,3.1314,-0.6414,3.1312,0.199308255196,-1.271833944,1.271833944,-1.3714880716,-1.3714880716,0.199308255196,0.161739885904,0.242609828856,-0.242609828856,0.161739885904,0.161739885904,0.161739885904,-0.622021660145,-46.3482758789,41.0453231656,-9.33489177376,2.25261635103,-0.317069149662,2.819860
1077,2.153999805,5,87999820,0.1997,-1.2713,1.2639,-1.4397,-1.4671,0.1077,0.1554,0.4929,-1.1032,2.7383,2.5512,3.1376,0.199631661854,-1.27134883401,1.27134883401,-1.37116466494,-1.37116466494,0.199631661854,0.161690113449,0.242535170174,-0.242535170174,0.161690113449,0.161690113449,0.161690113449,1.11428609292,-49.1232899848,41.2472237635,-7.18932514793,-4.40454359668,-0.33488726976,1.209231
1078,2.156000137,5,90000152,0.2,-1.2704,1.2624,-1.4387,-1.4608,0.1125,0.1462,0.4353,-0.7604,0.5035,3.1079,2.3785,0.199955045434,-1.27086375864,1.27086375864,-1.37084128136,-1.37084128136,0.199955045434,0.161639686129,0.242459529193,-0.242459529193,0.161639686129,0.161639686129,0.161639686129,0.0190597213303,-47.0813906345,13.4049404627,1.92656948367,-5.50578368917,-0.242644520592,1.283060
1079,2.157999992,5,92000007,0.2003,-1.2698,1.2617,-1.4423,-1.4546,0.1129,0.1404,0.3479,-0.3393,-1.8213,3.0824,0.2275,0.200278250421,-1.27037895116,1.27037895116,-1.37051807637,-1.37051807637,0.200278250421,0.161588628298,0.242382942447,-0.242382942447,0.161588628298,0.161588628298,0.161588628298,-1.09298954094,-42.7274120285,-19.7632403203,11.0286737207,-5.34479430588,0.0341859883221,2.425730
1080,2.159999847,5,93999862,0.2005,-1.2693,1.2618,-1.4486,-1.4484,0.1088,0.1225,0.2428,0.0365,-3.112,3.0594,-2.0358,0.200601352658,-1.26989429781,1.26989429781,-1.37019497414,-1.37019497414,0.200601352658,0.161536928316,0.242305392474,-0.242305392474,0.161536928316,0.161536928316,0.161536928316,-0.83227090582,-36.2803559202,-46.906231161,15.2030536873,-5.15059981026,0.327759803213,2.558008
1081,2.162000179,5,96000194,0.2007,-1.269,1.2625,-1.4548,-1.4422,0.1026,0.0955,0.1305,0.3204,-3.1066,3.0416,-3.1067,0.200924427889,-1.26940968496,1.26940968496,-1.36987189891,-1.36987189891,0.200924427889,0.161484573935,0.242226860902,-0.242226860902,0.161484573935,0.161484573935,0.161484573935,0.744906259356,-28.2404416841,-64.2503009984,13.3696359141,-4.95658017204,0.468111352191,1.306244
1082,2.164000034,5,98000049,0.2009,-1.269,1.2636,-1.4609,-1.4394,0.0963,0.104,0.0226,0.5879,-3.0728,1.4128,-3.1033,0.201247320749,-1.26892534567,1.26892534567,-1.36954900605,-1.36954900605,0.201247320749,0.161431590439,0.242147385658,-0.242147385658,0.161431590439,0.161431590439,0.161431590439,0.939321378083,-19.9567712648,-80.832686582,11.4166236319,-1.4296577008,0.476697686506,1.308826
1083,2.165999889,5,99999904,0.2012,-1.269,1.2651,-1.4671,-1.441,0.0901,0.1347,-0.0369,0.7308,-3.0772,-0.8187,-3.1086,0.201570107008,-1.26844116628,1.26844116628,-1.36922621979,-1.36922621979,0.201570107008,0.16137796574,0.24206694861,-0.24206694861,0.16137796574,0.16137796574,0.16137796574,0.0787813778112,-14.9895261268,-90.2818169931,10.4659903031,3.29257344971,0.489847899754,1.290397
1084,2.168000221,5,102000236,0.2015,-1.269,1.266,-1.4694,-1.4469,0.0841,0.1723,-0.0026,0.4739,-1.1488,-2.9345,-3.0233,0.201892862336,-1.26795703329,1.26795703329,-1.36890346446,-1.36890346446,0.201892862336,0.161323687143,0.241985530714,-0.241985530714,0.161323687143,0.161323687143,0.161323687143,-0.0349901043662,-15.2650596843,-68.9603424387,2.29795379145,7.65080613086,0.492176281013,1.196689
1085,2.170000076,5,104000091,0.2019,-1.2689,1.2659,-1.4652,-1.4531,0.0824,0.179,0.0958,-0.0575,2.0872,-3.087,-0.8216,0.202215431523,-1.26747317951,1.26747317951,-1.36858089527,-1.36858089527,0.202215431523,0.161268780862,0.241903171293,-0.241903171293,0.161268780862,0.161268780862,0.161268780862,1.61696493823,-19.5835936509,-26.1008317659,-10.7151844917,7.84107797586,0.210842959346,3.411524
1086,2.171999931,5,105999946,0.2023,-1.2685,1.2651,-1.4589,-1.4593,0.0879,0.1976,0.1915,-0.3906,3.1389,-3.1287,2.7487,0.202537890265,-1.2669894914,1.2669894914,-1.36825843653,-1.36825843653,0.202537890265,0.161213234362,0.241819851543,-0.241819851543,0.161213234362,0.161213234362,0.161213234362,1.23321017685,-25.5426561817,-2.41158728399,-13.9556711785,7.79809288359,-0.252077244459,2.285021
1087,2.173999786,5,107999801,0.2027,-1.2679,1.2638,-1.4527,-1.4656,0.0942,0.2229,0.3026,-0.6691,3.1311,-3.1209,3.1349,0.202860237282,-1.26650597087,1.26650597087,-1.36793608951,-1.36793608951,0.202860237282,0.161157047978,0.241735571968,-0.241735571968,0.161157047978,0.161157047978,0.161157047978,-0.222853615082,-33.5485310631,14.4961177403,-12.1416290212,7.64112967316,-0.303577768822,1.221431
1088,2.176000118,5,110000133,0.2032,-1.267,1.2618,-1.4464,-1.4697,0.1004,0.2306,0.43,-0.9855,3.124,-2.0538,3.1288,0.20318254814,-1.26602250459,1.26602250459,-1.36761377866,-1.36761377866,0.20318254814,0.161100208421,0.241650312632,-0.241650312632,0.161100208421,0.161100208421,0.161100208421,-1.1413328751,-43.1125621744,33.9854916102,-10.0103787966,5.25313774905,-0.308596266718,1.213982
1089,2.177999973,5,111999988,0.2036,-1.266,1.2594,-1.4401,-1.4677,0.1067,0.1886,0.5144,-1.1943,3.1313,0.9966,3.1308,0.203504667843,-1.26553932503,1.26553932503,-1.36729165895,-1.36729165895,0.203504667843,0.161042743141,0.241564114712,-0.241564114712,0.161042743141,0.161042743141,0.161042743141,0.0224835971481,-50.1139490762,47.4807740742,-8.58167901478,-1.19856336797,-0.324106855091,1.211726
1090,2.179999828,5,113999843,0.2039,-1.265,1.2573,-1.4363,-1.4614,0.113,0.1534,0.5076,-1.0636,1.9304,3.134,3.1326,0.203826671984,-1.26505631882,1.26505631882,-1.36696965481,-1.36696965481,0.203826671984,0.160984639009,0.241476958513,-0.241476958513,0.160984639009,0.160984639009,0.160984639009,0.416825466159,-51.3417857777,36.2707889168,-3.28115592387,-5.64818039547,-0.337184271683,1.390895
1091,2.18200016,5,116000175,0.2042,-1.2641,1.2559,-1.437,-1.4552,0.1157,0.1541,0.4432,-0.7009,-0.3368,3.0961,1.3821,0.204148636049,-1.26457337272,1.26457337272,-1.36664769075,-1.36664769075,0.204148636049,0.160925882288,0.241388823432,-0.241388823432,0.160925882288,0.160925882288,0.160925882288,-1.04057812018,-48.7090448362,6.9977072077,5.87589172009,-5.50692460222,-0.11304658287,2.228352
1092,2.184000015,5,118000030,0.2045,-1.2634,1.2554,-1.4423,-1.449,0.1142,0.1442,0.3396,-0.2399,-2.6933,3.0711,-0.7501,0.204470405209,-1.26409071898,1.26409071898,-1.36632592159,-1.36632592159,0.204470405209,0.160866501356,0.241299752034,-0.241299752034,0.160866501356,0.160866501356,0.160866501356,-1.92719536407,-43.2462791525,-28.7298845647,14.9031202365,-5.31823491477,0.162199692839,2.266370
1093,2.18599987,5,119999885,0.2047,-1.2629,1.2556,-1.4486,-1.4428,0.108,0.1206,0.2336,0.0648,-3.1077,3.0475,-3.1087,0.204792054978,-1.26360824433,1.26360824433,-1.36600427182,-1.36600427182,0.204792054978,0.160806482638,0.241209723957,-0.241209723957,0.160806482638,0.160806482638,0.160806482638,-0.811516829847,-36.0690544238,-48.6340975532,15.0872829335,-5.11898512959,0.469248337873,2.242766
1094,2.188000202,5,122000217,0.2049,-1.2627,1.2563,-1.4547,-1.4371,0.1018,0.0958,0.1071,0.3772,-3.072,2.8474,-3.1036,0.205113660757,-1.26312583566,1.26312583566,-1.36568266604,-1.36568266604,0.205113660757,0.160745811952,0.241118717928,-0.241118717928,0.160745811952,0.160745811952,0.160745811952,0.72195723732,-26.867693308,-67.5814564146,12.8954382555,-4.52894604429,0.471041262807,1.143685
1095,2.190000057,5,124000072,0.2051,-1.2627,1.2576,-1.4608,-1.4358,0.0955,0.116,0.0062,0.6257,-3.0685,0.6683,-3.1013,0.20543506789,-1.26264372496,1.26264372496,-1.36536125891,-1.36536125891,0.20543506789,0.160684518602,0.241026777903,-0.241026777903,0.160684518602,0.160684518602,0.160684518602,0.473088865238,-18.9571418576,-83.245943689,11.1964974549,0.13381985895,0.482274903815,1.277886
1096,2.191999912,5,125999927,0.2054,-1.2628,1.2589,-1.4659,-1.4389,0.0893,0.1455,-0.0353,0.6748,-2.5416,-1.5345,-3.1092,0.205756351808,-1.26216179908,1.26216179908,-1.36503997499,-1.36503997499,0.205756351808,0.160622588567,0.24093388285,-0.24093388285,0.160622588567,0.160622588567,0.160622588567,0.0238125268555,-14.8199652525,-85.1685915856,8.15401420883,4.78104002187,0.49590883299,1.275413
1097,2.193999767,5,127999782,0.2058,-1.2627,1.2595,-1.4655,-1.4448,0.085,0.1701,0.0244,0.2799,0.2081,-2.9781,-2.1442,0.206077511239,-1.26168005994,1.26168005994,-1.36471881556,-1.36471881556,0.206077511239,0.160560022221,0.240840033332,-0.240840033332,0.160560022221,0.160560022221,0.160560022221,0.879412346331,-16.446384047,-52.5454739804,-3.29138598979,7.70502999216,0.380950060908,1.259219
1098,2.196000099,5,130000114,0.2061,-1.2625,1.259,-1.4592,-1.451,0.0874,0.1773,0.1212,-0.2206,3.1373,-3.0881,1.1924,0.206398621468,-1.26119839459,1.26119839459,-1.36439770533,-1.36439770533,0.206398621468,0.160496804793,0.24074520719,-0.24074520719,0.160496804793,0.160496804793,0.160496804793,2.36584945437,-20.9271416103,-12.44556826,-14.9834123919,7.80704212918,-0.0497790342795,2.462443
1099,2.197999954,5,131999969,0.2065,-1.2621,1.2582,-1.453,-1.4572,0.0937,0.1981,0.2053,-0.4345,3.1366,-3.1313,3.1406,0.206719528078,-1.26071703468,1.26071703468,-1.36407679872,-1.36407679872,0.206719528078,0.160432966816,0.240649450224,-0.240649450224,0.160432966816,0.160432966816,0.160432966816,1.21520618882,-26.8826632439,0.500616703191,-13.6602611402,7.79572225817,-0.303525983184,2.280865
1100,2.199999809,5,133999824,0.207,-1.2614,1.2567,-1.4467,-1.4635,0.0999,0.2236,0.3205,-0.7269,3.1317,-3.1195,3.1345,0.207040306386,-1.26023586722,1.26023586722,-1.36375602041,-1.36375602041,0.207040306386,0.160368493677,0.240552740515,-0.240552740515,0.160368493677,0.160368493677,0.160368493677,-0.280359607669,-35.2036877616,18.3176826917,-11.7623993119,7.62322417036,-0.304168035794,1.366174
1101,2.202000141,5,136000156,0.2074,-1.2605,1.2547,-1.4404,-1.4663,0.1062,0.2163,0.4387,-1.0177,3.1281,-1.3885,3.1286,0.207361031587,-1.25975477941,1.25975477941,-1.36343529521,-1.36343529521,0.207361031587,0.160303370161,0.240455055242,-0.240455055242,0.160303370161,0.160303370161,0.160303370161,-0.584061744182,-44.28488268,36.372716369,-9.7934430899,3.87323512144,-0.312321506866,1.227263
1102,2.203999996,5,138000011,0.2078,-1.2595,1.2524,-1.4342,-1.4628,0.1125,0.1683,0.4969,-1.1552,3.1365,1.7425,3.1341,0.207681549451,-1.25927400262,1.25927400262,-1.36311477734,-1.36311477734,0.207681549451,0.160237627723,0.240356441585,-0.240356441585,0.160237627723,0.160237627723,0.160237627723,0.856455484632,-49.457563284,45.577768104,-8.85064790259,-2.71283945482,-0.329092144054,1.244674
1103,2.205999851,5,139999866,0.208,-1.2586,1.2507,-1.4322,-1.4565,0.1183,0.146,0.4511,-0.8423,0.961,3.1199,2.9175,0.208001935206,-1.25879342399,1.25879342399,-1.36279439159,-1.36279439159,0.208001935206,0.160171251307,0.24025687696,-0.24025687696,0.160171251307,0.160171251307,0.160171251307,0.241304367444,-48.4351721943,19.8877666377,0.182939246108,-5.52724448348,-0.310947891396,1.305280
1104,2.208000183,5,142000198,0.2083,-1.2579,1.2498,-1.4349,-1.4503,0.1199,0.1449,0.3793,-0.4617,-1.3219,3.0906,0.7814,0.208322263954,-1.25831293086,1.25831293086,-1.36247406284,-1.36247406284,0.208322263954,0.160104225257,0.240156337885,-0.240156337885,0.160104225257,0.160104225257,0.160104225257,-1.13945539355,-45.2120711872,-10.6610647877,9.3302106117,-5.38886503406,-0.0364560183211,2.208902
1105,2.210000038,5,144000053,0.2086,-1.2573,1.2497,-1.4411,-1.4441,0.1171,0.1324,0.2789,-0.0548,-3.1154,3.0653,-1.4049,0.208642381657,-1.25783275431,1.25783275431,-1.36215394514,-1.36215394514,0.208642381657,0.160036581945,0.240054872917,-0.240054872917,0.160036581945,0.160036581945,0.160036581945,-1.54574573249,-39.5245249243,-41.3436887182,15.8610695323,-5.20328026574,0.246553887052,2.265678
1106,2.211999893,5,145999908,0.2088,-1.257,1.2501,-1.4473,-1.4379,0.1108,0.1081,0.1763,0.207,-3.1073,3.0453,-3.108,0.20896236345,-1.25735278162,1.25735278162,-1.36183396335,-1.36183396335,0.20896236345,0.159968305874,0.239952458811,-0.239952458811,0.159968305874,0.159968305874,0.159968305874,-0.147014016997,-32.1953354506,-57.2850080996,14.1720123847,-5.02057269098,0.468903566445,2.218454
1107,2.213999748,5,147999763,0.209,-1.2569,1.2511,-1.4535,-1.4336,0.1046,0.0992,0.0565,0.504,-3.0741,2.1748,-3.1025,0.209282208068,-1.25687301469,1.25687301469,-1.36151411873,-1.36151411873,0.209282208068,0.159899397458,0.239849096187,-0.239849096187,0.159899397458,0.159899397458,0.159899397458,0.726008296161,-23.281329711,-75.4994667795,12.0608701689,-3.04978152125,0.473677312698,1.297440
1108,2.21600008,5,150000095,0.2093,-1.2569,1.2524,-1.4596,-1.4336,0.0983,0.1264,-0.0149,0.6774,-3.0736,-0.0322,-3.1061,0.209601990486,-1.25639334107,1.25639334107,-1.36119433631,-1.36119433631,0.209601990486,0.159829840454,0.239744760682,-0.239744760682,0.159829840454,0.159829840454,0.159829840454,0.058608409317,-17.4749208191,-86.6921665792,10.8839565393,1.62898407511,0.486321786635,1.227795
1109,2.217999935,5,151999950,0.2096,-1.2569,1.2535,-1.4629,-1.438,0.0921,0.1608,-0.006,0.5234,-1.6191,-2.1918,-3.115,0.20992155693,-1.2559139914,1.2559139914,-1.36087476986,-1.36087476986,0.20992155693,0.159759668458,0.239639502686,-0.239639502686,0.159759668458,0.159759668458,0.159759668458,-0.126483010291,-16.2919241493,-73.213775214,4.45222720772,6.1108894181,0.50069523105,1.228332
1110,2.21999979,5,153999805,0.2099,-1.2567,1.2535,-1.4597,-1.4441,0.089,0.1787,0.0844,0.0155,1.574,-3.0524,-1.5525,0.210240982409,-1.25543485318,1.25543485318,-1.36055534439,-1.36055534439,0.210240982409,0.159688865382,0.239533298073,-0.239533298073,0.159688865382,0.159688865382,0.159688865382,1.18308825744,-19.9515214118,-32.0383783707,-8.51072644496,7.7786928314,0.305735378266,2.158247
1111,2.222000122,5,156000137,0.2103,-1.2564,1.2528,-1.4534,-1.4503,0.0929,0.1917,0.1753,-0.3513,3.1389,-3.108,1.9488,0.210560341799,-1.2549558141,1.2549558141,-1.360235985,-1.360235985,0.210560341799,0.159617414545,0.239426121818,-0.239426121818,0.159617414545,0.159617414545,0.159617414545,1.46355169669,-25.1275178421,-4.57911790863,-14.1427013476,7.7766967262,-0.147409457274,2.310056
1112,2.223999977,5,157999992,0.2108,-1.2558,1.2516,-1.4472,-1.4566,0.0991,0.2112,0.2752,-0.6059,3.1365,-3.1302,3.1379,0.21087948153,-1.2544771045,1.2544771045,-1.35991684527,-1.35991684527,0.21087948153,0.159545350457,0.239318025685,-0.239318025685,0.159545350457,0.159545350457,0.159545350457,0.412057394003,-32.3099476067,10.910502627,-12.5207011116,7.70454408504,-0.302811743462,2.435373
1113,2.225999832,5,159999847,0.2112,-1.255,1.2498,-1.4409,-1.4622,0.1054,0.2368,0.4006,-0.9141,3.1315,-2.7742,3.131,0.211198476513,-1.25399861203,1.25399861203,-1.35959785028,-1.35959785028,0.211198476513,0.159472656591,0.239208984887,-0.239208984887,0.159472656591,0.159472656591,0.159472656591,-1.28981066482,-41.5261912765,29.7525738428,-10.4941793765,6.79224561239,-0.304675785716,1.232952
1114,2.228000164,5,162000179,0.2116,-1.254,1.2475,-1.4346,-1.463,0.1117,0.2109,0.4958,-1.1475,3.1321,-0.4159,3.1319,0.211517401523,-1.25352022451,1.25352022451,-1.35927892527,-1.35927892527,0.211517401523,0.159399315827,0.23909897374,-0.23909897374,0.159399315827,0.159399315827,0.159399315827,-0.766003560711,-49.1505787575,44.56533075,-8.89824145423,1.7737177895,-0.316846224107,1.477525
1115,2.230000019,5,164000034,0.212,-1.253,1.2453,-1.4298,-1.4574,0.118,0.154,0.5028,-1.0979,2.4335,2.7862,3.1348,0.2118361032,-1.253042172,1.253042172,-1.3589602236,-1.3589602236,0.2118361032,0.159325363587,0.238988045381,-0.238988045381,0.159325363587,0.159325363587,0.159325363587,0.726733467484,-51.2154226388,40.1335667838,-5.58357931146,-4.88794790306,-0.334434638153,1.762574
1116,2.231999874,5,165999889,0.2123,-1.2522,1.2438,-1.4294,-1.4512,0.1223,0.1487,0.4402,-0.7446,0.1923,3.1023,2.194,0.212154656354,-1.25256434226,1.25256434226,-1.35864167044,-1.35864167044,0.212154656354,0.159250782908,0.238876174361,-0.238876174361,0.159250782908,0.159250782908,0.159250782908,-0.509683664882,-48.7164541593,11.6165426236,3.49740248248,-5.48457836829,-0.217436743811,2.579886
1117,2.234000206,5,168000221,0.2125,-1.2515,1.2432,-1.4337,-1.445,0.1225,0.1413,0.3434,-0.3021,-2.1444,3.0744,0.0744,0.212473135657,-1.25208662331,1.25208662331,-1.35832319114,-1.35832319114,0.212473135657,0.159175556228,0.238763334343,-0.238763334343,0.159175556228,0.159175556228,0.159175556228,-1.51300546686,-43.7233286451,-22.8946428543,12.5289120364,-5.30347081466,0.0553103672861,2.999550
1118,2.236000061,5,170000076,0.2128,-1.251,1.2433,-1.4399,-1.4388,0.1181,0.121,0.234,0.0565,-3.1096,3.0486,-2.2085,0.212791387962,-1.25160924485,1.25160924485,-1.35800493883,-1.35800493883,0.212791387962,0.159099719884,0.238649579826,-0.238649579826,0.159099719884,0.159099719884,0.159099719884,-0.961956939284,-36.7169505563,-47.8821465516,15.1574376184,-5.09772994509,0.351525548258,2.527207
1119,2.237999916,5,171999931,0.213,-1.2508,1.244,-1.4461,-1.4326,0.1118,0.0928,0.1113,0.3633,-3.1045,3.0331,-3.1038,0.213109487979,-1.25113209483,1.25113209483,-1.35768683882,-1.35768683882,0.213109487979,0.159023256472,0.238534884708,-0.238534884708,0.159023256472,0.159023256472,0.159023256472,0.66307188637,-27.8755724708,-66.576684646,13.1706247435,-4.89428631422,0.469068304308,1.227404
1120,2.239999771,5,173999786,0.2132,-1.2508,1.2453,-1.4522,-1.4302,0.1056,0.1047,0.0026,0.6296,-3.069,1.2043,-3.1005,0.213427434454,-1.25065517511,1.25065517511,-1.35736889234,-1.35736889234,0.213427434454,0.158946166458,0.238419249687,-0.238419249687,0.158946166458,0.158946166458,0.158946166458,0.750667315838,-19.474139575,-83.1466983726,11.2032542297,-0.950468375645,0.47845772851,1.274185
1121,2.242000103,5,176000118,0.2134,-1.2509,1.2468,-1.4583,-1.4323,0.0993,0.1341,-0.0549,0.7614,-3.0225,-1.011,-3.1072,0.213745301914,-1.25017837392,1.25017837392,-1.35705102488,-1.35705102488,0.213745301914,0.1588684317,0.238302647549,-0.238302647549,0.1588684317,0.1588684317,0.1588684317,0.0408269066766,-14.5756463291,-91.7387493274,10.0673467921,3.74209196467,0.491785434193,1.245321
1122,2.243999958,5,177999973,0.2138,-1.2509,1.2477,-1.4599,-1.4381,0.0935,0.1673,-0.0109,0.4524,-0.7927,-2.9429,-2.9144,0.214062937509,-1.24970192053,1.24970192053,-1.35673338929,-1.35673338929,0.214062937509,0.158790089743,0.238185134615,-0.238185134615,0.158790089743,0.158790089743,0.158790089743,0.275467224466,-15.3526485089,-66.2182338753,0.707700476716,7.70376923475,0.479427838446,1.311193
1123,2.245999813,5,179999828,0.2141,-1.2507,1.2475,-1.4549,-1.4443,0.0924,0.1739,0.092,-0.089,2.4548,-3.0861,-0.5515,0.214380415807,-1.24922570308,1.24922570308,-1.35641591099,-1.35641591099,0.214380415807,0.158711122604,0.238066683906,-0.238066683906,0.158711122604,0.158711122604,0.158711122604,1.98619405759,-20.043038913,-22.686105663,-12.3106861732,7.86932495279,0.176891059186,2.272083
1124,2.248000145,5,182000160,0.2145,-1.2504,1.2468,-1.4487,-1.4506,0.0985,0.1932,0.1878,-0.3895,3.1384,-3.133,3.0649,0.214697811224,-1.24874960996,1.24874960996,-1.35609851557,-1.35609851557,0.214697811224,0.158631511705,0.237947267557,-0.237947267557,0.158631511705,0.158631511705,0.158631511705,1.36979403095,-26.274391729,-2.24031058473,-13.8951063131,7.84137696027,-0.292338137498,2.215461
1125,2.25,5,184000015,0.2149,-1.2497,1.2454,-1.4424,-1.4568,0.1048,0.22,0.3059,-0.684,3.1323,-3.1211,3.1349,0.215014971139,-1.24827387009,1.24827387009,-1.35578135566,-1.35578135566,0.215014971139,0.158551295498,0.237826943247,-0.237826943247,0.158551295498,0.158551295498,0.158551295498,-0.184120933258,-34.8359495954,15.6531242187,-11.9803167721,7.66368332184,-0.302852569216,1.248083
1126,2.251999855,5,185999870,0.2154,-1.2489,1.2434,-1.4361,-1.4606,0.1111,0.2256,0.4377,-1.0116,3.1265,-1.8793,3.1282,0.21533197001,-1.24779837178,1.24779837178,-1.35546435678,-1.35546435678,0.21533197001,0.158470455563,0.237705683344,-0.237705683344,0.158470455563,0.158470455563,0.158470455563,-1.06424603255,-44.7234338033,35.8447829604,-9.77238285666,4.90434242003,-0.308534680833,1.187311
1127,2.254000187,5,188000202,0.2158,-1.2478,1.2409,-1.4299,-1.4582,0.1174,0.1834,0.5207,-1.2118,3.1324,1.1894,3.1313,0.215648882141,-1.24732300358,1.24732300358,-1.35514744465,-1.35514744465,0.215648882141,0.158388972888,0.237583459332,-0.237583459332,0.158388972888,0.158388972888,0.158388972888,0.0876252921685,-51.7006525313,48.8319340514,-8.38905983013,-1.58609719973,-0.324305923581,1.879464
1128,2.256000042,5,190000057,0.2161,-1.2468,1.2389,-1.4267,-1.4519,0.1236,0.1527,0.503,-1.0257,1.6116,3.1278,3.1276,0.215965555144,-1.24684799408,1.24684799408,-1.35483077165,-1.35483077165,0.215965555144,0.158306886831,0.237460330246,-0.237460330246,0.158306886831,0.158306886831,0.158306886831,0.0870151341313,-52.3542795257,33.1467580113,-1.83030971182,-5.60882372987,-0.335903370217,1.235247
1129,2.257999897,5,191999912,0.2164,-1.2459,1.2376,-1.428,-1.4457,0.1258,0.1522,0.4358,-0.6604,-0.6482,3.0934,1.0841,0.216282063365,-1.24637323175,1.24637323175,-1.35451426343,-1.35451426343,0.216282063365,0.158224178535,0.237336267803,-0.237336267803,0.158224178535,0.158224178535,0.158224178535,-1.29959739811,-49.5050404977,3.72770433143,7.283172481,-5.46930663676,-0.0736411281349,2.191430
1130,2.259999752,5,193999767,0.2167,-1.2453,1.2372,-1.434,-1.4395,0.1237,0.1421,0.3276,-0.1892,-3.0077,3.067,-1.0227,0.216598405559,-1.24589871846,1.24589871846,-1.35419792124,-1.35419792124,0.216598405559,0.158140848506,0.23721127276,-0.23721127276,0.158140848506,0.158140848506,0.158140848506,-2.19479483927,-43.6729529481,-32.6466159018,16.2694854646,-5.27184326159,0.198616654787,2.238947
1131,2.262000084,5,196000099,0.2169,-1.2448,1.2374,-1.4402,-1.4334,0.1175,0.1177,0.2225,0.0875,-3.1087,3.0412,-3.1064,0.216914655877,-1.24542434298,1.24542434298,-1.35388167092,-1.35388167092,0.216914655877,0.158056877155,0.237085315732,-0.237085315732,0.158056877155,0.158056877155,0.158056877155,-0.856612206059,-36.3241711722,-49.7979624961,15.0422891017,-5.07109055804,0.47012330954,2.247583
1132,2.263999939,5,197999954,0.2171,-1.2447,1.2382,-1.4463,-1.428,0.1112,0.0955,0.0916,0.4095,-3.0681,2.6883,-3.101,0.217230662251,-1.24495033342,1.24495033342,-1.35356566454,-1.35356566454,0.217230662251,0.15797230504,0.23695845756,-0.23695845756,0.15797230504,0.15797230504,0.15797230504,0.579263566959,-26.7261512286,-69.3396363568,12.7509530988,-4.15721165961,0.472531744741,1.224931
1133,2.265999794,5,199999809,0.2173,-1.2447,1.2395,-1.4525,-1.4269,0.105,0.1158,-0.0064,0.6484,-3.0651,0.5219,-3.1005,0.217546498872,-1.24447657849,1.24447657849,-1.35324982792,-1.35324982792,0.217546498872,0.157887112729,0.236830669094,-0.236830669094,0.157887112729,0.157887112729,0.157887112729,0.322726628956,-19.0201500004,-84.4193423556,11.1228657665,0.47560985789,0.483933953275,1.219916
1134,2.268000126,5,202000141,0.2176,-1.2448,1.2408,-1.457,-1.4302,0.0988,0.1448,-0.0382,0.6475,-2.2552,-1.6462,-3.1087,0.217862239772,-1.24400296714,1.24400296714,-1.35293408702,-1.35293408702,0.217862239772,0.157801280201,0.236701920301,-0.236701920301,0.157801280201,0.157801280201,0.157801280201,0.0625899408156,-15.3640118188,-82.3559693667,6.96400686222,5.03607050136,0.497596850718,1.626414
1135,2.269999981,5,203999996,0.2179,-1.2447,1.2412,-1.4554,-1.4362,0.0949,0.1675,0.0349,0.1947,0.7913,-2.9891,-1.9187,0.21817773313,-1.2435297271,1.2435297271,-1.35261859367,-1.35261859367,0.21817773313,0.157714848914,0.236572273371,-0.236572273371,0.157714848914,0.157714848914,0.157714848914,1.22232191621,-17.7565267173,-45.1630504877,-5.61948941424,7.73238531051,0.353036573127,2.284869
1136,2.271999836,5,205999851,0.2183,-1.2444,1.2407,-1.4491,-1.4423,0.0979,0.1756,0.1248,-0.2387,3.1374,-3.0845,1.4773,0.218493053018,-1.24305674727,1.24305674727,-1.35230327378,-1.35230327378,0.218493053018,0.157627799004,0.236441698506,-0.236441698506,0.157627799004,0.157627799004,0.157627799004,2.28019397568,-22.2416524809,-11.0769519342,-14.79106086,7.81519923334,-0.085877159844,2.648848
1137,2.274000168,5,208000183,0.2187,-1.244,1.2398,-1.4428,-1.4486,0.1042,0.1963,0.2141,-0.4649,3.1372,-3.1334,3.1407,0.218808273348,-1.24258391677,1.24258391677,-1.35198805345,-1.35198805345,0.218808273348,0.157540110018,0.236310165027,-0.236310165027,0.157540110018,0.157540110018,0.157540110018,1.15389220858,-28.5837661104,2.63676217863,-13.3860654914,7.81106778536,-0.30271038639,2.511873
1138,2.276000023,5,210000038,0.2191,-1.2433,1.2382,-1.4366,-1.4549,0.1104,0.2226,0.3343,-0.7676,3.1318,-3.1191,3.1343,0.219123242549,-1.24211146297,1.24211146297,-1.35167308425,-1.35167308425,0.219123242549,0.157451824313,0.23617773647,-0.23617773647,0.157451824313,0.157451824313,0.157451824313,-0.356013029946,-37.2844309879,21.089140738,-11.4104737489,7.62637916576,-0.303265296102,1.253649
1139,2.277999878,5,211999893,0.2195,-1.2424,1.2361,-1.4303,-1.4574,0.1167,0.2117,0.4489,-1.0497,3.1306,-1.2788,3.129,0.219438034573,-1.24163927494,1.24163927494,-1.35135829222,-1.35135829222,0.219438034573,0.157362921592,0.236044382388,-0.236044382388,0.157362921592,0.157362921592,0.157362921592,-0.488870749188,-46.1389552521,38.6811789504,-9.50447060523,3.65567129571,-0.312048250045,1.179679
1140,2.28000021,5,214000225,0.2199,-1.2414,1.2338,-1.424,-1.4537,0.123,0.1633,0.4967,-1.1548,3.138,1.8848,3.136,0.219752723208,-1.24116724198,1.24116724198,-1.35104360359,-1.35104360359,0.219752723208,0.157273380974,0.235910071461,-0.235910071461,0.157273380974,0.157273380974,0.157273380974,0.906459678514,-50.6062713755,45.9318763567,-8.77795849802,-2.98444279991,-0.329306653637,1.484211
1141,2.282000065,5,216000080,0.2202,-1.2405,1.2321,-1.4221,-1.4474,0.1283,0.1421,0.4463,-0.8348,0.9639,3.115,2.6578,0.220067157139,-1.24069559109,1.24069559109,-1.35072916966,-1.35072916966,0.220067157139,0.15718324571,0.235774868565,-0.235774868565,0.15718324571,0.15718324571,0.15718324571,0.263341459448,-49.2018188591,19.8239566183,0.197347747342,-5.48760087276,-0.276475460222,1.718034
1142,2.28399992,5,217999935,0.2204,-1.2398,1.2313,-1.4247,-1.4412,0.1294,0.1399,0.368,-0.4397,-1.323,3.0855,0.5445,0.220381410198,-1.2402242115,1.2402242115,-1.3504149166,-1.3504149166,0.220381410198,0.157092495073,0.235638742609,-0.235638742609,0.157092495073,0.157092495073,0.157092495073,-1.03219688422,-45.5081599966,-11.6164672038,9.26225721985,-5.33800354053,-0.00474720856951,2.381261
1143,2.285999775,5,219999790,0.2207,-1.2393,1.2312,-1.431,-1.435,0.1261,0.1264,0.2594,-0.0148,-3.1143,3.0585,-1.6241,0.220695481153,-1.23975310507,1.23975310507,-1.35010084564,-1.35010084564,0.220695481153,0.157001129619,0.235501694428,-0.235501694428,0.157001129619,0.157001129619,0.157001129619,-1.39686200611,-39.1817716063,-43.3526987089,15.662357785,-5.13708495688,0.27615531642,2.300712
1144,2.288000107,5,222000122,0.2209,-1.239,1.2318,-1.4372,-1.4288,0.1199,0.1015,0.1501,0.263,-3.1074,3.0381,-3.1053,0.221009443622,-1.23928216136,1.23928216136,-1.34978688317,-1.34978688317,0.221009443622,0.156909127895,0.235363691843,-0.235363691843,0.156909127895,0.156909127895,0.156909127895,0.0207492510678,-31.3699478753,-60.3012001224,13.8652646568,-4.94458313846,0.469648611074,2.255946
1145,2.289999962,5,223999977,0.2211,-1.2389,1.2329,-1.4433,-1.4247,0.1136,0.0945,0.0282,0.5646,-3.0694,2.0602,-3.1004,0.221323146641,-1.23881160683,1.23881160683,-1.34947318015,-1.34947318015,0.221323146641,0.156816534343,0.235224801515,-0.235224801515,0.156816534343,0.156816534343,0.156816534343,0.823427669415,-22.2787083314,-78.8086863591,11.6888748814,-2.74773539296,0.474988301882,1.212652
1146,2.291999817,5,225999832,0.2213,-1.239,1.2344,-1.4495,-1.425,0.1074,0.1209,-0.0448,0.7406,-3.072,-0.1249,-3.1048,0.221636663874,-1.23834133098,1.23834133098,-1.34915966292,-1.34915966292,0.221636663874,0.156723327665,0.235084991497,-0.235084991497,0.156723327665,0.156723327665,0.156723327665,0.221178151191,-16.3249154085,-90.2065753337,10.5079831569,1.8921063959,0.487548159276,1.223454
1147,2.294000149,5,228000164,0.2216,-1.2391,1.2355,-1.4527,-1.4295,0.1011,0.1549,-0.0336,0.5808,-1.6154,-2.2601,-3.1144,0.221950068806,-1.23787122359,1.23787122359,-1.34884625799,-1.34884625799,0.221950068806,0.15662948598,0.23494422897,-0.23494422897,0.15662948598,0.15662948598,0.15662948598,0.0544721135724,-15.2810446868,-76.3633093522,4.10380256004,6.32145303536,0.501990374086,1.244027
1148,2.296000004,5,230000019,0.222,-1.239,1.2357,-1.4495,-1.4356,0.0985,0.1722,0.0638,0.0579,1.5879,-3.0597,-1.3464,0.222263210744,-1.23740151068,1.23740151068,-1.34853311605,-1.34853311605,0.222263210744,0.156535054619,0.234802581929,-0.234802581929,0.156535054619,0.156535054619,0.156535054619,1.36232244306,-19.4400961611,-34.3105541201,-8.81304485106,7.85291639391,0.279980879695,2.136858
1149,2.297999859,5,231999874,0.2223,-1.2386,1.235,-1.4432,-1.4418,0.1028,0.1866,0.163,-0.3264,3.1397,-3.1137,2.1544,0.222576163222,-1.23693208196,1.23693208196,-1.34822016357,-1.34822016357,0.222576163222,0.156440011858,0.234660017787,-0.234660017787,0.156440011858,0.156440011858,0.156440011858,1.59138285292,-25.2809898905,-5.85731685573,-14.2592857827,7.83517525994,-0.173231550322,2.244622
1150,2.30000019,5,234000205,0.2228,-1.2381,1.2338,-1.437,-1.4481,0.109,0.2112,0.2718,-0.6016,3.1345,-3.1257,3.1363,0.222888999437,-1.23646282764,1.23646282764,-1.34790732736,-1.34790732736,0.222888999437,0.156344335438,0.234516503158,-0.234516503158,0.156344335438,0.156344335438,0.156344335438,0.170786623035,-33.0728946529,10.8492925827,-12.4843628761,7.72041933989,-0.301676744518,2.266915
1151,2.302000046,5,236000061,0.2232,-1.2373,1.2319,-1.4307,-1.4535,0.1153,0.2318,0.4052,-0.9313,3.1281,-2.6878,3.1302,0.223201569439,-1.23599397264,1.23599397264,-1.34759475736,-1.34759475736,0.223201569439,0.156248071434,0.234372107151,-0.234372107151,0.156248071434,0.156248071434,0.156248071434,-1.18578376307,-42.8991856035,31.0260356895,-10.296469729,6.63332290805,-0.303967667892,1.168259
1152,2.303999901,5,237999916,0.2236,-1.2363,1.2296,-1.4244,-1.454,0.1216,0.207,0.5095,-1.1844,3.1313,-0.2684,3.1292,0.223513946161,-1.23552540755,1.23552540755,-1.34728238063,-1.34728238063,0.223513946161,0.156151197838,0.234226796757,-0.234226796757,0.156151197838,0.156151197838,0.156151197838,-0.760140796006,-51.2142065723,47.0223766768,-8.57804743499,1.4703369613,-0.316018930885,1.318000
1153,2.305999756,5,239999771,0.224,-1.2352,1.2273,-1.4195,-1.4481,0.1278,0.1531,0.5222,-1.1477,2.445,2.942,3.137,0.22382612854,-1.23505713398,1.23505713398,-1.34697019825,-1.34697019825,0.22382612854,0.156053715197,0.234080572795,-0.234080572795,0.156053715197,0.156053715197,0.156053715197,0.523125438199,-53.731383342,43.4224617513,-5.23838965034,-5.22520586476,-0.334099654956,1.415836
1154,2.308000087,5,242000102,0.2243,-1.2343,1.2257,-1.4191,-1.4419,0.1319,0.1519,0.4624,-0.8012,0.2119,3.1,2.0173,0.224138189595,-1.2345890424,1.2345890424,-1.3466581372,-1.3466581372,0.224138189595,0.155955600689,0.233933401033,-0.233933401033,0.155955600689,0.155955600689,0.155955600689,-0.894163816832,-51.4370861879,15.3434693395,3.8436036076,-5.50160775526,-0.193116980357,2.754601
1155,2.309999943,5,243999958,0.2245,-1.2336,1.225,-1.4234,-1.4357,0.1317,0.1445,0.3637,-0.356,-2.1191,3.0715,-0.076,0.224449979748,-1.23412135717,1.23412135717,-1.34634634705,-1.34634634705,0.224449979748,0.155856901563,0.233785352344,-0.233785352344,0.155856901563,0.155856901563,0.155856901563,-1.90436238786,-46.2978781891,-19.2720806531,12.8308889946,-5.31793236558,0.0764453134316,2.421634
1156,2.311999798,5,245999813,0.2248,-1.2331,1.225,-1.4296,-1.4295,0.127,0.1241,0.2488,0.0166,-3.1092,3.0438,-2.3446,0.224761571754,-1.23365396916,1.23365396916,-1.34603475504,-1.34603475504,0.224761571754,0.155757595249,0.233636392873,-0.233636392873,0.155757595249,0.155757595249,0.155757595249,-1.38159034189,-38.9067360255,-45.1433949432,15.4945844351,-5.10171989041,0.370927015237,2.592210
1157,2.314000129,5,248000144,0.225,-1.2328,1.2257,-1.4358,-1.4234,0.1208,0.0949,0.1188,0.3407,-3.1022,3.0255,-3.1009,0.225073038648,-1.23318676882,1.23318676882,-1.34572328815,-1.34572328815,0.225073038648,0.155657658455,0.233486487683,-0.233486487683,0.155657658455,0.155657658455,0.155657658455,0.292696191329,-29.5753159764,-64.8595990354,13.3810930162,-4.88115806094,0.470335351897,1.605987
1158,2.315999985,5,250000000,0.2252,-1.2328,1.2269,-1.4419,-1.4212,0.1146,0.1072,0.0014,0.6264,-3.0628,1.0809,-3.097,0.225384231139,-1.23271998009,1.23271998009,-1.34541209566,-1.34541209566,0.225384231139,0.155557139308,0.233335708962,-0.233335708962,0.155557139308,0.155557139308,0.155557139308,0.403513812882,-20.511505895,-82.5494859182,11.2608990279,-0.682871129905,0.480007090261,1.482691
1159,2.31799984,5,251999855,0.2255,-1.233,1.2285,-1.448,-1.4234,0.1083,0.1333,-0.0672,0.7853,-3.056,-1.1154,-3.1042,0.225695221846,-1.23225349403,1.23225349403,-1.34510110495,-1.34510110495,0.225695221846,0.155456014817,0.233184022226,-0.233184022226,0.155456014817,0.155456014817,0.155456014817,-0.170524184203,-14.7981541739,-92.8968336303,10.1426638396,3.99023996351,0.493135934335,1.307181
1160,2.320000171,5,254000186,0.2258,-1.233,1.2295,-1.4497,-1.4292,0.1028,0.1611,-0.0313,0.4995,-0.8642,-2.9202,-2.7673,0.226006083662,-1.2317872013,1.2317872013,-1.34479024313,-1.34479024313,0.226006083662,0.15535426127,0.233031391905,-0.233031391905,0.15535426127,0.15535426127,0.15535426127,0.355239462912,-15.0630945124,-68.8951498504,0.825524690289,7.70728986009,0.461243864462,1.230082
1161,2.322000026,5,256000041,0.2261,-1.2329,1.2294,-1.445,-1.4354,0.1022,0.1662,0.0676,-0.03,2.3714,-3.0729,-0.2798,0.226316667432,-1.23132132565,1.23132132565,-1.34447965936,-1.34447965936,0.226316667432,0.155251927719,0.232877891578,-0.232877891578,0.155251927719,0.155251927719,0.155251927719,2.16211182456,-19.450578919,-26.1430790266,-12.2089534143,7.90123156023,0.14224293186,2.480977
1162,2.323999882,5,257999897,0.2265,-1.2326,1.2288,-1.4387,-1.4416,0.1085,0.1841,0.1626,-0.336,3.1397,-3.1206,3.1369,0.226627046102,-1.23085575764,1.23085575764,-1.34416928069,-1.34416928069,0.226627046102,0.155148990601,0.232723485902,-0.232723485902,0.155148990601,0.155148990601,0.155148990601,1.68247390813,-25.5671179043,-5.09471096014,-14.1925583463,7.87751456668,-0.301315691349,2.288741
1163,2.326000213,5,260000228,0.2269,-1.232,1.2275,-1.4325,-1.4479,0.1148,0.208,0.2814,-0.6314,3.134,-3.1215,3.1351,0.226937291957,-1.23039038886,1.23039038886,-1.34385903484,-1.34385903484,0.226937291957,0.155045425938,0.232568138907,-0.232568138907,0.155045425938,0.155045425938,0.155045425938,0.355373913091,-34.1615092019,12.8318242468,-12.273648462,7.73348312704,-0.302553399534,1.225290
1164,2.328000068,5,262000083,0.2273,-1.2312,1.2256,-1.4262,-1.4515,0.121,0.2129,0.4149,-0.9682,3.1267,-1.7876,3.1265,0.227247256292,-1.22992544236,1.22992544236,-1.3435490705,-1.3435490705,0.227247256292,0.154941283605,0.232411925408,-0.232411925408,0.154941283605,0.154941283605,0.154941283605,-0.5065035233,-44.1704523213,33.5765679747,-9.99401912464,4.77698661475,-0.308286057962,1.235290
1165,2.329999923,5,263999938,0.2277,-1.2302,1.2232,-1.4199,-1.449,0.1273,0.1732,0.5051,-1.1846,3.131,1.2551,3.1294,0.227557011757,-1.22946080916,1.22946080916,-1.34323931504,-1.34323931504,0.227557011757,0.154836539672,0.232254809507,-0.232254809507,0.154836539672,0.154836539672,0.154836539672,0.499245813923,-51.6367953513,47.4953347712,-8.49939642249,-1.67366036469,-0.323807985357,1.193333
1166,2.331999779,5,265999794,0.228,-1.2292,1.2211,-1.4165,-1.4427,0.1336,0.146,0.4972,-1.0278,1.707,3.1323,3.1293,0.227866557303,-1.22899649084,1.22899649084,-1.34292976949,-1.34292976949,0.227866557303,0.15473119473,0.232096792095,-0.232096792095,0.15473119473,0.15473119473,0.15473119473,0.363416756591,-52.9272610576,33.9046984536,-2.24066464864,-5.58822947069,-0.335512065196,1.240338
1167,2.33400011,5,268000125,0.2283,-1.2283,1.2198,-1.4176,-1.4365,0.1356,0.1481,0.4361,-0.6775,-0.5342,3.0975,1.0338,0.22817596502,-1.22853237926,1.22853237926,-1.34262036177,-1.34262036177,0.22817596502,0.154625224248,0.231937836372,-0.231937836372,0.154625224248,0.154625224248,0.154625224248,-1.1914856235,-50.5132654978,5.44347742247,6.87451277684,-5.46094660848,-0.0662892737121,2.167480
1168,2.335999965,5,269999980,0.2285,-1.2276,1.2194,-1.4233,-1.4303,0.1335,0.1403,0.3323,-0.2193,-2.8782,3.0667,-1.0515,0.228485086611,-1.22806869688,1.22806869688,-1.34231124018,-1.34231124018,0.228485086611,0.15451867926,0.23177801889,-0.23177801889,0.15451867926,0.15451867926,0.15451867926,-2.20170675865,-45.0191198798,-30.0936994407,15.86289976,-5.26486184843,0.203295191415,2.225440
1169,2.33799982,5,271999835,0.2288,-1.2272,1.2195,-1.4296,-1.4241,0.1273,0.1182,0.2283,0.0663,-3.1096,3.042,-3.1066,0.228793994527,-1.227605335,1.227605335,-1.34200233227,-1.34200233227,0.228793994527,0.154411535279,0.231617302918,-0.231617302918,0.154411535279,0.154411535279,0.154411535279,-1.1352058506,-37.8167525132,-48.1987574245,15.2450530919,-5.07318483281,0.471151201861,2.226482
1170,2.340000152,5,274000167,0.229,-1.227,1.2203,-1.4357,-1.4188,0.121,0.0984,0.099,0.3851,-3.0687,2.6469,-3.0999,0.229102761176,-1.22714218503,1.22714218503,-1.34169356562,-1.34169356562,0.229102761176,0.154303767195,0.231455650793,-0.231455650793,0.154303767195,0.154303767195,0.154303767195,0.154277045496,-28.3676426114,-67.5569103291,12.9718574239,-4.07704324479,0.473618958269,1.236311
1171,2.342000007,5,276000022,0.2292,-1.227,1.2215,-1.4418,-1.4178,0.1148,0.1179,-0.0018,0.6306,-3.067,0.4976,-3.0997,0.229411238104,-1.22667946964,1.22667946964,-1.34138508869,-1.34138508869,0.229411238104,0.154195427073,0.231293140609,-0.231293140609,0.154195427073,0.154195427073,0.154195427073,-0.0699625765215,-20.4674469488,-82.9971614483,11.3073674258,0.525451605702,0.4849417763,1.204288
1172,2.343999862,5,277999877,0.2295,-1.2271,1.2228,-1.4466,-1.4211,0.1086,0.1456,-0.0395,0.6533,-2.3695,-1.6621,-3.1065,0.22971949777,-1.22621708014,1.22621708014,-1.34107682902,-1.34107682902,0.22971949777,0.154086489953,0.231129734929,-0.231129734929,0.154086489953,0.154086489953,0.154086489953,-0.321640627583,-16.4813487589,-82.7254422588,7.56965159345,5.07939079171,0.498283972065,1.367098
1173,2.346000194,5,280000209,0.2298,-1.227,1.2233,-1.4455,-1.4271,0.1048,0.1662,0.0281,0.2267,0.5504,-2.9736,-1.8905,0.230027612428,-1.22575490815,1.22575490815,-1.34076871437,-1.34076871437,0.230027612428,0.153976930313,0.230965395469,-0.230965395469,0.153976930313,0.153976930313,0.153976930313,0.882958721497,-18.6057597461,-47.5644144867,-4.53535512248,7.72308611345,0.350051405968,2.427092
1174,2.348000049,5,282000064,0.2302,-1.2268,1.2228,-1.4392,-1.4332,0.1077,0.1732,0.1214,-0.2337,3.1369,-3.0799,1.4617,0.23033543394,-1.22529317588,1.22529317588,-1.34046089285,-1.34046089285,0.23033543394,0.153866801081,0.230800201622,-0.230800201622,0.153866801081,0.153866801081,0.153866801081,2.15835923907,-23.1292853343,-11.0381750493,-14.7504071218,7.82463895882,-0.0830794773327,2.192374
1175,2.349999904,5,283999919,0.2306,-1.2263,1.2219,-1.4329,-1.4395,0.114,0.1928,0.2077,-0.4537,3.1381,-3.127,3.1388,0.230643034615,-1.22483177487,1.22483177487,-1.34015329218,-1.34015329218,0.230643034615,0.153756076884,0.230634115327,-0.230634115327,0.153756076884,0.153756076884,0.153756076884,1.0997415628,-29.2939690105,2.31856094039,-13.3937469782,7.82195787574,-0.301750604117,2.760866
1176,2.351999759,5,285999774,0.231,-1.2257,1.2204,-1.4266,-1.4457,0.1203,0.2189,0.3277,-0.7528,3.1337,-3.1229,3.1357,0.230950413262,-1.2243707069,1.2243707069,-1.33984591353,-1.33984591353,0.230950413262,0.153644758408,0.230467137611,-0.230467137611,0.153644758408,0.153644758408,0.153644758408,-0.393560983887,-37.9654716992,20.5279517701,-11.4532651693,7.65964130518,-0.302779881457,1.347925
1177,2.354000091,5,288000106,0.2314,-1.2248,1.2183,-1.4204,-1.4483,0.1265,0.2065,0.4419,-1.0394,3.128,-1.2705,3.1289,0.231257641931,-1.2239098639,1.2239098639,-1.33953868486,-1.33953868486,0.231257641931,0.153532819576,0.230299229364,-0.230299229364,0.153532819576,0.153532819576,0.153532819576,-0.427001699435,-46.7747178581,38.4025534342,-9.48976797734,3.66576150027,-0.311376330019,1.372618
1178,2.355999946,5,289999961,0.2317,-1.2238,1.216,-1.4141,-1.4445,0.1328,0.1586,0.4947,-1.1565,3.1383,1.8724,3.1354,0.231564572909,-1.22344946743,1.22344946743,-1.33923175389,-1.33923175389,0.231564572909,0.153420314469,0.230130471704,-0.230130471704,0.153420314469,0.153420314469,0.153420314469,0.996234952492,-51.6090789685,46.380483364,-8.697029773,-2.93846713468,-0.328436443763,1.288549
1179,2.357999801,5,291999816,0.232,-1.2229,1.2143,-1.4122,-1.4383,0.1382,0.1381,0.443,-0.8347,0.9737,3.1118,2.6952,0.231871278302,-1.22298940934,1.22298940934,-1.33892504849,-1.33892504849,0.231871278302,0.153307217162,0.229960825742,-0.229960825742,0.153307217162,0.153307217162,0.153307217162,0.289504584651,-50.1042633618,20.2046044921,0.2178995904,-5.46062348519,-0.280618496253,1.221909
1180,2.360000133,5,294000148,0.2323,-1.2222,1.2135,-1.4148,-1.4321,0.1394,0.1359,0.3634,-0.4388,-1.3077,3.0834,0.6063,0.232177829998,-1.2225295818,1.2225295818,-1.3386184968,-1.3386184968,0.232177829998,0.153193501166,0.22979025175,-0.22979025175,0.153193501166,0.153193501166,0.153193501166,-1.04466113445,-46.306443366,-11.2529988603,9.24959171009,-5.31372579002,-0.0121157617986,2.204203
1181,2.361999988,5,296000003,0.2325,-1.2217,1.2134,-1.421,-1.4259,0.1363,0.1228,0.2535,-0.0103,-3.115,3.0561,-1.5429,0.232484080614,-1.22207020587,1.22207020587,-1.33831224618,-1.33831224618,0.232484080614,0.153079221422,0.229618832134,-0.229618832134,0.153079221422,0.153079221422,0.153079221422,-1.42314906892,-39.8977901711,-43.2489887598,15.7049615468,-5.1109726038,0.266140748554,2.256944
1182,2.363999843,5,297999858,0.2327,-1.2214,1.214,-1.4272,-1.4197,0.1301,0.0986,0.143,0.2703,-3.1086,3.034,-3.1037,0.232790102097,-1.22161117365,1.22161117365,-1.3380062247,-1.3380062247,0.232790102097,0.152964351592,0.229446527388,-0.229446527388,0.152964351592,0.152964351592,0.152964351592,-0.0683286394512,-32.0020017664,-60.3618184291,13.8914028462,-4.9149387575,0.469929454619,2.236857
1183,2.366000175,5,300000190,0.2329,-1.2214,1.2151,-1.4334,-1.4155,0.1238,0.0907,0.018,0.5789,-3.0693,2.086,-3.0995,0.233095966177,-1.22115237753,1.22115237753,-1.33770036062,-1.33770036062,0.233095966177,0.152848864778,0.229273297167,-0.229273297167,0.152848864778,0.152848864778,0.152848864778,0.762576532075,-22.6586512955,-79.2708310403,11.6646551593,-2.77630351262,0.475179380264,1.281586
1184,2.36800003,5,302000045,0.2331,-1.2215,1.2167,-1.4395,-1.4157,0.1176,0.1162,-0.0571,0.7592,-3.0714,-0.0801,-3.1032,0.233401525802,-1.22069403809,1.22069403809,-1.33739480099,-1.33739480099,0.233401525802,0.152732816776,0.229099225164,-0.229099225164,0.152732816776,0.152732816776,0.152732816776,0.201544290179,-16.5600636213,-90.9377548355,10.448209203,1.82683693587,0.487524134921,1.204446
1185,2.369999885,5,303999900,0.2334,-1.2216,1.2179,-1.4428,-1.4201,0.1113,0.1489,-0.0466,0.6029,-1.6332,-2.1955,-3.1131,0.23370685276,-1.22023604766,1.22023604766,-1.33708947404,-1.33708947404,0.23370685276,0.152616180837,0.228924271255,-0.228924271255,0.152616180837,0.152616180837,0.152616180837,0.101343053157,-15.4965903198,-77.3873934237,4.11498537764,6.21742613131,0.501882368192,1.278598
1186,2.372000217,5,306000232,0.2338,-1.2215,1.218,-1.4396,-1.4262,0.1084,0.167,0.0529,0.0762,1.5681,-3.0536,-1.4471,0.234012018617,-1.21977829887,1.21977829887,-1.33678430818,-1.33678430818,0.234012018617,0.152498929656,0.228748394484,-0.228748394484,0.152498929656,0.152498929656,0.152498929656,1.3946075045,-19.8108461632,-35.0940852056,-8.76508729595,7.86779798668,0.293503218841,2.429880
1187,2.374000072,5,308000087,0.2341,-1.2212,1.2174,-1.4333,-1.4324,0.1125,0.181,0.1546,-0.3149,3.1394,-3.1118,2.0413,0.23431687666,-1.2193210118,1.2193210118,-1.33647945013,-1.33647945013,0.23431687666,0.152381119881,0.228571679821,-0.228571679821,0.152381119881,0.152381119881,0.152381119881,1.67157306614,-25.7942334858,-6.19125749873,-14.2674687923,7.85674035188,-0.157960606082,2.474095
1188,2.375999927,5,309999942,0.2345,-1.2206,1.2162,-1.4271,-1.4387,0.1188,0.2054,0.2655,-0.5967,3.1357,-3.1246,3.136,0.234621498516,-1.21886407902,1.21886407902,-1.33617482828,-1.33617482828,0.234621498516,0.152262724354,0.228394086531,-0.228394086531,0.152262724354,0.152262724354,0.152262724354,0.307988393643,-33.7755440871,10.923106048,-12.4546970039,7.74091773732,-0.301037327732,3.364165
1189,2.377999782,5,311999797,0.235,-1.2198,1.2143,-1.4208,-1.4441,0.1251,0.2269,0.4027,-0.9354,3.1286,-2.7311,3.1295,0.234925883012,-1.21840750228,1.21840750228,-1.33587044378,-1.33587044378,0.234925883012,0.152143743811,0.228215615717,-0.228215615717,0.152143743811,0.152143743811,0.152143743811,-1.10408693136,-43.8761109627,31.632153636,-10.2038835741,6.73925845951,-0.303037427906,1.439935
1190,2.380000114,5,314000129,0.2354,-1.2188,1.2119,-1.4146,-1.4449,0.1313,0.2046,0.5103,-1.1973,3.1304,-0.3748,3.1287,0.235230101495,-1.21795117455,1.21795117455,-1.3355662253,-1.3355662253,0.235230101495,0.152024150405,0.228036225608,-0.228036225608,0.152024150405,0.152024150405,0.152024150405,-0.809481488737,-52.4144335924,48.1722559662,-8.41626314411,1.70138218912,-0.314715376283,1.250141
1191,2.381999969,5,315999984,0.2357,-1.2177,1.2096,-1.4096,-1.4392,0.1376,0.1523,0.5273,-1.1693,2.478,2.8289,3.1366,0.23553400771,-1.21749531523,1.21749531523,-1.33526231909,-1.33526231909,0.23553400771,0.151904001917,0.227856002875,-0.227856002875,0.151904001917,0.151904001917,0.151904001917,0.418670075907,-55.2450431678,45.1943329902,-5.1935632599,-4.98525564026,-0.332783467922,2.067140
1192,2.383999824,5,317999839,0.236,-1.2168,1.2079,-1.4091,-1.433,0.1419,0.1491,0.4664,-0.8225,0.2557,3.0985,2.1492,0.235837673062,-1.2170398172,1.2170398172,-1.33495865373,-1.33495865373,0.235837673062,0.151783270645,0.227674905967,-0.227674905967,0.151783270645,0.151783270645,0.151783270645,-0.932571684285,-52.884956194,17.1886151089,3.83696246391,-5.49219680358,-0.209518137371,2.774928
1193,2.386000156,5,320000171,0.2363,-1.2161,1.2072,-1.4132,-1.4268,0.1421,0.1422,0.3655,-0.3736,-2.0735,3.0683,0.078,0.23614116873,-1.2165845737,1.2165845737,-1.33465515806,-1.33465515806,0.23614116873,0.151661928337,0.227492892505,-0.227492892505,0.151661928337,0.151661928337,0.151661928337,-2.02262646302,-47.578358722,-17.6289654188,12.7853941471,-5.30505504432,0.0569470782258,3.825169
1194,2.388000011,5,322000026,0.2365,-1.2156,1.2072,-1.4195,-1.4206,0.1377,0.1216,0.2465,0.0127,-3.1109,3.0402,-2.1714,0.236444348807,-1.21612980358,1.21612980358,-1.33435197799,-1.33435197799,0.236444348807,0.151540033619,0.227310050429,-0.227310050429,0.151540033619,0.151540033619,0.151540033619,-1.495756233,-39.9320372104,-44.4752686184,15.6001673321,-5.08140512339,0.348700628435,4.014783
1195,2.389999866,5,323999881,0.2367,-1.2154,1.2079,-1.4257,-1.4145,0.1315,0.0926,0.1121,0.3473,-3.1037,3.0197,-3.0989,0.236747284531,-1.2156754,1.2156754,-1.33404904226,-1.33404904226,0.236747284531,0.151417558386,0.227126337578,-0.227126337578,0.151417558386,0.151417558386,0.151417558386,0.13872198147,-30.2469218497,-64.8094186413,13.4144043631,-4.85064786523,0.470202667663,2.178837
1196,2.392000198,5,326000213,0.2369,-1.2154,1.2092,-1.4318,-1.4121,0.1252,0.1011,-0.0117,0.6474,-3.0613,1.1987,-3.0957,0.23705004691,-1.21522125643,1.21522125643,-1.33374627988,-1.33374627988,0.23705004691,0.15129447398,0.22694171097,-0.22694171097,0.15129447398,0.15129447398,0.15129447398,0.412923482485,-20.7505003255,-83.3479786118,11.1843777923,-0.898340891857,0.479379492029,1.675450
1197,2.394000053,5,328000068,0.2372,-1.2156,1.2109,-1.4379,-1.414,0.119,0.1253,-0.0855,0.8194,-3.065,-0.9789,-3.102,0.237352490392,-1.21476759121,1.21476759121,-1.3334438364,-1.3334438364,0.237352490392,0.151170839872,0.226756259807,-0.226756259807,0.151170839872,0.151170839872,0.151170839872,-0.0629669139163,-14.6811453769,-94.5285313526,10.0295683525,3.74314692702,0.4921467399,1.859462
1198,2.395999908,5,329999923,0.2375,-1.2157,1.2119,-1.4398,-1.4198,0.1132,0.1543,-0.0528,0.5462,-0.9296,-2.903,-2.9251,0.237654686045,-1.21431429773,1.21431429773,-1.33314164075,-1.33314164075,0.237654686045,0.15104662755,0.226569941325,-0.226569941325,0.15104662755,0.15104662755,0.15104662755,0.414539854842,-14.7032221286,-71.4829007754,0.914695335271,7.71358104917,0.481565814498,1.575686
1199,2.397999763,5,331999778,0.2378,-1.2156,1.212,-1.4352,-1.426,0.1119,0.159,0.0467,0.0165,2.3045,-3.0634,-0.6367,0.237956632713,-1.21386137772,1.21386137772,-1.33283969408,-1.33283969408,0.237956632713,0.150921837791,0.226382756687,-0.226382756687,0.150921837791,0.150921837791,0.150921837791,2.24954525579,-19.1513142106,-28.7789975934,-12.1141130654,7.92490028289,0.188744098102,2.593169
1200,2.400000095,5,334000110,0.2381,-1.2153,1.2114,-1.4289,-1.4322,0.1178,0.1759,0.1444,-0.3015,3.14,-3.1115,2.957,0.238258401174,-1.21340872503,1.21340872503,-1.33253792562,-1.33253792562,0.238258401174,0.150796441403,0.226194662105,-0.226194662105,0.150796441403,0.150796441403,0.150796441403,1.92204108119,-25.4235293393,-6.77724583482,-14.3584853919,7.89998505759,-0.277468935632,3.056503
1201,2.40199995,5,335999965,0.2386,-1.2147,1.2102,-1.4226,-1.4384,0.1241,0.203,0.2667,-0.6055,3.1354,-3.1193,3.1343,0.238559846354,-1.21295655726,1.21295655726,-1.33223648044,-1.33223648044,0.238559846354,0.150670498974,0.226005748461,-0.226005748461,0.150670498974,0.150670498974,0.150670498974,0.339000080995,-34.265999879,11.6392602974,-12.3932683695,7.75662087341,-0.301738268587,1.631182
1202,2.403999805,5,337999820,0.239,-1.2139,1.2083,-1.4163,-1.4423,0.1303,0.2088,0.4065,-0.9566,3.1242,-1.9147,3.1258,0.238861039092,-1.21250476816,1.21250476816,-1.3319352877,-1.3319352877,0.238861039092,0.150543981457,0.225815972185,-0.225815972185,0.150543981457,0.150543981457,0.150543981457,-0.470942355696,-44.7228333494,33.2114657629,-10.0013492908,5.06470611684,-0.306888067215,1.361628
1203,2.406000137,5,340000152,0.2393,-1.2129,1.2059,-1.4101,-1.4401,0.1366,0.172,0.5031,-1.189,3.1305,1.1062,3.1283,0.239162049988,-1.21205325181,1.21205325181,-1.33163427681,-1.33163427681,0.239162049988,0.150416859261,0.225625288892,-0.225625288892,0.150416859261,0.150416859261,0.150416859261,0.387623952393,-52.6466828658,48.0903423259,-8.40739889807,-1.35119295084,-0.322146388218,1.194773
1204,2.407999992,5,342000007,0.2396,-1.2119,1.2038,-1.4065,-1.4338,0.1429,0.1429,0.5026,-1.0548,1.7914,3.1362,3.1304,0.239462734335,-1.21160222529,1.21160222529,-1.33133359246,-1.33133359246,0.239462734335,0.15028919381,0.225433790715,-0.225433790715,0.15028919381,0.15028919381,0.15028919381,0.34460794431,-54.4640639957,36.1580524006,-2.42666132546,-5.59274365123,-0.334692225534,1.286932
1205,2.409999847,5,343999862,0.2399,-1.211,1.2023,-1.4074,-1.4276,0.1453,0.1463,0.444,-0.7129,-0.437,3.0969,1.237,0.239763162798,-1.2111515826,1.2111515826,-1.331033164,-1.331033164,0.239763162798,0.150160955656,0.225241433484,-0.225241433484,0.150160955656,0.150160955656,0.150160955656,-1.28748373006,-52.21446149,8.30700241249,6.68117265296,-5.4638708905,-0.0917687033007,2.258430
1206,2.412000179,5,346000194,0.2402,-1.2103,1.2018,-1.4129,-1.4214,0.1437,0.139,0.3411,-0.2583,-2.7739,3.0667,-0.8248,0.240063405795,-1.2107012181,1.2107012181,-1.330732921,-1.330732921,0.240063405795,0.150032114811,0.225048172217,-0.225048172217,0.150032114811,0.150032114811,0.150032114811,-2.3642713839,-46.7791354252,-26.9533814361,15.6561920512,-5.27309966706,0.174506294622,2.147290
1207,2.414000034,5,348000049,0.2404,-1.2099,1.2019,-1.4191,-1.4152,0.1374,0.1176,0.2341,0.0433,-3.1107,3.0383,-3.1053,0.240363318994,-1.2102513483,1.2102513483,-1.3304330078,-1.3304330078,0.240363318994,0.149902733529,0.224854100294,-0.224854100294,0.149902733529,0.149902733529,0.149902733529,-1.3885793756,-39.4449524962,-46.3684213967,15.4655206114,-5.06879936489,0.471545872103,2.525258
1208,2.415999889,5,349999904,0.2406,-1.2097,1.2027,-1.4253,-1.4096,0.1312,0.095,0.1005,0.3712,-3.0662,2.7945,-3.0983,0.240662972878,-1.20980186748,1.20980186748,-1.33013335392,-1.33013335392,0.240662972878,0.149772781966,0.224659172949,-0.224659172949,0.149772781966,0.149772781966,0.149772781966,-0.0245563748279,-29.7168331538,-66.2292538526,13.1212560818,-4.38281659706,0.473208661633,1.326639
1209,2.418000221,5,352000236,0.2408,-1.2097,1.2039,-1.4314,-1.4083,0.125,0.1125,-0.0067,0.6315,-3.0621,0.6639,-3.0968,0.240962437687,-1.20935267026,1.20935267026,-1.32983388911,-1.32983388911,0.240962437687,0.149642229736,0.224463344604,-0.224463344604,0.149642229736,0.149642229736,0.149642229736,-0.141540793878,-21.3622453607,-82.5317602421,11.3457460502,0.189424141259,0.484163016414,1.272386
1210,2.420000076,5,354000091,0.2411,-1.2098,1.2053,-1.4363,-1.4112,0.1187,0.138,-0.0526,0.6839,-2.4695,-1.4833,-3.1042,0.241261569463,-1.2089039726,1.2089039726,-1.32953475733,-1.32953475733,0.241261569463,0.149511139922,0.224266709882,-0.224266709882,0.149511139922,0.149511139922,0.149511139922,-0.32739172509,-16.8840774498,-84.4155400229,7.94254041732,4.72985663183,0.497427141801,1.254328
1211,2.421999931,5,355999946,0.2414,-1.2098,1.2059,-1.4357,-1.4171,0.1145,0.1601,0.008,0.2834,0.3352,-2.9473,-2.1197,0.24156043851,-1.20845566903,1.20845566903,-1.32923588828,-1.32923588828,0.24156043851,0.149379482282,0.224069223422,-0.224069223422,0.149379482282,0.149379482282,0.149379482282,0.784904470256,-18.526192415,-51.2515102294,-3.74912752546,7.70080956631,0.379898309067,2.291837
1212,2.423999786,5,357999801,0.2417,-1.2096,1.2055,-1.4294,-1.4233,0.1168,0.1656,0.1035,-0.1993,3.1362,-3.0687,1.1817,0.241859043694,-1.20800776125,1.20800776125,-1.3289372831,-1.3289372831,0.241859043694,0.149247257643,0.223870886464,-0.223870886464,0.149247257643,0.149247257643,0.149247257643,2.32638362021,-23.0587151369,-12.6811778565,-14.9099602288,7.83424895271,-0.0462623821622,2.279897
1213,2.426000118,5,360000133,0.2421,-1.2092,1.2046,-1.4231,-1.4295,0.1231,0.1833,0.1892,-0.4155,3.1378,-3.1176,3.1359,0.242157455009,-1.20756014428,1.20756014428,-1.32863887179,-1.32863887179,0.242157455009,0.149114435094,0.223671652641,-0.223671652641,0.149114435094,0.149114435094,0.149114435094,1.41094608263,-29.1675993204,0.450638094718,-13.5806913174,7.83894741388,-0.300827868675,2.224083
1214,2.427999973,5,361999988,0.2425,-1.2086,1.2032,-1.4168,-1.4358,0.1294,0.2094,0.3091,-0.717,3.1368,-3.1205,3.1347,0.242455529005,-1.20711303329,1.20711303329,-1.32834079779,-1.32834079779,0.242455529005,0.148981078817,0.223471618226,-0.223471618226,0.148981078817,0.148981078817,0.148981078817,-0.0789382094051,-37.821785838,18.8015690868,-11.6439357274,7.69132854399,-0.302075048964,1.212219
1215,2.429999828,5,363999843,0.2429,-1.2077,1.2012,-1.4106,-1.4386,0.1357,0.2091,0.4297,-1.0164,3.1273,-1.4422,3.1291,0.242753335743,-1.20666632318,1.20666632318,-1.32804299105,-1.32804299105,0.242753335743,0.148847158044,0.223270737066,-0.223270737066,0.148847158044,0.148847158044,0.148847158044,-0.877229380523,-47.0503242687,37.3587640638,-9.58758682922,4.03223772313,-0.309899660096,1.298075
1216,2.43200016,5,366000175,0.2432,-1.2067,1.1988,-1.4043,-1.4353,0.1419,0.1566,0.4901,-1.1529,3.1382,1.6652,3.1346,0.243050945032,-1.20621990925,1.20621990925,-1.32774538176,-1.32774538176,0.243050945032,0.148712641473,0.223068962209,-0.223068962209,0.148712641473,0.148712641473,0.148712641473,0.951838841701,-52.4496138898,46.535601566,-8.66249292119,-2.49354516425,-0.326625865797,1.279282
1217,2.434000015,5,368000030,0.2435,-1.2058,1.1972,-1.4023,-1.4291,0.1479,0.1336,0.4398,-0.8382,0.9957,3.1148,2.9931,0.243348213808,-1.20577400608,1.20577400608,-1.32744811299,-1.32744811299,0.243348213808,0.148577594104,0.222866391156,-0.222866391156,0.148577594104,0.148577594104,0.148577594104,0.29173260441,-51.0697472091,20.8715617777,0.191470062857,-5.45616334215,-0.318649216332,1.248353
1218,2.43599987,5,369999885,0.2438,-1.2051,1.1963,-1.4049,-1.4228,0.1498,0.1327,0.3628,-0.4508,-1.273,3.0836,0.9295,0.243645211946,-1.20532850888,1.20532850888,-1.32715111485,-1.32715111485,0.243645211946,0.148441984777,0.222662977166,-0.222662977166,0.148441984777,0.148441984777,0.148441984777,-1.12561267433,-47.4471812776,-10.0004390475,9.21880512507,-5.31150196105,-0.0537660557298,2.202021
1219,2.438000202,5,372000217,0.244,-1.2046,1.1962,-1.4111,-1.4167,0.1474,0.121,0.2541,-0.023,-3.1164,3.0556,-1.1942,0.243942009066,-1.2048833132,1.2048833132,-1.32685431773,-1.32685431773,0.243942009066,0.148305781801,0.222458672701,-0.222458672701,0.148305781801,0.148305781801,0.148305781801,-1.62586863472,-41.1516883219,-42.0725303971,15.8629756057,-5.11117275493,0.220820792709,2.256008
1220,2.440000057,5,374000072,0.2442,-1.2043,1.1967,-1.4173,-1.4105,0.1412,0.0973,0.1443,0.2563,-3.1099,3.032,-3.103,0.244238462498,-1.20443863305,1.20443863305,-1.3265578643,-1.3265578643,0.244238462498,0.148169050991,0.222253576487,-0.222253576487,0.148169050991,0.148169050991,0.148169050991,-0.317160338911,-33.3155716657,-59.0764070164,14.0608606632,-4.91309669178,0.469634825266,2.232594
1221,2.441999912,5,375999927,0.2444,-1.2043,1.1979,-1.4234,-1.4059,0.1349,0.0852,0.0162,0.5717,-3.0653,2.2857,-3.0978,0.244534641928,-1.2039943639,1.2039943639,-1.32626168487,-1.32626168487,0.244534641928,0.148031760798,0.222047641197,-0.222047641197,0.148031760798,0.148031760798,0.148031760798,0.66075796896,-23.797505538,-78.3641119977,11.7648892103,-3.18962667427,0.473831579199,1.213388
1222,2.443999767,5,377999782,0.2446,-1.2044,1.1994,-1.4296,-1.4056,0.1287,0.1095,-0.0617,0.7584,-3.0701,0.131,-3.1017,0.24483054624,-1.20355050744,1.20355050744,-1.32596578056,-1.32596578056,0.24483054624,0.147893912086,0.221840868129,-0.221840868129,0.147893912086,0.147893912086,0.147893912086,0.163363176954,-17.5074531088,-90.3854279196,10.5251815689,1.39034921201,0.486087720396,1.191245
1223,2.446000099,5,380000114,0.2449,-1.2045,1.2006,-1.4329,-1.4096,0.1224,0.1411,-0.0546,0.6134,-1.6737,-1.9705,-3.1116,0.245126244795,-1.2031069596,1.2031069596,-1.325670082,-1.325670082,0.245126244795,0.147755472647,0.221633208971,-0.221633208971,0.147755472647,0.147755472647,0.147755472647,0.095912515903,-16.2403019315,-77.6424060744,4.32984170152,5.7546587476,0.50031441248,2.436094
1224,2.447999954,5,381999969,0.2452,-1.2044,1.2008,-1.4299,-1.4157,0.1188,0.1618,0.0452,0.0884,1.5142,-3.0367,-1.8206,0.245421595455,-1.20266393361,1.20266393361,-1.32537473134,-1.32537473134,0.245421595455,0.14761650938,0.221424764069,-0.221424764069,0.14761650938,0.14761650938,0.14761650938,1.36582782062,-20.5605854142,-35.5507574129,-8.49962162251,7.83920959864,0.341694855058,3.714388
1225,2.449999809,5,383999824,0.2456,-1.2041,1.2002,-1.4236,-1.4219,0.1221,0.1752,0.1467,-0.3066,3.1392,-3.1097,1.6436,0.245716667653,-1.20222132531,1.20222132531,-1.32507965914,-1.32507965914,0.245716667653,0.147476990215,0.221215485322,-0.221215485322,0.147476990215,0.147476990215,0.147476990215,1.68749897421,-26.4942822872,-6.22666279668,-14.2497358832,7.8590539902,-0.106119953935,2.806165
1226,2.452000141,5,386000156,0.246,-1.2036,1.199,-1.4173,-1.4281,0.1283,0.195,0.2574,-0.5876,3.1375,-3.1257,3.1364,0.246011530558,-1.20177903096,1.20177903096,-1.32478479624,-1.32478479624,0.246011530558,0.147336882558,0.221005323837,-0.221005323837,0.147336882558,0.147336882558,0.147336882558,0.679237166724,-34.4453991111,10.8602752058,-12.4533551698,7.7576440912,-0.30071869605,3.006003
1227,2.453999996,5,388000011,0.2464,-1.2028,1.1972,-1.4111,-1.434,0.1346,0.2243,0.3965,-0.93,3.1271,-2.93,3.1302,0.246306042433,-1.20133726315,1.20133726315,-1.32449028436,-1.32449028436,0.246306042433,0.147196254115,0.220794381172,-0.220794381172,0.147196254115,0.147196254115,0.147196254115,-1.13716433373,-44.6375862051,31.720748938,-10.1708467191,7.15841297365,-0.301816314823,1.437128
1228,2.455999851,5,389999866,0.2468,-1.2018,1.1948,-1.4048,-1.4356,0.1409,0.2067,0.5071,-1.1985,3.1293,-0.7873,3.1289,0.246600272518,-1.20089591802,1.20089591802,-1.32419605428,-1.32419605428,0.246600272518,0.147055072431,0.220582608646,-0.220582608646,0.147055072431,0.147055072431,0.147055072431,-1.02390792671,-53.3510278357,48.6305450793,-8.35196695118,2.56301801027,-0.312519007767,1.252040
1229,2.458000183,5,392000198,0.2471,-1.2008,1.1924,-1.3997,-1.4308,0.1472,0.1549,0.5259,-1.1805,2.5367,2.3963,3.1362,0.246894289786,-1.20045489212,1.20045489212,-1.32390203701,-1.32390203701,0.246894289786,0.146913304527,0.22036995679,-0.22036995679,0.146913304527,0.146913304527,0.146913304527,0.216845591934,-56.2242312506,46.490733573,-5.36675909206,-4.07767086868,-0.330385677864,1.687560
1230,2.460000038,5,394000053,0.2474,-1.1998,1.1907,-1.3991,-1.4246,0.1523,0.1432,0.4619,-0.8293,0.3319,3.0997,2.5565,0.247187952909,-1.20001439743,1.20001439743,-1.32360837389,-1.32360837389,0.247187952909,0.146771018913,0.220156528369,-0.220156528369,0.146771018913,0.146771018913,0.146771018913,-0.823170917073,-53.7614868321,18.3514363235,3.56134210047,-5.47730989563,-0.262222021473,1.832083
1231,2.461999893,5,395999908,0.2477,-1.1991,1.19,-1.4031,-1.4184,0.1533,0.1368,0.3592,-0.3772,-1.9968,3.0666,0.5042,0.247481330931,-1.1995743304,1.1995743304,-1.32331499586,-1.32331499586,0.247481330931,0.14662818275,0.219942274124,-0.219942274124,0.14662818275,0.14662818275,0.14662818275,-1.95953783985,-48.321300788,-16.6447589007,12.4833023075,-5.28367155623,0.00132276062322,3.164578
1232,2.463999748,5,397999763,0.2479,-1.1987,1.19,-1.4093,-1.4122,0.1498,0.1168,0.2362,0.0242,-3.1112,3.0365,-1.7193,0.247774422752,-1.19913469267,1.19913469267,-1.32302190404,-1.32302190404,0.247774422752,0.146484796942,0.219727195413,-0.219727195413,0.146484796942,0.146484796942,0.146484796942,-1.53452650001,-40.4039578707,-44.6443752747,15.5861679847,-5.05176860005,0.289158469206,2.940844
1233,2.46600008,5,400000095,0.2481,-1.1985,1.1908,-1.4155,-1.406,0.1436,0.0878,0.0985,0.3666,-3.1059,3.0149,-3.0971,0.248067297077,-1.19869538118,1.19869538118,-1.32272902972,-1.32272902972,0.248067297077,0.146340828002,0.219511242003,-0.219511242003,0.146340828002,0.146340828002,0.146340828002,0.0713656753949,-30.4871832371,-65.4694417056,13.354783165,-4.81416839392,0.468853755579,3.412826
1234,2.467999935,5,401999950,0.2483,-1.1985,1.1921,-1.4216,-1.4028,0.1374,0.0873,-0.0314,0.6811,-3.058,1.6029,-3.094,0.248359813133,-1.1982566071,1.1982566071,-1.32243651366,-1.32243651366,0.248359813133,0.146196345506,0.219294518259,-0.219294518259,0.146196345506,0.146196345506,0.146196345506,0.682813733587,-20.6519989786,-84.7859019661,11.0172767878,-1.70254688558,0.476112124963,1.483657
1235,2.46999979,5,403999805,0.2485,-1.1987,1.1939,-1.4277,-1.4039,0.1311,0.1105,-0.1093,0.8617,-3.0656,-0.5582,-3.1002,0.248652039698,-1.19781826725,1.19781826725,-1.3221442871,-1.3221442871,0.248652039698,0.146051316104,0.219076974156,-0.219076974156,0.146051316104,0.146051316104,0.146051316104,0.277237422631,-14.2933750868,-96.5035158538,9.82275445161,2.90440700417,0.488765394443,1.738789
1236,2.472000122,5,406000137,0.2488,-1.1989,1.1951,-1.4298,-1.4092,0.1249,0.141,-0.0781,0.6008,-1.013,-2.603,-3.1133,0.248944045276,-1.19738025888,1.19738025888,-1.32185228152,-1.32185228152,0.248944045276,0.145905705929,0.218858558894,-0.218858558894,0.145905705929,0.145905705929,0.145905705929,0.675028384989,-14.2282348713,-74.5471701311,1.04100760229,7.12505732137,0.503447195051,1.277821
1237,2.473999977,5,407999992,0.2491,-1.1988,1.1952,-1.4254,-1.4153,0.1223,0.1512,0.0257,0.0642,2.2093,-3.0592,-1.3077,0.249235689512,-1.19694279253,1.19694279253,-1.32156063728,-1.32156063728,0.249235689512,0.145759585352,0.218639378027,-0.218639378027,0.145759585352,0.145759585352,0.145759585352,2.31579908421,-18.9550178376,-31.5177137738,-11.8883970663,7.94249023418,0.275133962811,2.397604
1238,2.475999832,5,409999847,0.2494,-1.1986,1.1946,-1.4191,-1.4215,0.1268,0.1685,0.1283,-0.2737,3.1403,-3.1203,2.2563,0.249527040984,-1.19650576532,1.19650576532,-1.32126928581,-1.32126928581,0.249527040984,0.145612920642,0.218419380964,-0.218419380964,0.145612920642,0.145612920642,0.145612920642,2.02882504446,-25.4764351715,-7.99393818488,-14.4853921812,7.93670100359,-0.186298575117,2.092473
1239,2.478000164,5,412000179,0.2498,-1.1981,1.1935,-1.4128,-1.4278,0.133,0.1958,0.2534,-0.5901,3.1365,-3.1161,3.1331,0.249818167992,-1.19606907481,1.19606907481,-1.3209781588,-1.3209781588,0.249818167992,0.145465677558,0.218198516336,-0.218198516336,0.145465677558,0.145465677558,0.145465677558,0.478525432715,-34.4600111424,11.1674939929,-12.4421816211,7.76155386926,-0.300984609316,1.794129
1240,2.480000019,5,414000034,0.2502,-1.1973,1.1915,-1.4065,-1.4324,0.1393,0.211,0.4056,-0.9603,3.124,-2.3057,3.1259,0.250108930605,-1.19563293089,1.19563293089,-1.32068739619,-1.32068739619,0.250108930605,0.145317927257,0.217976890886,-0.217976890886,0.145317927257,0.145317927257,0.145317927257,-0.697308210842,-45.7910347248,33.8093437315,-9.92921171184,5.87238575869,-0.304513640392,1.508472
1241,2.481999874,5,415999889,0.2506,-1.1962,1.1891,-1.4003,-1.4315,0.1456,0.1818,0.5136,-1.2148,3.1313,0.4301,3.1276,0.250399397198,-1.195197231,1.195197231,-1.3203969296,-1.3203969296,0.250399397198,0.145169635634,0.217754453452,-0.217754453452,0.145169635634,0.145169635634,0.145169635634,-0.183445983604,-54.5454994795,49.9489043268,-8.20359969291,0.0376668121885,-0.318257629522,1.352334
1242,2.484000206,5,418000221,0.2509,-1.1952,1.1869,-1.3965,-1.4252,0.1519,0.141,0.5147,-1.1029,1.9165,3.1401,3.1364,0.250689635863,-1.194761873,1.194761873,-1.32010669093,-1.32010669093,0.250689635863,0.14502076807,0.217531152105,-0.217531152105,0.14502076807,0.14502076807,0.14502076807,0.202590822322,-56.4999599918,39.9312572127,-2.67774408093,-5.61533787913,-0.334514676725,3.028012
1243,2.486000061,5,420000076,0.2512,-1.1943,1.1854,-1.3971,-1.419,0.1558,0.1451,0.4578,-0.7666,-0.3044,3.0978,1.9671,0.2509795071,-1.19432706614,1.19432706614,-1.31981681969,-1.31981681969,0.2509795071,0.144871396511,0.217307094766,-0.217307094766,0.144871396511,0.144871396511,0.144871396511,-1.45737607104,-54.3640978644,12.4510504244,6.42270798773,-5.48705435246,-0.186084146401,3.663506
1244,2.487999916,5,421999931,0.2514,-1.1936,1.1848,-1.4023,-1.4128,0.1556,0.1386,0.3541,-0.3117,-2.6386,3.0649,-0.0726,0.251269079077,-1.19389270818,1.19389270818,-1.31952724772,-1.31952724772,0.251269079077,0.144721486474,0.217082229711,-0.217082229711,0.144721486474,0.144721486474,0.144721486474,-2.56498088282,-48.8634051381,-22.7752685986,15.3782093699,-5.29151253695,0.0765134546152,5.117186
1245,2.489999771,5,423999786,0.2517,-1.1931,1.1848,-1.4086,-1.4066,0.1508,0.1172,0.2406,0.0154,-3.1107,3.0338,-2.401,0.251558350719,-1.19345880072,1.19345880072,-1.31923797608,-1.31923797608,0.251558350719,0.144571038916,0.216856558373,-0.216856558373,0.144571038916,0.144571038916,0.144571038916,-1.7171625754,-41.1959058828,-44.1427251113,15.7103394083,-5.07382112858,0.378799536505,3.794681
1246,2.492000103,5,426000118,0.2518,-1.1929,1.1855,-1.4147,-1.4005,0.1446,0.0887,0.0995,0.3628,-3.0768,3.0127,-3.0964,0.251847389838,-1.19302524204,1.19302524204,-1.31894893696,-1.31894893696,0.251847389838,0.144420018719,0.216630028079,-0.216630028079,0.144420018719,0.144420018719,0.144420018719,-0.102615111128,-31.0011460743,-65.1353745476,13.2993998436,-4.835457777,0.470201942934,2.709846
1247,2.493999958,5,427999973,0.252,-1.1929,1.1868,-1.4208,-1.3987,0.1384,0.1037,-0.0181,0.6447,-3.0587,0.9053,-3.0944,0.252136057515,-1.19259224052,1.19259224052,-1.31866026928,-1.31866026928,0.252136057515,0.144268498874,0.216402748311,-0.216402748311,0.144268498874,0.144268498874,0.144268498874,-0.0889383035998,-21.8839421108,-82.683722934,11.3051278339,-0.299308431632,0.480816399006,2.004901
1248,2.495999813,5,429999828,0.2523,-1.1931,1.1883,-1.426,-1.4012,0.1321,0.1269,-0.0763,0.7389,-2.6108,-1.2344,-3.1014,0.252424421639,-1.19215969434,1.19215969434,-1.31837190516,-1.31837190516,0.252424421639,0.144116444399,0.216174666598,-0.216174666598,0.144116444399,0.144116444399,0.144116444399,-0.234500792821,-16.6018749695,-87.5782079411,8.36169948443,4.24371704764,0.493782344353,2.220630
1249,2.498000145,5,432000160,0.2526,-1.1931,1.189,-1.426,-1.407,0.1264,0.1509,-0.025,0.375,0.0417,-2.9192,-2.8778,0.252712549814,-1.19172750207,1.19172750207,-1.31808377698,-1.31808377698,0.252712549814,0.143963819807,0.21594572971,-0.21594572971,0.143963819807,0.143963819807,0.143963819807,0.767619348031,-17.661260356,-57.1818257559,-2.79916642891,7.6902578137,0.476315612422,2.868680
1250,2.5,5,434000015,0.2529,-1.193,1.1887,-1.4197,-1.4131,0.1256,0.1547,0.0738,-0.1386,3.1357,-3.0581,-0.3669,0.253000303558,-1.19129587146,1.19129587146,-1.31779602324,-1.31779602324,0.253000303558,0.143810698864,0.215716048296,-0.215716048296,0.143810698864,0.143810698864,0.143810698864,2.58436867894,-22.1915114262,-15.7826168405,-15.2478476846,7.85900657716,0.15429010054,4.764568
1251,2.501999855,5,435999870,0.2533,-1.1927,1.188,-1.4134,-1.4193,0.1319,0.1726,0.1572,-0.3522,3.1396,-3.114,3.1354,0.25328775055,-1.19086470097,1.19086470097,-1.31750857625,-1.31750857625,0.25328775055,0.143657046219,0.215485569329,-0.215485569329,0.143657046219,0.143657046219,0.143657046219,1.6805043289,-28.0769563148,-2.83831357086,-13.9545601749,7.87468990259,-0.300493720681,3.362670
1252,2.504000187,5,438000202,0.2536,-1.1921,1.1867,-1.4071,-1.4256,0.1382,0.1985,0.2798,-0.6582,3.1361,-3.1222,3.1354,0.253574958179,-1.19043388953,1.19043388953,-1.31722136862,-1.31722136862,0.253574958179,0.143502826016,0.215254239024,-0.215254239024,0.143502826016,0.143502826016,0.143502826016,0.24627393661,-36.9495053079,15.7445355256,-11.9771391854,7.73657872221,-0.301870615951,1.648670
1253,2.506000042,5,440000057,0.254,-1.1913,1.1848,-1.4009,-1.429,0.1444,0.1936,0.4092,-0.9805,3.1278,-1.6849,3.1284,0.253861788409,-1.19000364418,1.19000364418,-1.31693453839,-1.31693453839,0.253861788409,0.143348112794,0.215022169191,-0.215022169191,0.143348112794,0.143348112794,0.143348112794,0.0174421586606,-46.7554145491,35.640573339,-9.78095226216,4.58758779486,-0.308494110917,1.242154
1254,2.507999897,5,441999912,0.2544,-1.1903,1.1825,-1.3946,-1.4262,0.1507,0.1549,0.482,-1.1476,3.1352,1.3779,3.1326,0.254148308707,-1.18957386373,1.18957386373,-1.31664801809,-1.31664801809,0.254148308707,0.143192870832,0.214789306248,-0.214789306248,0.143192870832,0.143192870832,0.143192870832,0.846470771048,-53.0090975852,46.5862698656,-8.63949333052,-1.88616635402,-0.324500517071,1.163908
1255,2.509999752,5,443999767,0.2546,-1.1895,1.1808,-1.3925,-1.42,0.157,0.1288,0.4384,-0.8486,1.0245,3.1206,3.1248,0.254434518015,-1.18914454977,1.18914454977,-1.31636180878,-1.31636180878,0.254434518015,0.143037101125,0.214555651688,-0.214555651688,0.143037101125,0.143037101125,0.143037101125,0.266845310323,-52.1423105771,22.0285954419,0.171150378433,-5.46596139814,-0.33514476086,1.378832
1256,2.512000084,5,446000099,0.2549,-1.1887,1.1798,-1.395,-1.4137,0.1591,0.13,0.3679,-0.479,-1.2269,3.0857,1.0822,0.254720483433,-1.18871560164,1.18871560164,-1.31607584336,-1.31607584336,0.254720483433,0.14288076733,0.214321150996,-0.214321150996,0.14288076733,0.14288076733,0.14288076733,-1.27536744295,-49.0142418564,-7.69062225542,9.23137299738,-5.32742709402,-0.0729622747766,2.184328
1257,2.513999939,5,447999954,0.2551,-1.1882,1.1797,-1.4012,-1.4076,0.1571,0.1202,0.2636,-0.0576,-3.1186,3.0583,-1.0164,0.255006067527,-1.1882872255,1.1882872255,-1.31579025927,-1.31579025927,0.255006067527,0.14272394501,0.214085917515,-0.214085917515,0.14272394501,0.14272394501,0.14272394501,-1.93047831323,-43.0804958905,-39.5447779617,16.1651766858,-5.13781400954,0.198220758663,3.385270
1258,2.515999794,5,449999809,0.2553,-1.1879,1.1801,-1.4075,-1.4014,0.1509,0.0985,0.1564,0.2157,-3.1118,3.0309,-3.1025,0.255291337474,-1.18785932058,1.18785932058,-1.31550498932,-1.31550498932,0.255291337474,0.142566597955,0.213849896932,-0.213849896932,0.142566597955,0.142566597955,0.142566597955,-0.768972558944,-35.4368698638,-56.1624325191,14.4069799486,-4.93910792599,0.470044691881,2.930366
1259,2.518000126,5,452000141,0.2555,-1.1878,1.1812,-1.4136,-1.3963,0.1446,0.0816,0.0251,0.5385,-3.0654,2.5553,-3.0972,0.255576360154,-1.18743178656,1.18743178656,-1.31521996664,-1.31521996664,0.255576360154,0.142408689458,0.213613034187,-0.213613034187,0.142408689458,0.142408689458,0.142408689458,0.345802608337,-25.7918992548,-75.8178024783,12.0664864239,-3.77586200899,0.473024115749,1.794135
1260,2.519999981,5,453999996,0.2557,-1.1879,1.1827,-1.4197,-1.3955,0.1384,0.1045,-0.0565,0.7337,-3.0704,0.4092,-3.1,0.255860998589,-1.18700482891,1.18700482891,-1.31493532821,-1.31493532821,0.255860998589,0.142250295844,0.213375443766,-0.213375443766,0.142250295844,0.142250295844,0.142250295844,-0.0732697415349,-19.2439618862,-88.3339977393,10.7690763738,0.788563039436,0.485016851926,2.679452
1261,2.521999836,5,455999851,0.2559,-1.1881,1.1839,-1.4232,-1.3988,0.1321,0.134,-0.0554,0.6081,-1.7332,-1.6812,-3.1096,0.256145319737,-1.18657834719,1.18657834719,-1.31465100706,-1.31465100706,0.256145319737,0.142091380541,0.213137070811,-0.213137070811,0.142091380541,0.142091380541,0.142091380541,-0.0189052962375,-17.5667569376,-76.9412499517,4.75024031685,5.13651230232,0.499014768251,2.160795
1262,2.524000168,5,458000183,0.2563,-1.188,1.1841,-1.4203,-1.4048,0.1281,0.1581,0.0411,0.0932,1.4292,-3.0103,-2.0158,0.256429390259,-1.18615224141,1.18615224141,-1.31436693654,-1.31436693654,0.256429390259,0.141931906479,0.212897859719,-0.212897859719,0.141931906479,0.141931906479,0.141931906479,1.12796639055,-21.6177096772,-35.5681942714,-8.02581077136,7.76943223017,0.36718935365,4.826370
1263,2.526000023,5,460000038,0.2566,-1.1877,1.1835,-1.4141,-1.411,0.1309,0.1696,0.1395,-0.3009,3.1382,-3.0987,1.4214,0.256713073634,-1.18572671634,1.18572671634,-1.31408325316,-1.31408325316,0.256713073634,0.141771950743,0.212657926115,-0.212657926115,0.141771950743,0.141771950743,0.141771950743,1.66063831432,-27.2746051068,-6.00405490297,-14.2079065324,7.82942042052,-0.0768674697993,6.272386
1264,2.527999878,5,461999893,0.257,-1.1872,1.1823,-1.4078,-1.4173,0.1372,0.1896,0.2465,-0.5723,3.1383,-3.1318,3.1385,0.256996436602,-1.18530167189,1.18530167189,-1.31379989019,-1.31379989019,0.256996436602,0.141611476398,0.212417214597,-0.212417214597,0.141611476398,0.141611476398,0.141611476398,0.635986864833,-34.9616977206,10.5165803961,-12.4865062404,7.76824198026,-0.300516531803,4.898355
1265,2.53000021,5,464000225,0.2574,-1.1864,1.1805,-1.4015,-1.4235,0.1435,0.2196,0.3834,-0.911,3.1345,-3.114,3.1325,0.257279545599,-1.1848770084,1.1848770084,-1.3135167812,-1.3135167812,0.257279545599,0.141450446016,0.212175669024,-0.212175669024,0.141450446016,0.141450446016,0.141450446016,-1.10502421801,-44.9558735,31.1711817417,-10.2713564743,7.54619117445,-0.300955809477,1.583772
1266,2.532000065,5,466000080,0.2578,-1.1854,1.1782,-1.3952,-1.426,0.1498,0.2066,0.4959,-1.1806,3.1321,-1.246,3.131,0.25756226457,-1.18445292994,1.18445292994,-1.31323406222,-1.31323406222,0.25756226457,0.141288937435,0.211933406152,-0.211933406152,0.141288937435,0.141288937435,0.141288937435,-1.12682916975,-53.7729821766,48.0612375081,-8.43604162562,3.52527556768,-0.310448194932,1.632972
1267,2.53399992,5,467999935,0.2581,-1.1844,1.1758,-1.39,-1.4222,0.156,0.1564,0.5153,-1.1729,2.6209,1.9076,3.1345,0.257844660032,-1.18402933675,1.18402933675,-1.31295166676,-1.31295166676,0.257844660032,0.14112691336,0.211690370039,-0.211690370039,0.14112691336,0.14112691336,0.14112691336,0.0570106079079,-56.6092654044,46.8254914844,-5.79992873002,-3.04932933367,-0.32758737163,1.710775
1268,2.535999775,5,469999790,0.2584,-1.1835,1.1742,-1.3891,-1.416,0.1616,0.1349,0.4467,-0.8154,0.4356,3.0997,2.7858,0.258126730954,-1.18360623036,1.18360623036,-1.31266959584,-1.31266959584,0.258126730954,0.140964374836,0.211446562254,-0.211446562254,0.140964374836,0.140964374836,0.140964374836,-0.624942636978,-53.8632517197,18.4416662754,2.99763162532,-5.45183765562,-0.291754680051,1.570750
1269,2.538000107,5,472000122,0.2587,-1.1828,1.1732,-1.3927,-1.4098,0.1666,0.1368,0.3832,-0.4647,-1.7888,3.0905,2.4893,0.258408543471,-1.18318351159,1.18318351159,-1.31238778332,-1.31238778332,0.258408543471,0.140801283963,0.211201925945,-0.211201925945,0.140801283963,0.140801283963,0.140801283963,-2.16409485607,-51.1903982403,-10.0753540717,12.0729018718,-5.38309494591,-0.257114419731,1.570355
1270,2.539999962,5,473999977,0.2589,-1.1821,1.173,-1.399,-1.4036,0.1672,0.1295,0.3025,-0.1455,-3.1211,3.0645,0.3351,0.258689962156,-1.18276138356,1.18276138356,-1.31210636464,-1.31210636464,0.258689962156,0.140637719577,0.210956579365,-0.210956579365,0.140637719577,0.140637719577,0.140637719577,-2.64272284082,-46.6222882192,-33.8953357415,16.8505317822,-5.2387953299,0.0200709544374,2.134260
1271,2.541999817,5,475999832,0.2592,-1.1817,1.1732,-1.4052,-1.3974,0.1632,0.1083,0.2049,0.1055,-3.1131,3.0345,-2.0307,0.258971053224,-1.18233974696,1.18233974696,-1.31182527357,-1.31182527357,0.258971053224,0.140473643905,0.210710465858,-0.210710465858,0.140473643905,0.140473643905,0.140473643905,-1.51693176554,-39.7226256511,-49.1276142354,15.2411674575,-5.04812879102,0.326913566889,2.374731
1272,2.544000149,5,478000164,0.2593,-1.1816,1.1741,-1.4114,-1.3913,0.1569,0.08,0.0661,0.4498,-3.1078,3.011,-3.0959,0.259251882581,-1.18191850292,1.18191850292,-1.31154444421,-1.31154444421,0.259251882581,0.140309018693,0.210463528039,-0.210463528039,0.140309018693,0.140309018693,0.140309018693,0.06691112497,-29.6883837682,-70.0830920383,12.9938802642,-4.80618863839,0.466231789442,1.562672
1273,2.546000004,5,480000019,0.2595,-1.1817,1.1756,-1.4175,-1.3871,0.1507,0.0704,-0.0681,0.7749,-3.0587,2.0567,-3.0936,0.259532315275,-1.18149785388,1.18149785388,-1.31126401152,-1.31126401152,0.259532315275,0.140143923519,0.210215885279,-0.210215885279,0.140143923519,0.140143923519,0.140143923519,0.988634187987,-19.6236060114,-90.0123377905,10.5925867216,-2.64092613563,0.471539783093,1.407227
1274,2.547999859,5,481999874,0.2596,-1.182,1.1775,-1.4236,-1.3873,0.1445,0.0935,-0.1464,0.9566,-3.0655,-0.0891,-3.0998,0.259812417295,-1.18107770085,1.18107770085,-1.3109839095,-1.3109839095,0.259812417295,0.139978320259,0.209967480388,-0.209967480388,0.139978320259,0.139978320259,0.139978320259,0.601290900359,-13.2128766587,-101.80917016,9.38472325602,1.92725530125,0.484030716355,1.395302
1275,2.55000019,5,484000205,0.2599,-1.1823,1.179,-1.4261,-1.3916,0.1382,0.1206,-0.1337,0.7571,-1.2323,-2.143,-3.1094,0.260092254175,-1.18065794553,1.18065794553,-1.31070407262,-1.31070407262,0.260092254175,0.139812170387,0.209718255581,-0.209718255581,0.139812170387,0.139812170387,0.139812170387,1.07175765215,-11.9441569888,-84.3385266995,1.30739505433,6.19061152452,0.498028726507,1.747816
1276,2.552000046,5,486000061,0.2602,-1.1824,1.1796,-1.4222,-1.3976,0.132,0.1321,-0.0533,0.2786,1.9347,-3.0021,-3.1221,0.260371691863,-1.180238789,1.180238789,-1.31042463493,-1.31042463493,0.260371691863,0.139645553974,0.209468330961,-0.209468330961,0.139645553974,0.139645553974,0.139645553974,2.75537387896,-14.858303598,-45.1257567575,-11.7513115197,7.88758235033,0.508311451662,1.175944
1277,2.553999901,5,487999916,0.2604,-1.1824,1.1796,-1.416,-1.4037,0.1305,0.1397,0.0178,-0.0087,3.1357,-3.0638,-0.7329,0.260650795697,-1.17982013325,1.17982013325,-1.3101455311,-1.3101455311,0.260650795697,0.13947843279,0.209217649186,-0.209217649186,0.13947843279,0.13947843279,0.13947843279,3.20815222898,-18.8250603145,-23.8152870609,-16.0805789955,7.94451075786,0.201779376899,3.767523
1278,2.555999756,5,489999771,0.2607,-1.1822,1.1791,-1.4097,-1.41,0.1364,0.1595,0.1117,-0.2492,3.1381,-3.1249,2.9503,0.26092956481,-1.17940197958,1.17940197958,-1.30986676199,-1.30986676199,0.26092956481,0.139310807839,0.208966211758,-0.208966211758,0.139310807839,0.139310807839,0.139310807839,2.23922895301,-25.4307395394,-9.31587621331,-14.6032497265,7.95467399152,-0.275991672165,2.670525
1279,2.558000087,5,492000102,0.2611,-1.1816,1.1779,-1.4034,-1.4162,0.1427,0.187,0.2483,-0.5967,3.1375,-3.1072,3.1302,0.261208064425,-1.17898423016,1.17898423016,-1.30958826237,-1.30958826237,0.261208064425,0.139142640131,0.208713960197,-0.208713960197,0.139142640131,0.139142640131,0.139142640131,0.692861395622,-35.2856045725,11.7581759018,-12.3605947386,7.73575673222,-0.300511432235,1.456434
1280,2.559999943,5,493999958,0.2616,-1.1808,1.1759,-1.3971,-1.4218,0.1489,0.2143,0.4147,-1.0039,3.123,-2.7673,3.1236,0.261486161135,-1.17856708509,1.17856708509,-1.30931016566,-1.30931016566,0.261486161135,0.138974010712,0.208461016068,-0.208461016068,0.138974010712,0.138974010712,0.138974010712,-1.01392683865,-47.5226218544,36.5491127926,-9.60709108351,6.79886559388,-0.301780532752,1.238894
1281,2.561999798,5,495999813,0.262,-1.1797,1.1733,-1.3909,-1.4228,0.1552,0.1994,0.545,-1.3155,3.1273,-0.504,3.1238,0.261763919971,-1.17815044684,1.17815044684,-1.30903240682,-1.30903240682,0.261763919971,0.138804880889,0.208207321334,-0.208207321334,0.138804880889,0.138804880889,0.138804880889,-1.12797663152,-57.7620891234,56.0866787058,-7.49433494043,1.9143440024,-0.312889747139,1.217019
1282,2.564000129,5,498000144,0.2623,-1.1785,1.1706,-1.3864,-1.4176,0.1615,0.16,0.5843,-1.317,2.2599,2.5867,3.1344,0.262041406063,-1.1777342177,1.1777342177,-1.30875492073,-1.30875492073,0.262041406063,0.138635211246,0.207952816869,-0.207952816869,0.138635211246,0.138635211246,0.138635211246,-0.81901036693,-62.418821574,54.1841749692,-2.95945703671,-4.58283370925,-0.330370016042,1.483756
1283,2.565999985,5,500000000,0.2626,-1.1774,1.1685,-1.386,-1.4113,0.1677,0.1592,0.564,-1.0764,0.1674,3.126,3.1127,0.262318486489,-1.17731859706,1.17731859706,-1.30847784031,-1.30847784031,0.262318486489,0.138465083552,0.207697625329,-0.207697625329,0.138465083552,0.138465083552,0.138465083552,-2.32221497078,-63.0666385651,33.088131485,6.15313458073,-5.7199442225,-0.33365332862,1.211200
1284,2.56799984,5,501999855,0.2629,-1.1764,1.167,-1.3901,-1.4051,0.1703,0.1638,0.5091,-0.7473,-2.0382,3.0963,1.2827,0.262595226049,-1.17690348772,1.17690348772,-1.30820110075,-1.30820110075,0.262595226049,0.138294458772,0.207441688158,-0.207441688158,0.138294458772,0.138294458772,0.138294458772,-4.0414117603,-61.1219638989,6.04226665328,15.3045735961,-5.62092476406,-0.0990192190947,2.127955
1285,2.570000171,5,504000186,0.2632,-1.1755,1.1661,-1.3964,-1.3989,0.1685,0.1554,0.4318,-0.4552,-3.1217,3.0637,-0.9015,0.262871689635,-1.17648879234,1.17648879234,-1.30792463716,-1.30792463716,0.262871689635,0.138123297144,0.207184945716,-0.207184945716,0.138123297144,0.138123297144,0.138123297144,-4.32984584363,-56.6963248745,-15.1241037932,19.0170331626,-5.46931386944,0.18353102749,2.229156
1286,2.572000026,5,506000041,0.2635,-1.1749,1.1657,-1.4026,-1.3928,0.1622,0.1326,0.3212,-0.1745,-3.1119,3.0271,-3.1014,0.26314774468,-1.17607470977,1.17607470977,-1.30764858211,-1.30764858211,0.26314774468,0.137951681246,0.206927521869,-0.206927521869,0.137951681246,0.137951681246,0.137951681246,-3.12537657196,-48.9159708401,-31.9533226927,17.2148077261,-5.24664874229,0.470129386696,2.149783
1287,2.573999882,5,507999897,0.2637,-1.1746,1.1662,-1.4088,-1.3866,0.156,0.1008,0.1631,0.2153,-3.1056,2.9997,-3.092,0.263423456163,-1.17566114255,1.17566114255,-1.30737287063,-1.30737287063,0.263423456163,0.137779571441,0.206669357162,-0.206669357162,0.137779571441,0.137779571441,0.137779571441,-1.36034687938,-37.5479070334,-55.507093984,14.66572377,-4.97179175921,0.470137955405,1.288136
1288,2.576000213,5,510000228,0.2639,-1.1746,1.1673,-1.4149,-1.3837,0.1498,0.0978,0.0112,0.5777,-3.046,1.4474,-3.0873,0.263698888321,-1.17524799431,1.17524799431,-1.30709743847,-1.30709743847,0.263698888321,0.137606927886,0.206410391828,-0.206410391828,0.137606927886,0.137606927886,0.137606927886,-0.538814374448,-26.065972364,-77.571569321,11.9454627123,-1.53188964679,0.477435446521,1.213841
1289,2.578000068,5,512000083,0.2641,-1.1748,1.169,-1.421,-1.3851,0.1435,0.1113,-0.1042,0.844,-3.0485,-0.7012,-3.0901,0.263973909224,-1.17483546296,1.17483546296,-1.30682241757,-1.30682241757,0.263973909224,0.137433833787,0.206150750681,-0.206150750681,0.137433833787,0.137433833787,0.137433833787,-0.372619894798,-16.9835288182,-94.3141591078,10.1502777294,3.11718044339,0.488966685017,1.197709
1290,2.579999923,5,513999938,0.2644,-1.175,1.1704,-1.4231,-1.3906,0.1373,0.128,-0.1294,0.7184,-1.0794,-2.7179,-3.1001,0.264248583473,-1.17442345159,1.17442345159,-1.30654774332,-1.30654774332,0.264248583473,0.137260249255,0.205890373883,-0.205890373883,0.137260249255,0.137260249255,0.137260249255,0.776164324756,-12.8813783768,-80.706240648,0.876742811599,7.37911157011,0.50219673783,1.188765
1291,2.581999779,5,515999794,0.2646,-1.1752,1.1711,-1.4191,-1.3964,0.1329,0.1167,-0.098,0.3594,2.0226,-2.9178,-2.1853,0.264522910226,-1.17401196146,1.17401196146,-1.30627341657,-1.30627341657,0.264522910226,0.137086175338,0.205629263008,-0.205629263008,0.137086175338,0.137086175338,0.137086175338,3.50028950767,-12.3955940912,-48.7469979526,-12.635302421,7.79596246629,0.387834065301,1.234816
1292,2.58400011,5,518000125,0.2648,-1.1754,1.1715,-1.4128,-1.4024,0.1355,0.115,-0.0691,0.1777,3.1311,-2.993,1.3114,0.264796953401,-1.17360089669,1.17360089669,-1.30599937339,-1.30599937339,0.264796953401,0.136911571745,0.205367357618,-0.205367357618,0.136911571745,0.136911571745,0.136911571745,4.47453093288,-13.281821787,-34.1278375459,-17.2213059666,7.95006961792,-0.0649985654641,2.929695
1293,2.585999965,5,519999980,0.2651,-1.1754,1.1715,-1.4065,-1.4085,0.1418,0.1271,-0.009,0.0156,3.1367,-3.0773,3.1252,0.265070581737,-1.17319045419,1.17319045419,-1.30572574506,-1.30572574506,0.265070581737,0.136736522631,0.205104783946,-0.205104783946,0.136736522631,0.136736522631,0.136736522631,3.92715143133,-17.3590727649,-24.3969120461,-16.3042976997,8.07268743257,-0.301709629005,2.353449
1294,2.58799982,5,521999835,0.2654,-1.1752,1.171,-1.4003,-1.4148,0.1481,0.1493,0.1027,-0.2667,3.1396,-3.1315,3.1387,0.265343859514,-1.17278053752,1.17278053752,-1.30545246728,-1.30545246728,0.265343859514,0.136560987653,0.204841481479,-0.204841481479,0.136560987653,0.136560987653,0.136560987653,2.75986701724,-25.2851406058,-7.39970083484,-14.5417532491,8.0536720003,-0.304878667814,1.530137
1295,2.590000152,5,524000167,0.2657,-1.1747,1.1697,-1.394,-1.4193,0.1543,0.1607,0.2474,-0.6289,3.1266,-2.2282,3.1273,0.265616850818,-1.17237105057,1.17237105057,-1.30517947598,-1.30517947598,0.265616850818,0.136384925922,0.204577388883,-0.204577388883,0.136384925922,0.136384925922,0.136384925922,1.79620936746,-35.9421263377,14.6451115044,-12.0950394449,5.98431681946,-0.308338505449,1.369873
1296,2.592000007,5,526000022,0.266,-1.1739,1.1679,-1.3877,-1.4181,0.1606,0.1342,0.3683,-0.9171,3.1276,0.5632,3.1245,0.265889424483,-1.17196219007,1.17196219007,-1.30490690231,-1.30490690231,0.265889424483,0.136208422562,0.204312633843,-0.204312633843,0.136208422562,0.136208422562,0.136208422562,2.13469036958,-45.5293195111,32.6424335805,-10.1263428506,0.00881855357068,-0.321538754616,1.387619
1297,2.593999862,5,527999877,0.2662,-1.1731,1.166,-1.3834,-1.412,0.1669,0.0972,0.4169,-0.937,2.1916,3.0713,3.1336,0.266161644686,-1.17155385977,1.17155385977,-1.30463468211,-1.30463468211,0.266161644686,0.136031436808,0.204047155212,-0.204047155212,0.136031436808,0.136031436808,0.136031436808,2.74154291055,-50.6611873964,31.3357594109,-5.1566486383,-5.28583041503,-0.336433679638,1.580628
1298,2.596000194,5,530000209,0.2664,-1.1722,1.1645,-1.3831,-1.4057,0.1727,0.1238,0.4256,-0.7648,0.1455,3.1351,2.9294,0.266433575263,-1.1711459639,1.1711459639,-1.30436275153,-1.30436275153,0.266433575263,0.135853927437,0.203780891156,-0.203780891156,0.135853927437,0.135853927437,0.135853927437,-0.311342075323,-53.1792973627,14.2095617647,4.14133603209,-5.51392757502,-0.313165544515,1.471901
1299,2.598000049,5,532000064,0.2667,-1.1714,1.1634,-1.387,-1.3995,0.1746,0.1365,0.4084,-0.5307,-1.9755,3.1231,0.913,0.266705085565,-1.17073869845,1.17073869845,-1.30409124123,-1.30409124123,0.266705085565,0.135675980276,0.203513970414,-0.203513970414,0.135675980276,0.135675980276,0.135675980276,-2.47263798287,-53.8463081847,-6.99903287868,13.4877974216,-5.51529042946,-0.0534852431764,3.020176
1300,2.599999904,5,533999919,0.267,-1.1707,1.1628,-1.3933,-1.3932,0.172,0.1392,0.3757,-0.3352,-3.131,3.093,-1.2692,0.266976239519,-1.17033196752,1.17033196752,-1.30382008728,-1.30382008728,0.266976239519,0.135497554224,0.203246331337,-0.203246331337,0.135497554224,0.135497554224,0.135497554224,-3.46495552469,-52.6573653815,-22.7619353601,18.2109512064,-5.44648456053,0.229993363603,3.327928
1301,2.601999759,5,535999774,0.2672,-1.17,1.1624,-1.3995,-1.387,0.1658,0.13,0.3179,-0.1765,-3.1216,3.0622,-3.1135,0.267247036169,-1.16992577254,1.16992577254,-1.30354929063,-1.30354929063,0.267247036169,0.135318650458,0.202977975688,-0.202977975688,0.135318650458,0.135318650458,0.135318650458,-3.04610369389,-48.7620116605,-32.3567273061,17.2347701951,-5.33130520445,0.471395572453,4.103141
1302,2.604000091,5,538000106,0.2675,-1.1696,1.1626,-1.4057,-1.3809,0.1595,0.1124,0.2171,0.0801,-3.095,3.0378,-3.1052,0.267517539022,-1.16952001826,1.16952001826,-1.30327878777,-1.30327878777,0.267517539022,0.135139227316,0.202708840974,-0.202708840974,0.135139227316,0.135139227316,0.135139227316,-2.15382835179,-41.5955659144,-47.8625270384,15.4902837371,-5.16398965501,0.472557495463,1.117740
1303,2.605999946,5,539999961,0.2677,-1.1694,1.1632,-1.4119,-1.3789,0.1533,0.1326,0.1215,0.3141,-3.0706,1.0061,-3.0982,0.267787618118,-1.16911489962,1.16911489962,-1.30300870868,-1.30300870868,0.267787618118,0.134959371551,0.202439057327,-0.202439057327,0.134959371551,0.134959371551,0.134959371551,-2.50953579877,-34.1947927315,-62.3609772325,13.8130117704,-0.827851804535,0.482578230822,1.408050
1304,2.607999801,5,541999816,0.268,-1.1693,1.1641,-1.4179,-1.3812,0.147,0.1577,0.0524,0.4693,-3.0323,-1.1865,-3.1012,0.268057337054,-1.16871032121,1.16871032121,-1.30273898974,-1.30273898974,0.268057337054,0.134779041624,0.202168562436,-0.202168562436,0.134779041624,0.134779041624,0.134779041624,-3.01140914486,-28.5502484648,-72.1608904819,12.579435657,3.83682887213,0.495122673866,1.979042
1305,2.610000133,5,544000148,0.2684,-1.1691,1.1647,-1.42,-1.3869,0.1408,0.1749,0.0589,0.2711,-1.036,-2.8584,-3.108,0.268326759087,-1.16830618816,1.16830618816,-1.30246956771,-1.30246956771,0.268326759087,0.134598195544,0.201897293317,-0.201897293317,0.134598195544,0.134598195544,0.134598195544,-2.05810194528,-26.9865707977,-53.9077858822,3.69571416928,7.33333578476,0.506991542704,1.395586
1306,2.611999988,5,546000003,0.2687,-1.1689,1.1644,-1.4158,-1.3929,0.1371,0.1663,0.1097,-0.1368,2.1174,-2.9525,-1.8456,0.268595754778,-1.16790269463,1.16790269463,-1.30220057202,-1.30220057202,0.268595754778,0.134416920758,0.201625381136,-0.201625381136,0.134416920758,0.134416920758,0.134416920758,0.460397226233,-28.0466345518,-18.5897067651,-9.7190414663,7.49487613793,0.347159889529,3.531242
1307,2.613999843,5,547999858,0.2691,-1.1686,1.1638,-1.4095,-1.3988,0.1404,0.165,0.1384,-0.3082,3.1312,-2.9933,1.6713,0.268864387475,-1.16749974558,1.16749974558,-1.30193193932,-1.30193193932,0.268864387475,0.134235175395,0.201352763092,-0.201352763092,0.134235175395,0.134235175395,0.134235175395,1.26675904906,-29.1943885866,-4.65343431408,-13.8613131987,7.57222803851,-0.108801202087,3.296912
1308,2.616000175,5,550000190,0.2694,-1.1683,1.1629,-1.4032,-1.4049,0.1467,0.1724,0.1805,-0.4284,3.1347,-3.0498,3.1179,0.269132720182,-1.16709724652,1.16709724652,-1.30166360661,-1.30166360661,0.269132720182,0.134052917142,0.201079375713,-0.201079375713,0.134052917142,0.134052917142,0.134052917142,0.973683091697,-32.0830269096,2.82930470197,-13.1886363422,7.66759838681,-0.298418452582,2.998854
1309,2.61800003,5,552000045,0.2698,-1.1678,1.1617,-1.3969,-1.4111,0.1529,0.1838,0.2558,-0.6281,3.1386,-3.0865,3.1253,0.269400623986,-1.16669539082,1.16669539082,-1.30139570281,-1.30139570281,0.269400623986,0.133870234129,0.200805351194,-0.200805351194,0.133870234129,0.133870234129,0.133870234129,0.434688590322,-37.4713100777,15.1289316456,-11.9690217622,7.67518651728,-0.301423935152,1.268755
1310,2.619999885,5,553999900,0.2701,-1.1671,1.16,-1.3906,-1.4146,0.1592,0.1742,0.3489,-0.8663,3.1379,-1.7234,3.14,0.269668161984,-1.16629408382,1.16629408382,-1.30112816481,-1.30112816481,0.269668161984,0.133687084163,0.200530626245,-0.200530626245,0.133687084163,0.133687084163,0.133687084163,0.501300966869,-44.5807700416,30.0053821725,-10.3912978225,4.73862206343,-0.311167091193,1.324043
1311,2.622000217,5,556000232,0.2704,-1.1663,1.1579,-1.3844,-1.4121,0.1655,0.1297,0.4057,-1.0059,3.1394,1.2263,3.1369,0.269935396924,-1.16589323141,1.16589323141,-1.30086092987,-1.30086092987,0.269935396924,0.133503424607,0.20025513691,-0.20025513691,0.133503424607,0.133503424607,0.133503424607,1.81903465062,-49.5423312566,39.2919884331,-9.41075997856,-1.46515068912,-0.326078411288,1.282576
1312,2.624000072,5,558000087,0.2706,-1.1655,1.1563,-1.3805,-1.4058,0.1717,0.0976,0.3786,-0.8308,1.9482,3.1118,3.1175,0.270202200426,-1.16549302616,1.16549302616,-1.30059412637,-1.30059412637,0.270202200426,0.133319344271,0.199979016407,-0.199979016407,0.133319344271,0.133319344271,0.133319344271,2.10046710624,-49.1718832422,25.3534915876,-4.48639790195,-5.36738023086,-0.335598890082,1.257600
1313,2.625999927,5,559999942,0.2708,-1.1649,1.1553,-1.381,-1.3996,0.1769,0.0992,0.3103,-0.4724,-0.2545,3.0858,2.5788,0.27046863533,-1.1650933738,1.1650933738,-1.30032769146,-1.30032769146,0.27046863533,0.133134800639,0.199702200959,-0.199702200959,0.133134800639,0.133134800639,0.133134800639,0.616338980331,-46.0796167367,-3.47796644658,4.35614310948,-5.25586676616,-0.26976573115,1.229252
1314,2.627999782,5,561999797,0.271,-1.1644,1.1552,-1.386,-1.3934,0.1781,0.0966,0.2236,-0.0652,-2.5177,3.0746,0.5925,0.270734700711,-1.16469427573,1.16469427573,-1.30006162608,-1.30006162608,0.270734700711,0.132949794938,0.199424692407,-0.199424692407,0.132949794938,0.132949794938,0.132949794938,-0.709578103227,-41.6931678949,-35.7318599173,13.2541350602,-5.13650547005,-0.014724557642,2.268775
1315,2.630000114,5,564000129,0.2711,-1.1641,1.1556,-1.3923,-1.3872,0.1747,0.0854,0.1488,0.183,-3.1216,3.0568,-1.6682,0.271000458976,-1.16429563833,1.16429563833,-1.29979586782,-1.29979586782,0.271000458976,0.132764284106,0.199146426159,-0.199146426159,0.132764284106,0.132764284106,0.132764284106,-0.499366695566,-36.8874211554,-52.9655011148,14.7806126515,-5.01277616505,0.278537432346,2.262541
1316,2.631999969,5,565999984,0.2713,-1.164,1.1564,-1.3985,-1.3811,0.1685,0.0677,0.0525,0.4295,-3.1102,3.0393,-3.1059,0.271265782457,-1.16389765311,1.16389765311,-1.29953054434,-1.29953054434,0.271265782457,0.132578357853,0.198867536779,-0.198867536779,0.132578357853,0.132578357853,0.132578357853,0.402455376722,-29.9600671131,-68.067653009,13.1659993255,-4.85814000647,0.466654620596,2.258029
1317,2.633999824,5,567999839,0.2714,-1.1642,1.1579,-1.4046,-1.3756,0.1622,0.0527,-0.0636,0.7198,-3.0738,2.7034,-3.1005,0.271530733654,-1.16350022631,1.16350022631,-1.29926559314,-1.29926559314,0.271530733654,0.132391973234,0.198587959852,-0.198587959852,0.132391973234,0.132391973234,0.132391973234,1.34136678446,-21.3737035359,-85.9113108434,11.0902271102,-4.01266817129,0.469244435711,1.242763
1318,2.636000156,5,570000171,0.2715,-1.1645,1.1597,-1.4108,-1.3744,0.156,0.0758,-0.1474,0.926,-3.0753,0.6064,-3.1009,0.271795374713,-1.16310326473,1.16310326473,-1.29900095208,-1.29900095208,0.271795374713,0.132205086874,0.198307630312,-0.198307630312,0.132205086874,0.132205086874,0.132205086874,0.880296944986,-14.645053793,-99.1580005934,9.69551161838,0.450461317595,0.480656033056,1.137707
1319,2.638000011,5,572000026,0.2717,-1.1648,1.1616,-1.416,-1.3775,0.1498,0.1084,-0.1671,0.9272,-2.6018,-1.5403,-3.1094,0.272059578509,-1.16270695903,1.16270695903,-1.29873674829,-1.29873674829,0.272059578509,0.132017789149,0.198026683724,-0.198026683724,0.132017789149,0.132017789149,0.132017789149,0.218400378838,-12.1144015355,-98.5343068549,7.23847097152,4.94651321129,0.49440802624,1.348805
1320,2.639999866,5,573999881,0.272,-1.165,1.1626,-1.4159,-1.3835,0.1435,0.1353,-0.0825,0.4913,0.0201,-3.0028,-3.1233,0.272323407282,-1.16231121587,1.16231121587,-1.29847291951,-1.29847291951,0.272323407282,0.1318300368,0.197745055199,-0.197745055199,0.1318300368,0.1318300368,0.1318300368,0.930700206686,-15.6353053202,-64.0152242459,-3.2809698374,7.88266642234,0.50756093843,1.358874
1321,2.642000198,5,576000213,0.2723,-1.1649,1.1624,-1.4097,-1.3897,0.1406,0.1435,0.0417,-0.0809,3.1381,-3.0956,-1.4467,0.272586922916,-1.16191594242,1.16191594242,-1.29820940388,-1.29820940388,0.272586922916,0.131641786135,0.197462679202,-0.197462679202,0.131641786135,0.131641786135,0.131641786135,2.46226457281,-22.0433429837,-19.0730269041,-15.4538111315,7.91766937395,0.294860136099,2.387083
1322,2.644000053,5,578000068,0.2726,-1.1646,1.1618,-1.4034,-1.396,0.1451,0.1629,0.1349,-0.3158,3.1381,-3.127,2.2402,0.272849998832,-1.16152132855,1.16152132855,-1.29794632796,-1.29794632796,0.272849998832,0.131453128195,0.197179692292,-0.197179692292,0.131453128195,0.131453128195,0.131453128195,1.48907512967,-28.6749699796,-4.89405996128,-13.9979020935,7.86763808131,-0.182714412105,2.329540
1323,2.645999908,5,579999923,0.273,-1.1641,1.1605,-1.3971,-1.4022,0.1513,0.1944,0.2678,-0.6479,3.1402,-3.1119,3.1318,0.273112697007,-1.16112728128,1.16112728128,-1.29768362979,-1.29768362979,0.273112697007,0.131264019405,0.196896029107,-0.196896029107,0.131264019405,0.131264019405,0.131264019405,-0.366982342366,-38.2500572141,15.2733556273,-11.8729813504,7.64983363889,-0.299207946202,1.613604
1324,2.647999763,5,581999778,0.2734,-1.1632,1.1584,-1.3908,-1.4084,0.1576,0.2204,0.4303,-1.0525,3.1341,-3.0919,3.1251,0.273375016543,-1.16073380198,1.16073380198,-1.29742131025,-1.29742131025,0.273375016543,0.131074461031,0.196611691547,-0.196611691547,0.131074461031,0.131074461031,0.131074461031,-1.70786248859,-50.1568999669,39.9638073645,-9.1870351948,7.3963650976,-0.299328927719,1.408655
1325,2.650000095,5,584000110,0.2739,-1.162,1.1555,-1.3846,-1.4113,0.1639,0.2214,0.5905,-1.44,3.1231,-1.448,3.1187,0.273637018973,-1.16034079834,1.16034079834,-1.29715930782,-1.29715930782,0.273637018973,0.130884408971,0.196326613456,-0.196326613456,0.130884408971,0.130884408971,0.130884408971,-2.46477001604,-62.4455274169,63.9919566855,-6.49940440009,3.75611004534,-0.306431566235,1.302655
1326,2.65199995,5,585999965,0.2743,-1.1607,1.1522,-1.3783,-1.4081,0.1701,0.1811,0.6808,-1.6491,3.1325,1.6357,3.1298,0.273898578447,-1.15994845912,1.15994845912,-1.29689774835,-1.29689774835,0.273898578447,0.130693955138,0.196040932707,-0.196040932707,0.130693955138,0.130693955138,0.130693955138,-1.46619261074,-70.1142760547,77.7305970007,-5.05136602305,-2.7869333025,-0.323177599516,1.704253
1327,2.653999805,5,587999820,0.2746,-1.1594,1.1494,-1.3762,-1.4018,0.1764,0.1646,0.6467,-1.374,1.0647,3.1221,3.1222,0.274159756595,-1.1595566919,1.1595566919,-1.2966365702,-1.2966365702,0.274159756595,0.130503055544,0.195754583317,-0.195754583317,0.130503055544,0.130503055544,0.130503055544,-2.55654315204,-70.0456404627,54.9938967055,3.72283633043,-5.86525537602,-0.332530237276,1.545664
1328,2.656000137,5,590000152,0.2749,-1.1582,1.1474,-1.3785,-1.3956,0.1804,0.1665,0.5791,-1.0164,-1.1504,3.0867,2.0268,0.274420614685,-1.15916540477,1.15916540477,-1.29637571211,-1.29637571211,0.274420614685,0.13031166578,0.19546749867,-0.19546749867,0.13031166578,0.13031166578,0.13031166578,-4.10586778632,-67.2449923604,26.3981022173,12.7042925159,-5.73751307477,-0.193905032938,2.728973
1329,2.657999992,5,592000007,0.2752,-1.1573,1.1463,-1.3847,-1.3894,0.1804,0.1567,0.4698,-0.5797,-3.1202,3.0549,-0.0099,0.274681027422,-1.15877478566,1.15877478566,-1.29611529937,-1.29611529937,0.274681027422,0.130119878408,0.195179817612,-0.195179817612,0.130119878408,0.130119878408,0.130119878408,-4.85265920634,-61.1493927939,-6.35036006324,19.9628468775,-5.53789531089,0.0680708975256,2.443868
1330,2.659999847,5,593999862,0.2755,-1.1566,1.1457,-1.3909,-1.3832,0.1757,0.1316,0.3491,-0.2745,-3.1111,3.0173,-2.3734,0.27494105617,-1.15838474254,1.15838474254,-1.29585527063,-1.29585527063,0.27494105617,0.129927649132,0.194891473699,-0.194891473699,0.129927649132,0.129927649132,0.129927649132,-3.52390727924,-52.6874354672,-24.579775619,18.0049868954,-5.29683929602,0.374713309999,2.221010
1331,2.662000179,5,596000194,0.2757,-1.1562,1.146,-1.3971,-1.3771,0.1694,0.0956,0.1691,0.1656,-3.0987,2.9853,-3.0874,0.275200761929,-1.1579951839,1.1579951839,-1.29559556487,-1.29559556487,0.275200761929,0.12973493324,0.19460239986,-0.19460239986,0.12973493324,0.12973493324,0.12973493324,-1.54338794129,-39.7658502199,-51.0371050908,15.0912714698,-4.97409337539,0.468015119164,2.211885
1332,2.664000034,5,598000049,0.2758,-1.1563,1.1474,-1.4032,-1.3724,0.1632,0.0652,-0.0397,0.6681,-3.0295,2.3661,-3.0782,0.275460019962,-1.15760629685,1.15760629685,-1.29533630683,-1.29533630683,0.275460019962,0.129541823938,0.194312735907,-0.194312735907,0.129541823938,0.129541823938,0.129541823938,0.42602372279,-24.3713158604,-81.3694917865,11.4054413809,-3.37987446062,0.469784698366,1.655178
1333,2.665999889,5,599999904,0.2759,-1.1567,1.1495,-1.4093,-1.3718,0.157,0.0679,-0.2041,1.0544,-3.0359,0.3004,-3.0809,0.275718891366,-1.15721798975,1.15721798975,-1.29507743543,-1.29507743543,0.275718891366,0.129348276626,0.194022414939,-0.194022414939,0.129348276626,0.129348276626,0.129348276626,1.1632370258,-11.7115849341,-105.358002725,8.8107480535,1.16347306961,0.480046170308,1.252940
1334,2.668000221,5,602000236,0.2761,-1.1573,1.1518,-1.4132,-1.3752,0.1508,0.0777,-0.2909,1.1528,-1.9495,-1.7302,-3.0901,0.275977436873,-1.15683017149,1.15683017149,-1.29481888992,-1.29481888992,0.275977436873,0.129154246289,0.193731369433,-0.193731369433,0.129154246289,0.129154246289,0.129154246289,2.17393562485,-3.70410122461,-108.400884005,2.53740945529,5.54090698903,0.492232619243,1.198687
1335,2.670000076,5,604000091,0.2763,-1.1578,1.1535,-1.4111,-1.3809,0.1446,0.079,-0.2753,0.8403,1.0558,-2.8387,-3.086,0.276235532305,-1.15644302834,1.15644302834,-1.29456079449,-1.29456079449,0.276235532305,0.128959826773,0.193439740159,-0.193439740159,0.128959826773,0.128959826773,0.128959826773,4.49803744987,-1.85417318767,-79.9498682417,-10.8198057466,7.86602726796,0.500291849388,1.711150
1336,2.671999931,5,605999946,0.2764,-1.1583,1.1546,-1.4048,-1.3868,0.1436,0.0733,-0.242,0.5662,3.1299,-2.9656,-0.5185,0.276493238493,-1.15605646906,1.15605646906,-1.2943030883,-1.2943030883,0.276493238493,0.128764973175,0.193147459762,-0.193147459762,0.128764973175,0.128764973175,0.128764973175,6.30925208265,-2.20962542173,-56.664757939,-19.7262140384,8.12496605538,0.169940327228,5.839103
1337,2.673999786,5,607999801,0.2766,-1.1587,1.1555,-1.3985,-1.393,0.1498,0.0846,-0.1893,0.4247,3.1357,-3.0622,3.1214,0.276750554568,-1.15567049494,1.15567049494,-1.29404577223,-1.29404577223,0.276750554568,0.128569686812,0.192854530218,-0.192854530218,0.128569686812,0.128569686812,0.128569686812,5.86356742693,-5.61813930883,-48.4044475115,-18.9776000354,8.28273137239,-0.302989242873,4.359345
1338,2.676000118,5,610000133,0.2768,-1.1588,1.1557,-1.3922,-1.3992,0.1561,0.1109,-0.0681,0.1159,3.1402,-3.1231,3.1356,0.277007540901,-1.15528501544,1.15528501544,-1.29378878589,-1.29378878589,0.277007540901,0.128373922273,0.192560883409,-0.192560883409,0.128373922273,0.128373922273,0.128373922273,4.45452717701,-14.1029529583,-29.9876376656,-17.06694198,8.25708631942,-0.306051489675,2.764598
1339,2.677999973,5,611999988,0.2771,-1.1586,1.155,-1.386,-1.4054,0.1623,0.1438,0.1122,-0.3234,3.1267,-3.0862,3.123,0.277264074069,-1.15490021569,1.15490021569,-1.29353225273,-1.29353225273,0.277264074069,0.128177774246,0.192266661368,-0.192266661368,0.128177774246,0.128177774246,0.128177774246,2.66627578835,-27.0860716408,-3.65462037814,-14.1488687047,7.93816124839,-0.305137295556,2.836975
1340,2.679999828,5,613999843,0.2774,-1.158,1.1535,-1.3797,-1.408,0.1686,0.1492,0.3003,-0.7709,3.1198,-1.2762,3.1137,0.277520214541,-1.15451600498,1.15451600498,-1.29327611225,-1.29327611225,0.277520214541,0.12798119743,0.191971796144,-0.191971796144,0.12798119743,0.12798119743,0.12798119743,1.61576743526,-41.2530615558,23.5860100164,-11.1137910082,3.90917831519,-0.312175046805,1.637194
1341,2.68200016,5,616000175,0.2776,-1.1571,1.1513,-1.3735,-1.4047,0.1748,0.1271,0.4382,-1.0799,3.1252,1.6587,3.1178,0.277776022413,-1.15413229318,1.15413229318,-1.29302030438,-1.29302030438,0.277776022413,0.127784146117,0.191676219176,-0.191676219176,0.127784146117,0.127784146117,0.127784146117,1.59157053466,-52.2589658059,42.881328272,-9.00934566646,-2.41127445416,-0.326595109713,1.249420
1342,2.684000015,5,618000030,0.2779,-1.1561,1.1492,-1.371,-1.3986,0.1811,0.1309,0.4978,-1.0444,1.2602,3.0329,3.1292,0.278031374831,-1.15374926455,1.15374926455,-1.29276495196,-1.29276495196,0.278031374831,0.127586715624,0.191380073437,-0.191380073437,0.127586715624,0.127586715624,0.127586715624,-0.475451545281,-58.7023821478,34.9032836012,0.316465435843,-5.41299492498,-0.33645526485,1.281162
1343,2.68599987,5,619999885,0.2782,-1.1551,1.1473,-1.3724,-1.3924,0.1833,0.1538,0.5413,-0.9639,-0.7138,3.1132,1.1114,0.278286331992,-1.15336682881,1.15336682881,-1.2925099948,-1.2925099948,0.278286331992,0.127388860353,0.19108329053,-0.19108329053,0.127388860353,0.127388860353,0.127388860353,-3.16347019801,-63.7741602768,23.5989370312,9.9229553161,-5.70859384891,-0.0762064949555,4.244059
1344,2.688000202,5,622000217,0.2785,-1.154,1.1458,-1.378,-1.3861,0.1815,0.1689,0.5389,-0.7648,-2.8165,3.1339,-0.9053,0.278540953717,-1.15298489622,1.15298489622,-1.29225537308,-1.29225537308,0.278540953717,0.127190534305,0.190785801457,-0.190785801457,0.127190534305,0.127190534305,0.127190534305,-5.47303981411,-65.6477980912,4.61353720722,19.4647587268,-5.80467745678,0.185789393889,3.332672
1345,2.690000057,5,624000072,0.2789,-1.153,1.1445,-1.3843,-1.3799,0.1753,0.1688,0.5173,-0.6632,-3.1322,3.0891,-3.1229,0.278795117727,-1.1526036502,1.1526036502,-1.29200120907,-1.29200120907,0.278795117727,0.126991833414,0.190487750122,-0.190487750122,0.126991833414,0.126991833414,0.126991833414,-5.82377814254,-64.7573664013,-2.47758770365,20.5608276334,-5.72349879343,0.47614610595,2.417425
1346,2.691999912,5,625999927,0.2792,-1.1521,1.1436,-1.3905,-1.3737,0.169,0.1555,0.4369,-0.4526,-3.1197,3.0474,-3.1084,0.279048883943,-1.15222300088,1.15222300088,-1.29174744285,-1.29174744285,0.279048883943,0.126792711792,0.190189067688,-0.190189067688,0.126792711792,0.126792711792,0.126792711792,-5.17150637025,-59.2814926789,-15.008786027,19.2314651442,-5.55807382945,0.476911627938,2.183245
1347,2.693999767,5,627999782,0.2795,-1.1515,1.1433,-1.3967,-1.369,0.1628,0.1453,0.3126,-0.1452,-3.0685,2.3369,-3.0972,0.279302251525,-1.15184294951,1.15184294951,-1.29149407527,-1.29149407527,0.279302251525,0.126593170794,0.189889756191,-0.189889756191,0.126593170794,0.126593170794,0.126593170794,-4.39284182629,-50.2933024116,-33.3891295881,17.0041277606,-3.92499645005,0.480225852705,1.593918
1348,2.696000099,5,630000114,0.2798,-1.1511,1.1435,-1.4028,-1.3684,0.1566,0.1582,0.1985,0.1247,-3.0561,0.3174,-3.0924,0.279555279925,-1.15146340691,1.15146340691,-1.29124104687,-1.29124104687,0.279555279925,0.126393164038,0.189589746056,-0.189589746056,0.126393164038,0.126393164038,0.126393164038,-4.31387892017,-41.6015507312,-49.906835889,15.1576800002,0.431412854193,0.490181268614,1.248264
1349,2.697999954,5,631999969,0.2801,-1.1508,1.144,-1.4075,-1.3719,0.1503,0.1719,0.1124,0.2553,-2.3467,-1.7749,-3.0928,0.279807847634,-1.15108455534,1.15108455534,-1.29098847916,-1.29098847916,0.279807847634,0.126192788274,0.189289182412,-0.189289182412,0.126192788274,0.126192788274,0.126192788274,-3.76295029634,-34.2675595195,-55.7316532233,10.6572400682,4.92951971795,0.501644700129,1.259314
1350,2.699999809,5,633999824,0.2805,-1.1506,1.1441,-1.4068,-1.3775,0.146,0.1667,0.0957,0.0491,0.3254,-2.7923,-2.1417,0.280060014205,-1.15070630549,1.15070630549,-1.29073631259,-1.29073631259,0.280060014205,0.125991997229,0.188987995843,-0.188987995843,0.125991997229,0.125991997229,0.125991997229,-1.35474575811,-30.6194297978,-34.3554353768,-1.63785649187,7.11138086012,0.385266364846,1.201928
1351,2.702000141,5,636000156,0.2808,-1.1505,1.1437,-1.4005,-1.3833,0.1481,0.1466,0.0907,-0.1969,3.124,-2.8757,1.0499,0.280311838812,-1.15032856858,1.15032856858,-1.29048448798,-1.29048448798,0.280311838812,0.125790744233,0.18868611635,-0.18868611635,0.125790744233,0.125790744233,0.125790744233,1.66792162775,-27.8629138536,-9.81852531392,-14.3821897424,7.33960991568,-0.0284608296876,2.338679
1352,2.703999996,5,638000011,0.281,-1.1504,1.1435,-1.3943,-1.3891,0.1543,0.1367,0.0545,-0.1333,3.1261,-2.9075,3.0782,0.280563200526,-1.14995152601,1.14995152601,-1.29023312627,-1.29023312627,0.280563200526,0.125589126646,0.188383689968,-0.188383689968,0.125589126646,0.125589126646,0.125589126646,2.38597630096,-25.0004710149,-13.4339362321,-14.9615265838,7.51408113635,-0.294655302687,2.322822
1353,2.705999851,5,639999866,0.2813,-1.1502,1.1431,-1.388,-1.395,0.1605,0.1345,0.0608,-0.1725,3.131,-2.9848,3.0996,0.280814158623,-1.14957508886,1.14957508886,-1.28998216817,-1.28998216817,0.280814158623,0.125387097904,0.188080646857,-0.188080646857,0.125387097904,0.125387097904,0.125387097904,2.65434498568,-25.2525507155,-10.8661220243,-14.8564738392,7.72050380136,-0.30043549379,1.306222
1354,2.708000183,5,642000198,0.2816,-1.15,1.1425,-1.3817,-1.4009,0.1667,0.1383,0.1069,-0.3035,3.1352,-2.9517,3.1166,0.281064771995,-1.1491991688,1.1491991688,-1.2897315548,-1.2897315548,0.281064771995,0.12518461106,0.187776916589,-0.187776916589,0.12518461106,0.12518461106,0.12518461106,2.54231838493,-28.435972647,-2.7846239916,-14.1168624565,7.63295457352,-0.305491039655,1.251738
1355,2.710000038,5,644000053,0.2818,-1.1497,1.1416,-1.3754,-1.403,0.173,0.1108,0.1635,-0.4524,3.1395,-1.0307,3.134,0.281314920301,-1.14882394634,1.14882394634,-1.28948140649,-1.28948140649,0.281314920301,0.12498176407,0.187472646105,-0.187472646105,0.12498176407,0.12498176407,0.12498176407,3.40660937748,-32.9077448845,6.66321321602,-13.167776345,3.59787909419,-0.31862828629,1.965885
1356,2.711999893,5,645999908,0.2819,-1.1493,1.1406,-1.3692,-1.3992,0.1793,0.0611,0.1832,-0.4954,3.1384,1.9106,3.1346,0.281564662536,-1.14844933299,1.14844933299,-1.28923166426,-1.28923166426,0.281564662536,0.12477851009,0.187167765136,-0.187167765136,0.12477851009,0.12477851009,0.12477851009,5.01970059754,-35.0841136292,9.87962265004,-12.8606259573,-2.53587101575,-0.334633616273,1.573184
1357,2.713999748,5,647999763,0.282,-1.1491,1.1403,-1.3671,-1.3929,0.1855,0.0429,0.122,-0.1596,1.0164,3.0981,3.1144,0.281813997885,-1.14807532997,1.14807532997,-1.28898232891,-1.28898232891,0.281813997885,0.124574850517,0.186862275776,-0.186862275776,0.124574850517,0.124574850517,0.124574850517,4.20708132118,-32.5833082,-17.3040788726,-4.30479479649,-4.94291803556,-0.341543197765,1.284307
1358,2.71600008,5,650000095,0.2821,-1.1489,1.1406,-1.3694,-1.3867,0.1878,0.0487,0.0742,0.1462,-1.1451,3.0984,1.1626,0.282062984866,-1.1477018495,1.1477018495,-1.28873334193,-1.28873334193,0.282062984866,0.124370738029,0.186556107043,-0.186556107043,0.124370738029,0.124370738029,0.124370738029,2.47340091834,-30.8284138932,-43.2231205847,4.68807569284,-4.91380617565,-0.0910552381493,2.203994
1359,2.717999935,5,651999950,0.2822,-1.1489,1.1415,-1.3757,-1.3805,0.1861,0.0537,0.0264,0.4393,-3.1273,3.0966,-0.842,0.282311503924,-1.14732907091,1.14732907091,-1.28848482287,-1.28848482287,0.282311503924,0.124166271375,0.186249407062,-0.186249407062,0.124166271375,0.124166271375,0.124166271375,0.876109037656,-28.8915555528,-68.0012472799,12.9247669849,-4.87853538224,0.168605579874,2.198789
1360,2.71999979,5,653999805,0.2823,-1.1489,1.1425,-1.3819,-1.3743,0.1799,0.0521,0.0094,0.5056,-3.1314,3.0842,-3.1213,0.282559613676,-1.14695690628,1.14695690628,-1.28823671312,-1.28823671312,0.282559613676,0.123961403338,0.185942105007,-0.185942105007,0.123961403338,0.123961403338,0.123961403338,0.86973560421,-27.7528893993,-72.512169796,12.6023525898,-4.86247512151,0.46676407112,3.821163
1361,2.722000122,5,656000137,0.2824,-1.1489,1.1437,-1.3882,-1.368,0.1736,0.0484,-0.031,0.6227,-3.1259,3.0743,-3.1178,0.282807372353,-1.14658526826,1.14658526826,-1.28798895444,-1.28798895444,0.282807372353,0.123756086323,0.185634129484,-0.185634129484,0.123756086323,0.123756086323,0.123756086323,0.981283154036,-24.8678228961,-80.0592064527,11.8822212818,-4.82795211204,0.469420769714,1.171977
1362,2.723999977,5,657999992,0.2825,-1.1491,1.1452,-1.3944,-1.3639,0.1673,0.0626,-0.074,0.7432,-3.1071,2.0638,-3.1149,0.283054660996,-1.1462143353,1.1462143353,-1.2877416658,-1.2877416658,0.283054660996,0.123550419664,0.185325629496,-0.185325629496,0.123550419664,0.123550419664,0.123550419664,0.510343782145,-21.4592175293,-87.9647596438,11.0171445925,-2.70441848491,0.476428210655,1.211247
1363,2.725999832,5,659999847,0.2827,-1.1492,1.1467,-1.4006,-1.3642,0.1611,0.1071,-0.0612,0.7182,-3.1144,-0.1389,-3.12,0.283301537938,-1.14584401989,1.14584401989,-1.28749478886,-1.28749478886,0.283301537938,0.123344355869,0.185016533803,-0.185016533803,0.123344355869,0.123344355869,0.123344355869,-1.13565728712,-21.7933305317,-87.4065108506,11.220193642,1.82536685769,0.490477553863,1.194687
1364,2.728000164,5,662000179,0.283,-1.1491,1.1474,-1.404,-1.3688,0.1548,0.156,0.0305,0.3758,-1.6909,-2.2859,-3.1286,0.283548061123,-1.14547423511,1.14547423511,-1.28724826567,-1.28724826567,0.283548061123,0.123137847069,0.184706770604,-0.184706770604,0.123137847069,0.123137847069,0.123137847069,-2.1432037062,-26.7772122436,-62.7086745553,6.23735246174,6.14725660956,0.506038803593,1.207709
1365,2.730000019,5,664000034,0.2834,-1.1487,1.1468,-1.4008,-1.375,0.1501,0.1855,0.203,-0.3251,1.6357,-3.1379,-2.3548,0.283794112188,-1.14510515851,1.14510515851,-1.28700221461,-1.28700221461,0.283794112188,0.122930993182,0.184396489772,-0.184396489772,0.122930993182,0.122930993182,0.122930993182,-1.40794275475,-36.5154866711,-9.44350613214,-6.08076580244,7.67168858275,0.415137195075,1.225530
1366,2.731999874,5,665999889,0.2838,-1.1481,1.1452,-1.3945,-1.3813,0.1522,0.2031,0.3411,-0.7917,3.1383,-3.1327,1.0687,0.284039749183,-1.14473670302,1.14473670302,-1.28675657761,-1.28675657761,0.284039749183,0.122723746439,0.184085619659,-0.184085619659,0.122723746439,0.122723746439,0.122723746439,-1.39674617938,-45.3973815365,23.9961535693,-10.6881690696,7.47290997492,-0.0265214484465,2.086245
1367,2.734000206,5,668000221,0.2843,-1.1471,1.143,-1.3882,-1.3876,0.1585,0.2266,0.4636,-1.0965,3.1376,-3.1222,3.1352,0.284285029763,-1.14436878215,1.14436878215,-1.28651129703,-1.28651129703,0.284285029763,0.122516058705,0.183774088058,-0.183774088058,0.122516058705,0.122516058705,0.122516058705,-2.695773876,-54.4422520185,42.7674506817,-8.705491037,7.2885637065,-0.295276519589,2.289090
1368,2.736000061,5,670000076,0.2848,-1.1459,1.1401,-1.3819,-1.3938,0.1648,0.2525,0.6036,-1.445,3.1388,-3.1109,3.1314,0.284529836168,-1.14400157254,1.14400157254,-1.28626649063,-1.28626649063,0.284529836168,0.12230803047,0.183462045705,-0.183462045705,0.12230803047,0.12230803047,0.12230803047,-4.14831930462,-64.8309792328,64.3447456422,-6.41461285185,7.07952043337,-0.296002970127,1.259229
1369,2.737999916,5,671999931,0.2853,-1.1444,1.1365,-1.3756,-1.3993,0.1711,0.271,0.7409,-1.7863,3.1333,-2.7419,3.1313,0.284774226157,-1.14363498756,1.14363498756,-1.28602210064,-1.28602210064,0.284774226157,0.122099613698,0.183149420546,-0.183149420546,0.122099613698,0.122099613698,0.122099613698,-5.32980385228,-75.2272275545,85.7018002465,-4.1021175409,6.12959275932,-0.298782999107,1.242023
1370,2.739999771,5,673999786,0.2858,-1.1428,1.1325,-1.3694,-1.4,0.1773,0.2408,0.8197,-1.9808,3.1394,-0.3624,3.134,0.285018198956,-1.14326902836,1.14326902836,-1.28577812784,-1.28577812784,0.285018198956,0.121890809834,0.182836214752,-0.182836214752,0.121890809834,0.121890809834,0.121890809834,-4.62045050262,-81.9370919407,98.7090204416,-2.74189801646,1.08789549183,-0.311497324514,1.502284
1371,2.742000103,5,676000118,0.2862,-1.1413,1.129,-1.3647,-1.3943,0.1836,0.1767,0.7693,-1.7878,2.352,2.8753,3.109,0.285261811833,-1.14290360905,1.14290360905,-1.28553451496,-1.28553451496,0.285261811833,0.12168157039,0.182522355585,-0.182522355585,0.12168157039,0.12168157039,0.12168157039,-2.91538692434,-80.1283041997,85.8235552387,0.0985246570619,-5.56708057987,-0.326467095444,1.219817
1372,2.743999958,5,677999973,0.2865,-1.14,1.1265,-1.3647,-1.3881,0.1897,0.1591,0.6233,-1.2375,-0.0181,3.039,3.0624,0.285504947835,-1.14253890504,1.14253890504,-1.28529137896,-1.28529137896,0.285504947835,0.121471996611,0.182207994916,-0.182207994916,0.121471996611,0.121471996611,0.121471996611,-3.50737564187,-71.7987334658,45.4661231732,8.53941871259,-5.72396708425,-0.326812155739,1.560816
1373,2.745999813,5,679999828,0.2868,-1.1392,1.1254,-1.3697,-1.382,0.1919,0.1356,0.4291,-0.5635,-2.516,3.0076,1.1172,0.285747664338,-1.14217483029,1.14217483029,-1.28504866246,-1.28504866246,0.285747664338,0.121262040104,0.181893060157,-0.181893060157,0.121262040104,0.121262040104,0.121262040104,-3.81663384169,-59.8590027335,-3.15597485015,16.8601269623,-5.38662398292,-0.0792574231572,4.136543
1374,2.748000145,5,682000160,0.2869,-1.1387,1.1253,-1.3759,-1.3759,0.1896,0.0984,0.2293,-0.0282,-3.105,2.9733,-1.1537,0.285990018317,-1.14181129932,1.14181129932,-1.28480630848,-1.28480630848,0.285990018317,0.12105165212,0.18157747818,-0.18157747818,0.12105165212,0.12105165212,0.12105165212,-2.12414887464,-46.0023980013,-37.2287029898,16.3828479018,-5.02082439025,0.212762372326,2.646819
1375,2.75,5,684000015,0.287,-1.1387,1.1264,-1.3821,-1.3698,0.1834,0.0501,-0.0085,0.5466,-3.0934,2.9428,-3.0729,0.28623189343,-1.14144848665,1.14144848665,-1.28456443337,-1.28456443337,0.28623189343,0.120840934462,0.181261401694,-0.181261401694,0.120840934462,0.120840934462,0.120840934462,0.550335284333,-28.74075351,-71.8815236507,12.5405141169,-4.59711313036,0.460907858848,3.575081
1376,2.751999855,5,685999870,0.287,-1.1393,1.1288,-1.3882,-1.3638,0.1772,-0.0034,-0.2774,1.1926,-3.0694,2.9256,-3.0675,0.286473346759,-1.14108630666,1.14108630666,-1.28432298004,-1.28432298004,0.286473346759,0.120629838478,0.180944757717,-0.180944757717,0.120629838478,0.120629838478,0.120629838478,3.55959665536,-8.97143863566,-111.060417103,8.1120898857,-4.15367117518,0.459582838974,1.569374
1377,2.754000187,5,688000202,0.287,-1.1403,1.1323,-1.3943,-1.3613,0.171,-0.0194,-0.511,1.7443,-3.0156,1.2054,-3.067,0.286714434989,-1.14072467431,1.14072467431,-1.28408189181,-1.28408189181,0.286714434989,0.120418315156,0.180627472734,-0.180627472734,0.120418315156,0.120418315156,0.120418315156,5.20847048363,8.85461809911,-145.01314352,4.06493196178,-0.222467143652,0.466780483774,1.260411
1378,2.756000042,5,690000057,0.287,-1.1416,1.1365,-1.4003,-1.363,0.1648,-0.0152,-0.6612,2.0906,-3.0301,-0.8333,-3.0811,0.286955042389,-1.14036376321,1.14036376321,-1.28384128441,-1.28384128441,0.286955042389,0.120206466856,0.180309700283,-0.180309700283,0.120206466856,0.120206466856,0.120206466856,6.5083001817,23.3216985907,-150.000112425,3.46671471638,4.19082684789,0.479325200951,2.285269
1379,2.757999897,5,691999912,0.287,-1.1429,1.1402,-1.4016,-1.3684,0.1585,0.0017,-0.6557,1.857,-0.6309,-2.7203,-3.1021,0.287195225748,-1.14000348817,1.14000348817,-1.28360110105,-1.28360110105,0.287195225748,0.119994244663,0.179991366995,-0.179991366995,0.119994244663,0.119994244663,0.119994244663,7.33644324078,23.3775176708,-146.192188561,-9.09494226217,8.2201796198,0.493090641336,1.237050
1380,2.759999752,5,693999767,0.287,-1.1441,1.1429,-1.3965,-1.3745,0.1545,0.0044,-0.5632,1.3548,2.5458,-3.0182,-1.9995,0.287434984321,-1.13964385031,1.13964385031,-1.28336134247,-1.28336134247,0.287434984321,0.119781650065,0.179672475098,-0.179672475098,0.119781650065,0.119781650065,0.119781650065,9.40559235243,19.8123581765,-105.992644162,-22.1076729557,8.74714058518,0.355485611641,2.213789
1381,2.762000084,5,696000099,0.287,-1.145,1.1449,-1.3902,-1.3807,0.1576,0.0252,-0.4455,1.0117,3.1403,-3.1287,1.5483,0.287674374398,-1.1392847652,1.1392847652,-1.2831219524,-1.2831219524,0.287674374398,0.119568633711,0.179352950567,-0.179352950567,0.119568633711,0.119568633711,0.119568633711,8.85264680016,12.2946093313,-83.9932743772,-23.0299704394,8.83114649525,-0.102722410372,2.213935
1382,2.763999939,5,697999954,0.2872,-1.1454,1.146,-1.3839,-1.3869,0.1639,0.064,-0.2505,0.5327,3.1386,-3.0697,3.1174,0.28791328107,-1.13892640519,1.13892640519,-1.28288304572,-1.28288304572,0.28791328107,0.119355298687,0.179032948031,-0.179032948031,0.119355298687,0.119355298687,0.119355298687,6.72127679209,-1.50408431494,-55.714836905,-19.9589190545,8.43243451437,-0.306270084026,2.086233
1383,2.765999794,5,699999809,0.2874,-1.1454,1.1457,-1.3777,-1.3931,0.1701,0.1195,0.0292,-0.1352,3.129,-3.0082,3.0963,0.288151760735,-1.13856868569,1.13856868569,-1.28264456606,-1.28264456606,0.288151760735,0.11914159574,0.17871239361,-0.17871239361,0.11914159574,0.11914159574,0.11914159574,3.62471834255,-21.6801878353,-15.9056868031,-15.5270218746,7.89368729011,-0.302774494109,1.719332
1384,2.768000126,5,702000141,0.2877,-1.1447,1.144,-1.3715,-1.3973,0.1763,0.166,0.3306,-0.8373,3.0862,-2.1111,3.0831,0.288389869386,-1.13821152272,1.13821152272,-1.28240645741,-1.28240645741,0.288389869386,0.118927475267,0.178391212901,-0.178391212901,0.118927475267,0.118927475267,0.118927475267,0.597179386428,-43.9932794976,26.2351038461,-10.6195226413,5.57293554652,-0.303531066919,1.620813
1385,2.769999981,5,703999996,0.2881,-1.1435,1.141,-1.3653,-1.3962,0.1825,0.1796,0.6185,-1.5077,3.0802,0.5421,3.081,0.288627492734,-1.13785508769,1.13785508769,-1.28216883406,-1.28216883406,0.288627492734,0.118713040895,0.178069561342,-0.178069561342,0.118713040895,0.118713040895,0.118713040895,-1.37391276333,-65.9129149535,67.1815354816,-6.00116561394,-0.404827772113,-0.313467700434,2.798629
1386,2.771999836,5,705999851,0.2885,-1.1419,1.1373,-1.3613,-1.3908,0.1888,0.1915,0.8095,-1.8474,2.016,2.7187,3.0958,0.288864686881,-1.13749929647,1.13749929647,-1.28193163991,-1.28193163991,0.288864686881,0.118498243116,0.177747364674,-0.177747364674,0.118498243116,0.118498243116,0.118498243116,-3.77994279849,-81.7165072874,84.8287414782,1.82531999189,-5.28124764313,-0.32511423335,1.229903
1387,2.774000168,5,708000183,0.2889,-1.14,1.1333,-1.3608,-1.385,0.1941,0.2311,0.9455,-1.9985,0.2414,2.916,2.6503,0.289101507522,-1.13714406551,1.13714406551,-1.28169481927,-1.28169481927,0.289101507522,0.118283032082,0.177424548122,-0.177424548122,0.118283032082,0.118283032082,0.118283032082,-7.34549536713,-93.7287851464,88.5646290637,12.0036406762,-5.98279107236,-0.26902400316,2.310776
1388,2.776000023,5,710000038,0.2895,-1.1379,1.1294,-1.3642,-1.3788,0.1953,0.257,1.0117,-1.9691,-1.7044,3.0657,0.6431,0.28933784099,-1.13678956531,1.13678956531,-1.2814584858,-1.2814584858,0.28933784099,0.118067511949,0.177101267923,-0.177101267923,0.118067511949,0.118067511949,0.118067511949,-10.3113752644,-100.896988533,80.8758354576,21.9187923909,-6.46640911502,-0.00944557375955,5.857777
1389,2.777999878,5,711999893,0.29,-1.136,1.1258,-1.3705,-1.3726,0.1925,0.2632,0.9923,-1.7846,-3.1353,3.1121,-1.4449,0.289573743091,-1.13643571216,1.13643571216,-1.2812225837,-1.2812225837,0.289573743091,0.117851632962,0.176777449443,-0.176777449443,0.117851632962,0.117851632962,0.117851632962,-11.8474230892,-101.337481367,64.5239083936,27.9999730236,-6.58409470364,0.261908245652,7.863070
1390,2.78000021,5,714000225,0.2905,-1.1342,1.1227,-1.3768,-1.3664,0.1862,0.2473,0.905,-1.5574,-3.1186,3.0403,-3.106,0.289809269219,-1.13608242297,1.13608242297,-1.28098705758,-1.28098705758,0.289809269219,0.117635345028,0.176453017543,-0.176453017543,0.117635345028,0.117635345028,0.117635345028,-11.0275303617,-95.7143669647,52.7150857032,26.817371613,-6.3486847183,0.479474641616,8.913709
1391,2.782000065,5,716000080,0.2909,-1.1327,1.1205,-1.3829,-1.3603,0.18,0.2114,0.7154,-1.0978,-3.0614,2.9771,-3.0847,0.290044306335,-1.13572986729,1.13572986729,-1.28075202046,-1.28075202046,0.290044306335,0.11741875283,0.176128129245,-0.176128129245,0.11741875283,0.11741875283,0.11741875283,-9.0961264283,-82.4646078712,25.9095114344,23.612802463,-5.96020056229,0.477690736791,1.548030
1392,2.78399992,5,717999935,0.2913,-1.1318,1.1194,-1.3889,-1.3576,0.1738,0.1917,0.4794,-0.5417,-3.0094,1.3846,-3.0673,0.290278909943,-1.13537796188,1.13537796188,-1.28051741685,-1.28051741685,0.290278909943,0.117201806365,0.175802709548,-0.175802709548,0.117201806365,0.117201806365,0.117201806365,-7.39015326352,-65.1882166532,-7.07751779849,19.6839714916,-2.30402379669,0.482238769682,1.606823
1393,2.785999775,5,719999790,0.2916,-1.1313,1.1196,-1.3949,-1.3584,0.1676,0.1687,0.2199,0.0571,-2.9876,-0.4374,-3.0585,0.290513079337,-1.13502670779,1.13502670779,-1.28028324746,-1.28028324746,0.290513079337,0.116984507173,0.175476760759,-0.175476760759,0.116984507173,0.116984507173,0.116984507173,-5.32058610736,-45.9431198376,-43.0148125256,15.5747683631,1.90170051728,0.488529164163,1.469550
1394,2.788000107,5,722000122,0.2919,-1.1313,1.1205,-1.3984,-1.3631,0.1614,0.1435,-0.0076,0.4662,-1.7513,-2.3182,-3.0567,0.29074686951,-1.13467602253,1.13467602253,-1.28004945729,-1.28004945729,0.29074686951,0.116766804837,0.175150207256,-0.175150207256,0.116766804837,0.116766804837,0.116766804837,-2.29432216611,-27.816971632,-63.557474712,6.47722848397,6.21575701019,0.496428944594,1.168238
1395,2.789999962,5,723999977,0.2921,-1.1317,1.1218,-1.3966,-1.368,0.1582,0.0892,-0.1842,0.631,0.8824,-2.4657,-1.6217,0.290980168262,-1.1343260744,1.1343260744,-1.27981615853,-1.27981615853,0.290980168262,0.116548804731,0.174823207097,-0.174823207097,0.116548804731,0.116548804731,0.116548804731,2.56804869497,-12.5131752695,-64.4903241907,-8.15173699575,6.86573391558,0.310505289182,2.102503
1396,2.791999817,5,725999832,0.2922,-1.1324,1.1235,-1.3904,-1.373,0.158,0.0335,-0.369,0.8515,3.1065,-2.5152,-0.09,0.291213030697,-1.13397678075,1.13397678075,-1.2795832961,-1.2795832961,0.291213030697,0.116330456532,0.174495684798,-0.174495684798,0.116330456532,0.116330456532,0.116330456532,7.26882607154,3.16586145188,-70.1763109579,-21.1757995672,7.33130695401,0.109749340531,2.176895
1397,2.794000149,5,728000164,0.2921,-1.1336,1.1261,-1.3841,-1.3782,0.1639,-0.0123,-0.5739,1.3056,3.1088,-2.5873,2.9869,0.291445511507,-1.13362805953,1.13362805953,-1.27935081529,-1.27935081529,0.291445511507,0.116111709588,0.174167564382,-0.174167564382,0.116111709588,0.116111709588,0.116111709588,10.1622944918,18.8061708543,-97.6889027981,-24.4810314825,7.87426944153,-0.294531069351,2.100951
1398,2.796000004,5,730000019,0.292,-1.135,1.1293,-1.3779,-1.3836,0.17,-0.0443,-0.7125,1.6044,3.1156,-2.699,3.0163,0.291677499123,-1.13328007811,1.13328007811,-1.27911882767,-1.27911882767,0.291677499123,0.115892669782,0.173839004673,-0.173839004673,0.115892669782,0.115892669782,0.115892669782,12.240713704,29.6886238552,-116.120366456,-26.77457718,8.40283566709,-0.303588791321,1.116989
1399,2.797999859,5,731999874,0.2919,-1.1366,1.1327,-1.3716,-1.3893,0.1761,-0.0593,-0.769,1.7122,3.1241,-2.8609,3.0638,0.291909048348,-1.13293275427,1.13293275427,-1.27888727845,-1.27888727845,0.291909048348,0.115673286554,0.17350992983,-0.17350992983,0.115673286554,0.115673286554,0.115673286554,13.4005656442,34.67243473,-123.261291426,-27.7959801051,8.90299158147,-0.313491136172,1.255774
1400,2.80000019,5,734000205,0.2918,-1.138,1.1359,-1.3653,-1.3936,0.1823,-0.0722,-0.7412,1.6244,3.1341,-2.151,3.1116,0.292140213452,-1.13258600662,1.13258600662,-1.27865611334,-1.27865611334,0.292140213452,0.115453509128,0.173180263692,-0.173180263692,0.115453509128,0.115453509128,0.115453509128,14.0647052386,33.229367765,-118.622562793,-27.4597568721,7.4486663557,-0.325887938866,1.255415
1401,2.802000046,5,736000061,0.2916,-1.1394,1.1388,-1.359,-1.3931,0.1886,-0.1022,-0.6616,1.4282,3.1396,0.2438,3.1374,0.292370883852,-1.13224000102,1.13224000102,-1.27842544294,-1.27842544294,0.292370883852,0.11523344356,0.17285016534,-0.17285016534,0.11523344356,0.11523344356,0.11523344356,14.9427002824,27.5446720417,-107.309766493,-26.2887759301,2.3854798067,-0.341946116846,1.278138
1402,2.803999901,5,737999916,0.2913,-1.1405,1.1412,-1.3528,-1.3874,0.1949,-0.127,-0.5664,1.2044,3.1336,2.8409,3.1287,0.292601113698,-1.13189465625,1.13189465625,-1.2781952131,-1.2781952131,0.292601113698,0.115013039386,0.172519559079,-0.172519559079,0.115013039386,0.115013039386,0.115013039386,15.3408557117,20.51813352,-94.2812744036,-24.848615807,-3.17842771719,-0.354162308648,1.221330
1403,2.805999756,5,739999771,0.2911,-1.1414,1.1435,-1.3501,-1.3814,0.2011,-0.0945,-0.47,1.1437,1.321,3.0096,3.1192,0.292830902431,-1.13154997315,1.13154997315,-1.27796542436,-1.27796542436,0.292830902431,0.11479229807,0.172188447106,-0.172188447106,0.11479229807,0.11479229807,0.11479229807,12.3415161822,12.4294914229,-97.6333445018,-15.3231252557,-3.73938541586,-0.355681305952,1.227632
1404,2.808000087,5,742000102,0.291,-1.142,1.1453,-1.3509,-1.3757,0.2035,-0.0417,-0.2999,0.9049,-0.3683,2.843,1.2041,0.293060303913,-1.13120587093,1.13120587093,-1.27773602288,-1.27773602288,0.293060303913,0.114571168535,0.171856752803,-0.171856752803,0.114571168535,0.114571168535,0.114571168535,8.33795493876,-1.01120362619,-89.9691493402,-5.142435499,-3.72281027964,-0.105898840762,2.225951
1405,2.809999943,5,743999958,0.2911,-1.1422,1.1464,-1.3548,-1.3703,0.202,0.0221,-0.0829,0.5511,-1.9837,2.7267,-0.7537,0.293289208412,-1.13086251418,1.13086251418,-1.27750711838,-1.27750711838,0.293289208412,0.114349757493,0.17152463624,-0.17152463624,0.114349757493,0.114349757493,0.114349757493,3.61685052188,-17.975988239,-75.0921142208,5.53028189736,-3.89495314656,0.15232711331,2.248009
1406,2.811999798,5,745999813,0.2913,-1.1418,1.1466,-1.3611,-1.3649,0.1963,0.0878,0.1652,0.0908,-3.1202,2.711,-2.8484,0.293517669674,-1.13051982228,1.13051982228,-1.27727865712,-1.27727865712,0.293517669674,0.114128014174,0.171192021262,-0.171192021262,0.114128014174,0.114128014174,0.114128014174,-1.00583791738,-37.1307458895,-52.0505721942,14.5654940835,-4.32751140279,0.430782464865,2.234697
1407,2.814000129,5,748000144,0.2916,-1.141,1.1456,-1.3674,-1.3594,0.1903,0.1503,0.4305,-0.4998,-3.1209,2.7196,-3.0354,0.29374574137,-1.13017771474,1.13017771474,-1.27705058542,-1.27705058542,0.29374574137,0.113905887163,0.170858830745,-0.170858830745,0.113905887163,0.113905887163,0.113905887163,-4.76781744144,-56.8405849775,-17.0343292027,18.7245635677,-4.84791014148,0.462793038465,1.235774
1408,2.815999985,5,750000000,0.292,-1.1396,1.1435,-1.3736,-1.354,0.1842,0.2083,0.6709,-1.0295,-3.1234,2.7228,-3.0473,0.29397331441,-1.12983635518,1.12983635518,-1.27682301239,-1.27682301239,0.29397331441,0.11368348366,0.17052522549,-0.17052522549,0.11368348366,0.11368348366,0.11368348366,-8.31045805436,-74.9699553172,14.6329732732,22.5105471584,-5.31922919158,0.471883940506,1.222381
1409,2.81799984,5,751999855,0.2926,-1.1378,1.1405,-1.3799,-1.3527,0.178,0.2984,0.8897,-1.5156,-3.127,0.6327,-3.0764,0.294200442232,-1.12949566345,1.12949566345,-1.27659588456,-1.27659588456,0.294200442232,0.113460752668,0.170191129002,-0.170191129002,0.113460752668,0.113460752668,0.113460752668,-12.8044194363,-91.1386553197,43.6922110682,25.947431647,-1.40037770352,0.491959619131,1.442933
1410,2.820000171,5,754000186,0.2934,-1.1356,1.1365,-1.3861,-1.3561,0.1719,0.3877,1.1052,-2.0087,-3.129,-1.6809,-3.0886,0.2944271782,-1.12915555949,1.12915555949,-1.27636914859,-1.27636914859,0.2944271782,0.113237642551,0.169856463826,-0.169856463826,0.113237642551,0.113237642551,0.113237642551,-17.6592552002,-107.070517212,65.5754708342,27.9999967622,3.06681161028,0.510419636244,14.807203
1411,2.822000026,5,756000041,0.2943,-1.133,1.1313,-1.3904,-1.3623,0.1656,0.4479,1.3089,-2.5692,-2.1135,-3.0727,-3.1074,0.294653413755,-1.12881620616,1.12881620616,-1.27614291304,-1.27614291304,0.294653413755,0.113014261099,0.169521391648,-0.169521391648,0.113014261099,0.113014261099,0.113014261099,-19.574041766,-121.677245232,110.102665927,27.9999622278,5.60767214442,0.526356405645,9.567274
1412,2.823999882,5,757999897,0.2952,-1.13,1.1251,-1.3904,-1.3685,0.1611,0.4723,1.4661,-3.1054,0.0123,-3.1142,-2.2871,0.294879202368,-1.12847752324,1.12847752324,-1.27591712443,-1.27591712443,0.294879202368,0.112790556759,0.169185835138,-0.169185835138,0.112790556759,0.112790556759,0.112790556759,-19.8883076801,-132.83199053,150.000010849,20.9930883587,5.46479183576,0.425872084032,5.668855
1413,2.826000213,5,760000228,0.2961,-1.1272,1.1189,-1.3871,-1.3743,0.1625,0.4416,1.4207,-3.0932,1.5543,-2.873,0.7219,0.295104596753,-1.12813943167,1.12813943167,-1.27569173004,-1.27569173004,0.295104596753,0.112566478011,0.168849717016,-0.168849717016,0.112566478011,0.112566478011,0.112566478011,-17.5303857949,-130.423594773,150.000056559,12.5354727107,5.12490153679,0.0338920692109,2.286866
1414,2.828000068,5,762000083,0.2969,-1.1244,1.1127,-1.3813,-1.38,0.1687,0.419,1.3735,-3.0947,2.8472,-2.8486,3.1132,0.295329489111,-1.12780209313,1.12780209313,-1.27546683768,-1.27546683768,0.295329489111,0.112342133007,0.16851319951,-0.16851319951,0.112342133007,0.112342133007,0.112342133007,-15.7107775093,-127.802467671,150.000055109,5.36633391303,5.21768120443,-0.279942815714,2.188876
1415,2.829999923,5,763999938,0.2977,-1.1219,1.1069,-1.3751,-1.3856,0.1748,0.3881,1.2707,-2.9013,3.1211,-2.7871,3.0475,0.295553932494,-1.12746542805,1.12746542805,-1.2752423943,-1.2752423943,0.295553932494,0.112117470085,0.168176205128,-0.168176205128,0.112117470085,0.112117470085,0.112117470085,-13.517940975,-119.516075134,149.99994173,3.59821262308,5.26453945951,-0.276267893923,2.654881
1416,2.831999779,5,765999794,0.2984,-1.1197,1.1019,-1.3688,-1.3908,0.1808,0.3388,1.0855,-2.4933,3.1143,-2.6129,3.0105,0.295777926379,-1.12712943723,1.12712943723,-1.27501840042,-1.27501840042,0.295777926379,0.111892490762,0.167838736143,-0.167838736143,0.111892490762,0.111892490762,0.111892490762,-10.5778452271,-105.8454459,132.730551979,1.44789604966,5.23221433008,-0.27820409317,2.567843
1417,2.83400011,5,768000125,0.2989,-1.1181,1.0981,-1.3626,-1.392,0.1868,0.2419,0.8287,-1.9215,3.1095,-0.6057,2.9892,0.296001523064,-1.1267940422,1.1267940422,-1.27479480373,-1.27479480373,0.296001523064,0.111667143232,0.167500714849,-0.167500714849,0.111667143232,0.111667143232,0.111667143232,-5.88007166611,-87.9565349795,100.185099062,-2.3338099272,1.52778914408,-0.291462874217,1.348514
1418,2.835999965,5,769999980,0.2991,-1.1171,1.0959,-1.3563,-1.3865,0.1927,0.1017,0.4632,-1.0835,3.1023,2.7685,2.9526,0.29622461562,-1.12645940336,1.12645940336,-1.27457171117,-1.27457171117,0.29622461562,0.111441536267,0.1671623044,-0.1671623044,0.111441536267,0.111441536267,0.111441536267,0.670488650057,-62.3269458722,51.5345805097,-7.89495402395,-4.87447164465,-0.310391296643,1.308858
1419,2.83799982,5,771999835,0.2991,-1.1171,1.0959,-1.3511,-1.3806,0.1985,0.0074,0.0126,0.0001,2.6144,2.7898,2.9098,0.296447256684,-1.12612544177,1.12612544177,-1.27434907011,-1.27434907011,0.296447256684,0.111215617918,0.166823426876,-0.166823426876,0.111215617918,0.111215617918,0.111215617918,5.80046018516,-29.7579754234,-14.4318101853,-12.8483580557,-4.20913638005,-0.315560836674,1.359074
1420,2.840000152,5,774000167,0.2989,-1.1181,1.0984,-1.3494,-1.3747,0.2043,-0.0819,-0.4674,1.26,0.814,2.7889,2.9099,0.296669498575,-1.12579207893,1.12579207893,-1.27412682822,-1.27412682822,0.296669498575,0.110989335832,0.166484003748,-0.166484003748,0.110989335832,0.110989335832,0.110989335832,9.85596664168,4.32957692063,-96.1366073143,-12.2974290086,-3.44992127474,-0.326553872936,1.311648
1421,2.842000007,5,776000022,0.2986,-1.1198,1.1032,-1.3521,-1.3687,0.2062,-0.1603,-0.888,2.3855,-1.3264,2.8296,0.9314,0.296891234684,-1.12545947477,1.12545947477,-1.27390509211,-1.27390509211,0.296891234684,0.110762799577,0.166144199365,-0.166144199365,0.110762799577,0.110762799577,0.110762799577,13.8835319121,37.314340993,-150.000106271,-6.86660799931,-2.96439602707,-0.0776757626232,2.264713
1422,2.843999862,5,777999877,0.2982,-1.122,1.1087,-1.3552,-1.3627,0.2037,-0.2063,-1.0607,2.7338,-1.5479,2.9296,-1.2489,0.297112517448,-1.12512755062,1.12512755062,-1.27368380935,-1.27368380935,0.297112517448,0.110535956879,0.165803935319,-0.165803935319,0.110535956879,0.110535956879,0.110535956879,17.4280647611,54.2260449302,-149.999999987,-5.86111957259,-3.01501118313,0.20344963829,4.881044
1423,2.846000194,5,780000209,0.2977,-1.1243,1.1144,-1.358,-1.3566,0.1974,-0.235,-1.1534,2.8611,-1.417,2.9807,-3.0827,0.297333398871,-1.12479622849,1.12479622849,-1.27346292792,-1.27346292792,0.297333398871,0.11030875518,0.16546313277,-0.16546313277,0.11030875518,0.11030875518,0.11030875518,19.7505118298,63.6500440415,-149.999993735,-6.62945026376,-3.03974523905,0.442884251862,13.669573
1424,2.848000049,5,782000064,0.2972,-1.1267,1.1203,-1.3612,-1.3504,0.1912,-0.2516,-1.2103,2.9435,-1.5863,3.0203,-3.0967,0.297553773002,-1.12446566729,1.12446566729,-1.27324255379,-1.27324255379,0.297553773002,0.110081304495,0.165121956743,-0.165121956743,0.110081304495,0.110081304495,0.110081304495,21.223894807,70.3367183517,-149.999992729,-5.66996609721,-3.09797975235,0.447440205644,11.505466
1425,2.851999759,5,785999774,0.2965,-1.1315,1.1323,-1.3724,-1.3517,0.1787,-0.1613,-1.1903,2.9737,-3.1237,-1.3654,-3.1282,0.297993155154,-1.12380659406,1.12380659406,-1.27280317164,-1.27280317164,0.297993155154,0.109625500398,0.164438250597,-0.164438250597,0.109625500398,0.109625500398,0.109625500398,19.2360162999,72.5272351535,-150.000057159,2.75936943164,5.95193249248,0.478106572739,3.967068
1426,2.854000091,5,788000106,0.2963,-1.1335,1.1373,-1.3786,-1.3579,0.1725,-0.0871,-0.9882,2.4999,-3.0979,-3.0603,-3.0957,0.298212214158,-1.12347800556,1.12347800556,-1.27258411264,-1.27258411264,0.298212214158,0.109397095821,0.164095643731,-0.164095643731,0.109397095821,0.109397095821,0.109397095821,13.4387769671,54.6299966679,-150.000011187,3.03073509112,9.25556200465,0.487424286459,14.066043
1427,2.855999946,5,789999961,0.2963,-1.1347,1.1401,-1.3804,-1.3639,0.1665,-0.0183,-0.6123,1.4407,-0.8564,-2.9374,-3.0008,0.298430763906,-1.12315018094,1.12315018094,-1.27236556289,-1.27236556289,0.298430763906,0.109168449221,0.163752673832,-0.163752673832,0.109168449221,0.109168449221,0.109168449221,9.07464434003,23.1223616076,-124.10923592,-5.75295666527,8.62120103303,0.482395623082,4.511447
1428,2.857999801,5,791999816,0.2964,-1.1351,1.1408,-1.3772,-1.3699,0.1631,0.058,-0.2062,0.326,1.594,-2.9028,-1.7054,0.2986488561,-1.12282304265,1.12282304265,-1.2721474707,-1.2721474707,0.2986488561,0.108939507847,0.163409261771,-0.163409261771,0.108939507847,0.108939507847,0.108939507847,6.15288060922,-4.52733517983,-49.7786870923,-10.8164805934,7.92628678662,0.323171756491,2.011098
1429,2.860000133,5,794000148,0.2967,-1.1348,1.1395,-1.3709,-1.3759,0.1627,0.1365,0.1798,-0.6631,3.1245,-2.9087,-0.2251,0.298866542005,-1.12249651379,1.12249651379,-1.27192978479,-1.27192978479,0.298866542005,0.10871021867,0.163065328004,-0.163065328004,0.10871021867,0.10871021867,0.10871021867,2.51598819202,-31.6566386806,14.4652199106,-12.0520382872,7.34081176674,0.138243562901,2.065388
1430,2.861999988,5,796000003,0.2971,-1.1337,1.1365,-1.3647,-1.3819,0.1689,0.2213,0.5433,-1.4626,3.1222,-2.8957,3.0568,0.299083717218,-1.12217075097,1.12217075097,-1.27171260958,-1.27171260958,0.299083717218,0.108480692728,0.162721039092,-0.162721039092,0.108480692728,0.108480692728,0.108480692728,-2.4452673939,-58.6509355716,62.5278757621,-6.703328551,6.73891943398,-0.283840480826,2.225097
1431,2.863999843,5,797999858,0.2977,-1.1319,1.132,-1.3585,-1.3879,0.175,0.3048,0.9037,-2.2553,3.1208,-2.9023,3.0587,0.299300433123,-1.12184567711,1.12184567711,-1.27149589367,-1.27149589367,0.299300433123,0.108250877071,0.162376315607,-0.162376315607,0.108250877071,0.108250877071,0.108250877071,-7.43598639572,-85.6864048525,110.589476885,-1.35969431203,6.1903855211,-0.281587501697,1.211864
1432,2.866000175,5,800000190,0.2985,-1.1296,1.1267,-1.3522,-1.394,0.1812,0.3651,1.1325,-2.6848,3.1278,-2.9327,3.0655,0.299516740668,-1.12152121579,1.12152121579,-1.27127958613,-1.27127958613,0.299516740668,0.108020718475,0.162031077713,-0.162031077713,0.108020718475,0.108020718475,0.108020718475,-11.2632385412,-103.620962933,137.073509651,1.49848002669,5.92070671264,-0.28209552348,1.220050
1433,2.86800003,5,802000045,0.2992,-1.1271,1.121,-1.346,-1.3955,0.1874,0.365,1.2534,-2.8188,3.0952,-0.7406,3.0752,0.299732536116,-1.12119752262,1.12119752262,-1.27106379068,-1.27106379068,0.299732536116,0.107790328406,0.161685492609,-0.161685492609,0.107790328406,0.107790328406,0.107790328406,-12.6807707222,-114.557653995,146.101246807,2.66549000519,1.21298467135,-0.294355906443,1.290787
1434,2.869999885,5,803999900,0.2999,-1.1244,1.1152,-1.3398,-1.3904,0.1937,0.3351,1.3445,-2.9085,3.1052,2.5097,3.0849,0.299947870532,-1.120874521,1.120874521,-1.27084845626,-1.27084845626,0.299947870532,0.107559653716,0.161339480575,-0.161339480575,0.107559653716,0.107559653716,0.107559653716,-12.8684286262,-123.942144502,150.000015836,3.07306467363,-5.67545490509,-0.311916319607,2.168323
1435,2.872000217,5,806000232,0.3006,-1.1214,1.109,-1.3337,-1.3847,0.1999,0.355,1.4532,-3.0918,3.0373,2.864,3.1138,0.300162794545,-1.12055213498,1.12055213498,-1.27063353225,-1.27063353225,0.300162794545,0.107328640991,0.160992961486,-0.160992961486,0.107328640991,0.107328640991,0.107328640991,-14.8632386152,-135.117282679,150.000082943,3.47835518373,-6.58952847039,-0.319572243037,2.192725
1436,2.874000072,5,808000087,0.3013,-1.1184,1.1028,-1.3295,-1.3785,0.2062,0.3798,1.5125,-3.1203,2.1338,3.1187,3.1343,0.300377205089,-1.12023051916,1.12023051916,-1.27041912171,-1.27041912171,0.300377205089,0.107097402114,0.160646103172,-0.160646103172,0.107097402114,0.107097402114,0.107097402114,-17.3226580343,-141.369000498,149.999992359,8.36069924609,-7.30329347252,-0.325728928047,2.201820
1437,2.875999927,5,809999942,0.302,-1.1156,1.0975,-1.3299,-1.3723,0.2123,0.3651,1.4042,-2.6513,-0.1934,3.0727,3.0766,0.300591152909,-1.11990959743,1.11990959743,-1.27020517389,-1.27020517389,0.300591152909,0.106865883747,0.160298825621,-0.160298825621,0.106865883747,0.106865883747,0.106865883747,-17.3935725571,-134.179223265,130.325900644,18.7478301487,-7.14815064918,-0.322632366531,1.212010
1438,2.877999782,5,811999797,0.3027,-1.1133,1.0938,-1.3355,-1.3662,0.2148,0.3353,1.161,-1.8496,-2.8268,2.9883,1.2621,0.300804637448,-1.11958937062,1.11958937062,-1.26999168935,-1.26999168935,0.300804637448,0.106634087607,0.15995113141,-0.15995113141,0.106634087607,0.106634087607,0.106634087607,-17.5768536962,-119.336368545,74.3047632948,26.983818416,-6.63532467638,-0.0925790525561,2.223464
1439,2.880000114,5,814000129,0.3033,-1.1116,1.0916,-1.3417,-1.3601,0.2128,0.2761,0.8537,-1.0837,-3.0962,2.9067,-0.9984,0.301017708906,-1.11926976344,1.11926976344,-1.26977861789,-1.26977861789,0.301017708906,0.106401960029,0.159602940043,-0.159602940043,0.106401960029,0.106401960029,0.106401960029,-14.6232220838,-97.8845854287,28.1670628675,23.3773066018,-6.00298639126,0.196472973863,2.106711
1440,2.881999969,5,815999984,0.3037,-1.1106,1.0913,-1.3479,-1.3542,0.2067,0.2007,0.4785,-0.1872,-3.0915,2.8522,-3.0419,0.301230265113,-1.11895092913,1.11895092913,-1.26956606168,-1.26956606168,0.301230265113,0.106169613446,0.159254420169,-0.159254420169,0.106169613446,0.106169613446,0.106169613446,-10.5362732208,-71.0009062576,-25.2489409389,17.4363819429,-5.30671541884,0.458624577147,2.242663
1441,2.883999824,5,817999839,0.3039,-1.1105,1.0928,-1.354,-1.3482,0.2005,0.1181,0.0717,0.7707,-3.0489,2.8316,-3.0362,0.301442356388,-1.11863279221,1.11863279221,-1.26935397041,-1.26935397041,0.301442356388,0.105936994267,0.1589054914,-0.1589054914,0.105936994267,0.105936994267,0.105936994267,-5.9317236932,-41.4021612857,-82.6072763695,10.8332230571,-4.63254463646,0.455129140482,1.285808
1442,2.886000156,5,820000171,0.304,-1.1112,1.0963,-1.3599,-1.3449,0.1943,0.0531,-0.3462,1.7388,-2.9478,1.6443,-3.0258,0.301654032609,-1.11831527788,1.11831527788,-1.26914229419,-1.26914229419,0.301654032609,0.105704048645,0.158556072967,-0.158556072967,0.105704048645,0.105704048645,0.105704048645,-1.73795908009,-10.3191110678,-140.998493004,3.7509555176,-1.50341900937,0.455838303876,1.515393
1443,2.888000011,5,822000026,0.3041,-1.1124,1.1009,-1.3659,-1.3458,0.1882,0.0266,-0.6206,2.316,-2.9991,-0.4198,-3.041,0.301865192281,-1.11799853837,1.11799853837,-1.26893113451,-1.26893113451,0.301865192281,0.105470889413,0.15820633412,-0.15820633412,0.105470889413,0.105470889413,0.105470889413,1.72056458478,14.8516985953,-149.999999991,2.75976662721,3.10857474137,0.467079215407,4.750666
1444,2.889999866,5,823999881,0.3041,-1.114,1.1062,-1.3714,-1.3501,0.182,0.0044,-0.8121,2.6379,-2.7512,-2.1524,-3.052,0.302075885402,-1.11768249869,1.11768249869,-1.26872044139,-1.26872044139,0.302075885402,0.105237462798,0.157856194198,-0.157856194198,0.105237462798,0.105237462798,0.105237462798,4.97365819734,33.534636732,-149.999997987,1.22163724197,6.96496403766,0.477436205671,31.359816
1445,2.892000198,5,826000213,0.304,-1.1159,1.1116,-1.3726,-1.3547,0.1758,-0.0436,-0.9445,2.6788,-0.6248,-2.3109,-3.0623,0.302286161523,-1.11736708451,1.11736708451,-1.26851016527,-1.26851016527,0.302286161523,0.105003714774,0.157505572161,-0.157505572161,0.105003714774,0.105003714774,0.105003714774,9.19288651178,45.5178174321,-149.999998485,-10.4155905345,7.583154703,0.480806720906,35.454279
1446,2.897999763,5,831999778,0.3032,-1.123,1.1284,-1.3551,-1.3706,0.1699,-0.1494,-1.2378,2.9079,3.1247,-2.8717,1.8677,0.302914031504,-1.11642527954,1.11642527954,-1.26788229529,-1.26788229529,0.302914031504,0.104301061506,0.156451592259,-0.156451592259,0.104301061506,0.104301061506,0.104301061506,21.2366160392,71.9633253293,-149.999972663,-27.9999983417,9.45109105351,-0.156110911081,32.664675
1447,2.915999889,5,849999904,0.3039,-1.122,1.1256,-1.3002,-1.3658,0.2258,0.2336,1.2276,-2.8332,2.9852,2.6017,3.0788,0.304772396948,-1.11363773137,1.11363773137,-1.26602392985,-1.26602392985,0.304772396948,0.102179158311,0.153268737466,-0.153268737466,0.102179158311,0.102179158311,0.102179158311,-5.72325023984,-113.311432471,145.392464497,2.25998728677,-5.75427333443,-0.331547861605,6.544668
1448,2.918000221,5,852000236,0.3044,-1.1193,1.1196,-1.2954,-1.3604,0.232,0.2669,1.3606,-3.0106,2.4073,2.6696,3.0926,0.304976552147,-1.11333149857,1.11333149857,-1.26581977465,-1.26581977465,0.304976552147,0.101942116568,0.152913174852,-0.152913174852,0.101942116568,0.101942116568,0.101942116568,-8.36325478129,-125.585698929,149.999948457,5.9385552375,-6.13756193921,-0.3354034735,1.171629
1449,2.920000076,5,854000091,0.305,-1.1164,1.1135,-1.2924,-1.355,0.2383,0.2952,1.4555,-3.0626,1.481,2.6983,3.1,0.30518018443,-1.11302605015,1.11302605015,-1.26561614236,-1.26561614236,0.30518018443,0.10170489053,0.152557335795,-0.152557335795,0.10170489053,0.10170489053,0.10170489053,-10.8159554917,-134.873178441,149.999948605,11.0036528904,-6.3942018851,-0.338735019083,1.114106
1450,2.921999931,5,855999946,0.3056,-1.1133,1.1073,-1.2915,-1.3496,0.2445,0.3224,1.5389,-3.0783,0.4525,2.7048,3.1011,0.305383342056,-1.11272131371,1.11272131371,-1.26541298474,-1.26541298474,0.305383342056,0.101467425504,0.152201138256,-0.152201138256,0.101467425504,0.101467425504,0.101467425504,-13.1782424477,-143.116376784,149.99994457,16.6513725699,-6.59816893924,-0.341157070528,1.121670
1451,2.923999786,5,857999801,0.3063,-1.11,1.1012,-1.2927,-1.3442,0.2507,0.349,1.6187,-3.0826,-0.6102,2.704,3.1019,0.305586024549,-1.11241728997,1.11241728997,-1.26521030225,-1.26521030225,0.305586024549,0.101229723298,0.151844584947,-0.151844584947,0.101229723298,0.101229723298,0.101229723298,-15.5714931717,-149.999842149,149.999939127,22.5179120355,-6.78014855092,-0.343572039695,1.203818
1452,2.926000118,5,860000133,0.3071,-1.1066,1.095,-1.2961,-1.3388,0.257,0.375,1.6981,-3.0843,-1.6841,2.7054,3.1019,0.305788279609,-1.11211390738,1.11211390738,-1.26500804719,-1.26500804719,0.305788279609,0.100991728944,0.151487593416,-0.151487593416,0.100991728944,0.100991728944,0.100991728944,-18.3976371168,-150.000000043,147.969400812,27.99999971,-6.92087963537,-0.346378211796,4.794300
1453,2.927999973,5,861999988,0.3079,-1.103,1.0888,-1.3016,-1.3334,0.2632,0.4006,1.7778,-3.085,-2.767,2.7047,3.1019,0.305990010308,-1.11181131133,1.11181131133,-1.26480631649,-1.26480631649,0.305990010308,0.100753557763,0.151130336644,-0.151130336644,0.100753557763,0.100753557763,0.100753557763,-23.3027600876,-149.99999877,114.146077346,27.9999992767,-6.89839282843,-0.350588780208,43.772726
1454,2.947999954,5,881999969,0.3105,-1.1,1.1019,-1.3234,-1.3525,0.2165,-0.1562,-1.1449,3.0297,3.1104,-2.404,-3.0562,0.307981173401,-1.10882456669,1.10882456669,-1.26281515339,-1.26281515339,0.307981173401,0.0983592308022,0.147538846203,-0.147538846203,0.0983592308022,0.0983592308022,0.0983592308022,20.9639887248,56.9772435612,-149.999992582,-27.9999995958,8.27206554235,0.454094345953,43.857682
1455,2.953999996,5,888000011,0.3092,-1.1079,1.1207,-1.3046,-1.3677,0.1978,-0.2495,-1.3862,3.1345,3.1185,-2.5578,-3.069,0.308569166204,-1.10794257749,1.10794257749,-1.26222716059,-1.26222716059,0.308569166204,0.097636682491,0.146455023737,-0.146455023737,0.097636682491,0.097636682491,0.097636682491,28.9029834853,81.5927433316,-149.99999426,-27.9999988666,9.11076729912,0.464403289043,18.634023
1456,2.96600008,5,900000095,0.3049,-1.1275,1.1583,-1.267,-1.3986,0.1606,-0.4523,-1.8018,3.1184,3.1151,-2.59,-3.0677,0.30973211788,-1.10619814997,1.10619814997,-1.26106420891,-1.26106420891,0.30973211788,0.0961860274546,0.144279041182,-0.144279041182,0.0961860274546,0.0961860274546,0.0961860274546,45.4561703345,123.18387748,-149.99999562,-27.9999987207,10.1913814824,0.480573645721,21.182333
1457,2.980000019,5,914000034,0.3022,-1.135,1.1661,-1.273,-1.3703,0.1991,0.0754,0.4532,-1.4105,-3.1006,2.3514,3.0446,0.311066818057,-1.10419609971,1.10419609971,-1.25972950874,-1.25972950874,0.311066818057,0.0944847073747,0.141727061062,-0.141727061062,0.0944847073747,0.0944847073747,0.0944847073747,2.71706298666,-49.5157252861,31.5364035574,21.8815399633,-3.92209948224,-0.318641047632,6.524477
1458,2.981999874,5,915999889,0.3026,-1.1333,1.1617,-1.2792,-1.3656,0.2053,0.1731,0.834,-2.2253,-3.1006,2.384,3.0446,0.311255530043,-1.10391303173,1.10391303173,-1.25954079675,-1.25954079675,0.311255530043,0.0942409306843,0.141361396026,-0.141361396026,0.0942409306843,0.0942409306843,0.0942409306843,-3.31669565093,-78.2043192255,80.582550619,27.641846184,-4.69702238365,-0.316132777179,1.112489
1459,2.984000206,5,918000221,0.3031,-1.131,1.1559,-1.2855,-1.3607,0.2115,0.2576,1.1512,-2.8679,-3.111,2.4346,3.0659,0.311443799166,-1.10363062805,1.10363062805,-1.25935252763,-1.25935252763,0.311443799166,0.0939969146737,0.140995372011,-0.140995372011,0.0939969146737,0.0939969146737,0.0939969146737,-10.2648522571,-102.566871038,95.8543676498,27.999997829,-5.28221991956,-0.318605153834,17.435648
1460,2.986000061,5,920000076,0.3037,-1.1283,1.1497,-1.2917,-1.3554,0.2177,0.309,1.3253,-3.1194,-3.1186,2.6632,3.0756,0.311631535276,-1.10334902388,1.10334902388,-1.25916479152,-1.25916479152,0.311631535276,0.0937527776494,0.140629166474,-0.140629166474,0.0937527776494,0.0937527776494,0.0937527776494,-14.6866586676,-117.10025607,100.35081118,27.9999988766,-6.04456585923,-0.322193166923,38.484453
1461,2.998000145,5,932000160,0.3087,-1.1098,1.1125,-1.3168,-1.3282,0.2369,0.4306,1.4359,-2.8578,1.0996,0.6813,-2.8814,0.312747771033,-1.10167467025,1.10167467025,-1.25804855576,-1.25804855576,0.312747771033,0.0922841842776,0.138426276416,-0.138426276416,0.0922841842776,0.0922841842776,0.0922841842776,-19.3551466025,-132.799494096,139.377881322,12.5358117062,-2.53833323351,0.448457322962,6.775499
1462,3.004000187,5,938000202,0.3108,-1.1044,1.1017,-1.2985,-1.3375,0.2184,0.2948,0.6253,-1.1462,3.1018,-2.4426,-3.0517,0.313299271056,-1.10084742021,1.10084742021,-1.25749705574,-1.25749705574,0.313299271056,0.0915476258138,0.137321438721,-0.137321438721,0.0915476258138,0.0915476258138,0.0915476258138,-9.37686049985,-73.1767874385,47.3094939519,-9.47540143267,5.34158278037,0.482272334733,1.172343
1463,3.006000042,5,940000057,0.3113,-1.1037,1.1007,-1.2923,-1.3424,0.2122,0.2343,0.331,-0.4617,3.1024,-2.4763,-3.0527,0.313482107255,-1.10057316591,1.10057316591,-1.25731421954,-1.25731421954,0.313482107255,0.0913018038689,0.136952705803,-0.136952705803,0.0913018038689,0.0913018038689,0.0913018038689,-6.03754713228,-51.8832260235,6.97698564777,-14.2207526701,5.94495761926,0.481748357629,1.193075
1464,3.007999897,5,941999912,0.3116,-1.1036,1.1012,-1.286,-1.3473,0.206,0.1735,0.0365,0.2246,3.1024,-2.47,-3.0514,0.313664451689,-1.10029964926,1.10029964926,-1.25713187511,-1.25713187511,0.313664451689,0.0910558242307,0.136583736346,-0.136583736346,0.0910558242307,0.0910558242307,0.0910558242307,-2.64859085279,-30.3719812138,-33.8562415592,-19.0199933434,6.4710395113,0.480706395246,1.190835
1465,3.009999752,5,943999767,0.3118,-1.1042,1.103,-1.2798,-1.3523,0.1998,0.112,-0.2581,0.9104,3.1023,-2.4576,-3.0505,0.313846304042,-1.10002687073,1.10002687073,-1.25695002275,-1.25695002275,0.313846304042,0.0908096888761,0.136214533314,-0.136214533314,0.0908096888761,0.0908096888761,0.0908096888761,0.815483289451,-8.59531592113,-74.9936968353,-23.8509520278,6.99093734921,0.479640048995,1.157658
1466,3.012000084,5,946000099,0.3119,-1.1053,1.1063,-1.2735,-1.357,0.1937,0.0408,-0.5796,1.645,3.0979,-2.372,-3.0397,0.314027707206,-1.09975476599,1.09975476599,-1.25676861959,-1.25676861959,0.314027707206,0.0905633410235,0.135845011535,-0.135845011535,0.0905633410235,0.0905633410235,0.0905633410235,5.26967441166,15.3673150012,-113.734917925,-27.9999967347,7.37940449658,0.476698791306,11.338971
1467,3.013999939,5,947999954,0.3119,-1.1071,1.111,-1.2673,-1.3617,0.1875,-0.0293,-0.8978,2.374,3.0975,-2.355,-3.038,0.314208574358,-1.09948346526,1.09948346526,-1.25658775244,-1.25658775244,0.314208574358,0.0903169001462,0.135475350219,-0.135475350219,0.0903169001462,0.0903169001462,0.0903169001462,11.4400680495,39.8352453639,-130.883436732,-27.9999993314,7.81104050652,0.476186466965,55.541442
1468,3.024000168,5,958000183,0.3103,-1.1193,1.1412,-1.2483,-1.3619,0.2007,-0.206,-1.2211,3.1276,-0.4888,3.1284,3.1416,0.315105594273,-1.09813793539,1.09813793539,-1.25569073252,-1.25569073252,0.315105594273,0.0890823712979,0.133623556947,-0.133623556947,0.0890823712979,0.0890823712979,0.0890823712979,19.7033400298,80.2760561581,-149.999985204,-13.8328195727,-3.06494068333,-0.357931506513,25.524288
1469,3.039999962,5,973999977,0.3104,-1.1244,1.1611,-1.2974,-1.3168,0.2505,0.1993,0.5794,-0.8047,-3.1116,2.6598,3.0755,0.316515046596,-1.0960237569,1.0960237569,-1.2542812802,-1.2542812802,0.316515046596,0.0871000327202,0.13065004908,-0.13065004908,0.0871000327202,0.0871000327202,0.0871000327202,-8.46767046173,-65.9317679485,-9.16284402763,18.3422397862,-5.17445721733,-0.351413778134,4.596307
1470,3.041999817,5,975999832,0.3109,-1.1227,1.1582,-1.3036,-1.3115,0.2567,0.2635,0.8713,-1.4573,-3.113,2.6603,3.0793,0.316688985716,-1.09576284822,1.09576284822,-1.25410734108,-1.25410734108,0.316688985716,0.0868516778065,0.13027751671,-0.13027751671,0.0868516778065,0.0868516778065,0.0868516778065,-12.3149507995,-87.9485948968,30.0558875376,22.9797824376,-5.72146050502,-0.350864926993,1.106574
1471,3.044000149,5,978000164,0.3115,-1.1203,1.154,-1.3099,-1.3061,0.2629,0.3277,1.1646,-2.1138,-3.1133,2.665,3.0786,0.316862469349,-1.09550262277,1.09550262277,-1.25393385745,-1.25393385745,0.316862469349,0.086603142105,0.129904713157,-0.129904713157,0.086603142105,0.086603142105,0.086603142105,-16.186695645,-110.323785464,69.84853518,27.6790869043,-6.28455097875,-0.349692789758,1.099948
1472,3.046000004,5,980000019,0.3123,-1.1174,1.1485,-1.3161,-1.3008,0.2691,0.3903,1.4601,-2.7753,-3.113,2.6661,3.0804,0.317035414518,-1.09524320502,1.09524320502,-1.25376091228,-1.25376091228,0.317035414518,0.0863545461954,0.129531819293,-0.129531819293,0.0863545461954,0.0863545461954,0.0863545461954,-21.6300458119,-132.993029716,85.8862404903,27.9999976266,-6.72141122573,-0.349920665131,16.689434
1473,3.047999859,5,981999874,0.3132,-1.1141,1.1422,-1.3224,-1.2951,0.2753,0.4269,1.642,-3.1289,-3.1224,2.8552,3.0907,0.317207862413,-1.09498453318,1.09498453318,-1.25358846438,-1.25358846438,0.317207862413,0.0861058328776,0.129158749316,-0.129158749316,0.0861058328776,0.0861058328776,0.0861058328776,-25.1325142536,-147.853768974,92.8743239735,27.9999990926,-7.3953136225,-0.353531163424,39.197406
1474,3.053999901,5,987999916,0.316,-1.1035,1.1233,-1.3413,-1.2794,0.2885,0.5016,1.8224,-3.1384,-3.1413,1.7059,0.3722,0.317722260867,-1.09421293549,1.09421293549,-1.25307406593,-1.25307406593,0.317722260867,0.0853589496317,0.128038424448,-0.128038424448,0.0853589496317,0.0853589496317,0.0853589496317,-31.2942088361,-149.999956326,91.7889746219,27.9999897309,-5.31196869303,-0.00339810653179,34.999401
1475,3.076000213,6,10000228,0.322,-1.087,1.1002,-1.2985,-1.3243,0.2221,-0.1084,-0.8549,2.3462,3.0882,-2.2995,-3.0265,0.319569993359,-1.09144133676,1.09144133676,-1.25122633344,-1.25122633344,0.319569993359,0.0826123784622,0.123918567693,-0.123918567693,0.0826123784622,0.0826123784622,0.0826123784622,14.894813238,29.8368169229,-135.113935915,-27.9999801336,7.45660383229,0.454965612686,14.976504
1476,3.078000068,6,12000083,0.3216,-1.0892,1.1059,-1.2922,-1.329,0.216,-0.175,-1.1071,2.846,3.0964,-2.3657,-3.0404,0.319734955944,-1.09119389288,1.09119389288,-1.25106137085,-1.25106137085,0.319734955944,0.0823621527587,0.123543229138,-0.123543229138,0.0823621527587,0.0823621527587,0.0823621527587,21.1630690021,51.4090328239,-149.867159116,-27.9999799155,8.03238075948,0.457023901487,10.034233
1477,3.079999923,6,13999938,0.3212,-1.0917,1.112,-1.286,-1.3341,0.2098,-0.2182,-1.2372,3.0183,3.1071,-2.5493,-3.0579,0.319899418029,-1.09094719975,1.09094719975,-1.25089690877,-1.25089690877,0.319899418029,0.082111843006,0.123167764509,-0.123167764509,0.082111843006,0.082111843006,0.082111843006,25.2749947183,65.5933628226,-149.99997519,-27.9999973626,8.66591430024,0.46192163318,8.314424
1478,3.081999779,6,15999794,0.3207,-1.0944,1.1181,-1.2797,-1.3393,0.2036,-0.2564,-1.3288,3.0864,3.1116,-2.6218,-3.0656,0.32006337953,-1.0907012575,1.0907012575,-1.25073294726,-1.25073294726,0.32006337953,0.081861451197,0.122792176796,-0.122792176796,0.081861451197,0.081861451197,0.081861451197,28.5998653149,75.173015439,-149.999979161,-27.9999964329,9.01804842657,0.465588290986,7.828368
1479,3.08400011,6,18000125,0.3201,-1.0972,1.1244,-1.2735,-1.3446,0.1974,-0.2934,-1.4046,3.1089,3.113,-2.6449,-3.0681,0.320226878969,-1.09045600834,1.09045600834,-1.25056944783,-1.25056944783,0.320226878969,0.0816109200783,0.122416380117,-0.122416380117,0.0816109200783,0.0816109200783,0.0816109200783,31.6905893028,82.8460363848,-149.999979938,-27.9999948311,9.25003167565,0.468556867701,6.855813
1480,3.085999965,6,19999980,0.3194,-1.1002,1.1306,-1.2672,-1.3499,0.1912,-0.3299,-1.4743,3.1137,3.1133,-2.6563,-3.0684,0.320389838458,-1.09021156911,1.09021156911,-1.25040648834,-1.25040648834,0.320389838458,0.0813603708842,0.122040556326,-0.122040556326,0.0813603708842,0.0813603708842,0.0813603708842,34.6757588159,89.787588977,-149.999984023,-27.9999948636,9.45018932325,0.471264846247,7.024563
1481,3.08799982,6,21999835,0.3187,-1.1033,1.1368,-1.261,-1.3552,0.185,-0.3668,-1.543,3.1145,3.1133,-2.6602,-3.0688,0.320552296808,-1.08996788158,1.08996788158,-1.25024402999,-1.25024402999,0.320552296808,0.0811097461376,0.121664619206,-0.121664619206,0.0811097461376,0.0811097461376,0.0811097461376,37.6650964721,96.6274704156,-149.999985184,-27.9999948443,9.63423860605,0.473959697617,6.913472
1482,3.092000007,6,26000022,0.3171,-1.1092,1.1483,-1.251,-1.3616,0.1805,-0.3793,-1.3636,2.6334,1.8568,-0.6001,0.8208,0.320875747954,-1.08948270486,1.08948270486,-1.24992057884,-1.24992057884,0.320875747954,0.0806082187048,0.120912328057,-0.120912328057,0.0806082187048,0.0806082187048,0.0806082187048,33.836193422,87.1711351437,-150.000009216,-26.5644988044,5.23410843663,-0.0329746275902,11.616029
1483,3.101999759,6,35999774,0.3156,-1.1128,1.1545,-1.2575,-1.3396,0.2113,0.0456,0.356,-0.8042,-2.2773,2.3116,3.0368,0.321675537127,-1.0882830211,1.0882830211,-1.24912078967,-1.24912078967,0.321675537127,0.0793533173833,0.119029976075,-0.119029976075,0.0793533173833,0.0793533173833,0.0793533173833,2.79414263783,-49.2486464033,-3.46434774701,13.3839420414,-3.79496877993,-0.323273937958,4.723756
1484,3.104000091,6,38000106,0.3159,-1.1113,1.1515,-1.2637,-1.335,0.2175,0.1509,0.728,-1.5341,-3.0746,2.3082,3.0389,0.321834018863,-1.0880452985,1.0880452985,-1.24896230793,-1.24896230793,0.321834018863,0.0791021054265,0.11865315814,-0.11865315814,0.0791021054265,0.0791021054265,0.0791021054265,-4.19461185593,-77.8157503802,37.407919701,22.5929804723,-4.48752314275,-0.320919933352,1.162341
1485,3.105999946,6,39999961,0.3164,-1.1091,1.1467,-1.2699,-1.3303,0.2236,0.2541,1.1233,-2.374,-3.0968,2.3636,3.0422,0.321991960423,-1.08780838616,1.08780838616,-1.24880436637,-1.24880436637,0.321991960423,0.0788508971619,0.118276345743,-0.118276345743,0.0788508971619,0.0788508971619,0.0788508971619,-10.9019500269,-107.809315597,84.4225533725,27.9999936244,-5.32310995293,-0.318766202977,8.226232
1486,3.107999801,6,41999816,0.317,-1.1062,1.1409,-1.2761,-1.3254,0.2298,0.3375,1.4166,-2.9255,-3.1035,2.4393,3.0466,0.322149399549,-1.08757222747,1.08757222747,-1.24864692725,-1.24864692725,0.322149399549,0.0785996348615,0.117899452292,-0.117899452292,0.0785996348615,0.0785996348615,0.0785996348615,-17.8707969983,-130.902090589,95.657658685,27.9999992645,-5.92785048533,-0.319487824633,45.678226
1487,3.113999843,6,47999858,0.3197,-1.0961,1.122,-1.295,-1.3089,0.2484,0.4791,1.7624,-3.1361,-3.1413,2.8604,3.0719,0.322618738414,-1.08686821917,1.08686821917,-1.24817758838,-1.24817758838,0.322618738414,0.0778454855249,0.116768228287,-0.116768228287,0.0778454855249,0.0778454855249,0.0778454855249,-30.1652757072,-149.999943828,97.3308568246,27.9999840191,-7.42270660806,-0.331115501088,43.321514
1488,3.139999866,6,73999881,0.3284,-1.0757,1.0973,-1.2559,-1.3307,0.1973,-0.0324,-0.9607,2.8239,3.0983,-2.3659,-3.0417,0.324600199297,-1.08389602785,1.08389602785,-1.2461961275,-1.2461961275,0.324600199297,0.0745735741252,0.111860361188,-0.111860361188,0.0745735741252,0.0745735741252,0.0745735741252,10.0328819497,36.1952364068,-146.206368463,-27.9999829698,7.64881199456,0.474231055285,16.705282
1489,3.142000198,6,76000213,0.3282,-1.0779,1.1034,-1.2497,-1.3358,0.1911,-0.0679,-1.0914,3.03,3.1098,-2.5746,-3.062,0.324749119259,-1.08367264791,1.08367264791,-1.24604720754,-1.24604720754,0.324749119259,0.0743216688169,0.111482503225,-0.111482503225,0.0743216688169,0.0743216688169,0.0743216688169,13.6243611369,49.4312863129,-149.999972486,-27.9999973199,8.33485981833,0.479578925574,8.433637
1490,3.144000053,6,78000068,0.328,-1.0802,1.1096,-1.2434,-1.3411,0.1849,-0.0963,-1.1746,3.1079,3.1149,-2.663,-3.0709,0.324897499981,-1.08345007682,1.08345007682,-1.24589882681,-1.24589882681,0.324897499981,0.0740698092603,0.11110471389,-0.11110471389,0.0740698092603,0.0740698092603,0.0740698092603,16.1888365843,58.3831494503,-149.999977657,-27.9999967647,8.69537437814,0.483698165413,7.209727
1491,3.145999908,6,79999923,0.3278,-1.0827,1.1159,-1.2372,-1.3465,0.1787,-0.123,-1.2366,3.1268,3.1168,-2.7083,-3.074,0.325045377008,-1.08322826128,1.08322826128,-1.24575094979,-1.24575094979,0.325045377008,0.0738179376317,0.110726906448,-0.110726906448,0.0738179376317,0.0738179376317,0.0738179376317,18.4472289107,64.8496171471,-149.999972355,-27.9999927972,8.94315959014,0.487121731955,5.985276
1492,3.147999763,6,81999778,0.3275,-1.0853,1.1221,-1.2309,-1.3519,0.1725,-0.1494,-1.2936,3.131,3.1173,-2.7212,-3.0753,0.325192750318,-1.08300720132,1.08300720132,-1.24560357648,-1.24560357648,0.325192750318,0.0735660561787,0.110349084268,-0.110349084268,0.0735660561787,0.0735660561787,0.0735660561787,20.5853424874,70.6526033381,-149.999977627,-27.9999928553,9.11612319281,0.490250552767,5.860836
1493,3.150000095,6,84000110,0.3271,-1.088,1.1284,-1.2246,-1.3573,0.1663,-0.1758,-1.3499,3.1322,3.1171,-2.7216,-3.0748,0.325339654864,-1.0827868445,1.0827868445,-1.24545667193,-1.24545667193,0.325339654864,0.0733141070725,0.109971160609,-0.109971160609,0.0733141070725,0.0733141070725,0.0733141070725,22.7290296174,76.4016230734,-149.999978704,-27.9999928062,9.26290895089,0.493096636185,6.014131
1494,3.15199995,6,85999965,0.3267,-1.0908,1.1347,-1.2184,-1.3628,0.1601,-0.2026,-1.4061,3.1319,3.1169,-2.7239,-3.0748,0.325486020572,-1.08256729594,1.08256729594,-1.24531030622,-1.24531030622,0.325486020572,0.0730622127287,0.109593319093,-0.109593319093,0.0730622127287,0.0730622127287,0.0730622127287,24.8973516882,82.1592090304,-149.999977696,-27.999992585,9.41528865563,0.496010012999,5.992710
1495,3.153999805,6,87999820,0.3262,-1.0938,1.1409,-1.2121,-1.3681,0.1539,-0.2429,-1.4708,3.1171,3.1136,-2.6718,-3.0683,0.325631882525,-1.08234850301,1.08234850301,-1.24516444427,-1.24516444427,0.325631882525,0.0728103153278,0.109215472992,-0.109215472992,0.0728103153278,0.0728103153278,0.0728103153278,28.0263239419,88.4017318581,-149.999983361,-27.9999918199,9.48307209869,0.497569055125,5.951803
1496,3.157999992,6,92000007,0.3255,-1.0979,1.1499,-1.2052,-1.3656,0.1619,-0.1786,-0.8895,1.9115,1.3354,1.8198,3.0494,0.325922129643,-1.08191313233,1.08191313233,-1.24487419715,-1.24487419715,0.325922129643,0.072306460331,0.108459690496,-0.108459690496,0.072306460331,0.072306460331,0.072306460331,14.8316431754,40.1239203506,-150.000020199,-24.3314553068,-0.574038326196,-0.310191301303,5.572640
1497,3.162000179,6,96000194,0.3252,-1.0995,1.1535,-1.2049,-1.3558,0.1742,-0.0261,-0.2335,0.576,-0.3537,2.4328,3.0474,0.32621036127,-1.08148078489,1.08148078489,-1.24458596552,-1.24458596552,0.32621036127,0.0718026203235,0.107703930485,-0.107703930485,0.0718026203235,0.0718026203235,0.0718026203235,4.61933112085,-8.99620218859,-79.8494850515,-7.00767903637,-3.02351247879,-0.309377492044,2.389143
1498,3.164000034,6,98000049,0.3253,-1.0993,1.1533,-1.2072,-1.351,0.1804,0.0614,0.1077,-0.1125,-1.1779,2.4095,3.0452,0.326353704238,-1.08126577044,1.08126577044,-1.24444262256,-1.24444262256,0.326353704238,0.0715507416714,0.107326112507,-0.107326112507,0.0715507416714,0.0715507416714,0.0715507416714,-1.0682078366,-34.7060947961,-42.0343317926,1.89591647783,-3.60270532347,-0.307096659443,1.278733
1499,3.165999889,6,99999904,0.3256,-1.0984,1.1517,-1.2112,-1.3462,0.1866,0.152,0.4575,-0.8149,-1.9816,2.3805,3.0419,0.326496543494,-1.08105151155,1.08105151155,-1.2442997833,-1.2442997833,0.326496543494,0.0712988736026,0.106948310404,-0.106948310404,0.0712988736026,0.0712988736026,0.0712988736026,-7.00861963483,-61.3292399297,-3.02370622499,10.866791486,-4.19017365479,-0.304460999214,1.255167
1500,3.168000221,6,102000236,0.3261,-1.0967,1.1486,-1.2167,-1.3415,0.1927,0.2454,0.8169,-1.5328,-2.7659,2.3497,3.0405,0.326638912953,-1.08083795736,1.08083795736,-1.24415741384,-1.24415741384,0.326638912953,0.0710469583341,0.106570437501,-0.106570437501,0.0710469583341,0.0710469583341,0.0710469583341,-13.1775179098,-88.9818332029,37.3003463808,19.9201349509,-4.79391183462,-0.301806250222,1.234878
1501,3.170000076,6,104000091,0.3268,-1.0943,1.144,-1.223,-1.3367,0.1989,0.3356,1.1915,-2.3162,-3.0967,2.4007,3.0406,0.326780744744,-1.08062520968,1.08062520968,-1.24401558205,-1.24401558205,0.326780744744,0.0707951183009,0.106192677451,-0.106192677451,0.0707951183009,0.0707951183009,0.0707951183009,-18.9480157326,-117.72719625,83.4465280885,27.1693771598,-5.59057655507,-0.299565892367,1.204386
1502,3.171999931,6,105999946,0.3276,-1.0913,1.1382,-1.2292,-1.3319,0.2051,0.4123,1.4932,-2.909,-3.102,2.4423,3.0459,0.326922072908,-1.08041321743,1.08041321743,-1.24387425389,-1.24387425389,0.326922072908,0.0705432957243,0.105814943586,-0.105814943586,0.0705432957243,0.0705432957243,0.0705432957243,-25.169436413,-141.356777835,100.329421419,27.9999971595,-6.14372914985,-0.300086572861,15.257187
1503,3.173999786,6,107999801,0.3285,-1.088,1.1319,-1.2355,-1.3265,0.2113,0.4574,1.6559,-3.1241,-3.1159,2.6686,3.066,0.327062897482,-1.08020198057,1.08020198057,-1.24373342931,-1.24373342931,0.327062897482,0.0702914929031,0.105437239355,-0.105437239355,0.0702914929031,0.0702914929031,0.0702914929031,-29.3870908297,-149.999998,104.277210675,27.9999991521,-6.85632658995,-0.305479164009,36.029976
1504,3.176000118,6,110000133,0.3295,-1.0846,1.1256,-1.2418,-1.322,0.2127,0.4819,1.7116,-3.1349,-3.1413,2.2787,0.7011,0.327203251918,-1.07999144892,1.07999144892,-1.24359307488,-1.24359307488,0.327203251918,0.0700396520887,0.105059478133,-0.105059478133,0.0700396520887,0.0700396520887,0.0700396520887,-31.5287512925,-149.999997967,103.587714526,27.999999392,-6.13125520448,0.00164057408252,29.793390
1505,3.196000099,6,130000114,0.3358,-1.0658,1.0919,-1.2237,-1.3579,0.1538,-0.0335,-0.4796,1.2743,3.0899,-2.2572,-3.017,0.328578875009,-1.07792801428,1.07792801428,-1.24221745179,-1.24221745179,0.328578875009,0.0675233872363,0.101285080854,-0.101285080854,0.0675233872363,0.0675233872363,0.0675233872363,6.40616156506,-1.59717892998,-96.6218847124,-27.3161661003,7.07321191379,0.504229045211,21.718644
1506,3.203999996,6,138000011,0.3341,-1.0752,1.1136,-1.1987,-1.3771,0.1291,-0.2939,-1.4152,3.0631,3.1119,-2.5645,-3.0595,0.329115033484,-1.07712377657,1.07712377657,-1.24168129331,-1.24168129331,0.329115033484,0.0665180968184,0.0997771452276,-0.0997771452276,0.0665180968184,0.0665180968184,0.0665180968184,29.4981030004,76.2752452906,-145.814220048,-27.9999996474,9.30832558981,0.512595164633,30.731635
1507,3.205999851,6,139999866,0.3334,-1.0782,1.1198,-1.1924,-1.3823,0.1229,-0.3348,-1.4968,3.097,3.114,-2.6023,-3.0639,0.32924780887,-1.07692461349,1.07692461349,-1.24154851792,-1.24154851792,0.32924780887,0.0662669259867,0.09940038898,-0.09940038898,0.0662669259867,0.0662669259867,0.0662669259867,33.0411938238,84.4274994072,-146.206646539,-27.9999958583,9.58744350302,0.515678525068,28.547606
1508,3.222000122,6,156000137,0.3259,-1.1039,1.1648,-1.1592,-1.3998,0.1072,-0.4076,-1.0784,1.6324,-0.4991,2.3893,3.0364,0.330292033834,-1.07535827604,1.07535827604,-1.24050429296,-1.24050429296,0.330292033834,0.064259719305,0.0963895789575,-0.0963895789575,0.064259719305,0.064259719305,0.064259719305,31.2739797089,60.0203319992,-142.045490385,-14.650161964,-0.91990909037,-0.280944481838,4.632682
1509,3.225999832,6,159999847,0.3248,-1.1062,1.1673,-1.1664,-1.3902,0.1195,-0.2159,-0.411,0.2961,-2.2201,2.4017,3.0407,0.330548052002,-1.07497424879,1.07497424879,-1.24024827479,-1.24024827479,0.330548052002,0.0637586997971,0.0956380496957,-0.0956380496957,0.0637586997971,0.0637586997971,0.0637586997971,18.8788539021,10.6712387604,-69.856450925,3.22074250832,-2.19755737315,-0.277740130424,1.150526
1510,3.228000164,6,162000179,0.3246,-1.1063,1.1665,-1.1726,-1.3853,0.1257,-0.1195,-0.0738,-0.3696,-3.0904,2.4019,3.0414,0.330675340068,-1.07478331669,1.07478331669,-1.24012098673,-1.24012098673,0.330675340068,0.063508254095,0.0952623811425,-0.0952623811425,0.063508254095,0.063508254095,0.063508254095,12.5375958333,-14.7169226102,-33.4952969064,12.3072010727,-2.83540673033,-0.275856379117,1.231418
1511,3.230000019,6,164000034,0.3246,-1.1057,1.1642,-1.1788,-1.3805,0.1318,-0.0255,0.2905,-1.153,-3.0987,2.4445,3.0422,0.330802097071,-1.07459318119,1.07459318119,-1.23999422972,-1.23999422972,0.330802097071,0.0632579538438,0.0948869307657,-0.0948869307657,0.0632579538438,0.0632579538438,0.0632579538438,6.8104657099,-41.7958429944,13.1730905245,17.838641445,-3.59900917164,-0.273791857186,1.138999
1512,3.231999874,6,165999889,0.3247,-1.1044,1.1604,-1.1851,-1.3756,0.138,0.0689,0.6563,-1.9407,-3.1002,2.4489,3.0467,0.330928353597,-1.0744037964,1.0744037964,-1.2398679732,-1.2398679732,0.330928353597,0.0630077417247,0.0945116125871,-0.0945116125871,0.0630077417247,0.0630077417247,0.0630077417247,1.06498560478,-69.2281977697,60.506932691,23.4095641637,-4.29085370964,-0.272046465567,1.123680
1513,3.234000206,6,168000221,0.325,-1.1023,1.155,-1.1913,-1.3707,0.1442,0.1619,1.0146,-2.7061,-3.1002,2.4489,3.0474,0.331054139761,-1.07421511715,1.07421511715,-1.23974218703,-1.23974218703,0.331054139761,0.062757560507,0.0941363407606,-0.0941363407606,0.062757560507,0.062757560507,0.062757560507,-4.98736844642,-96.4281557158,102.189233066,27.9999948947,-4.94203780587,-0.270086344236,9.268609
1514,3.236000061,6,170000076,0.3255,-1.0999,1.1489,-1.1976,-1.3655,0.1504,0.2248,1.2259,-3.0536,-3.1125,2.6044,3.061,0.331179395756,-1.07402723316,1.07402723316,-1.23961693104,-1.23961693104,0.331179395756,0.0625075319283,0.0937612978924,-0.0937612978924,0.0625075319283,0.0625075319283,0.0625075319283,-10.304788532,-113.513316238,108.713269368,27.9999989241,-5.60486000727,-0.273409781186,37.313568
1515,3.237999916,6,171999931,0.326,-1.0972,1.1426,-1.2038,-1.3599,0.1566,0.2684,1.3412,-3.1385,-3.1408,2.7922,3.0662,0.331304151825,-1.07384009906,1.07384009906,-1.23949217497,-1.23949217497,0.331304151825,0.0622575987437,0.0933863981155,-0.0933863981155,0.0622575987437,0.0622575987437,0.0622575987437,-13.9900398658,-123.949822457,108.776431107,27.9999988466,-6.21423941016,-0.276977185643,30.663907
1516,3.254000187,6,188000202,0.3308,-1.0791,1.1014,-1.1977,-1.373,0.1188,0.1571,0.3698,-0.9367,3.0989,-2.3972,-3.0359,0.332284313487,-1.07236985657,1.07236985657,-1.23851201331,-1.23851201331,0.332284313487,0.0602616814876,0.0903925222314,-0.0903925222314,0.0602616814876,0.0602616814876,0.0602616814876,-2.09896865756,-56.0386204788,32.9758588241,-13.3201666575,6.11047726055,0.542876741155,4.726838
1517,3.256000042,6,190000057,0.331,-1.079,1.1011,-1.1915,-1.3777,0.1127,0.0907,0.0399,-0.171,3.0988,-2.3794,-3.0341,0.332404579145,-1.07218945808,1.07218945808,-1.23839174765,-1.23839174765,0.332404579145,0.0600127166802,0.0900190750204,-0.0900190750204,0.0600127166802,0.0600127166802,0.0600127166802,1.57775966702,-31.9546709329,-12.3196319054,-18.6285672236,6.66314529468,0.541119955008,1.190219
1518,3.257999897,6,191999912,0.331,-1.0796,1.1023,-1.1852,-1.3825,0.1065,0.0249,-0.2881,0.5941,3.099,-2.3837,-3.0334,0.332524347029,-1.07200980625,1.07200980625,-1.23827197977,-1.23827197977,0.332524347029,0.0597638717286,0.0896458075929,-0.0896458075929,0.0597638717286,0.0597638717286,0.0597638717286,5.29139840095,-7.76993495789,-57.9859205713,-23.9820509275,7.26656903085,0.539620514184,1.168348
1519,3.259999752,6,193999767,0.3309,-1.0808,1.105,-1.179,-1.3873,0.1003,-0.0396,-0.6146,1.3559,3.0995,-2.3894,-3.0329,0.332643617382,-1.07183090072,1.07183090072,-1.23815270941,-1.23815270941,0.332643617382,0.0595151491002,0.0892727236503,-0.0892727236503,0.0595151491002,0.0595151491002,0.0595151491002,9.45101553125,16.518902613,-96.4358907719,-27.9999966932,7.83617581649,0.538493395782,12.196177
1520,3.268000126,6,202000141,0.3295,-1.0908,1.127,-1.154,-1.4072,0.0756,-0.2277,-1.4513,3.1159,3.1177,-2.6474,-3.07,0.333115784319,-1.07112265032,1.07112265032,-1.23768054248,-1.23768054248,0.333115784319,0.0585214129362,0.0877821194043,-0.0877821194043,0.0585214129362,0.0585214129362,0.0585214129362,27.7366575416,87.2043729636,-143.834077108,-27.9999990731,9.77808502145,0.547779099025,70.423086
1521,3.288000107,6,222000122,0.3253,-1.1137,1.1779,-1.1824,-1.368,0.1219,-0.0548,-0.4433,1.0592,-3.1214,2.8824,3.0974,0.334261442551,-1.06940416297,1.06940416297,-1.23653488424,-1.23653488424,0.334261442551,0.056046973259,0.0840704598885,-0.0840704598885,0.056046973259,0.056046973259,0.056046973259,5.72486803531,12.8991760481,-124.824753218,2.55082907866,-3.41083378703,-0.287309523246,4.597195
1522,3.289999962,6,223999977,0.3253,-1.1142,1.1791,-1.1887,-1.3623,0.1281,-0.0086,-0.2441,0.6143,-3.1222,2.8872,3.0991,0.334373281773,-1.06923640414,1.06923640414,-1.23642304502,-1.23642304502,0.334373281773,0.0558003844507,0.083700576676,-0.083700576676,0.0558003844507,0.0558003844507,0.0558003844507,2.99341576715,-1.53479564553,-98.9409781752,5.66483827129,-3.80673797726,-0.288107917634,1.130959
1523,3.291999817,6,225999832,0.3253,-1.1142,1.1795,-1.1949,-1.3565,0.1343,0.0377,-0.0453,0.1703,-3.1223,2.8885,3.0994,0.334484628015,-1.06906938477,1.06906938477,-1.23631169878,-1.23631169878,0.334484628015,0.0555539579838,0.0833309369757,-0.0833309369757,0.0555539579838,0.0555539579838,0.0555539579838,0.259259379259,-16.1232153798,-72.9009274243,8.79059674317,-4.1981975038,-0.288695101948,1.160736
1524,3.294000149,6,228000164,0.3255,-1.1139,1.1789,-1.2012,-1.3507,0.1406,0.084,0.1539,-0.2738,-3.1224,2.8864,3.1,0.334595507986,-1.06890306482,1.06890306482,-1.23620081881,-1.23620081881,0.334595507986,0.0553076376749,0.0829614565124,-0.0829614565124,0.0553076376749,0.0553076376749,0.0553076376749,-2.53306101699,-30.8533036235,-46.5965499689,11.9481364766,-4.58677044382,-0.289326912724,1.152567
1525,3.296000004,6,230000019,0.3258,-1.1132,1.1775,-1.2075,-1.3449,0.1468,0.1304,0.3537,-0.7183,-3.1236,2.8856,3.1012,0.334705869137,-1.06873752309,1.06873752309,-1.23609045766,-1.23609045766,0.334705869137,0.0550615435381,0.0825923153071,-0.0825923153071,0.0550615435381,0.0550615435381,0.0550615435381,-5.3618217777,-45.7804669052,-20.067990621,15.1374876755,-4.98170343567,-0.289948474555,1.226047
1526,3.297999859,6,231999874,0.3261,-1.1121,1.1752,-1.2137,-1.3392,0.153,0.1758,0.5531,-1.1636,-3.1223,2.8869,3.1002,0.334815738305,-1.06857271934,1.06857271934,-1.23598058849,-1.23598058849,0.334815738305,0.054815619358,0.082223429037,-0.082223429037,0.054815619358,0.054815619358,0.054815619358,-8.11210305578,-60.817946064,6.76214569253,18.3443954914,-5.38033991365,-0.290290486029,1.157963
1527,3.30000019,6,234000205,0.3266,-1.1106,1.1719,-1.22,-1.3334,0.1593,0.2212,0.7539,-1.6108,-3.1221,2.8889,3.1,0.334925141808,-1.06840861408,1.06840861408,-1.23587118499,-1.23587118499,0.334925141808,0.0545698092084,0.0818547138126,-0.0818547138126,0.0545698092084,0.0545698092084,0.0545698092084,-10.9202823327,-76.1127316053,33.9563724696,21.6011935215,-5.78688961946,-0.290747635238,1.214750
1528,3.302000046,6,236000061,0.3272,-1.1083,1.1671,-1.2263,-1.3285,0.1654,0.3236,1.1326,-2.4147,-3.0942,2.4292,3.0402,0.33503402798,-1.06824528482,1.06824528482,-1.23576229881,-1.23576229881,0.33503402798,0.0543242325034,0.0814863487551,-0.0814863487551,0.0543242325034,0.0543242325034,0.0543242325034,-17.0175981242,-104.835412056,82.480845416,27.1411090597,-5.53887884199,-0.278488182741,1.152909
1529,3.303999901,6,237999916,0.328,-1.1055,1.1612,-1.2325,-1.3236,0.1716,0.3962,1.4108,-2.9472,-3.1089,2.4896,3.0642,0.335142423157,-1.06808269206,1.06808269206,-1.23565390364,-1.23565390364,0.335142423157,0.0540788335287,0.081118250293,-0.081118250293,0.0540788335287,0.0540788335287,0.0540788335287,-22.9116933348,-126.731045648,97.8859401633,27.9999974971,-6.10406449848,-0.281796110506,15.016137
1530,3.305999756,6,239999771,0.3289,-1.1025,1.1549,-1.2374,-1.3216,0.1731,0.4436,1.5027,-3.1382,-2.4591,0.9591,0.7606,0.335250327752,-1.06792083517,1.06792083517,-1.23554599904,-1.23554599904,0.335250327752,0.0538336147193,0.0807504220789,-0.0807504220789,0.0538336147193,0.0538336147193,0.0538336147193,-24.2547776763,-134.15213761,122.376882812,27.9999889055,-3.16209372457,0.023683395559,14.515190
1531,3.308000087,6,242000102,0.3298,-1.0994,1.1487,-1.2415,-1.3227,0.17,0.4532,1.5156,-3.1236,-2.0467,-0.5275,-1.5509,0.335357767634,-1.06775967534,1.06775967534,-1.23543855916,-1.23543855916,0.335357767634,0.0535885203362,0.0803827805043,-0.0803827805043,0.0535885203362,0.0535885203362,0.0535885203362,-23.5027549505,-136.068946024,131.1492778,27.3174542275,-0.0928809123522,0.330993448632,4.536112
1532,3.309999943,6,243999958,0.3307,-1.0964,1.1424,-1.244,-1.3268,0.1639,0.4673,1.5083,-3.1134,-1.2947,-2.0546,-3.0449,0.335464692094,-1.06759928865,1.06759928865,-1.2353316347,-1.2353316347,0.335464692094,0.0533436694689,0.0800155042034,-0.0800155042034,0.0533436694689,0.0533436694689,0.0533436694689,-23.3556832617,-136.035225273,134.306055624,23.5859013507,3.12738561894,0.534150807781,3.178140
1533,3.311999798,6,245999813,0.3316,-1.0934,1.1362,-1.2442,-1.3327,0.1578,0.4626,1.4841,-3.1037,-0.1569,-2.9241,-3.0575,0.335571127021,-1.06743963626,1.06743963626,-1.23522519977,-1.23522519977,0.335571127021,0.0530990065873,0.0796485098809,-0.0796485098809,0.0530990065873,0.0530990065873,0.0530990065873,-22.1233826877,-134.57177136,138.95971082,17.8638951674,5.03071378245,0.542641996609,1.217779
1534,3.314000129,6,248000144,0.3325,-1.0905,1.1299,-1.2412,-1.3385,0.1516,0.4355,1.4416,-3.0968,1.3959,-2.8778,-3.0635,0.335677098007,-1.06728067978,1.06728067978,-1.23511922879,-1.23511922879,0.335677098007,0.0528544759766,0.0792817139648,-0.0792817139648,0.0528544759766,0.0528544759766,0.0528544759766,-19.7586540231,-131.560078668,145.469750605,10.0154308223,5.06988029669,0.546145755785,1.553167
1535,3.315999985,6,250000000,0.3333,-1.0877,1.1237,-1.2353,-1.3442,0.1454,0.4053,1.3908,-3.0912,2.9274,-2.847,-3.1043,0.335782555054,-1.06712249421,1.06712249421,-1.23501377174,-1.23501377174,0.335782555054,0.05261019647,0.0789152947051,-0.0789152947051,0.05261019647,0.05261019647,0.05261019647,-17.2185232881,-128.092176187,150.000019963,2.00467488861,5.16083245266,0.554021099631,2.120703
1536,3.31799984,6,251999855,0.3341,-1.0852,1.1181,-1.2291,-1.3497,0.1392,0.3666,1.2545,-2.7968,3.1161,-2.7659,-3.0861,0.335887523719,-1.06696504122,1.06696504122,-1.23490880308,-1.23490880308,0.335887523719,0.052366112682,0.078549169023,-0.078549169023,0.052366112682,0.052366112682,0.052366112682,-14.9153276097,-118.572162615,136.874255452,-0.703953929314,5.25753172937,0.553075893244,1.240747
1537,3.320000171,6,254000186,0.3347,-1.0832,1.1138,-1.2228,-1.3548,0.133,0.2994,0.9864,-2.1825,3.1023,-2.5436,-3.0534,0.335992029261,-1.0668082829,1.0668082829,-1.23480429753,-1.23480429753,0.335992029261,0.0521221690505,0.0781832535757,-0.0781832535757,0.0521221690505,0.0521221690505,0.0521221690505,-11.2047228679,-99.7373490557,101.646883766,-4.79013757595,5.29206899825,0.547451333761,1.332617
1538,3.322000026,6,256000041,0.3351,-1.0819,1.1109,-1.2166,-1.3596,0.1268,0.2194,0.6602,-1.4497,3.0948,-2.396,-3.0339,0.33609602234,-1.06665229328,1.06665229328,-1.23470030445,-1.23470030445,0.33609602234,0.0518784842631,0.0778177263947,-0.0778177263947,0.0518784842631,0.0518784842631,0.0518784842631,-6.63146803699,-76.3054344875,59.1033862069,-9.74879060683,5.57940870409,0.542886760785,1.369613
1539,3.323999882,6,257999897,0.3354,-1.0814,1.1097,-1.2103,-1.3641,0.1208,0.1292,0.2793,-0.5813,3.0903,-2.248,-3.02,0.33619952834,-1.06649703428,1.06649703428,-1.23459679845,-1.23459679845,0.33619952834,0.0516350027189,0.0774525040784,-0.0774525040784,0.0516350027189,0.0516350027189,0.0516350027189,-1.48340429376,-48.6369779041,8.04129798411,-15.6929684119,5.9605751225,0.537997725875,2.170707
1540,3.326000213,6,260000228,0.3354,-1.0816,1.1104,-1.2041,-1.3662,0.1195,0.0201,-0.1244,0.3476,3.0891,-1.1036,-0.6476,0.336302572029,-1.06634246875,1.06634246875,-1.23449375477,-1.23449375477,0.336302572029,0.0513916693794,0.077087504069,-0.077087504069,0.0513916693794,0.0513916693794,0.0513916693794,4.36929458316,-19.3104814402,-47.0123346662,-22.0769020743,4.29505305787,0.220629392324,2.148375
1541,3.328000068,6,262000083,0.3352,-1.0827,1.113,-1.1979,-1.3634,0.1253,-0.1142,-0.5415,1.3081,3.0892,1.4229,2.8946,0.336405104831,-1.06618866955,1.06618866955,-1.23439122196,-1.23439122196,0.336405104831,0.0511486025318,0.0767229037977,-0.0767229037977,0.0511486025318,0.0511486025318,0.0511486025318,11.335253339,10.9952500068,-100.543824051,-27.9999974743,-0.266504456707,-0.258265334558,11.350268
1542,3.329999923,6,263999938,0.3347,-1.0846,1.1176,-1.1929,-1.3575,0.1311,-0.2261,-0.9566,2.305,2.5155,2.8141,2.8997,0.336507151746,-1.06603559918,1.06603559918,-1.23428917505,-1.23428917505,0.336507151746,0.0509057468528,0.0763586202792,-0.0763586202792,0.0509057468528,0.0509057468528,0.0509057468528,18.5178770055,41.566827209,-141.443966225,-27.9999994449,-2.57901147838,-0.274158637408,55.351252
1543,3.33799982,6,271999835,0.3321,-1.0948,1.14,-1.1698,-1.3331,0.1543,-0.3684,-1.3816,2.9159,2.6429,3.0136,2.9555,0.336910512926,-1.06543055741,1.06543055741,-1.23388581387,-1.23388581387,0.336910512926,0.0499364303691,0.0749046455536,-0.0749046455536,0.0499364303691,0.0499364303691,0.0499364303691,31.7185088537,83.2724855106,-149.999983184,-27.9999986621,-2.5371957705,-0.302710361044,31.160610
1544,3.357999801,6,291999816,0.3294,-1.1094,1.1728,-1.2135,-1.3296,0.1467,0.2038,0.4476,-0.9997,-3.1058,-2.9518,-2.9956,0.33788512852,-1.06396863401,1.06396863401,-1.23291119827,-1.23291119827,0.33788512852,0.0475291796903,0.0712937695354,-0.0712937695354,0.0475291796903,0.0475291796903,0.0475291796903,-6.86481592734,-51.8686702245,-3.2383035921,16.9719585694,6.86419886399,0.525116827903,4.765673
1545,3.360000133,6,294000148,0.3299,-1.1079,1.1694,-1.2197,-1.3357,0.1407,0.2787,0.7582,-1.6995,-3.1081,-2.9572,-2.996,0.337979963148,-1.06382638207,1.06382638207,-1.23281636365,-1.23281636365,0.337979963148,0.0472897499849,0.0709346249774,-0.0709346249774,0.0472897499849,0.0472897499849,0.0472897499849,-11.4334808905,-75.1374783916,38.947388407,21.9444550057,6.38502640554,0.534052931182,1.232023
1546,3.361999988,6,296000003,0.3306,-1.1057,1.1646,-1.2259,-1.3418,0.1347,0.352,1.0701,-2.4031,-3.1086,-2.9567,-2.9965,0.338074296647,-1.06368488183,1.06368488183,-1.23272203015,-1.23272203015,0.338074296647,0.0470506307896,0.0705759461845,-0.0705759461845,0.0470506307896,0.0470506307896,0.0470506307896,-15.9380824371,-98.760423536,81.7344623958,26.9755823756,5.88950716929,0.543015656129,1.168387
1547,3.363999843,6,297999858,0.3315,-1.1031,1.1586,-1.2322,-1.3479,0.1287,0.4146,1.3332,-2.9725,-3.1126,-2.9688,-2.9981,0.338168152197,-1.0635440985,1.0635440985,-1.2326281746,-1.2326281746,0.338168152197,0.0468117676517,0.0702176514775,-0.0702176514775,0.0468117676517,0.0468117676517,0.0468117676517,-21.0596841549,-119.056742497,99.4762778011,27.999997859,5.59242521748,0.550556582386,15.827921
1548,3.366000175,6,300000190,0.3324,-1.1001,1.1523,-1.2385,-1.354,0.1227,0.4491,1.4483,-3.1371,-3.1413,-2.9973,-3.0173,0.33826155253,-1.063403998,1.063403998,-1.23253477427,-1.23253477427,0.33826155253,0.0465731063664,0.0698596595497,-0.0698596595497,0.0465731063664,0.0465731063664,0.0465731063664,-24.1101863101,-129.113052806,101.603129523,27.9999990565,5.54774366225,0.558365978204,34.037378
1549,3.369999885,6,303999900,0.3343,-1.094,1.1397,-1.251,-1.3661,0.1105,0.4921,1.554,-3.1343,-3.1413,-2.981,-3.0364,0.338446878322,-1.06312600931,1.06312600931,-1.23234944847,-1.23234944847,0.338446878322,0.0460966846036,0.0691450269054,-0.0691450269054,0.0460966846036,0.0460966846036,0.0460966846036,-27.9051434558,-140.415034249,100.09721657,27.9999836019,5.4567586866,0.569841303342,13.118945
1550,3.380000114,6,314000129,0.3389,-1.0781,1.1093,-1.2582,-1.365,0.112,0.3258,1.3525,-2.7097,2.9179,2.9058,2.9776,0.338901917632,-1.06244345035,1.06244345035,-1.23189440916,-1.23189440916,0.338901917632,0.0449102332306,0.0673653498459,-0.0673653498459,0.0449102332306,0.0449102332306,0.0449102332306,-17.0213381113,-130.823740041,131.591571905,0.788131517483,-6.51285206059,-0.236293937734,4.677026
1551,3.381999969,6,315999984,0.3394,-1.076,1.1053,-1.252,-1.359,0.1179,0.252,1.0393,-2.012,3.0961,2.8536,2.9536,0.338991495119,-1.06230908412,1.06230908412,-1.23180483168,-1.23180483168,0.338991495119,0.0446737956858,0.0670106935287,-0.0670106935287,0.0446737956858,0.0446737956858,0.0446737956858,-12.6893307529,-108.534226716,91.9954621329,-4.85509878326,-5.93666729775,-0.2415081971,1.132660
1552,3.383999824,6,317999839,0.3397,-1.0746,1.1028,-1.2458,-1.3531,0.1238,0.173,0.7015,-1.2535,3.0927,2.8324,2.9443,0.339080600048,-1.06217542672,1.06217542672,-1.23171572675,-1.23171572675,0.339080600048,0.0444376411335,0.0666564617002,-0.0666564617002,0.0444376411335,0.0444376411335,0.0444376411335,-8.11013310486,-84.2770811335,47.8228541111,-10.024515309,-5.37985487121,-0.249156514763,1.171460
1553,3.386000156,6,320000171,0.3399,-1.0739,1.1018,-1.2396,-1.3471,0.1296,0.094,0.3628,-0.4916,3.0922,2.8309,2.9439,0.339169254072,-1.06204244569,1.06204244569,-1.23162707272,-1.23162707272,0.339169254072,0.0442017160641,0.0663025740962,-0.0663025740962,0.0442017160641,0.0442017160641,0.0442017160641,-3.52290635398,-59.7071752657,3.06270903069,-15.2754144867,-4.85905272405,-0.258035944504,1.185732
1554,3.388000011,6,322000026,0.3399,-1.0738,1.1024,-1.2333,-1.3412,0.1355,0.0153,0.0238,0.2717,3.0914,2.8287,2.941,0.339257415483,-1.06191020357,1.06191020357,-1.23153891131,-1.23153891131,0.339257415483,0.0439661357147,0.0659492035721,-0.0659492035721,0.0439661357147,0.0439661357147,0.0439661357147,1.09995143093,-34.8997187019,-42.2032113557,-20.5835392285,-4.33027058637,-0.266699483568,1.213356
1555,3.389999866,6,323999881,0.3398,-1.0745,1.1044,-1.2271,-1.3353,0.1414,-0.0645,-0.3159,1.0345,3.0902,2.8302,2.9441,0.339345106058,-1.06177866771,1.06177866771,-1.23145122074,-1.23145122074,0.339345106058,0.043730846515,0.0655962697725,-0.0655962697725,0.043730846515,0.043730846515,0.043730846515,5.82749098503,-9.73857245788,-87.793165097,-25.9246962031,-3.8021203723,-0.276221081735,1.170430
1556,3.392000198,6,326000213,0.3395,-1.0758,1.108,-1.2209,-1.3293,0.1472,-0.1444,-0.6535,1.7939,3.0893,2.8311,2.9441,0.339432347131,-1.0616478061,1.0616478061,-1.23136397966,-1.23136397966,0.339432347131,0.0434957951766,0.0652436927648,-0.0652436927648,0.0434957951766,0.0434957951766,0.0434957951766,11.8461730499,15.4335582406,-115.538881917,-27.9999983614,-3.36024080864,-0.284478896204,16.779248
1557,3.395999908,6,329999923,0.3385,-1.0801,1.1189,-1.2085,-1.3174,0.159,-0.2884,-1.1851,2.8965,3.0992,2.8925,2.9526,0.33960537917,-1.06138825804,1.06138825804,-1.23119094762,-1.23119094762,0.33960537917,0.0430266972285,0.0645400458428,-0.0645400458428,0.0430266972285,0.0430266972285,0.0430266972285,25.0894105128,59.728623806,-146.348147181,-27.9999992244,-2.77250512539,-0.300851050227,58.593007
1558,3.409999847,6,343999862,0.3354,-1.0973,1.1593,-1.2087,-1.3518,0.1307,-0.1347,-0.9478,2.3743,-3.091,-3.0101,-3.0329,0.34019630648,-1.06050186708,1.06050186708,-1.23060002032,-1.23060002032,0.34019630648,0.0413944035148,0.0620916052722,-0.0620916052722,0.0413944035148,0.0413944035148,0.0413944035148,13.508566748,52.3345671509,-149.999999978,-0.460182992624,9.37163859719,0.519991357238,8.081377
1559,3.418000221,6,352000236,0.3354,-1.1002,1.1675,-1.2336,-1.3763,0.1064,0.0804,-0.0128,0.2188,-3.1135,-3.0192,-3.0383,0.340523770423,-1.06001067116,1.06001067116,-1.23027255637,-1.23027255637,0.340523770423,0.0404686273384,0.0607029410076,-0.0607029410076,0.0404686273384,0.0404686273384,0.0404686273384,-0.850952143847,-22.1692047747,-75.7837672106,9.34475084412,8.25996802519,0.548486049358,4.612974
1560,3.420000076,6,354000091,0.3357,-1.0998,1.1669,-1.2398,-1.3824,0.1003,0.1341,0.2199,-0.3167,-3.1169,-3.0197,-3.0382,0.340604471179,-1.05988962003,1.05988962003,-1.23019185562,-1.23019185562,0.340604471179,0.0402380351854,0.0603570527781,-0.0603570527781,0.0402380351854,0.0402380351854,0.0402380351854,-4.07093445202,-39.2870805293,-44.0055714236,13.1343883078,7.91377467968,0.55603187596,1.210332
1561,3.421999931,6,355999946,0.336,-1.0989,1.1652,-1.246,-1.3886,0.0943,0.1875,0.453,-0.8528,-3.1197,-3.0197,-3.0391,0.340684711119,-1.05976926012,1.05976926012,-1.23011161568,-1.23011161568,0.340684711119,0.0400077782838,0.0600116674258,-0.0600116674258,0.0400077782838,0.0400077782838,0.0400077782838,-7.26226169797,-56.6209817933,-11.9029012815,16.9576235363,7.5649348633,0.563671157953,1.133955
1562,3.423999786,6,357999801,0.3365,-1.0975,1.1624,-1.2523,-1.3947,0.0882,0.2404,0.6868,-1.3905,-3.1223,-3.0207,-3.0402,0.340764490915,-1.05964959042,1.05964959042,-1.23003183588,-1.23003183588,0.340764490915,0.0397778594232,0.0596667891347,-0.0596667891347,0.0397778594232,0.0397778594232,0.0397778594232,-10.4732257975,-74.191400973,20.580962662,20.8253289101,7.2128797226,0.571438678548,1.187424
1563,3.426000118,6,360000133,0.3372,-1.0954,1.1581,-1.2585,-1.4008,0.0822,0.323,1.0319,-2.1539,-3.1086,-2.9272,-2.9732,0.340843830112,-1.05953058163,1.05953058163,-1.22995249668,-1.22995249668,0.340843830112,0.0395482266794,0.0593223400191,-0.0593223400191,0.0395482266794,0.0395482266794,0.0395482266794,-15.6272845847,-100.30730792,66.7659179758,26.1741757358,6.46811958633,0.571805010297,1.172463
1564,3.427999973,6,361999988,0.338,-1.0927,1.1524,-1.2648,-1.4068,0.0763,0.4014,1.3486,-2.8375,-3.1133,-2.9467,-2.975,0.340922691556,-1.05941228946,1.05941228946,-1.22987363524,-1.22987363524,0.340922691556,0.0393189923671,0.0589784885506,-0.0589784885506,0.0393189923671,0.0393189923671,0.0393189923671,-21.69013321,-124.600285301,91.3610134185,27.999997825,6.08959988635,0.58024084663,15.770500
1565,3.429999828,6,363999843,0.3389,-1.0897,1.1462,-1.271,-1.4129,0.0703,0.4503,1.5175,-3.116,-3.126,-3.0035,-2.9834,0.34100109491,-1.05929468443,1.05929468443,-1.22979523188,-1.22979523188,0.34100109491,0.0390901044884,0.0586351567327,-0.0586351567327,0.0390901044884,0.0390901044884,0.0390901044884,-25.8416055456,-138.607960617,96.4865453788,27.999999186,6.0305688826,0.587457094623,39.677107
1566,3.43599987,6,369999885,0.3411,-1.0803,1.1275,-1.2823,-1.3989,0.0847,0.3333,1.5247,-3.0976,-0.6766,3.0568,3.1311,0.34123358174,-1.05894595418,1.05894595418,-1.22956274505,-1.22956274505,0.34123358174,0.0384054932273,0.057608239841,-0.057608239841,0.0384054932273,0.0384054932273,0.0384054932273,-19.069603525,-143.5360502,137.74672765,21.779580426,-6.77633509869,-0.236681327656,6.584464
1567,3.440000057,6,374000072,0.3422,-1.0746,1.1151,-1.2741,-1.3866,0.0971,0.2678,1.3943,-3.0731,2.9742,2.9958,3.0491,0.341386301088,-1.05871687516,1.05871687516,-1.22941002571,-1.22941002571,0.341386301088,0.0379508516663,0.0569262774995,-0.0569262774995,0.0379508516663,0.0379508516663,0.0379508516663,-13.1915615835,-133.833717501,150.00009326,2.95337672447,-6.522244453,-0.235847725458,1.218174
1568,3.441999912,6,375999927,0.3426,-1.0723,1.11,-1.2678,-1.3805,0.103,0.2139,1.1663,-2.5682,3.1053,2.9059,2.9867,0.341461970494,-1.05860337105,1.05860337105,-1.2293343563,-1.2293343563,0.341461970494,0.037724101611,0.0565861524164,-0.0565861524164,0.037724101611,0.037724101611,0.037724101611,-9.90938332116,-117.536315106,124.212712113,-0.890645858692,-6.02544479889,-0.234460238058,1.275435
1569,3.443999767,6,377999782,0.3429,-1.0706,1.1062,-1.2616,-1.3746,0.1089,0.1426,0.8553,-1.8733,3.0959,2.8446,2.9492,0.341537186799,-1.0584905466,1.0584905466,-1.22925914,-1.22925914,0.341537186799,0.0374977177096,0.0562465765644,-0.0562465765644,0.0374977177096,0.0374977177096,0.0374977177096,-5.77758568052,-95.3254669549,84.1458901199,-5.56334749113,-5.4371777427,-0.237811042034,1.211344
1570,3.446000099,6,380000114,0.343,-1.0695,1.1039,-1.2554,-1.3686,0.1148,0.0704,0.5426,-1.1741,3.0957,2.8441,2.9497,0.341611968515,-1.05837837402,1.05837837402,-1.22918435828,-1.22918435828,0.341611968515,0.0372716489308,0.0559074733962,-0.0559074733962,0.0372716489308,0.0372716489308,0.0372716489308,-1.56783189335,-72.7840833102,43.4655802197,-10.35367359,-4.96803997776,-0.246408495748,1.206021
1571,3.447999954,6,381999969,0.343,-1.069,1.103,-1.2492,-1.3626,0.1207,-0.0014,0.2291,-0.4718,3.0949,2.8407,2.9481,0.34168628072,-1.05826690571,1.05826690571,-1.22911004607,-1.22911004607,0.34168628072,0.0370460059287,0.055569008893,-0.055569008893,0.0370460059287,0.0370460059287,0.0370460059287,2.6366565574,-49.9698218382,2.22686354367,-15.2034929214,-4.48786748546,-0.254769728785,1.235974
1572,3.449999809,6,383999824,0.3429,-1.0693,1.1035,-1.2429,-1.3567,0.1265,-0.0823,-0.114,0.2833,3.0895,2.8157,2.9345,0.341760142046,-1.05815611373,1.05815611373,-1.22903618475,-1.22903618475,0.341760142046,0.0368207375911,0.0552311063867,-0.0552311063867,0.0368207375911,0.0368207375911,0.0368207375911,7.46098842631,-24.6188519403,-42.4506268025,-20.4282364576,-3.90654986979,-0.261952124844,1.216354
1573,3.452000141,6,386000156,0.3425,-1.0702,1.1056,-1.2367,-1.3508,0.1324,-0.163,-0.4556,1.0376,3.0886,2.8149,2.9341,0.3418335707,-1.05804597074,1.05804597074,-1.22896275609,-1.22896275609,0.3418335707,0.0365957931676,0.0548936897514,-0.0548936897514,0.0365957931676,0.0365957931676,0.0365957931676,12.3496984072,0.821056577998,-87.4960253327,-25.7143560713,-3.37089500472,-0.271045311803,1.142920
1574,3.453999996,6,388000011,0.3421,-1.0719,1.1096,-1.2312,-1.3485,0.1344,-0.2239,-0.8751,2.0162,2.7737,1.1197,0.9739,0.341906532422,-1.05793652816,1.05793652816,-1.22888979437,-1.22888979437,0.341906532422,0.0363712827878,0.0545569241817,-0.0545569241817,0.0363712827878,0.0363712827878,0.0363712827878,17.6362974699,32.2380705153,-131.121280842,-27.9999793765,0.751097739264,-0.0175400798575,4.747125
1575,3.455999851,6,389999866,0.3416,-1.0742,1.1148,-1.2279,-1.351,0.133,-0.2344,-1.1242,2.5979,1.6615,-1.2213,-0.6946,0.341979045539,-1.05782775849,1.05782775849,-1.22881728126,-1.22881728126,0.341979045539,0.0361471556185,0.0542207334277,-0.0542207334277,0.0361471556185,0.0361471556185,0.0361471556185,19.6165503646,58.7544935894,-149.999998068,-25.577076474,5.96917207204,0.205791278943,28.469843
1576,3.460000038,6,394000053,0.3407,-1.0793,1.1263,-1.2242,-1.3611,0.1219,-0.2509,-1.3027,2.9234,0.6101,-2.6603,-3.0909,0.342122746068,-1.05761220769,1.05761220769,-1.22867358073,-1.22867358073,0.342122746068,0.0357000091138,0.0535500136707,-0.0535500136707,0.0357000091138,0.0357000091138,0.0357000091138,22.4301679081,79.4652303493,-149.999996396,-20.107156926,9.24458787167,0.526728084629,22.996530
1577,3.461999893,6,395999908,0.3402,-1.0819,1.1323,-1.225,-1.3668,0.1156,-0.2478,-1.3317,3.006,-0.411,-2.8358,-3.1078,0.3421939179,-1.05750544995,1.05750544995,-1.2286024089,-1.2286024089,0.3421939179,0.0354770488232,0.0532155732349,-0.0532155732349,0.0354770488232,0.0354770488232,0.0354770488232,22.2234243573,83.5563487458,-149.999965736,-14.6238764254,9.65666361286,0.533591541959,10.233493
1578,3.463999748,6,397999763,0.3397,-1.0846,1.1385,-1.2289,-1.3728,0.1094,-0.2334,-1.3322,3.0798,-1.9121,-3.0139,-3.1248,0.342264644238,-1.05739936044,1.05739936044,-1.22853168256,-1.22853168256,0.342264644238,0.0352544831925,0.0528817247888,-0.0528817247888,0.0352544831925,0.0352544831925,0.0352544831925,20.9739343554,85.0218495391,-150.000086461,-6.47582209118,10.0194447793,0.541004124227,3.270195
1579,3.46600008,6,400000095,0.3393,-1.0872,1.1445,-1.2349,-1.3791,0.1031,-0.2085,-1.2792,3.0301,-3.0433,-3.1347,-3.1306,0.342334942584,-1.05729391292,1.05729391292,-1.22846138421,-1.22846138421,0.342334942584,0.0350322621503,0.0525483932255,-0.0525483932255,0.0350322621503,0.0350322621503,0.0350322621503,18.8148316279,80.9628490005,-150.00007824,-0.254718221577,10.2144954589,0.547266007318,4.129153
1580,3.467999935,6,401999950,0.3389,-1.0894,1.1498,-1.2411,-1.3853,0.0969,-0.1691,-1.1079,2.6378,-3.0853,-3.0613,-3.0761,0.34240478021,-1.05718915648,1.05718915648,-1.22839154658,-1.22839154658,0.34240478021,0.0348104945549,0.0522157418324,-0.0522157418324,0.0348104945549,0.0348104945549,0.0348104945549,15.1992663676,63.8989465587,-149.999993923,0.129951824016,9.90970120487,0.5457202232,4.064721
1581,3.472000122,6,406000137,0.3387,-1.0921,1.1565,-1.2536,-1.3974,0.0849,-0.0368,-0.5357,1.3404,-3.1124,-2.9665,-3.0234,0.342543143365,-1.05698161175,1.05698161175,-1.22825318343,-1.22825318343,0.342543143365,0.034368119459,0.0515521791884,-0.0515521791884,0.034368119459,0.034368119459,0.034368119459,5.14455254413,13.7048491677,-139.777998974,2.53103391643,9.15374667238,0.552226506901,4.576158
1582,3.473999977,6,407999992,0.3387,-1.0925,1.1576,-1.2599,-1.4003,0.0822,0.0183,-0.1911,0.5777,-3.105,-1.4729,-1.3227,0.342611654019,-1.05687884577,1.05687884577,-1.22818467278,-1.22818467278,0.342611654019,0.0341475704813,0.051221355722,-0.051221355722,0.0341475704813,0.0341475704813,0.0341475704813,1.21941891203,-11.7984796656,-94.8709758643,7.81127732062,5.50922386601,0.333082143743,2.116079
1583,3.475999832,6,409999847,0.3388,-1.0921,1.1571,-1.2651,-1.3975,0.0878,0.0565,0.1814,-0.2654,-2.6379,1.408,2.7838,0.342679724018,-1.05677674077,1.05677674077,-1.22811660278,-1.22811660278,0.342679724018,0.0339274334556,0.0508911501834,-0.0508911501834,0.0339274334556,0.0339274334556,0.0339274334556,-2.15642613891,-39.714903353,-43.0837459964,11.367645916,-1.11291833607,-0.20765508558,2.130006
1584,3.478000164,6,412000179,0.3391,-1.0909,1.1546,-1.2679,-1.393,0.0939,0.127,0.5937,-1.2471,-1.3967,2.284,3.0344,0.342747370269,-1.05667527139,1.05667527139,-1.22804895653,-1.22804895653,0.342747370269,0.0337076589195,0.0505614883792,-0.0505614883792,0.0337076589195,0.0337076589195,0.0337076589195,-6.04365386117,-69.9084180977,19.8635009402,11.8362549946,-3.64893821273,-0.241053934218,1.225789
1585,3.480000019,6,414000034,0.3395,-1.0888,1.1498,-1.2658,-1.3883,0.1001,0.2085,1.0455,-2.4103,1.0538,2.3168,3.0365,0.342814561341,-1.05657448478,1.05657448478,-1.22798176545,-1.22798176545,0.342814561341,0.0334883545881,0.0502325318822,-0.0502325318822,0.0334883545881,0.0334883545881,0.0334883545881,-9.38603670806,-102.2563323,98.3210495233,7.28768516203,-4.50106558543,-0.238334496004,1.170635
1586,3.481999874,6,415999889,0.34,-1.0863,1.1441,-1.2616,-1.3833,0.1063,0.2514,1.2608,-2.8533,2.104,2.491,3.0777,0.342881314256,-1.05647435541,1.05647435541,-1.22791501254,-1.22791501254,0.342881314256,0.0332694709077,0.0499042063615,-0.0499042063615,0.0332694709077,0.0332694709077,0.0332694709077,-11.5993755053,-118.896737699,129.219804387,4.9884863053,-5.2480122671,-0.244981956001,1.238774
1587,3.484000206,6,418000221,0.3406,-1.0835,1.1381,-1.257,-1.3782,0.1125,0.2833,1.3825,-2.9849,2.2844,2.5608,3.0775,0.342947645624,-1.05637485836,1.05637485836,-1.22784868117,-1.22784868117,0.342947645624,0.0330509587298,0.0495764380947,-0.0495764380947,0.0330509587298,0.0330509587298,0.0330509587298,-13.7423013594,-129.580752743,138.588637903,5.01210743935,-5.62215605627,-0.247273933377,1.159571
1588,3.486000061,6,420000076,0.3412,-1.0805,1.132,-1.2522,-1.3729,0.1187,0.3074,1.4759,-3.0675,2.408,2.653,3.0916,0.34301352466,-1.0562760398,1.0562760398,-1.22778280213,-1.22778280213,0.34301352466,0.0328329251792,0.0492493877688,-0.0492493877688,0.0328329251792,0.0328329251792,0.0328329251792,-15.441560569,-138.20858477,144.974370254,4.99694245114,-6.00138778162,-0.251918714208,1.181267
1589,3.487999916,6,421999931,0.3418,-1.0774,1.1258,-1.2475,-1.3676,0.125,0.3304,1.5514,-3.0927,2.3686,2.6701,3.0949,0.343078968089,-1.05617787466,1.05617787466,-1.22771735871,-1.22771735871,0.343078968089,0.032615321014,0.048922981521,-0.048922981521,0.032615321014,0.032615321014,0.032615321014,-17.1523597976,-145.687839241,147.390528345,5.42667227566,-6.1960723298,-0.255174649667,1.158428
1590,3.489999771,6,423999786,0.3425,-1.0742,1.1195,-1.242,-1.3617,0.1312,0.3311,1.5894,-3.1276,2.7181,2.972,3.1251,0.343143976774,-1.05608036163,1.05608036163,-1.22765235002,-1.22765235002,0.343143976774,0.0323981491532,0.0485972237298,-0.0485972237298,0.0323981491532,0.0323981491532,0.0323981491532,-17.4365972744,-150.000029654,150.000018212,3.7312118404,-6.91959769769,-0.263712147567,2.147673
1591,3.492000103,6,426000118,0.3431,-1.071,1.1133,-1.2361,-1.3554,0.1375,0.3269,1.6023,-3.1188,2.949,3.1146,3.1293,0.343208566931,-1.0559834764,1.0559834764,-1.22758775986,-1.22758775986,0.343208566931,0.0321813608766,0.0482720413149,-0.0482720413149,0.0321813608766,0.0321813608766,0.0321813608766,-17.4290989073,-149.999999959,149.999999981,2.34047813178,-7.26588722912,-0.26875738096,4.522167
1592,3.493999958,6,427999973,0.3438,-1.0678,1.1071,-1.2298,-1.35,0.1404,0.3264,1.593,-3.1061,3.1202,2.7017,1.4705,0.343272708631,-1.05588726385,1.05588726385,-1.22752361816,-1.22752361816,0.343272708631,0.0319650625025,0.0479475937538,-0.0479475937538,0.0319650625025,0.0319650625025,0.0319650625025,-16.869372082,-149.999972561,150.000013721,1.25290591402,-6.42837263997,-0.0545462071397,5.323873
1593,3.495999813,6,429999828,0.3444,-1.0649,1.1013,-1.2236,-1.3471,0.1396,0.3211,1.4911,-2.8826,3.1195,1.4499,-0.4371,0.343336418205,-1.05579169949,1.05579169949,-1.22745990859,-1.22745990859,0.343336418205,0.0317492052144,0.0476238078216,-0.0476238078216,0.0317492052144,0.0317492052144,0.0317492052144,-16.2477145703,-145.780619366,143.58342446,0.303554093683,-3.75882093723,0.196927894586,4.448926
1594,3.498000145,6,432000160,0.345,-1.0625,1.0973,-1.2203,-1.3468,0.1353,0.2851,1.1609,-2.0079,1.6335,0.1783,-2.1116,0.343399711582,-1.05569675942,1.05569675942,-1.22739661521,-1.22739661521,0.343399711582,0.0315337406204,0.0473006109305,-0.0473006109305,0.0315337406204,0.0315337406204,0.0315337406204,-14.788896466,-123.32277762,87.4843866158,1.96029629624,-0.60437838289,0.416565420361,2.116391
1595,3.5,6,434000015,0.3455,-1.0611,1.0957,-1.2222,-1.3494,0.1292,0.2415,0.719,-0.7971,-0.9314,-1.3362,-3.0234,0.343462559465,-1.0556024876,1.0556024876,-1.22733376733,-1.22733376733,0.343462559465,0.0313187744193,0.046978161629,-0.046978161629,0.0313187744193,0.0313187744193,0.0313187744193,-13.5017370029,-93.0384431336,6.98515709767,6.88159022085,3.25216983047,0.538109348696,2.227500
1596,3.501999855,6,435999870,0.3459,-1.0606,1.0965,-1.228,-1.3538,0.123,0.1786,0.2596,0.4098,-2.8972,-2.1715,-3.0154,0.343524977897,-1.05550885995,1.05550885995,-1.2272713489,-1.2272713489,0.343524977897,0.0311042581211,0.0466563871816,-0.0466563871816,0.0311042581211,0.0311042581211,0.0311042581211,-11.0143190471,-60.8902151362,-71.8356465977,8.81932097544,5.75825006148,0.53748883123,1.316865
1597,3.504000187,6,438000202,0.346,-1.0609,1.0993,-1.2337,-1.3581,0.1169,0.0972,-0.1653,1.394,-2.8568,-2.1506,-3.0103,0.343586982514,-1.05541585302,1.05541585302,-1.22720934428,-1.22720934428,0.343586982514,0.0308901436686,0.0463352155029,-0.0463352155029,0.0308901436686,0.0308901436686,0.0308901436686,-6.58541468584,-29.7740760634,-130.985692527,2.00515415016,6.45417186515,0.533796449816,2.255842
1598,3.506000042,6,440000057,0.3461,-1.0619,1.1036,-1.2394,-1.3624,0.1107,0.0217,-0.5098,2.144,-2.8707,-2.1593,-3.0213,0.343648544654,-1.05532350981,1.05532350981,-1.22714778214,-1.22714778214,0.343648544654,0.0306765361286,0.0460148041929,-0.0460148041929,0.0306765361286,0.0306765361286,0.0306765361286,-1.31063992074,-0.180525618901,-149.999999992,-0.279021959827,6.96789872895,0.534671569481,4.727875
1599,3.507999897,6,441999912,0.346,-1.0634,1.1087,-1.2452,-1.3668,0.1046,-0.0277,-0.7214,2.5358,-2.8874,-2.234,-3.0391,0.343709680068,-1.05523180669,1.05523180669,-1.22708664673,-1.22708664673,0.343709680068,0.0304633873436,0.0456950810154,-0.0456950810154,0.0304633873436,0.0304633873436,0.0304633873436,2.60253449756,19.972779346,-149.999997621,-0.371135018832,7.39969821211,0.538726289219,31.666321
1600,3.521999836,6,455999851,0.3437,-1.0773,1.1441,-1.2541,-1.3771,0.1105,-0.2458,-0.8084,1.5742,3.082,2.946,3.1193,0.344125785354,-1.05460764876,1.05460764876,-1.22667054144,-1.22667054144,0.344125785354,0.02898433999,0.043476509985,-0.043476509985,0.02898433999,0.02898433999,0.02898433999,18.4005128787,38.5040132198,-116.362081465,-28.0000772561,-2.81356848445,-0.287278687271,5.858717
1601,3.524000168,6,458000183,0.3433,-1.0784,1.1459,-1.2481,-1.3716,0.1168,-0.1976,-0.5338,0.9033,2.994,2.7734,3.0934,0.34418355412,-1.05452099561,1.05452099561,-1.22661277267,-1.22661277267,0.34418355412,0.0287749184247,0.0431623776371,-0.0431623776371,0.0287749184247,0.0287749184247,0.0287749184247,14.6510200847,11.4136530645,-89.6913885051,-25.2198401947,-2.94875882759,-0.28280013621,4.588842
1602,3.526000023,6,460000038,0.343,-1.0789,1.1464,-1.2421,-1.366,0.123,-0.1502,-0.2583,0.2245,2.9955,2.7694,3.0943,0.344240890832,-1.05443499055,1.05443499055,-1.22655543596,-1.22655543596,0.344240890832,0.0285660323794,0.0428490485691,-0.0428490485691,0.0285660323794,0.0285660323794,0.0285660323794,12.2837303959,-8.28008174454,-49.2389511838,-20.7808100138,-3.44048039525,-0.282400907805,1.098824
1603,3.527999878,6,461999893,0.3428,-1.0788,1.1455,-1.2361,-1.3605,0.1292,-0.1022,0.0161,-0.4526,2.9919,2.7679,3.0948,0.344297810291,-1.05434961136,1.05434961136,-1.2264985165,-1.2264985165,0.344297810291,0.0283576348513,0.042536452277,-0.042536452277,0.0283576348513,0.0283576348513,0.0283576348513,9.83570290778,-28.1072689731,-8.53442043445,-16.2861773052,-3.94122313772,-0.281913722531,1.156925
1604,3.53000021,6,464000225,0.3427,-1.0782,1.1432,-1.2301,-1.3549,0.1354,-0.0541,0.2907,-1.1308,2.9873,2.7687,3.0942,0.344354326903,-1.05426483644,1.05426483644,-1.22644199989,-1.22644199989,0.344354326903,0.0281496793077,0.0422245189616,-0.0422245189616,0.0281496793077,0.0281496793077,0.0281496793077,7.35099691771,-48.1280582832,32.6038279582,-11.7378163531,-4.45259872695,-0.281249149067,1.124056
1605,3.532000065,6,466000080,0.3427,-1.0771,1.1396,-1.2242,-1.3494,0.1417,-0.0065,0.5665,-1.8115,2.9848,2.7765,3.0945,0.344410414701,-1.05418070474,1.05418070474,-1.22638591209,-1.22638591209,0.344410414701,0.0279422679291,0.0419134018936,-0.0419134018936,0.0279422679291,0.0279422679291,0.0279422679291,4.87679264122,-68.4236962203,74.2373929604,-7.14242391086,-4.98208515698,-0.280745203631,1.088230
1606,3.53399992,6,467999935,0.3428,-1.0754,1.1346,-1.2182,-1.3438,0.1479,0.0401,0.8359,-2.4749,2.9847,2.7839,3.0957,0.344466088203,-1.05409719449,1.05409719449,-1.22633023859,-1.22633023859,0.344466088203,0.027735354073,0.0416030311095,-0.0416030311095,0.027735354073,0.027735354073,0.027735354073,2.42558623023,-88.4843620867,115.208843921,-2.63770776707,-5.50509658645,-0.280361775924,1.505757
1607,3.535999775,6,469999790,0.3429,-1.0734,1.129,-1.2122,-1.3382,0.1541,0.0721,1.0033,-2.8226,2.9884,2.7837,3.1036,0.344521348408,-1.05401430418,1.05401430418,-1.22627497839,-1.22627497839,0.344521348408,0.0275289407488,0.0412934111232,-0.0412934111232,0.0275289407488,0.0275289407488,0.0275289407488,0.643396782132,-101.646494396,137.266012002,-0.280137559778,-5.82894887156,-0.282554146115,1.368567
1608,3.538000107,6,472000122,0.3433,-1.0711,1.1232,-1.2116,-1.3372,0.1572,0.1638,1.1356,-2.8887,0.3257,0.5282,1.5547,0.344576209352,-1.05393201277,1.05393201277,-1.22622011744,-1.22622011744,0.344576209352,0.027322981917,0.0409844728756,-0.0409844728756,0.027322981917,0.027322981917,0.027322981917,-5.4908370147,-113.716512294,133.084214117,13.8000205523,-1.4296892579,-0.0718868041034,2.546615
1609,3.539999962,6,473999977,0.3438,-1.0686,1.1173,-1.2155,-1.3405,0.1572,0.2455,1.2477,-2.9699,-1.9788,-1.6709,-0.0323,0.344630645881,-1.05385035797,1.05385035797,-1.22616568091,-1.22616568091,0.344630645881,0.0271175788217,0.0406763682325,-0.0406763682325,0.0271175788217,0.0271175788217,0.0271175788217,-10.8304297217,-123.961831432,131.133844348,26.266578281,2.91944373475,0.145100650671,2.247038
1610,3.541999817,6,475999832,0.3444,-1.0659,1.1112,-1.2218,-1.3468,0.1533,0.297,1.327,-3.0416,-3.115,-3.1168,-1.926,0.344684672142,-1.05376931858,1.05376931858,-1.22611165465,-1.22611165465,0.344684672142,0.0269126853106,0.040369027966,-0.040369027966,0.0269126853106,0.0269126853106,0.0269126853106,-15.8430434726,-131.300431677,106.299605352,27.9999973711,5.94627686046,0.398916527329,16.054443
1611,3.544000149,6,478000164,0.345,-1.0633,1.1051,-1.2278,-1.3528,0.147,0.3011,1.3309,-3.0306,-3.0162,-3.0304,-3.1276,0.344738301899,-1.05368887395,1.05368887395,-1.2260580249,-1.2260580249,0.344738301899,0.026708255722,0.040062383583,-0.040062383583,0.026708255722,0.026708255722,0.026708255722,-16.5455951098,-133.755361334,108.511558412,28.000070917,5.77794549618,0.558244783815,3.128882
1612,3.546000004,6,480000019,0.3455,-1.0608,1.0996,-1.2338,-1.3586,0.1408,0.2853,1.2325,-2.7724,-2.9804,-2.8703,-3.1024,0.344791510601,-1.05360906089,1.05360906089,-1.22600481619,-1.22600481619,0.344791510601,0.0265043905822,0.0397565858733,-0.0397565858733,0.0265043905822,0.0265043905822,0.0265043905822,-15.1666178708,-126.535794403,103.724119354,28.000001424,5.60945298351,0.557031030516,27.521197
1613,3.555999756,6,489999771,0.3467,-1.0574,1.0934,-1.2616,-1.3766,0.1116,-0.0541,-0.3934,1.0879,-2.1974,0.4091,-2.2592,0.345051479431,-1.05321910765,1.05321910765,-1.22574484736,-1.22574484736,0.345051479431,0.0254928578247,0.0382392867371,-0.0382392867371,0.0254928578247,0.0254928578247,0.0254928578247,2.57995152389,-10.2087141254,-105.888064013,1.72326312998,1.53894456537,0.427475516398,6.183702
1614,3.558000087,6,492000102,0.3464,-1.0588,1.0968,-1.2629,-1.3706,0.1123,-0.17,-0.7128,1.6975,-0.6752,2.8319,0.3738,0.345102272707,-1.05314291773,1.05314291773,-1.22569405409,-1.22569405409,0.345102272707,0.0252921027687,0.037938154153,-0.037938154153,0.0252921027687,0.0252921027687,0.0252921027687,9.07988147177,14.2127156458,-137.364937283,-10.1266736063,-2.98664917877,0.0708812184173,2.094142
1615,3.559999943,6,493999958,0.3459,-1.0609,1.1015,-1.2615,-1.3647,0.1181,-0.246,-1.03,2.3083,0.6903,2.8096,2.9174,0.345152653025,-1.05306734726,1.05306734726,-1.22564367377,-1.22564367377,0.345152653025,0.0250919324017,0.0376378986026,-0.0376378986026,0.0250919324017,0.0250919324017,0.0250919324017,15.1642950674,42.1234550712,-149.99999879,-19.3469508768,-2.54310893149,-0.265982306155,2.057820
1616,3.561999798,6,495999813,0.3453,-1.0633,1.1065,-1.2553,-1.3587,0.124,-0.3073,-1.2197,2.5083,3.0985,2.8593,2.9341,0.345202633545,-1.05299237648,1.05299237648,-1.22559369325,-1.22559369325,0.345202633545,0.0248923021491,0.0373384532237,-0.0373384532237,0.0248923021491,0.0248923021491,0.0248923021491,22.6346413992,56.7405849215,-136.876951946,-27.9999722204,-2.44584620602,-0.274558021177,4.522776
1617,3.564000129,6,498000144,0.3445,-1.0662,1.1123,-1.2491,-1.3527,0.1299,-0.3614,-1.4193,2.8989,3.1016,2.8857,2.9512,0.34525222713,-1.0529179861,1.0529179861,-1.22554409966,-1.22554409966,0.34525222713,0.0246931676536,0.0370397514805,-0.0370397514805,0.0246931676536,0.0246931676536,0.0246931676536,27.9087355019,74.5234465353,-148.798410997,-27.9999993604,-2.22901452498,-0.28359322364,52.968592
1618,3.581999779,6,515999794,0.3399,-1.0844,1.1425,-1.2079,-1.3486,0.1515,0.0481,0.0352,-0.5413,-0.4824,-2.9239,-2.9732,0.345680725399,-1.0522752387,1.0522752387,-1.2251156014,-1.2251156014,0.345680725399,0.0229262378413,0.0343893567619,-0.0343893567619,0.0229262378413,0.0229262378413,0.0229262378413,2.23658193456,-26.597953242,-13.3331793911,1.26526146789,7.55246582537,0.515713571116,4.623222
1619,3.58400011,6,518000125,0.3402,-1.0837,1.1403,-1.2112,-1.3546,0.1456,0.1292,0.3307,-1.1086,-1.6261,-2.9241,-2.9731,0.345726391803,-1.05220673909,1.05220673909,-1.22506993499,-1.22506993499,0.345726391803,0.0227327052813,0.034099057922,-0.034099057922,0.0227327052813,0.0227327052813,0.0227327052813,-3.37453057055,-49.3524153784,16.768124589,11.0609669762,7.08514831166,0.524326067912,1.257997
1620,3.585999965,6,519999980,0.3406,-1.0824,1.1369,-1.2168,-1.3607,0.1397,0.21,0.628,-1.6783,-2.77,-2.9304,-2.9739,0.345771660925,-1.05213883541,1.05213883541,-1.22502466587,-1.22502466587,0.345771660925,0.0225397958913,0.033809693837,-0.033809693837,0.0225397958913,0.0225397958913,0.0225397958913,-8.9841900036,-72.4787045217,47.277381102,20.9609571148,6.62637068535,0.533130186645,1.141309
1621,3.58799982,6,521999835,0.3412,-1.0805,1.1322,-1.223,-1.3667,0.1337,0.2879,0.9511,-2.3622,-3.1078,-2.9263,-2.9842,0.345816544837,-1.05207150954,1.05207150954,-1.22497978196,-1.22497978196,0.345816544837,0.0223474666611,0.0335211999916,-0.0335211999916,0.0223474666611,0.0223474666611,0.0223474666611,-13.9505336565,-97.1818077929,87.6449831246,27.5744754889,6.10958095801,0.543460665132,1.124332
1622,3.590000152,6,524000167,0.3419,-1.0781,1.1263,-1.2292,-1.3728,0.1277,0.3541,1.228,-2.9393,-3.112,-2.9445,-2.9853,0.345861055268,-1.05200474389,1.05200474389,-1.22493527153,-1.22493527153,0.345861055268,0.0221556750411,0.0332335125617,-0.0332335125617,0.0221556750411,0.0221556750411,0.0221556750411,-19.4804001004,-118.552279157,102.192036591,27.9999979661,5.82857375707,0.550905803271,16.537871
1623,3.592000007,6,526000022,0.3427,-1.0753,1.12,-1.2355,-1.3789,0.1217,0.3954,1.3657,-3.1383,-3.1383,-2.9993,-2.9963,0.345905172162,-1.05193856855,1.05193856855,-1.22489115463,-1.22489115463,0.345905172162,0.0219645156208,0.0329467734312,-0.0329467734312,0.0219645156208,0.0219645156208,0.0219645156208,-23.0037075704,-130.285071336,105.112888096,27.9999990531,5.80970061447,0.558010165016,35.371162
1624,3.596000194,6,530000209,0.3444,-1.0694,1.1074,-1.2481,-1.391,0.1098,0.4529,1.5029,-3.1353,-3.1415,-2.9447,-2.9828,0.345992272321,-1.05180791831,1.05180791831,-1.22480405447,-1.22480405447,0.345992272321,0.0215839232209,0.0323758848314,-0.0323758848314,0.0215839232209,0.0215839232209,0.0215839232209,-27.8496189989,-144.281750325,103.25042096,27.9999738067,5.59358752219,0.56530967291,12.169143
1625,3.604000091,6,538000106,0.3476,-1.0571,1.0828,-1.2625,-1.3842,0.1178,0.3224,1.4169,-2.9455,0.2566,2.9774,3.0283,0.346161919244,-1.05155344793,1.05155344793,-1.22463440755,-1.22463440755,0.346161919244,0.0208299592404,0.0312449388606,-0.0312449388606,0.0208299592404,0.0208299592404,0.0208299592404,-19.7532257528,-142.859886609,143.502128235,16.8352439405,-6.756461001,-0.2420786809,4.724550
1626,3.605999946,6,539999961,0.3482,-1.0547,1.0776,-1.2582,-1.3782,0.1237,0.2619,1.198,-2.5737,2.1403,2.899,2.9756,0.346203389088,-1.05149124316,1.05149124316,-1.22459293771,-1.22459293771,0.346203389088,0.0206429925484,0.0309644888226,-0.0309644888226,0.0206429925484,0.0206429925484,0.0206429925484,-15.2562103402,-126.461792998,129.316842044,4.7708386929,-6.28057117406,-0.242143529157,1.166874
1627,3.607999801,6,541999816,0.3485,-1.053,1.0737,-1.252,-1.3722,0.1296,0.1896,0.8958,-1.9539,3.1013,2.849,2.9517,0.346244485636,-1.05142959834,1.05142959834,-1.22455184116,-1.22455184116,0.346244485636,0.020456637349,0.0306849560235,-0.0306849560235,0.020456637349,0.020456637349,0.020456637349,-10.5668781455,-104.306872223,97.0006591384,-4.34242133969,-5.72803653394,-0.247276916878,1.188195
1628,3.610000133,6,544000148,0.3488,-1.0519,1.0714,-1.2458,-1.3663,0.1355,0.1129,0.5433,-1.1562,3.0976,2.8233,2.9377,0.346285219784,-1.05136849712,1.05136849712,-1.22451110701,-1.22451110701,0.346285219784,0.020270852568,0.0304062788521,-0.0304062788521,0.020270852568,0.020270852568,0.020270852568,-6.23429076525,-78.8926660667,50.4370744405,-9.78337437983,-5.146663501,-0.254469252664,1.153076
1629,3.611999988,6,546000003,0.3488,-1.0515,1.0707,-1.2395,-1.3603,0.1413,0.0358,0.1898,-0.355,3.0973,2.8217,2.9397,0.346325573337,-1.05130796679,1.05130796679,-1.22447075346,-1.22447075346,0.346325573337,0.0200857299694,0.0301285949542,-0.0301285949542,0.0200857299694,0.0200857299694,0.0200857299694,-1.80161587622,-53.1608142278,3.25899269455,-15.3135849252,-4.60764931226,-0.263855769563,1.187685
1630,3.613999843,6,547999858,0.3487,-1.0518,1.0716,-1.2333,-1.3544,0.1472,-0.041,-0.1642,0.4474,3.0964,2.8188,2.9371,0.346365557293,-1.05124799086,1.05124799086,-1.2244307695,-1.2244307695,0.346365557293,0.0199012283399,0.0298518425099,-0.0298518425099,0.0199012283399,0.0199012283399,0.0199012283399,2.63317104742,-27.1351364883,-44.4131137174,-20.8938800226,-4.06010863046,-0.272745340719,1.167389
1631,3.616000175,6,550000190,0.3485,-1.0529,1.0741,-1.2271,-1.3485,0.1531,-0.1195,-0.519,1.2485,3.0954,2.8236,2.9387,0.3464051823,-1.05118855334,1.05118855334,-1.22439114449,-1.22439114449,0.3464051823,0.0197173070627,0.029575960594,-0.029575960594,0.0197173070627,0.0197173070627,0.0197173070627,7.21515093538,-0.745629457725,-92.4079061367,-26.5108981205,-3.52022942553,-0.282288693608,1.164939
1632,3.61800003,6,552000045,0.3481,-1.0546,1.0782,-1.2209,-1.3425,0.1589,-0.2044,-0.8861,2.064,3.0908,2.7987,2.9278,0.346444430714,-1.05112968072,1.05112968072,-1.22435189608,-1.22435189608,0.346444430714,0.0195340570246,0.0293010855369,-0.0293010855369,0.0195340570246,0.0195340570246,0.0195340570246,13.8878142925,26.7660432309,-118.278205671,-27.9999986191,-3.00652032814,-0.289232747766,18.955644
1633,3.619999885,6,553999900,0.3476,-1.0569,1.0834,-1.2147,-1.3412,0.1608,-0.2312,-1.1456,2.5948,3.1005,0.6769,0.9442,0.346483313284,-1.05107135687,1.05107135687,-1.22431301351,-1.22431301351,0.346483313284,0.0193514374674,0.0290271562011,-0.0290271562011,0.0193514374674,0.0193514374674,0.0193514374674,18.5361706594,48.4721846982,-131.778167236,-27.9999896301,1.74103522424,-0.0283596140483,32.838582
1634,3.622000217,6,556000232,0.3472,-1.0595,1.089,-1.2084,-1.3445,0.1589,-0.2302,-1.2662,2.7755,3.1131,-1.6865,-0.9476,0.346521840418,-1.05101356617,1.05101356617,-1.22427448638,-1.22427448638,0.346521840418,0.0191694082384,0.0287541123576,-0.0287541123576,0.0191694082384,0.0191694082384,0.0191694082384,20.9162757,60.2167415703,-136.52637867,-27.9999797018,6.85688507047,0.225653943876,8.922354
1635,3.627999782,6,561999797,0.3458,-1.0676,1.1069,-1.1998,-1.3613,0.1409,-0.2258,-1.3781,3.0675,0.0817,-3.0067,-3.1237,0.346635219389,-1.05084349771,1.05084349771,-1.22416110741,-1.22416110741,0.346635219389,0.018627284799,0.0279409271985,-0.0279409271985,0.018627284799,0.018627284799,0.018627284799,19.3466755731,82.2216677504,-149.999995672,-17.8677361922,9.89690598139,0.52241712312,5.004205
1636,3.630000114,6,564000129,0.3454,-1.0703,1.1131,-1.2038,-1.3676,0.1346,-0.2039,-1.3502,3.1326,-1.9674,-3.1312,-3.1283,0.346672300543,-1.05078787598,1.05078787598,-1.22412402625,-1.22412402625,0.346672300543,0.0184478228353,0.027671734253,-0.027671734253,0.0184478228353,0.0184478228353,0.0184478228353,17.0698485674,80.7022035289,-150.00006444,-6.76318458252,10.0903639287,0.52866668608,4.899726
1637,3.631999969,6,565999984,0.3451,-1.0727,1.1189,-1.2099,-1.3737,0.1285,-0.1665,-1.2002,2.8551,-3.0655,-3.0564,-3.0659,0.346709014649,-1.05073280482,1.05073280482,-1.22408731215,-1.22408731215,0.346709014649,0.018269053354,0.027403580031,-0.027403580031,0.018269053354,0.018269053354,0.018269053354,13.3232079702,66.1773317261,-150.000041727,-0.712906991199,9.76849095632,0.526205568159,7.893150
1638,3.638000011,6,572000026,0.3448,-1.0765,1.1283,-1.2286,-1.3917,0.1105,0.0301,-0.3088,0.8666,-3.1089,-2.9362,-2.9856,0.346817029503,-1.05057078254,1.05057078254,-1.22397929729,-1.22397929729,0.346817029503,0.0177366325196,0.0266049487793,-0.0266049487793,0.0177366325196,0.0177366325196,0.0177366325196,-0.700582178215,-8.53028587536,-104.459746496,5.95521469361,8.51956364426,0.537348065098,4.533627
1639,3.639999866,6,573999881,0.345,-1.0765,1.1286,-1.2349,-1.3977,0.1046,0.1011,-0.0009,0.1749,-3.1108,-2.9414,-2.9865,0.346852323959,-1.05051784086,1.05051784086,-1.22394400284,-1.22394400284,0.346852323959,0.0175604936958,0.0263407405438,-0.0263407405438,0.0175604936958,0.0175604936958,0.0175604936958,-4.91601765511,-31.0983080327,-63.7098258961,10.7665692165,8.06189913548,0.546039670095,1.205518
1640,3.642000198,6,576000213,0.3453,-1.0758,1.1275,-1.2411,-1.3997,0.1023,0.1451,0.3306,-0.5402,-3.1085,-1.0179,-1.151,0.346887275122,-1.05046541411,1.05046541411,-1.22390905167,-1.22390905167,0.346887275122,0.0173849787578,0.0260774681368,-0.0260774681368,0.0173849787578,0.0173849787578,0.0173849787578,-8.48968315907,-56.264732932,-21.0768023207,15.8307098839,3.54160978586,0.307165712312,2.072179
1641,3.644000053,6,578000068,0.3457,-1.0744,1.1246,-1.2456,-1.3954,0.108,0.1744,0.7266,-1.4632,-2.2381,2.178,2.8553,0.346921867655,-1.05041352531,1.05041352531,-1.22387445914,-1.22387445914,0.346921867655,0.0172101746343,0.0258152619514,-0.0258152619514,0.0172101746343,0.0172101746343,0.0172101746343,-11.245862624,-86.1048904271,37.5186491174,17.9406719634,-3.7769048749,-0.221774866561,2.185682
1642,3.645999908,6,579999923,0.3462,-1.0721,1.1198,-1.2486,-1.3907,0.1141,0.2517,1.1381,-2.4121,-1.4778,2.3359,3.0404,0.346956111277,-1.05036215988,1.05036215988,-1.22384021552,-1.22384021552,0.346956111277,0.0170360426177,0.0255540639265,-0.0255540639265,0.0170360426177,0.0170360426177,0.0170360426177,-15.3931439312,-116.832329186,97.4112097362,20.6862150574,-4.82464193394,-0.243700439036,1.179506
1643,3.647999763,6,581999778,0.3468,-1.0693,1.1141,-1.2509,-1.3858,0.1203,0.2982,1.3567,-2.8184,-1.1604,2.4687,3.0612,0.346990007335,-1.05031131579,1.05031131579,-1.22380631946,-1.22380631946,0.346990007335,0.0168625859372,0.0252938789058,-0.0252938789058,0.0168625859372,0.0168625859372,0.0168625859372,-18.2381328201,-134.320950964,123.547283891,22.0236519045,-5.49562555922,-0.24739733741,1.197638
1644,3.650000095,6,584000110,0.3474,-1.0664,1.1083,-1.2541,-1.3807,0.1265,0.3328,1.4879,-2.9377,-1.632,2.5341,3.073,0.347023565144,-1.05026097908,1.05026097908,-1.22377276165,-1.22377276165,0.347023565144,0.0166897666967,0.025034650045,-0.025034650045,0.0166897666967,0.0166897666967,0.0166897666967,-20.878052398,-146.168100756,129.831514881,25.462577569,-5.87890203381,-0.251020412197,1.199350
1645,3.65199995,6,585999965,0.3481,-1.0632,1.1022,-1.2572,-1.3754,0.1328,0.3561,1.5914,-3.0429,-1.5395,2.6253,3.0912,0.34705677006,-1.05021117171,1.05021117171,-1.22373955673,-1.22373955673,0.34705677006,0.016517670555,0.0247765058325,-0.0247765058325,0.016517670555,0.016517670555,0.016517670555,-22.7596309882,-149.999999941,137.869719635,25.9373606505,-6.24266811443,-0.25638499341,4.600591
1646,3.653999805,6,587999820,0.3489,-1.0598,1.096,-1.2605,-1.3702,0.139,0.3774,1.6719,-3.0741,-1.6549,2.6429,3.0943,0.347089631493,-1.05016187956,1.05016187956,-1.2237066953,-1.2237066953,0.347089631493,0.0163462594615,0.0245193891922,-0.0245193891922,0.0163462594615,0.0163462594615,0.0163462594615,-24.8047255908,-149.999996719,141.064872388,26.9804696634,-6.40649655406,-0.259851262978,25.058344
1647,3.656000137,6,590000152,0.3496,-1.0564,1.0898,-1.2623,-1.3639,0.1452,0.3633,1.6945,-3.1179,-0.8967,3.1164,3.1301,0.347122158532,-1.050113089,1.050113089,-1.22367416826,-1.22367416826,0.347122158532,0.0161754960232,0.0242632440348,-0.0242632440348,0.0161754960232,0.0161754960232,0.0161754960232,-24.054399539,-149.999911098,146.799152114,23.5353474197,-7.44458844981,-0.27029964468,5.739937
1648,3.657999992,6,592000007,0.3503,-1.0531,1.0835,-1.2618,-1.3577,0.1515,0.3453,1.6684,-3.1035,0.1869,3.0738,3.1346,0.347154337044,-1.05006482123,1.05006482123,-1.22364198975,-1.22364198975,0.347154337044,0.0160054649303,0.0240081973955,-0.0240081973955,0.0160054649303,0.0160054649303,0.0160054649303,-22.4055080443,-150.000002042,150.00000661,17.9782705441,-7.36035618498,-0.27511772564,16.964319
1649,3.659999847,6,593999862,0.3509,-1.0498,1.0773,-1.258,-1.3515,0.1578,0.3168,1.6131,-3.0884,1.814,3.0367,3.1362,0.347186176213,-1.05001706248,1.05001706248,-1.22361015058,-1.22361015058,0.347186176213,0.015836128633,0.0237541929495,-0.0237541929495,0.015836128633,0.015836128633,0.015836128633,-19.8905395247,-150.000002786,150.000003776,9.05913002489,-7.22908453138,-0.280169639654,22.539058
1650,3.670000076,6,604000091,0.3527,-1.0423,1.0649,-1.2268,-1.3533,0.1398,0.0395,-0.0651,0.6198,3.0906,-2.1426,-3.0066,0.347340345193,-1.04978580901,1.04978580901,-1.2234559816,-1.2234559816,0.347340345193,0.0149999042757,0.0224998564135,-0.0224998564135,0.0149999042757,0.0149999042757,0.0149999042757,-0.829052051993,-39.2226996086,-55.2350347909,-22.2155763276,6.16217064089,0.521674946685,4.603750
1651,3.673999786,6,607999801,0.3523,-1.0451,1.0731,-1.2144,-1.3621,0.1275,-0.1336,-0.882,2.4568,3.0961,-2.2005,-3.019,0.347399680591,-1.04969680591,1.04969680591,-1.2233966462,-1.2233966462,0.347399680591,0.0146704246461,0.0220056369692,-0.0220056369692,0.0146704246461,0.0146704246461,0.0146704246461,12.1576428515,22.4822155335,-128.653917899,-27.999998603,7.56781183532,0.519460039627,24.425508
1652,3.684000015,6,618000030,0.3498,-1.0579,1.1032,-1.183,-1.3863,0.0965,-0.3189,-1.4338,3.0543,3.1197,-2.4631,-3.0679,0.347542317404,-1.04948285069,1.04948285069,-1.22325400939,-1.22325400939,0.347542317404,0.013859323496,0.020788985244,-0.020788985244,0.013859323496,0.013859323496,0.013859323496,28.6012291204,74.4234473149,-144.260400185,-27.9999992574,9.20729557796,0.537283174114,65.000977
1653,3.705999851,6,639999866,0.3436,-1.0792,1.1478,-1.2252,-1.3421,0.149,-0.0639,0.0909,-0.3941,-3.1165,2.7759,3.0865,0.347828145051,-1.04905410922,1.04905410922,-1.22296818174,-1.22296818174,0.347828145051,0.0121404436469,0.0182106654704,-0.0182106654704,0.0121404436469,0.0121404436469,0.0121404436469,4.04460128574,-36.6382381504,-32.4624844176,14.1912438837,-4.33330519187,-0.290535313684,4.681468
1654,3.710000038,6,644000053,0.3436,-1.0772,1.1425,-1.2377,-1.331,0.1614,0.0532,0.6313,-1.6377,-3.1178,2.7801,3.0879,0.347876102819,-1.04898217257,1.04898217257,-1.22292022398,-1.22292022398,0.347876102819,0.0118378374292,0.0177567561437,-0.0177567561437,0.0118378374292,0.0118378374292,0.0118378374292,-2.71576553556,-76.894308673,42.4929572615,23.0406418557,-5.3685947539,-0.289499702782,1.221174
1655,3.711999893,6,645999908,0.3439,-1.0754,1.138,-1.2439,-1.3254,0.1677,0.1121,0.904,-2.2645,-3.1175,2.7763,3.0902,0.347899626542,-1.04894688698,1.04894688698,-1.22289670025,-1.22289670025,0.347899626542,0.0116877219069,0.0175315828603,-0.0175315828603,0.0116877219069,0.0116877219069,0.0116877219069,-6.19814100092,-97.5001730898,80.750182257,27.5470593798,-5.88513463727,-0.289123670656,1.127010
1656,3.713999748,6,647999763,0.3442,-1.073,1.1322,-1.2502,-1.3199,0.1739,0.1695,1.179,-2.8962,-3.1167,2.7768,3.0896,0.347922850839,-1.04891205054,1.04891205054,-1.22287347596,-1.22287347596,0.347922850839,0.0115383904963,0.0173075857445,-0.0173075857445,0.0115383904963,0.0115383904963,0.0115383904963,-11.0827072821,-118.454698219,96.997933719,27.9999974128,-6.29943301405,-0.289352369227,16.363613
1657,3.71600008,6,650000095,0.3446,-1.0704,1.1259,-1.2565,-1.3139,0.1801,0.1966,1.311,-3.1362,-3.1405,2.9928,3.0987,0.347945782716,-1.04887765272,1.04887765272,-1.22285054408,-1.22285054408,0.347945782716,0.0113898112241,0.0170847168362,-0.0170847168362,0.0113898112241,0.0113898112241,0.0113898112241,-13.7267474614,-129.490104642,101.076877705,27.9999988689,-6.96853255473,-0.293617691538,33.107974
1658,3.71999979,6,653999805,0.3455,-1.0648,1.1132,-1.2691,-1.3014,0.1925,0.2222,1.3992,-3.1312,-3.1412,3.1416,3.1005,0.347990748218,-1.04881020447,1.04881020447,-1.22280557858,-1.22280557858,0.347990748218,0.0110950996248,0.0166426494372,-0.0166426494372,0.0110950996248,0.0110950996248,0.0110950996248,-16.1504106224,-139.320371436,99.6479903603,27.9999989099,-7.51195386004,-0.300891927108,27.874149
1659,3.739999771,6,673999786,0.3477,-1.0537,1.0856,-1.2362,-1.3234,0.1519,-0.1571,-0.8215,1.6321,3.093,-2.3479,-3.0305,0.34819826164,-1.04849893434,1.04849893434,-1.22259806516,-1.22259806516,0.34819826164,0.0096698396736,0.0145047595104,-0.0145047595104,0.0096698396736,0.0096698396736,0.0096698396736,13.4237006684,24.0268963514,-110.041452329,-27.9999992207,7.46131704001,0.506855518694,66.949953
1660,3.759999752,6,693999767,0.3403,-1.0866,1.1461,-1.1737,-1.3757,0.09,-0.4885,-1.955,3.1221,3.1142,-2.6812,-3.068,0.348378095896,-1.04822918295,1.04822918295,-1.2224182309,-1.2224182309,0.348378095896,0.00832774991824,0.0124916248774,-0.0124916248774,0.00832774991824,0.00832774991824,0.00832774991824,43.595655864,129.570898666,-145.398038935,-27.9999991265,10.3321987391,0.534318838371,67.669867
1661,3.782000065,6,716000080,0.3274,-1.1311,1.2058,-1.1507,-1.3883,0.08,-0.4811,-1.4275,1.4084,-3.1132,2.7838,3.0807,0.348545974725,-1.04797736471,1.04797736471,-1.22225035207,-1.22225035207,0.348545974725,0.00695159486123,0.0104273922918,-0.0104273922918,0.00695159486123,0.00695159486123,0.00695159486123,35.4667880074,102.972402752,-145.106300966,-1.17753280971,-1.44203954663,-0.272035824497,4.691761
1662,3.78399992,6,717999935,0.3266,-1.1335,1.2076,-1.157,-1.3828,0.0862,-0.4318,-1.2009,0.8969,-3.1133,2.7888,3.0826,0.348559757026,-1.04795669126,1.04795669126,-1.22223656977,-1.22223656977,0.348559757026,0.00683185629253,0.0102477844388,-0.0102477844388,0.00683185629253,0.00683185629253,0.00683185629253,32.8417990937,87.2274401203,-115.338180239,2.36700791295,-1.86766891377,-0.272609779821,1.190008
1663,3.785999775,6,719999790,0.3259,-1.1355,1.2084,-1.1632,-1.3772,0.0924,-0.366,-0.983,0.3893,-3.1144,2.7923,3.0846,0.348573300774,-1.04793637563,1.04793637563,-1.22222302602,-1.22222302602,0.348573300774,0.00671302537652,0.0100695380648,-0.0100695380648,0.00671302537652,0.00671302537652,0.00671302537652,28.90809318,72.1283391069,-85.5004391427,5.91244485569,-2.32434960253,-0.272878537557,1.210108
1664,3.788000107,6,722000122,0.3252,-1.137,1.2081,-1.1695,-1.3716,0.0986,-0.3089,-0.7554,-0.1194,-3.1146,2.7956,3.0839,0.348586610934,-1.04791641039,1.04791641039,-1.22220971586,-1.22220971586,0.348586610934,0.00659507760037,0.00989261640055,-0.00989261640055,0.00659507760037,0.00659507760037,0.00659507760037,25.6689331507,55.9779904278,-55.3825089431,9.49696448548,-2.76932722254,-0.272903907056,1.155762
1665,3.789999962,6,723999977,0.3247,-1.138,1.2069,-1.1757,-1.366,0.1048,-0.2515,-0.5271,-0.6278,-3.1148,2.7979,3.0859,0.348599682984,-1.04789680232,1.04789680232,-1.22219664381,-1.22219664381,0.348599682984,0.00647807272451,0.00971710908677,-0.00971710908677,0.00647807272451,0.00647807272451,0.00647807272451,22.3489428978,39.5832250339,-25.0572338543,13.1033005291,-3.21728147833,-0.273226907477,1.209255
1666,3.791999817,6,725999832,0.3243,-1.1386,1.2046,-1.182,-1.3604,0.111,-0.1937,-0.2983,-1.1368,-3.1158,2.7984,3.0881,0.348612521958,-1.04787754386,1.04787754386,-1.22218380484,-1.22218380484,0.348612521958,0.0063619860262,0.00954297903931,-0.00954297903931,0.0063619860262,0.0063619860262,0.0063619860262,18.9725834879,23.0041075525,5.58572833406,16.7520073782,-3.66622924214,-0.273523628441,1.196154
1667,3.794000149,6,728000164,0.3241,-1.1387,1.2013,-1.1882,-1.3548,0.1172,-0.1353,-0.068,-1.6478,-3.1155,2.7995,3.0883,0.348625132677,-1.04785862778,1.04785862778,-1.22217119412,-1.22217119412,0.348625132677,0.00624679366268,0.00937019049403,-0.00937019049403,0.00624679366268,0.00624679366268,0.00624679366268,15.4955066652,6.12581626042,36.6056168361,20.4343850021,-4.12341902736,-0.273498262001,1.177983
1668,3.796000004,6,730000019,0.324,-1.138,1.1964,-1.1945,-1.3504,0.1233,-0.0019,0.3522,-2.4825,-3.0795,2.19,3.0072,0.348637510973,-1.04784006034,1.04784006034,-1.22215881582,-1.22215881582,0.348637510973,0.00613255409207,0.00919883113811,-0.00919883113811,0.00613255409207,0.00613255409207,0.00613255409207,7.5021039775,-25.3211736354,86.7507781325,26.1230236346,-3.64150417962,-0.257127488823,1.233373
1669,3.797999859,6,731999874,0.3242,-1.1369,1.1907,-1.1996,-1.3482,0.1252,0.0833,0.5575,-2.8017,-2.5788,1.0558,0.9119,0.348649661734,-1.04782183419,1.04782183419,-1.22214666506,-1.22214666506,0.348649661734,0.00601924325919,0.00902886488879,-0.00902886488879,0.00601924325919,0.00601924325919,0.00601924325919,2.77708803011,-41.1226170083,107.855312547,25.9300839832,-1.6526688234,0.020709584608,2.264829
1670,3.80000019,6,734000205,0.3245,-1.1355,1.1849,-1.2041,-1.3483,0.1228,0.1107,0.6846,-2.9298,-2.2512,-0.0401,-1.2043,0.348661589633,-1.04780394235,1.04780394235,-1.22213473716,-1.22213473716,0.348661589633,0.00590683805489,0.00886025708234,-0.00886025708234,0.00590683805489,0.00590683805489,0.00590683805489,1.98891131687,-51.5874044581,117.134705714,25.3349915314,0.494189541099,0.301634558708,2.265216
1671,3.802000046,6,736000061,0.3249,-1.1339,1.1789,-1.2076,-1.3507,0.1168,0.2072,0.7871,-2.9987,-1.7226,-1.1765,-2.957,0.348673290868,-1.04778639049,1.04778639049,-1.22212303593,-1.22212303593,0.348673290868,0.00579539545198,0.00869309317797,-0.00869309317797,0.00579539545198,0.00579539545198,0.00579539545198,-4.03943875649,-60.0073621335,123.46199519,23.2662204865,2.63319177101,0.538922025638,2.258777
1672,3.803999901,6,737999916,0.3254,-1.1322,1.1728,-1.2093,-1.3553,0.1108,0.2518,0.8539,-3.055,-0.877,-2.341,-3.0207,0.348684770166,-1.04776917155,1.04776917155,-1.22211155663,-1.22211155663,0.348684770166,0.00568489223828,0.00852733835741,-0.00852733835741,0.00568489223828,0.00568489223828,0.00568489223828,-6.05786491255,-65.4934440549,130.439044509,19.4765834186,4.97917904256,0.556633330958,1.219963
1673,3.805999756,6,739999771,0.326,-1.1304,1.1666,-1.2086,-1.3616,0.1046,0.2792,0.8974,-3.1007,0.3476,-3.0851,-3.0762,0.348696029417,-1.04775228267,1.04775228267,-1.22210029738,-1.22210029738,0.348696029417,0.00557533189724,0.00836299784587,-0.00836299784587,0.00557533189724,0.00557533189724,0.00557533189724,-7.02018068653,-69.0551249773,138.27632505,13.6514357081,6.51264410497,0.571238550157,1.177205
1674,3.808000087,6,742000102,0.3265,-1.1286,1.1603,-1.2047,-1.3678,0.0984,0.2861,0.9197,-3.1414,1.9853,-3.12,-3.1057,0.34870707311,-1.04773571713,1.04773571713,-1.22208925368,-1.22208925368,0.34870707311,0.00546669223317,0.00820003834976,-0.00820003834976,0.00546669223317,0.00546669223317,0.00546669223317,-6.81398719802,-70.8578237747,147.469424979,5.6486329522,6.61679146403,0.579089665662,1.233898
1675,3.809999943,6,743999958,0.3271,-1.1268,1.1542,-1.1984,-1.374,0.0922,0.2848,0.9001,-3.0684,3.138,-3.0697,-3.1342,0.348717897893,-1.04771947996,1.04771947996,-1.2220784289,-1.2220784289,0.348717897893,0.00535902844435,0.00803854266652,-0.00803854266652,0.00535902844435,0.00535902844435,0.00535902844435,-6.47439513994,-69.8517425442,148.328666347,-0.703073883198,6.60737959142,0.585888972159,1.295038
1676,3.811999798,6,745999813,0.3276,-1.1253,1.149,-1.1921,-1.3797,0.0859,0.2561,0.7377,-2.5967,3.1242,-2.8807,-3.1006,0.348728508311,-1.04770356433,1.04770356433,-1.22206781848,-1.22206781848,0.348728508311,0.00525231822491,0.00787847733737,-0.00787847733737,0.00525231822491,0.00525231822491,0.00525231822491,-5.26728420499,-59.0835378085,121.383404094,-3.81780504805,6.54100034083,0.58197319638,1.475550
1677,3.814000129,6,748000144,0.328,-1.1243,1.145,-1.1858,-1.3852,0.0798,0.213,0.5158,-1.9941,3.1173,-2.7286,-3.0427,0.34873890873,-1.0476879637,1.0476879637,-1.22205741806,-1.22205741806,0.34873890873,0.00514654001903,0.00771981002855,-0.00771981002855,0.00514654001903,0.00514654001903,0.00514654001903,-3.14467581327,-43.7524661723,86.4057359447,-7.88749439828,6.65551708723,0.573939474909,1.743018
1678,3.815999985,6,750000000,0.3283,-1.1237,1.1424,-1.1796,-1.3888,0.0782,0.1507,0.259,-1.3161,3.1134,-1.8007,-0.8282,0.348749096124,-1.04767268261,1.04767268261,-1.22204723067,-1.22204723067,0.348749096124,0.0050417476764,0.0075626215146,-0.0075626215146,0.0050417476764,0.0050417476764,0.0050417476764,-0.232290907662,-25.8694771922,46.7082261239,-12.488751015,5.20000315616,0.280455130159,2.116574
1679,3.81799984,6,751999855,0.3285,-1.1238,1.1412,-1.1733,-1.3885,0.0842,0.0614,-0.0271,-0.5766,3.1111,0.1241,2.9942,0.348759074907,-1.04765771443,1.04765771443,-1.22203725189,-1.22203725189,0.348759074907,0.00493791957969,0.00740687936954,-0.00740687936954,0.00493791957969,0.00493791957969,0.00493791957969,3.89474468076,-5.79971664244,3.16484046536,-17.5133801515,1.70305088803,-0.230337445601,2.350897
1680,3.820000171,6,754000186,0.3284,-1.1245,1.1416,-1.1671,-1.3826,0.0901,-0.0503,-0.3381,0.2194,3.1086,2.949,2.9784,0.348768849317,-1.04764305282,1.04764305282,-1.22202747748,-1.22202747748,0.348768849317,0.00483503487611,0.00725255231417,-0.00725255231417,0.00483503487611,0.00483503487611,0.00483503487611,8.91533208976,16.0666062588,-44.0145909214,-22.9212273585,-3.63989857047,-0.249081701814,1.143368
1681,3.822000026,6,756000041,0.3281,-1.1258,1.144,-1.1631,-1.3765,0.096,-0.1138,-0.6871,1.1766,1.9914,2.9186,2.9561,0.348778416642,-1.04762870183,1.04762870183,-1.22201791015,-1.22201791015,0.348778416642,0.00473314610221,0.00709971915331,-0.00709971915331,0.00473314610221,0.00473314610221,0.00473314610221,11.8493048959,40.837604261,-105.488526662,-23.8619438281,-3.02637251441,-0.255349244605,1.290532
1682,3.823999882,6,757999897,0.3278,-1.128,1.1487,-1.1641,-1.3705,0.1019,-0.1782,-1.0959,2.3638,-0.4846,2.9038,2.9401,0.348787781183,-1.04761465502,1.04761465502,-1.22200854561,-1.22200854561,0.348787781183,0.00463223218468,0.00694834827703,-0.00694834827703,0.00463223218468,0.00463223218468,0.00463223218468,15.2135088032,74.5953202029,-149.999999985,-15.7247934586,-2.51723347823,-0.261728868649,4.881381
1683,3.826000213,6,760000228,0.3273,-1.1306,1.1545,-1.1675,-1.3644,0.1078,-0.2125,-1.2786,2.8706,-1.7285,3.0005,2.9366,0.348796947042,-1.04760090623,1.04760090623,-1.22199937975,-1.22199937975,0.348796947042,0.00453227313356,0.00679840970034,-0.00679840970034,0.00453227313356,0.00453227313356,0.00453227313356,18.3487805076,95.2540133744,-149.999997359,-8.98786983127,-2.58867030241,-0.266989451317,26.111315
1684,3.835999965,6,769999980,0.3253,-1.1434,1.1839,-1.1973,-1.3372,0.1274,-0.1462,-1.132,2.672,-3.1291,1.1567,-0.541,0.348839823584,-1.04753659142,1.04753659142,-1.22195650321,-1.22195650321,0.348839823584,0.00404737767545,0.00607106651318,-0.00607106651318,0.00404737767545,0.00404737767545,0.00404737767545,14.6984565499,87.1807790663,-150.000002914,-0.759877395729,0.818792253676,0.180178631846,21.704460
1685,3.843999862,6,777999877,0.3261,-1.1457,1.1898,-1.2112,-1.3569,0.1052,0.2321,0.2905,-0.6407,-0.2865,-2.8801,-2.909,0.348870711703,-1.04749025924,1.04749025924,-1.22192561509,-1.22192561509,0.348870711703,0.00367743794729,0.00551615692094,-0.00551615692094,0.00367743794729,0.00367743794729,0.00367743794729,-7.07232102011,-25.2463824433,-20.1579502729,-0.504409558605,7.30866426123,0.536193299839,4.552796
1686,3.846000194,6,780000209,0.3267,-1.1444,1.1867,-1.2098,-1.3629,0.0994,0.3145,0.6769,-1.5532,0.6932,-2.8829,-2.9104,0.348877977642,-1.04747936033,1.04747936033,-1.22191834915,-1.22191834915,0.348877977642,0.00358746450212,0.00538119675317,-0.00538119675317,0.00358746450212,0.00358746450212,0.00358746450212,-11.4804159184,-53.4816566894,37.947906028,0.715126987099,6.71816258137,0.546017801947,1.160263
1687,3.848000049,6,782000064,0.3275,-1.1422,1.1817,-1.2065,-1.3689,0.0936,0.3961,1.0654,-2.4707,1.6759,-2.883,-2.9116,0.348885062954,-1.04746873236,1.04746873236,-1.22191126384,-1.22191126384,0.348885062954,0.00349853074642,0.00524779611963,-0.00524779611963,0.00349853074642,0.00349853074642,0.00349853074642,-15.8729916813,-82.1958527057,96.8891624836,1.96673803183,6.11458384043,0.555874871863,1.209726
1688,3.849999904,6,783999919,0.3285,-1.1397,1.1762,-1.2035,-1.375,0.0879,0.4513,1.2658,-2.7697,1.5083,-2.9531,-2.875,0.348891971432,-1.04745836965,1.04745836965,-1.22190435536,-1.22190435536,0.348891971432,0.00341061872977,0.00511592809465,-0.00511592809465,0.00341061872977,0.00341061872977,0.00341061872977,-19.633389192,-98.643786709,114.867746666,4.91001806749,5.9868733304,0.558024609453,1.118354
1689,3.851999759,6,785999774,0.3295,-1.1369,1.1705,-1.202,-1.381,0.0821,0.4965,1.4009,-2.8581,0.7634,-2.9388,-2.8709,0.348898705123,-1.04744826911,1.04744826911,-1.22189762167,-1.22189762167,0.348898705123,0.00332373208185,0.00498559812278,-0.00498559812278,0.00332373208185,0.00332373208185,0.00332373208185,-23.2544106614,-110.965603779,118.326395279,9.41523867757,5.79190204126,0.563091470504,1.126432
1690,3.854000091,6,788000106,0.3305,-1.1339,1.1647,-1.2023,-1.3871,0.0764,0.5381,1.5133,-2.8834,-0.1535,-2.9454,-2.8709,0.348905267627,-1.04743842536,1.04743842536,-1.22189105917,-1.22189105917,0.348905267627,0.00323785408083,0.00485678112125,-0.00485678112125,0.00323785408083,0.00323785408083,0.00323785408083,-26.7628276109,-121.818688993,117.449017684,14.4143802637,5.67722009402,0.568389037358,1.290745
1691,3.855999946,6,789999961,0.3317,-1.1306,1.1589,-1.2045,-1.3931,0.0707,0.5791,1.6223,-2.892,-1.1198,-2.9467,-2.8698,0.348911657874,-1.04742883998,1.04742883998,-1.22188466892,-1.22188466892,0.348911657874,0.003153029322,0.004729543983,-0.004729543983,0.003153029322,0.003153029322,0.003153029322,-30.3381037741,-132.609351754,115.349812977,19.5952250271,5.55559370015,0.573476916154,1.259538
1692,3.857999801,6,791999816,0.3329,-1.1271,1.153,-1.2068,-1.3988,0.0677,0.6056,1.7295,-2.9659,-1.1241,-2.8357,-1.4639,0.34891787952,-1.04741950751,1.04741950751,-1.22187844727,-1.22187844727,0.34891787952,0.00306924084548,0.00460386126821,-0.00460386126821,0.00306924084548,0.00306924084548,0.00306924084548,-32.4096749903,-142.715970041,120.464360036,20.3229079683,5.21566227741,0.394537355975,2.096044
1693,3.860000133,6,794000148,0.334,-1.1237,1.147,-1.2084,-1.3982,0.0729,0.5431,1.743,-3.0013,-0.7995,0.2955,2.5675,0.348923936065,-1.0474104227,1.0474104227,-1.22187239073,-1.22187239073,0.348923936065,0.00298647268406,0.00447970902609,-0.00447970902609,0.00298647268406,0.00298647268406,0.00298647268406,-30.135997583,-145.586797793,125.533955455,19.2507785833,-1.29251409353,-0.143076147605,2.241275
1694,3.861999988,6,796000003,0.3349,-1.1205,1.1419,-1.2116,-1.392,0.079,0.4597,1.5865,-2.5623,-1.6116,3.0433,3.0677,0.348929826705,-1.04740158674,1.04740158674,-1.22186650009,-1.22186650009,0.348929826705,0.00290476796169,0.00435715194253,-0.00435715194253,0.00290476796169,0.00290476796169,0.00290476796169,-27.2519568539,-136.714786248,98.2561553686,20.7664274575,-6.76916718436,-0.22556156675,1.250385
1695,3.863999843,6,797999858,0.3357,-1.1179,1.1384,-1.2178,-1.386,0.085,0.3989,1.2839,-1.7336,-3.0819,2.9306,2.9815,0.348935554993,-1.04739299431,1.04739299431,-1.2218607718,-1.2218607718,0.348935554993,0.00282411047053,0.0042361657058,-0.0042361657058,0.00282411047053,0.00282411047053,0.00282411047053,-24.7730998312,-116.801796445,44.7365503428,22.9050732505,-6.08643750986,-0.222279412604,1.230206
1696,3.866000175,6,800000190,0.3364,-1.116,1.1365,-1.2239,-1.38,0.0909,0.3217,0.9698,-0.9876,-3.0762,2.8899,2.9482,0.348941124337,-1.04738464029,1.04738464029,-1.22185520246,-1.22185520246,0.348941124337,0.00274448500588,0.00411672750882,-0.00411672750882,0.00274448500588,0.00274448500588,0.00274448500588,-20.4076406372,-94.7780852402,0.792753655619,18.0303507889,-5.51308422591,-0.226557546047,1.294860
1697,3.86800003,6,802000045,0.3368,-1.1147,1.1361,-1.23,-1.374,0.0967,0.2375,0.6318,-0.1992,-3.0736,2.8609,2.9293,0.348946534187,-1.04737652551,1.04737652551,-1.22184979261,-1.22184979261,0.348946534187,0.00266593320463,0.00399889980694,-0.00399889980694,0.00266593320463,0.00266593320463,0.00266593320463,-15.5195370805,-70.7290916108,-46.0098760238,12.8438190987,-4.91844070716,-0.233119204112,1.234220
1698,3.869999885,6,803999900,0.3371,-1.1142,1.1373,-1.2362,-1.368,0.1025,0.1485,0.2806,0.6062,-3.0713,2.8383,2.9152,0.348951788002,-1.04736864479,1.04736864479,-1.22184453879,-1.22184453879,0.348951788002,0.00258843961883,0.00388265942825,-0.00388265942825,0.00258843961883,0.00258843961883,0.00258843961883,-10.2933481623,-45.3540461397,-94.1788679761,7.50150066934,-4.31060562525,-0.240578497235,1.271240
1699,3.872000217,6,806000232,0.3372,-1.1143,1.1401,-1.2423,-1.3621,0.1083,0.0532,-0.0818,1.4199,-3.0649,2.8219,2.9097,0.348956889101,-1.04736099314,1.04736099314,-1.22183943769,-1.22183943769,0.348956889101,0.00251198981415,0.00376798472122,-0.00376798472122,0.00251198981415,0.00251198981415,0.00251198981415,-4.56889632697,-18.8560448149,-143.164551101,2.03677429771,-3.68837186275,-0.249423441248,2.356954
1700,3.874000072,6,808000087,0.3371,-1.1153,1.1447,-1.2484,-1.3562,0.1141,-0.0461,-0.4613,2.2659,-3.0596,2.7992,2.8956,0.348961837178,-1.04735357103,1.04735357103,-1.22183448962,-1.22183448962,0.348961837178,0.00243662392471,0.00365493588706,-0.00365493588706,0.00243662392471,0.00243662392471,0.00243662392471,3.05292424699,15.7204392358,-149.999999981,0.837239074465,-3.21827946829,-0.255583235145,4.938828
1701,3.875999927,6,809999942,0.3369,-1.1166,1.1497,-1.2515,-1.3503,0.1169,-0.1228,-0.66,2.5278,-1.573,2.8753,1.3901,0.348966635603,-1.04734637339,1.04734637339,-1.22182969119,-1.22182969119,0.348966635603,0.0023623272703,0.00354349090545,-0.00354349090545,0.0023623272703,0.0023623272703,0.0023623272703,9.39382412036,34.4369961146,-149.999997802,-7.32784880181,-3.09273897844,-0.0662160207299,28.209444
1702,3.877999782,6,811999797,0.3366,-1.1182,1.1549,-1.2506,-1.3485,0.1153,-0.1537,-0.791,2.5868,0.4509,0.8818,-0.8115,0.348971286517,-1.04733939702,1.04733939702,-1.22182504028,-1.22182504028,0.348971286517,0.00228910353168,0.00343365529752,-0.00343365529752,0.00228910353168,0.00228910353168,0.00228910353168,14.1946310635,48.1706763026,-149.999948333,-18.3119587414,1.31136136126,0.224957557189,26.602141
1703,3.880000114,6,814000129,0.3362,-1.12,1.1601,-1.2451,-1.3501,0.1092,-0.1863,-0.8994,2.5988,2.7763,-0.8011,-3.0533,0.348975793128,-1.0473326371,1.0473326371,-1.22182053367,-1.22182053367,0.348975793128,0.00221693931391,0.00332540897086,-0.00332540897086,0.00221693931391,0.00221693931391,0.00221693931391,20.1906773918,54.3381666312,-149.999936066,-27.9999947927,5.07710643812,0.522964968561,5.986824
1704,3.881999969,6,815999984,0.3358,-1.1219,1.1655,-1.2388,-1.3555,0.1029,-0.1952,-0.9873,2.7211,3.1096,-2.6716,-3.0732,0.348980155444,-1.04732609363,1.04732609363,-1.22181617135,-1.22181617135,0.348980155444,0.00214587272293,0.0032188090844,-0.0032188090844,0.00214587272293,0.00214587272293,0.00214587272293,23.7634550524,61.286567501,-149.99991465,-27.9999912429,9.15369811883,0.535711688844,5.058612
1705,3.886000156,6,820000171,0.335,-1.1256,1.1755,-1.2263,-1.3675,0.0905,-0.1909,-0.8616,2.3139,3.1405,-3.1142,-3.0927,0.348988460085,-1.04731363667,1.04731363667,-1.22180786671,-1.22180786671,0.348988460085,0.0020069788823,0.00301046832345,-0.00301046832345,0.0020069788823,0.0020069788823,0.0020069788823,23.0923467111,51.4676224705,-136.23110983,-28.0000499196,10.0231240043,0.549129462265,5.965598
1706,3.889999866,6,823999881,0.3345,-1.1276,1.181,-1.2138,-1.3798,0.0785,-0.0959,-0.3525,1.0332,3.1225,-2.98,-2.9873,0.348996216955,-1.04730200136,1.04730200136,-1.22180010984,-1.22180010984,0.348996216955,0.00187246738788,0.00280870108182,-0.00280870108182,0.00187246738788,0.00187246738788,0.00187246738788,14.4069721228,14.0571086786,-102.655285162,-28.0000016955,9.18688064321,0.548655393873,31.638288
1707,3.907999992,6,842000007,0.3386,-1.1081,1.1464,-1.2068,-1.3784,0.1094,0.42,1.8345,-3.1348,-3.1414,3.0433,3.0905,0.34902483131,-1.04725907983,1.04725907983,-1.22177149548,-1.22177149548,0.34902483131,0.00132194534495,0.00198291801742,-0.00198291801742,0.00132194534495,0.00132194534495,0.00132194534495,-27.2526844843,-149.999957609,103.810982534,27.9999781781,-7.03493486799,-0.245403957669,56.606322
1708,3.923999786,6,857999801,0.3471,-1.0743,1.0958,-1.2572,-1.3293,0.1591,0.5975,2.2591,-3.1319,-3.1414,3.1267,3.0851,0.349042584951,-1.04723244937,1.04723244937,-1.22175374184,-1.22175374184,0.349042584951,0.000909528352372,0.00136429252856,-0.00136429252856,0.000909528352372,0.000909528352372,0.000909528352372,-46.6177621083,-149.999934122,103.687698928,27.9999852323,-8.18687842263,-0.270273857806,9.739821
1709,3.929999828,6,863999843,0.3508,-1.0603,1.0769,-1.276,-1.3106,0.1776,0.6336,2.3575,-3.1314,-3.1414,3.1211,3.0746,0.349047630159,-1.04722488156,1.04722488156,-1.22174869664,-1.22174869664,0.349047630159,0.00077394827809,0.00116092241714,-0.00116092241714,0.00077394827809,0.00077394827809,0.00077394827809,-51.9437143246,-149.9999253,103.849092468,27.9999828988,-8.49172894711,-0.278784342335,6.819200
1710,3.934000015,6,868000030,0.3535,-1.0507,1.0642,-1.2886,-1.2981,0.1899,0.6562,2.4232,-3.1327,-3.1415,3.1299,3.0641,0.349050555465,-1.0472204936,1.0472204936,-1.22174577133,-1.22174577133,0.349050555465,0.000689421859538,0.00103413278931,-0.00103413278931,0.000689421859538,0.000689421859538,0.000689421859538,-55.5445249531,-149.999928662,104.028052328,27.9999833516,-8.72304204911,-0.284020868635,5.870753
1711,3.938000202,6,872000217,0.356,-1.0415,1.0529,-1.2985,-1.2887,0.1974,0.601,2.1204,-2.518,-1.7827,1.5446,0.6739,0.349053152094,-1.04721659865,1.04721659865,-1.2217431747,-1.2217431747,0.349053152094,0.0006096220662,0.000914433099299,-0.000914433099299,0.0006096220662,0.0006096220662,0.0006096220662,-46.1540283981,-150.000012784,119.461746773,26.082369907,-5.33181187171,0.0252255984489,16.243674
1712,3.940000057,6,874000072,0.3571,-1.0379,1.0491,-1.2993,-1.2888,0.1939,0.5371,1.7813,-1.8953,-0.4179,-0.0238,-1.7367,0.34905433294,-1.04721482738,1.04721482738,-1.22174199385,-1.22174199385,0.34905433294,0.00057150863048,0.00085726294572,-0.00085726294572,0.00057150863048,0.00057150863048,0.00057150863048,-39.1879294179,-150.000007187,83.7776938522,14.7707509301,-1.6067649729,0.341091054095,22.752000
1713,3.941999912,6,875999927,0.358,-1.0351,1.0466,-1.2975,-1.2919,0.1877,0.4745,1.4405,-1.2668,0.9421,-1.5919,-3.0263,0.349055438758,-1.04721316866,1.04721316866,-1.22174088804,-1.22174088804,0.349055438758,0.000534587976585,0.000801881964877,-0.000801881964877,0.000534587976585,0.000534587976585,0.000534587976585,-32.736534469,-150.00000809,48.3945875209,3.46599683193,2.12338195405,0.513787861315,16.198056
1714,3.947999954,6,881999969,0.3597,-1.0307,1.0475,-1.2803,-1.3058,0.1693,0.1831,0.3402,0.9821,3.0952,-2.3242,-3.0321,0.34905833017,-1.04720883154,1.04720883154,-1.22173799663,-1.22173799663,0.34905833017,0.00043101302532,0.000646519537981,-0.000646519537981,0.00043101302532,0.00043101302532,0.00043101302532,-13.4721013465,-81.2613986182,-78.2297827629,-23.1105320461,5.61326435564,0.51107220614,4.682653
1715,3.952000141,6,886000156,0.3598,-1.0316,1.0564,-1.2678,-1.3151,0.157,-0.0191,-0.3966,2.5981,3.0971,-2.3378,-3.0355,0.349059926645,-1.04720643683,1.04720643683,-1.22173640015,-1.22173640015,0.349059926645,0.000367995482585,0.000551993223877,-0.000551993223877,0.000367995482585,0.000367995482585,0.000367995482585,1.87116564707,-25.3837008114,-143.509741612,-27.9999995856,6.90966106861,0.507725950219,37.549999
1716,3.972000122,6,906000137,0.3543,-1.0478,1.1157,-1.24,-1.3268,0.186,-0.3874,-0.8042,2.7688,-3.1244,3.0679,3.0781,0.349064665655,-1.04719932831,1.04719932831,-1.22173166114,-1.22173166114,0.349064665655,0.00012649094751,0.000189736421265,-0.000189736421265,0.00012649094751,0.00012649094751,0.00012649094751,23.226408332,19.5994508387,-150.000024543,0.90407530535,-3.44246247332,-0.329318908694,23.573620
1717,3.973999977,6,907999992,0.3535,-1.0493,1.1208,-1.2463,-1.3206,0.1921,-0.3901,-0.7508,2.5576,-3.1201,3.0554,3.0757,0.349064901097,-1.04719897515,1.04719897515,-1.2217314257,-1.2217314257,0.349064901097,0.000109177173386,0.000163765760079,-0.000163765760079,0.000109177173386,0.000109177173386,0.000109177173386,23.2401133487,14.5219587319,-150.000114344,1.10859112675,-3.50438292163,-0.332361998546,2.908820
1718,3.975999832,6,909999847,0.3527,-1.0507,1.1255,-1.2525,-1.3144,0.1983,-0.393,-0.699,2.3491,-3.1201,3.0548,3.0739,0.349065103171,-1.04719867204,1.04719867204,-1.22173122362,-1.22173122362,0.349065103171,9.31214949908e-05,0.000139682242486,-0.000139682242486,9.31214949908e-05,9.31214949908e-05,9.31214949908e-05,23.4321520006,10.0040646531,-150.000050931,1.37322340559,-3.58328465794,-0.335670082811,3.768496
1719,3.978000164,6,912000179,0.3519,-1.052,1.1298,-1.2588,-1.3082,0.2044,-0.3958,-0.6478,2.1424,-3.1203,3.054,3.0721,0.349065274434,-1.04719841514,1.04719841514,-1.22173105236,-1.22173105236,0.349065274434,7.83244116736e-05,0.00011748661751,-0.00011748661751,7.83244116736e-05,7.83244116736e-05,7.83244116736e-05,23.6889185304,5.49740960152,-150.000051385,1.64178205127,-3.65990291166,-0.338936292309,4.103349
1720,3.980000019,6,914000034,0.3511,-1.0532,1.1337,-1.265,-1.302,0.2106,-0.3987,-0.5974,1.9371,-3.1201,3.054,3.0721,0.349065417334,-1.04719820079,1.04719820079,-1.22173090946,-1.22173090946,0.349065417334,6.47968622308e-05,9.71952933462e-05,-9.71952933462e-05,6.47968622308e-05,6.47968622308e-05,6.47968622308e-05,23.9566421334,1.01327855974,-150.000051961,1.90549249736,-3.73770404634,-0.342502258421,4.151555
1721,3.981999874,6,915999889,0.3503,-1.0543,1.1371,-1.2712,-1.2958,0.2167,-0.4015,-0.5476,1.7331,-3.1192,3.0523,3.071,0.349065534449,-1.04719802512,1.04719802512,-1.22173079235,-1.22173079235,0.349065534449,5.25390524006e-05,7.88085786009e-05,-7.88085786009e-05,5.25390524006e-05,5.25390524006e-05,5.25390524006e-05,24.2159383546,-3.46931842099,-150.000053735,2.16532846325,-3.81215168483,-0.345858051165,4.000366
1722,3.984000206,6,918000221,0.3495,-1.0553,1.1402,-1.2775,-1.2896,0.2228,-0.4043,-0.4984,1.5307,-3.1198,3.0529,3.0712,0.349065628344,-1.04719788428,1.04719788428,-1.22173069845,-1.22173069845,0.349065628344,4.15524033399e-05,6.23286050098e-05,-6.23286050098e-05,4.15524033399e-05,4.15524033399e-05,4.15524033399e-05,24.5259733737,-7.58060879051,-147.532028736,2.68769284973,-3.90346390649,-0.349278294147,4.531227
1723,3.986000061,6,920000076,0.3488,-1.0558,1.142,-1.2838,-1.2836,0.2291,-0.3607,-0.267,0.9192,-3.1314,2.9996,3.1245,0.349065701523,-1.04719777451,1.04719777451,-1.22173062527,-1.22173062527,0.349065701523,3.18460483504e-05,4.77690725257e-05,-4.77690725257e-05,3.18460483504e-05,3.18460483504e-05,3.18460483504e-05,22.4134966946,-23.8950881453,-111.532397386,6.97974280819,-4.24126999042,-0.356047646684,1.198677
1724,3.987999916,6,921999931,0.3483,-1.0556,1.1415,-1.2836,-1.2819,0.2291,-0.2605,0.1362,-0.2811,0.0979,0.8855,-0.0097,0.349065756573,-1.04719769194,1.04719769194,-1.22173057022,-1.22173057022,0.349065756573,2.34211121954e-05,3.51316682932e-05,-3.51316682932e-05,2.34211121954e-05,2.34211121954e-05,2.34211121954e-05,19.7423039642,-50.4652460174,-29.2218552241,-1.44975632309,-0.542281028178,0.0643342118229,2.136168
1725,3.989999771,6,923999786,0.348,-1.0545,1.1386,-1.2775,-1.2844,0.223,-0.1587,0.5249,-1.4364,3.0524,-1.2973,-3.0406,0.349065796058,-1.04719763271,1.04719763271,-1.22173053074,-1.22173053074,0.349065796058,1.62814954922e-05,2.44222432382e-05,-2.44222432382e-05,1.62814954922e-05,1.62814954922e-05,1.62814954922e-05,16.7864454086,-76.3950708609,50.2274734053,-8.84802902229,3.34584880231,0.475255577457,2.152649
1726,3.992000103,6,926000118,0.3478,-1.0528,1.1342,-1.2712,-1.2906,0.2169,-0.0596,0.8322,-2.187,3.1229,-3.0227,-3.071,0.349065822558,-1.04719759296,1.04719759296,-1.22173050424,-1.22173050424,0.349065822558,1.04298614617e-05,1.56447921925e-05,-1.56447921925e-05,1.04298614617e-05,1.04298614617e-05,1.04298614617e-05,12.0031524187,-98.7312864292,96.1832413145,-4.21909733447,6.42105283492,0.495400804863,1.138244
1727,3.993999958,6,927999973,0.3478,-1.0508,1.1289,-1.2649,-1.2968,0.2108,-0.0045,1.0343,-2.6517,3.1395,-3.0567,-3.0244,0.349065838644,-1.04719756883,1.04719756883,-1.22173048815,-1.22173048815,0.349065838644,5.8729101167e-06,8.80936517505e-06,-8.80936517505e-06,5.8729101167e-06,5.8729101167e-06,5.8729101167e-06,8.7216621035,-114.127853918,125.272247647,-1.15692612416,6.17336051649,0.496777789996,1.197119
1728,3.995999813,6,929999828,0.3479,-1.0484,1.1231,-1.2587,-1.303,0.2048,0.0379,1.1597,-2.914,3.1381,-3.0796,-3.0197,0.349065846913,-1.04719755643,1.04719755643,-1.22173047988,-1.22173047988,0.349065846913,2.61300456261e-06,3.91950684392e-06,-3.91950684392e-06,2.61300456261e-06,2.61300456261e-06,2.61300456261e-06,6.03507527282,-124.217061823,142.309709418,0.642809899332,6.02975418362,0.50226561822,2.205025
1729,3.998000145,6,932000160,0.348,-1.0459,1.117,-1.2524,-1.3092,0.1987,0.0713,1.2462,-3.0643,3.1357,-3.0994,-3.0239,0.349065849963,-1.04719755185,1.04719755185,-1.22173047683,-1.22173047683,0.349065849963,6.53749378173e-07,9.8062406726e-07,-9.8062406726e-07,6.53749378173e-07,6.53749378173e-07,6.53749378173e-07,3.76605453022,-132.02481691,150.000010083,1.42167620562,5.96569642076,0.508137049575,2.480777
